ts,hpa,replicas_atuais,replicas_desejadas,alvo_cpu
2026-09-19T15:16:11+00:00,audit-service,2,10,cpu:
2026-09-19T15:16:11+00:00,auth-service,2,10,cpu:
2026-09-19T15:16:11+00:00,consent-service,2,10,cpu:
2026-09-19T15:16:11+00:00,exam-service,2,10,cpu:
2026-09-19T15:16:11+00:00,history-service,2,10,cpu:
2026-09-19T15:16:11+00:00,lab-service,2,10,cpu:
2026-09-19T15:16:11+00:00,notification-service,2,10,cpu:
2026-09-19T15:16:11+00:00,patient-service,2,10,cpu:
2026-09-19T15:16:11+00:00,result-service,2,10,cpu:
2026-09-19T15:16:11+00:00,triage-service,2,10,cpu:
2026-09-19T15:16:19+00:00,audit-service,2,10,cpu:
2026-09-19T15:16:19+00:00,auth-service,2,10,cpu:
2026-09-19T15:16:19+00:00,consent-service,2,10,cpu:
2026-09-19T15:16:19+00:00,exam-service,2,10,cpu:
2026-09-19T15:16:19+00:00,history-service,2,10,cpu:
2026-09-19T15:16:19+00:00,lab-service,2,10,cpu:
2026-09-19T15:16:19+00:00,notification-service,2,10,cpu:
2026-09-19T15:16:19+00:00,patient-service,2,10,cpu:
2026-09-19T15:16:19+00:00,result-service,2,10,cpu:
2026-09-19T15:16:19+00:00,triage-service,2,10,cpu:
2026-09-19T15:16:25+00:00,audit-service,2,10,cpu:
2026-09-19T15:16:25+00:00,auth-service,2,10,cpu:
2026-09-19T15:16:25+00:00,consent-service,2,10,cpu:
2026-09-19T15:16:25+00:00,exam-service,2,10,cpu:
2026-09-19T15:16:25+00:00,history-service,2,10,cpu:
2026-09-19T15:16:25+00:00,lab-service,2,10,cpu:
2026-09-19T15:16:25+00:00,notification-service,2,10,cpu:
2026-09-19T15:16:25+00:00,patient-service,2,10,cpu:
2026-09-19T15:16:25+00:00,result-service,2,10,cpu:
2026-09-19T15:16:25+00:00,triage-service,2,10,cpu:
2026-09-19T15:16:31+00:00,audit-service,2,10,cpu:
2026-09-19T15:16:31+00:00,auth-service,2,10,cpu:
2026-09-19T15:16:31+00:00,consent-service,2,10,cpu:
2026-09-19T15:16:31+00:00,exam-service,2,10,cpu:
2026-09-19T15:16:31+00:00,history-service,2,10,cpu:
2026-09-19T15:16:31+00:00,lab-service,2,10,cpu:
2026-09-19T15:16:31+00:00,notification-service,2,10,cpu:
2026-09-19T15:16:31+00:00,patient-service,2,10,cpu:
2026-09-19T15:16:31+00:00,result-service,2,10,cpu:
2026-09-19T15:16:31+00:00,triage-service,2,10,cpu:
2026-09-19T15:16:39+00:00,audit-service,2,10,cpu:
2026-09-19T15:16:39+00:00,auth-service,2,10,cpu:
2026-09-19T15:16:39+00:00,consent-service,2,10,cpu:
2026-09-19T15:16:39+00:00,exam-service,2,10,cpu:
2026-09-19T15:16:39+00:00,history-service,2,10,cpu:
2026-09-19T15:16:39+00:00,lab-service,2,10,cpu:
2026-09-19T15:16:39+00:00,notification-service,2,10,cpu:
2026-09-19T15:16:39+00:00,patient-service,2,10,cpu:
2026-09-19T15:16:39+00:00,result-service,2,10,cpu:
2026-09-19T15:16:39+00:00,triage-service,2,10,cpu:
2026-09-19T15:16:45+00:00,audit-service,2,10,cpu:
2026-09-19T15:16:45+00:00,auth-service,2,10,cpu:
2026-09-19T15:16:45+00:00,consent-service,2,10,cpu:
2026-09-19T15:16:45+00:00,exam-service,2,10,cpu:
2026-09-19T15:16:45+00:00,history-service,2,10,cpu:
2026-09-19T15:16:45+00:00,lab-service,2,10,cpu:
2026-09-19T15:16:45+00:00,notification-service,2,10,cpu:
2026-09-19T15:16:45+00:00,patient-service,2,10,cpu:
2026-09-19T15:16:45+00:00,result-service,2,10,cpu:
2026-09-19T15:16:45+00:00,triage-service,2,10,cpu:
2026-09-19T15:16:50+00:00,audit-service,2,10,cpu:
2026-09-19T15:16:50+00:00,auth-service,2,10,cpu:
2026-09-19T15:16:50+00:00,consent-service,2,10,cpu:
2026-09-19T15:16:50+00:00,exam-service,2,10,cpu:
2026-09-19T15:16:50+00:00,history-service,2,10,cpu:
2026-09-19T15:16:50+00:00,lab-service,2,10,cpu:
2026-09-19T15:16:50+00:00,notification-service,2,10,cpu:
2026-09-19T15:16:50+00:00,patient-service,2,10,cpu:
2026-09-19T15:16:50+00:00,result-service,2,10,cpu:
2026-09-19T15:16:50+00:00,triage-service,2,10,cpu:
2026-09-19T15:16:58+00:00,audit-service,2,10,cpu:
2026-09-19T15:16:58+00:00,auth-service,2,10,cpu:
2026-09-19T15:16:58+00:00,consent-service,2,10,cpu:
2026-09-19T15:16:58+00:00,exam-service,2,10,cpu:
2026-09-19T15:16:58+00:00,history-service,2,10,cpu:
2026-09-19T15:16:58+00:00,lab-service,2,10,cpu:
2026-09-19T15:16:58+00:00,notification-service,2,10,cpu:
2026-09-19T15:16:58+00:00,patient-service,2,10,cpu:
2026-09-19T15:16:58+00:00,result-service,2,10,cpu:
2026-09-19T15:16:58+00:00,triage-service,2,10,cpu:
2026-09-19T15:17:04+00:00,audit-service,2,10,cpu:
2026-09-19T15:17:04+00:00,auth-service,2,10,cpu:
2026-09-19T15:17:04+00:00,consent-service,2,10,cpu:
2026-09-19T15:17:04+00:00,exam-service,2,10,cpu:
2026-09-19T15:17:04+00:00,history-service,2,10,cpu:
2026-09-19T15:17:04+00:00,lab-service,2,10,cpu:
2026-09-19T15:17:04+00:00,notification-service,2,10,cpu:
2026-09-19T15:17:04+00:00,patient-service,2,10,cpu:
2026-09-19T15:17:04+00:00,result-service,2,10,cpu:
2026-09-19T15:17:04+00:00,triage-service,2,10,cpu:
2026-09-19T15:17:10+00:00,audit-service,2,10,cpu:
2026-09-19T15:17:10+00:00,auth-service,2,10,cpu:
2026-09-19T15:17:10+00:00,consent-service,2,10,cpu:
2026-09-19T15:17:10+00:00,exam-service,2,10,cpu:
2026-09-19T15:17:10+00:00,history-service,2,10,cpu:
2026-09-19T15:17:10+00:00,lab-service,2,10,cpu:
2026-09-19T15:17:10+00:00,notification-service,2,10,cpu:
2026-09-19T15:17:10+00:00,patient-service,2,10,cpu:
2026-09-19T15:17:10+00:00,result-service,2,10,cpu:
2026-09-19T15:17:10+00:00,triage-service,2,10,cpu:
2026-09-19T15:17:17+00:00,audit-service,2,10,cpu:
2026-09-19T15:17:17+00:00,auth-service,2,10,cpu:
2026-09-19T15:17:17+00:00,consent-service,2,10,cpu:
2026-09-19T15:17:17+00:00,exam-service,2,10,cpu:
2026-09-19T15:17:17+00:00,history-service,2,10,cpu:
2026-09-19T15:17:17+00:00,lab-service,2,10,cpu:
2026-09-19T15:17:17+00:00,notification-service,2,10,cpu:
2026-09-19T15:17:17+00:00,patient-service,2,10,cpu:
2026-09-19T15:17:17+00:00,result-service,2,10,cpu:
2026-09-19T15:17:17+00:00,triage-service,2,10,cpu:
2026-09-19T15:17:22+00:00,audit-service,2,10,cpu:
2026-09-19T15:17:22+00:00,auth-service,2,10,cpu:
2026-09-19T15:17:22+00:00,consent-service,2,10,cpu:
2026-09-19T15:17:22+00:00,exam-service,2,10,cpu:
2026-09-19T15:17:22+00:00,history-service,2,10,cpu:
2026-09-19T15:17:22+00:00,lab-service,2,10,cpu:
2026-09-19T15:17:22+00:00,notification-service,2,10,cpu:
2026-09-19T15:17:22+00:00,patient-service,2,10,cpu:
2026-09-19T15:17:22+00:00,result-service,2,10,cpu:
2026-09-19T15:17:22+00:00,triage-service,2,10,cpu:
2026-09-19T15:17:28+00:00,audit-service,2,10,cpu:
2026-09-19T15:17:28+00:00,auth-service,2,10,cpu:
2026-09-19T15:17:28+00:00,consent-service,2,10,cpu:
2026-09-19T15:17:28+00:00,exam-service,2,10,cpu:
2026-09-19T15:17:28+00:00,history-service,2,10,cpu:
2026-09-19T15:17:28+00:00,lab-service,2,10,cpu:
2026-09-19T15:17:28+00:00,notification-service,2,10,cpu:
2026-09-19T15:17:28+00:00,patient-service,2,10,cpu:
2026-09-19T15:17:28+00:00,result-service,2,10,cpu:
2026-09-19T15:17:28+00:00,triage-service,2,10,cpu:
2026-09-19T15:17:36+00:00,audit-service,2,10,cpu:
2026-09-19T15:17:36+00:00,auth-service,2,10,cpu:
2026-09-19T15:17:36+00:00,consent-service,2,10,cpu:
2026-09-19T15:17:36+00:00,exam-service,2,10,cpu:
2026-09-19T15:17:36+00:00,history-service,2,10,cpu:
2026-09-19T15:17:36+00:00,lab-service,2,10,cpu:
2026-09-19T15:17:36+00:00,notification-service,2,10,cpu:
2026-09-19T15:17:36+00:00,patient-service,2,10,cpu:
2026-09-19T15:17:36+00:00,result-service,2,10,cpu:
2026-09-19T15:17:36+00:00,triage-service,2,10,cpu:
2026-09-19T15:17:42+00:00,audit-service,2,10,cpu:
2026-09-19T15:17:42+00:00,auth-service,2,10,cpu:
2026-09-19T15:17:42+00:00,consent-service,2,10,cpu:
2026-09-19T15:17:42+00:00,exam-service,2,10,cpu:
2026-09-19T15:17:42+00:00,history-service,2,10,cpu:
2026-09-19T15:17:42+00:00,lab-service,2,10,cpu:
2026-09-19T15:17:42+00:00,notification-service,2,10,cpu:
2026-09-19T15:17:42+00:00,patient-service,2,10,cpu:
2026-09-19T15:17:42+00:00,result-service,2,10,cpu:
2026-09-19T15:17:42+00:00,triage-service,2,10,cpu:
2026-09-19T15:17:47+00:00,audit-service,2,10,cpu:
2026-09-19T15:17:47+00:00,auth-service,2,10,cpu:
2026-09-19T15:17:47+00:00,consent-service,2,10,cpu:
2026-09-19T15:17:47+00:00,exam-service,2,10,cpu:
2026-09-19T15:17:47+00:00,history-service,2,10,cpu:
2026-09-19T15:17:47+00:00,lab-service,2,10,cpu:
2026-09-19T15:17:47+00:00,notification-service,2,10,cpu:
2026-09-19T15:17:47+00:00,patient-service,2,10,cpu:
2026-09-19T15:17:47+00:00,result-service,2,10,cpu:
2026-09-19T15:17:47+00:00,triage-service,2,10,cpu:
2026-09-19T15:17:55+00:00,audit-service,2,10,cpu:
2026-09-19T15:17:55+00:00,auth-service,2,10,cpu:
2026-09-19T15:17:55+00:00,consent-service,2,10,cpu:
2026-09-19T15:17:55+00:00,exam-service,2,10,cpu:
2026-09-19T15:17:55+00:00,history-service,2,10,cpu:
2026-09-19T15:17:55+00:00,lab-service,2,10,cpu:
2026-09-19T15:17:55+00:00,notification-service,2,10,cpu:
2026-09-19T15:17:55+00:00,patient-service,2,10,cpu:
2026-09-19T15:17:55+00:00,result-service,2,10,cpu:
2026-09-19T15:17:55+00:00,triage-service,2,10,cpu:
2026-09-19T15:18:01+00:00,audit-service,2,10,cpu:
2026-09-19T15:18:01+00:00,auth-service,2,10,cpu:
2026-09-19T15:18:01+00:00,consent-service,2,10,cpu:
2026-09-19T15:18:01+00:00,exam-service,2,10,cpu:
2026-09-19T15:18:01+00:00,history-service,2,10,cpu:
2026-09-19T15:18:01+00:00,lab-service,2,10,cpu:
2026-09-19T15:18:01+00:00,notification-service,2,10,cpu:
2026-09-19T15:18:01+00:00,patient-service,2,10,cpu:
2026-09-19T15:18:01+00:00,result-service,2,10,cpu:
2026-09-19T15:18:01+00:00,triage-service,2,10,cpu:
2026-09-19T15:18:06+00:00,audit-service,2,10,cpu:
2026-09-19T15:18:06+00:00,auth-service,2,10,cpu:
2026-09-19T15:18:06+00:00,consent-service,2,10,cpu:
2026-09-19T15:18:06+00:00,exam-service,2,10,cpu:
2026-09-19T15:18:06+00:00,history-service,2,10,cpu:
2026-09-19T15:18:06+00:00,lab-service,2,10,cpu:
2026-09-19T15:18:06+00:00,notification-service,2,10,cpu:
2026-09-19T15:18:06+00:00,patient-service,2,10,cpu:
2026-09-19T15:18:06+00:00,result-service,2,10,cpu:
2026-09-19T15:18:06+00:00,triage-service,2,10,cpu:
2026-09-19T15:18:15+00:00,audit-service,2,10,cpu:
2026-09-19T15:18:15+00:00,auth-service,2,10,cpu:
2026-09-19T15:18:15+00:00,consent-service,2,10,cpu:
2026-09-19T15:18:15+00:00,exam-service,2,10,cpu:
2026-09-19T15:18:15+00:00,history-service,2,10,cpu:
2026-09-19T15:18:15+00:00,lab-service,2,10,cpu:
2026-09-19T15:18:15+00:00,notification-service,2,10,cpu:
2026-09-19T15:18:15+00:00,patient-service,2,10,cpu:
2026-09-19T15:18:15+00:00,result-service,2,10,cpu:
2026-09-19T15:18:15+00:00,triage-service,2,10,cpu:
2026-09-19T15:18:20+00:00,audit-service,2,10,cpu:
2026-09-19T15:18:20+00:00,auth-service,2,10,cpu:
2026-09-19T15:18:20+00:00,consent-service,2,10,cpu:
2026-09-19T15:18:20+00:00,exam-service,2,10,cpu:
2026-09-19T15:18:20+00:00,history-service,2,10,cpu:
2026-09-19T15:18:20+00:00,lab-service,2,10,cpu:
2026-09-19T15:18:20+00:00,notification-service,2,10,cpu:
2026-09-19T15:18:20+00:00,patient-service,2,10,cpu:
2026-09-19T15:18:20+00:00,result-service,2,10,cpu:
2026-09-19T15:18:20+00:00,triage-service,2,10,cpu:
2026-09-19T15:18:26+00:00,audit-service,2,10,cpu:
2026-09-19T15:18:26+00:00,auth-service,2,10,cpu:
2026-09-19T15:18:26+00:00,consent-service,2,10,cpu:
2026-09-19T15:18:26+00:00,exam-service,2,10,cpu:
2026-09-19T15:18:26+00:00,history-service,2,10,cpu:
2026-09-19T15:18:26+00:00,lab-service,2,10,cpu:
2026-09-19T15:18:26+00:00,notification-service,2,10,cpu:
2026-09-19T15:18:26+00:00,patient-service,2,10,cpu:
2026-09-19T15:18:26+00:00,result-service,2,10,cpu:
2026-09-19T15:18:26+00:00,triage-service,2,10,cpu:
2026-09-19T15:18:35+00:00,audit-service,2,10,cpu:
2026-09-19T15:18:35+00:00,auth-service,2,10,cpu:
2026-09-19T15:18:35+00:00,consent-service,2,10,cpu:
2026-09-19T15:18:35+00:00,exam-service,2,10,cpu:
2026-09-19T15:18:35+00:00,history-service,2,10,cpu:
2026-09-19T15:18:35+00:00,lab-service,2,10,cpu:
2026-09-19T15:18:35+00:00,notification-service,2,10,cpu:
2026-09-19T15:18:35+00:00,patient-service,2,10,cpu:
2026-09-19T15:18:35+00:00,result-service,2,10,cpu:
2026-09-19T15:18:35+00:00,triage-service,2,10,cpu:
2026-09-19T15:18:40+00:00,audit-service,2,10,cpu:
2026-09-19T15:18:40+00:00,auth-service,2,10,cpu:
2026-09-19T15:18:40+00:00,consent-service,2,10,cpu:
2026-09-19T15:18:40+00:00,exam-service,2,10,cpu:
2026-09-19T15:18:40+00:00,history-service,2,10,cpu:
2026-09-19T15:18:40+00:00,lab-service,2,10,cpu:
2026-09-19T15:18:40+00:00,notification-service,2,10,cpu:
2026-09-19T15:18:40+00:00,patient-service,2,10,cpu:
2026-09-19T15:18:40+00:00,result-service,2,10,cpu:
2026-09-19T15:18:40+00:00,triage-service,2,10,cpu:
2026-09-19T15:18:46+00:00,audit-service,2,10,cpu:
2026-09-19T15:18:46+00:00,auth-service,2,10,cpu:
2026-09-19T15:18:46+00:00,consent-service,2,10,cpu:
2026-09-19T15:18:46+00:00,exam-service,2,10,cpu:
2026-09-19T15:18:46+00:00,history-service,2,10,cpu:
2026-09-19T15:18:46+00:00,lab-service,2,10,cpu:
2026-09-19T15:18:46+00:00,notification-service,2,10,cpu:
2026-09-19T15:18:46+00:00,patient-service,2,10,cpu:
2026-09-19T15:18:46+00:00,result-service,2,10,cpu:
2026-09-19T15:18:46+00:00,triage-service,2,10,cpu:
2026-09-19T15:18:54+00:00,audit-service,2,10,cpu:
2026-09-19T15:18:54+00:00,auth-service,2,10,cpu:
2026-09-19T15:18:54+00:00,consent-service,2,10,cpu:
2026-09-19T15:18:54+00:00,exam-service,2,10,cpu:
2026-09-19T15:18:54+00:00,history-service,2,10,cpu:
2026-09-19T15:18:54+00:00,lab-service,2,10,cpu:
2026-09-19T15:18:54+00:00,notification-service,2,10,cpu:
2026-09-19T15:18:54+00:00,patient-service,2,10,cpu:
2026-09-19T15:18:54+00:00,result-service,2,10,cpu:
2026-09-19T15:18:54+00:00,triage-service,2,10,cpu:
2026-09-19T15:19:00+00:00,audit-service,2,10,cpu:
2026-09-19T15:19:00+00:00,auth-service,2,10,cpu:
2026-09-19T15:19:00+00:00,consent-service,2,10,cpu:
2026-09-19T15:19:00+00:00,exam-service,2,10,cpu:
2026-09-19T15:19:00+00:00,history-service,2,10,cpu:
2026-09-19T15:19:00+00:00,lab-service,2,10,cpu:
2026-09-19T15:19:00+00:00,notification-service,2,10,cpu:
2026-09-19T15:19:00+00:00,patient-service,2,10,cpu:
2026-09-19T15:19:00+00:00,result-service,2,10,cpu:
2026-09-19T15:19:00+00:00,triage-service,2,10,cpu:
2026-09-19T15:19:05+00:00,audit-service,2,10,cpu:
2026-09-19T15:19:05+00:00,auth-service,2,10,cpu:
2026-09-19T15:19:05+00:00,consent-service,2,10,cpu:
2026-09-19T15:19:05+00:00,exam-service,2,10,cpu:
2026-09-19T15:19:05+00:00,history-service,2,10,cpu:
2026-09-19T15:19:05+00:00,lab-service,2,10,cpu:
2026-09-19T15:19:05+00:00,notification-service,2,10,cpu:
2026-09-19T15:19:05+00:00,patient-service,2,10,cpu:
2026-09-19T15:19:05+00:00,result-service,2,10,cpu:
2026-09-19T15:19:05+00:00,triage-service,2,10,cpu:
2026-09-19T15:19:13+00:00,audit-service,2,10,cpu:
2026-09-19T15:19:13+00:00,auth-service,2,10,cpu:
2026-09-19T15:19:13+00:00,consent-service,2,10,cpu:
2026-09-19T15:19:13+00:00,exam-service,2,10,cpu:
2026-09-19T15:19:13+00:00,history-service,2,10,cpu:
2026-09-19T15:19:13+00:00,lab-service,2,10,cpu:
2026-09-19T15:19:13+00:00,notification-service,2,10,cpu:
2026-09-19T15:19:13+00:00,patient-service,2,10,cpu:
2026-09-19T15:19:13+00:00,result-service,2,10,cpu:
2026-09-19T15:19:13+00:00,triage-service,2,10,cpu:
2026-09-19T15:19:19+00:00,audit-service,2,10,cpu:
2026-09-19T15:19:19+00:00,auth-service,2,10,cpu:
2026-09-19T15:19:19+00:00,consent-service,2,10,cpu:
2026-09-19T15:19:19+00:00,exam-service,2,10,cpu:
2026-09-19T15:19:19+00:00,history-service,2,10,cpu:
2026-09-19T15:19:19+00:00,lab-service,2,10,cpu:
2026-09-19T15:19:19+00:00,notification-service,2,10,cpu:
2026-09-19T15:19:19+00:00,patient-service,2,10,cpu:
2026-09-19T15:19:19+00:00,result-service,2,10,cpu:
2026-09-19T15:19:19+00:00,triage-service,2,10,cpu:
2026-09-19T15:19:25+00:00,audit-service,2,10,cpu:
2026-09-19T15:19:25+00:00,auth-service,2,10,cpu:
2026-09-19T15:19:25+00:00,consent-service,2,10,cpu:
2026-09-19T15:19:25+00:00,exam-service,2,10,cpu:
2026-09-19T15:19:25+00:00,history-service,3,10,cpu:
2026-09-19T15:19:25+00:00,lab-service,2,10,cpu:
2026-09-19T15:19:25+00:00,notification-service,2,10,cpu:
2026-09-19T15:19:25+00:00,patient-service,2,10,cpu:
2026-09-19T15:19:25+00:00,result-service,2,10,cpu:
2026-09-19T15:19:25+00:00,triage-service,2,10,cpu:
2026-09-19T15:19:33+00:00,audit-service,2,10,cpu:
2026-09-19T15:19:33+00:00,auth-service,2,10,cpu:
2026-09-19T15:19:33+00:00,consent-service,2,10,cpu:
2026-09-19T15:19:33+00:00,exam-service,2,10,cpu:
2026-09-19T15:19:33+00:00,history-service,3,10,cpu:
2026-09-19T15:19:33+00:00,lab-service,2,10,cpu:
2026-09-19T15:19:33+00:00,notification-service,2,10,cpu:
2026-09-19T15:19:33+00:00,patient-service,2,10,cpu:
2026-09-19T15:19:33+00:00,result-service,2,10,cpu:
2026-09-19T15:19:33+00:00,triage-service,2,10,cpu:
2026-09-19T15:19:39+00:00,audit-service,2,10,cpu:
2026-09-19T15:19:39+00:00,auth-service,2,10,cpu:
2026-09-19T15:19:39+00:00,consent-service,2,10,cpu:
2026-09-19T15:19:39+00:00,exam-service,2,10,cpu:
2026-09-19T15:19:39+00:00,history-service,3,10,cpu:
2026-09-19T15:19:39+00:00,lab-service,2,10,cpu:
2026-09-19T15:19:39+00:00,notification-service,2,10,cpu:
2026-09-19T15:19:39+00:00,patient-service,2,10,cpu:
2026-09-19T15:19:39+00:00,result-service,2,10,cpu:
2026-09-19T15:19:39+00:00,triage-service,2,10,cpu:
2026-09-19T15:19:45+00:00,audit-service,2,10,cpu:
2026-09-19T15:19:45+00:00,auth-service,2,10,cpu:
2026-09-19T15:19:45+00:00,consent-service,2,10,cpu:
2026-09-19T15:19:45+00:00,exam-service,2,10,cpu:
2026-09-19T15:19:45+00:00,history-service,3,10,cpu:
2026-09-19T15:19:45+00:00,lab-service,2,10,cpu:
2026-09-19T15:19:45+00:00,notification-service,2,10,cpu:
2026-09-19T15:19:45+00:00,patient-service,2,10,cpu:
2026-09-19T15:19:45+00:00,result-service,2,10,cpu:
2026-09-19T15:19:45+00:00,triage-service,2,10,cpu:
2026-09-19T15:19:53+00:00,audit-service,2,10,cpu:
2026-09-19T15:19:53+00:00,auth-service,2,10,cpu:
2026-09-19T15:19:53+00:00,consent-service,2,10,cpu:
2026-09-19T15:19:53+00:00,exam-service,2,10,cpu:
2026-09-19T15:19:53+00:00,history-service,3,10,cpu:
2026-09-19T15:19:53+00:00,lab-service,2,10,cpu:
2026-09-19T15:19:53+00:00,notification-service,2,10,cpu:
2026-09-19T15:19:53+00:00,patient-service,2,10,cpu:
2026-09-19T15:19:53+00:00,result-service,2,10,cpu:
2026-09-19T15:19:53+00:00,triage-service,2,10,cpu:
2026-09-19T15:19:59+00:00,audit-service,2,10,cpu:
2026-09-19T15:19:59+00:00,auth-service,2,10,cpu:
2026-09-19T15:19:59+00:00,consent-service,2,10,cpu:
2026-09-19T15:19:59+00:00,exam-service,2,10,cpu:
2026-09-19T15:19:59+00:00,history-service,3,10,cpu:
2026-09-19T15:19:59+00:00,lab-service,2,10,cpu:
2026-09-19T15:19:59+00:00,notification-service,2,10,cpu:
2026-09-19T15:19:59+00:00,patient-service,2,10,cpu:
2026-09-19T15:19:59+00:00,result-service,2,10,cpu:
2026-09-19T15:19:59+00:00,triage-service,2,10,cpu:
2026-09-19T15:20:05+00:00,audit-service,2,10,cpu:
2026-09-19T15:20:05+00:00,auth-service,2,10,cpu:
2026-09-19T15:20:05+00:00,consent-service,2,10,cpu:
2026-09-19T15:20:05+00:00,exam-service,2,10,cpu:
2026-09-19T15:20:05+00:00,history-service,3,10,cpu:
2026-09-19T15:20:05+00:00,lab-service,2,10,cpu:
2026-09-19T15:20:05+00:00,notification-service,2,10,cpu:
2026-09-19T15:20:05+00:00,patient-service,2,10,cpu:
2026-09-19T15:20:05+00:00,result-service,2,10,cpu:
2026-09-19T15:20:05+00:00,triage-service,2,10,cpu:
2026-09-19T15:20:13+00:00,audit-service,2,10,cpu:
2026-09-19T15:20:13+00:00,auth-service,2,10,cpu:
2026-09-19T15:20:13+00:00,consent-service,2,10,cpu:
2026-09-19T15:20:13+00:00,exam-service,2,10,cpu:
2026-09-19T15:20:13+00:00,history-service,3,10,cpu:
2026-09-19T15:20:13+00:00,lab-service,2,10,cpu:
2026-09-19T15:20:13+00:00,notification-service,2,10,cpu:
2026-09-19T15:20:13+00:00,patient-service,2,10,cpu:
2026-09-19T15:20:13+00:00,result-service,2,10,cpu:
2026-09-19T15:20:13+00:00,triage-service,2,10,cpu:
2026-09-19T15:20:19+00:00,audit-service,2,10,cpu:
2026-09-19T15:20:19+00:00,auth-service,2,10,cpu:
2026-09-19T15:20:19+00:00,consent-service,2,10,cpu:
2026-09-19T15:20:19+00:00,exam-service,2,10,cpu:
2026-09-19T15:20:19+00:00,history-service,3,10,cpu:
2026-09-19T15:20:19+00:00,lab-service,2,10,cpu:
2026-09-19T15:20:19+00:00,notification-service,2,10,cpu:
2026-09-19T15:20:19+00:00,patient-service,2,10,cpu:
2026-09-19T15:20:19+00:00,result-service,2,10,cpu:
2026-09-19T15:20:19+00:00,triage-service,2,10,cpu:
2026-09-19T15:20:25+00:00,audit-service,2,10,cpu:
2026-09-19T15:20:25+00:00,auth-service,2,10,cpu:
2026-09-19T15:20:25+00:00,consent-service,2,10,cpu:
2026-09-19T15:20:25+00:00,exam-service,2,10,cpu:
2026-09-19T15:20:25+00:00,history-service,3,10,cpu:
2026-09-19T15:20:25+00:00,lab-service,2,10,cpu:
2026-09-19T15:20:25+00:00,notification-service,2,10,cpu:
2026-09-19T15:20:25+00:00,patient-service,2,10,cpu:
2026-09-19T15:20:25+00:00,result-service,2,10,cpu:
2026-09-19T15:20:25+00:00,triage-service,2,10,cpu:
2026-09-19T15:20:33+00:00,audit-service,2,10,cpu:
2026-09-19T15:20:33+00:00,auth-service,2,10,cpu:
2026-09-19T15:20:33+00:00,consent-service,2,10,cpu:
2026-09-19T15:20:33+00:00,exam-service,2,10,cpu:
2026-09-19T15:20:33+00:00,history-service,3,10,cpu:
2026-09-19T15:20:33+00:00,lab-service,2,10,cpu:
2026-09-19T15:20:33+00:00,notification-service,2,10,cpu:
2026-09-19T15:20:33+00:00,patient-service,2,10,cpu:
2026-09-19T15:20:33+00:00,result-service,2,10,cpu:
2026-09-19T15:20:33+00:00,triage-service,2,10,cpu:
2026-09-19T15:20:39+00:00,audit-service,2,10,cpu:
2026-09-19T15:20:39+00:00,auth-service,2,10,cpu:
2026-09-19T15:20:39+00:00,consent-service,2,10,cpu:
2026-09-19T15:20:39+00:00,exam-service,2,10,cpu:
2026-09-19T15:20:39+00:00,history-service,3,10,cpu:
2026-09-19T15:20:39+00:00,lab-service,2,10,cpu:
2026-09-19T15:20:39+00:00,notification-service,2,10,cpu:
2026-09-19T15:20:39+00:00,patient-service,2,10,cpu:
2026-09-19T15:20:39+00:00,result-service,2,10,cpu:
2026-09-19T15:20:39+00:00,triage-service,2,10,cpu:
2026-09-19T15:20:45+00:00,audit-service,2,10,cpu:
2026-09-19T15:20:45+00:00,auth-service,2,10,cpu:
2026-09-19T15:20:45+00:00,consent-service,2,10,cpu:
2026-09-19T15:20:45+00:00,exam-service,2,10,cpu:
2026-09-19T15:20:45+00:00,history-service,3,10,cpu:
2026-09-19T15:20:45+00:00,lab-service,2,10,cpu:
2026-09-19T15:20:45+00:00,notification-service,2,10,cpu:
2026-09-19T15:20:45+00:00,patient-service,2,10,cpu:
2026-09-19T15:20:45+00:00,result-service,2,10,cpu:
2026-09-19T15:20:45+00:00,triage-service,2,10,cpu:
2026-09-19T15:20:53+00:00,audit-service,2,10,cpu:
2026-09-19T15:20:53+00:00,auth-service,2,10,cpu:
2026-09-19T15:20:53+00:00,consent-service,2,10,cpu:
2026-09-19T15:20:53+00:00,exam-service,2,10,cpu:
2026-09-19T15:20:53+00:00,history-service,3,10,cpu:
2026-09-19T15:20:53+00:00,lab-service,2,10,cpu:
2026-09-19T15:20:53+00:00,notification-service,2,10,cpu:
2026-09-19T15:20:53+00:00,patient-service,2,10,cpu:
2026-09-19T15:20:53+00:00,result-service,2,10,cpu:
2026-09-19T15:20:53+00:00,triage-service,2,10,cpu:
2026-09-19T15:20:59+00:00,audit-service,2,10,cpu:
2026-09-19T15:20:59+00:00,auth-service,2,10,cpu:
2026-09-19T15:20:59+00:00,consent-service,2,10,cpu:
2026-09-19T15:20:59+00:00,exam-service,2,10,cpu:
2026-09-19T15:20:59+00:00,history-service,3,10,cpu:
2026-09-19T15:20:59+00:00,lab-service,2,10,cpu:
2026-09-19T15:20:59+00:00,notification-service,2,10,cpu:
2026-09-19T15:20:59+00:00,patient-service,2,10,cpu:
2026-09-19T15:20:59+00:00,result-service,2,10,cpu:
2026-09-19T15:20:59+00:00,triage-service,2,10,cpu:
2026-09-19T15:21:05+00:00,audit-service,2,10,cpu:
2026-09-19T15:21:05+00:00,auth-service,2,10,cpu:
2026-09-19T15:21:05+00:00,consent-service,2,10,cpu:
2026-09-19T15:21:05+00:00,exam-service,2,10,cpu:
2026-09-19T15:21:05+00:00,history-service,3,10,cpu:
2026-09-19T15:21:05+00:00,lab-service,2,10,cpu:
2026-09-19T15:21:05+00:00,notification-service,2,10,cpu:
2026-09-19T15:21:05+00:00,patient-service,2,10,cpu:
2026-09-19T15:21:05+00:00,result-service,2,10,cpu:
2026-09-19T15:21:05+00:00,triage-service,2,10,cpu:
2026-09-19T15:21:13+00:00,audit-service,2,10,cpu:
2026-09-19T15:21:13+00:00,auth-service,2,10,cpu:
2026-09-19T15:21:13+00:00,consent-service,2,10,cpu:
2026-09-19T15:21:13+00:00,exam-service,2,10,cpu:
2026-09-19T15:21:13+00:00,history-service,3,10,cpu:
2026-09-19T15:21:13+00:00,lab-service,2,10,cpu:
2026-09-19T15:21:13+00:00,notification-service,2,10,cpu:
2026-09-19T15:21:13+00:00,patient-service,2,10,cpu:
2026-09-19T15:21:13+00:00,result-service,2,10,cpu:
2026-09-19T15:21:13+00:00,triage-service,2,10,cpu:
2026-09-19T15:21:19+00:00,audit-service,2,10,cpu:
2026-09-19T15:21:19+00:00,auth-service,2,10,cpu:
2026-09-19T15:21:19+00:00,consent-service,2,10,cpu:
2026-09-19T15:21:19+00:00,exam-service,2,10,cpu:
2026-09-19T15:21:19+00:00,history-service,3,10,cpu:
2026-09-19T15:21:19+00:00,lab-service,2,10,cpu:
2026-09-19T15:21:19+00:00,notification-service,2,10,cpu:
2026-09-19T15:21:19+00:00,patient-service,2,10,cpu:
2026-09-19T15:21:19+00:00,result-service,2,10,cpu:
2026-09-19T15:21:19+00:00,triage-service,2,10,cpu:
2026-09-19T15:21:25+00:00,audit-service,2,10,cpu:
2026-09-19T15:21:25+00:00,auth-service,2,10,cpu:
2026-09-19T15:21:25+00:00,consent-service,2,10,cpu:
2026-09-19T15:21:25+00:00,exam-service,2,10,cpu:
2026-09-19T15:21:25+00:00,history-service,3,10,cpu:
2026-09-19T15:21:25+00:00,lab-service,2,10,cpu:
2026-09-19T15:21:25+00:00,notification-service,2,10,cpu:
2026-09-19T15:21:25+00:00,patient-service,2,10,cpu:
2026-09-19T15:21:25+00:00,result-service,2,10,cpu:
2026-09-19T15:21:25+00:00,triage-service,2,10,cpu:
2026-09-19T15:21:35+00:00,audit-service,2,10,cpu:
2026-09-19T15:21:35+00:00,auth-service,2,10,cpu:
2026-09-19T15:21:35+00:00,consent-service,2,10,cpu:
2026-09-19T15:21:35+00:00,exam-service,2,10,cpu:
2026-09-19T15:21:35+00:00,history-service,3,10,cpu:
2026-09-19T15:21:35+00:00,lab-service,2,10,cpu:
2026-09-19T15:21:35+00:00,notification-service,2,10,cpu:
2026-09-19T15:21:35+00:00,patient-service,2,10,cpu:
2026-09-19T15:21:35+00:00,result-service,2,10,cpu:
2026-09-19T15:21:35+00:00,triage-service,2,10,cpu:
2026-09-19T15:21:41+00:00,audit-service,2,10,cpu:
2026-09-19T15:21:41+00:00,auth-service,2,10,cpu:
2026-09-19T15:21:41+00:00,consent-service,2,10,cpu:
2026-09-19T15:21:41+00:00,exam-service,2,10,cpu:
2026-09-19T15:21:41+00:00,history-service,3,10,cpu:
2026-09-19T15:21:41+00:00,lab-service,2,10,cpu:
2026-09-19T15:21:41+00:00,notification-service,2,10,cpu:
2026-09-19T15:21:41+00:00,patient-service,2,10,cpu:
2026-09-19T15:21:41+00:00,result-service,2,10,cpu:
2026-09-19T15:21:41+00:00,triage-service,2,10,cpu:
2026-09-19T15:21:47+00:00,audit-service,2,10,cpu:
2026-09-19T15:21:47+00:00,auth-service,2,10,cpu:
2026-09-19T15:21:47+00:00,consent-service,2,10,cpu:
2026-09-19T15:21:47+00:00,exam-service,2,10,cpu:
2026-09-19T15:21:47+00:00,history-service,3,10,cpu:
2026-09-19T15:21:47+00:00,lab-service,2,10,cpu:
2026-09-19T15:21:47+00:00,notification-service,2,10,cpu:
2026-09-19T15:21:47+00:00,patient-service,2,10,cpu:
2026-09-19T15:21:47+00:00,result-service,2,10,cpu:
2026-09-19T15:21:47+00:00,triage-service,2,10,cpu:
2026-09-19T15:21:55+00:00,audit-service,2,10,cpu:
2026-09-19T15:21:55+00:00,auth-service,2,10,cpu:
2026-09-19T15:21:55+00:00,consent-service,2,10,cpu:
2026-09-19T15:21:55+00:00,exam-service,2,10,cpu:
2026-09-19T15:21:55+00:00,history-service,3,10,cpu:
2026-09-19T15:21:55+00:00,lab-service,2,10,cpu:
2026-09-19T15:21:55+00:00,notification-service,2,10,cpu:
2026-09-19T15:21:55+00:00,patient-service,2,10,cpu:
2026-09-19T15:21:55+00:00,result-service,2,10,cpu:
2026-09-19T15:21:55+00:00,triage-service,2,10,cpu:
2026-09-19T15:22:02+00:00,audit-service,2,10,cpu:
2026-09-19T15:22:02+00:00,auth-service,2,10,cpu:
2026-09-19T15:22:02+00:00,consent-service,2,10,cpu:
2026-09-19T15:22:02+00:00,exam-service,2,10,cpu:
2026-09-19T15:22:02+00:00,history-service,3,10,cpu:
2026-09-19T15:22:02+00:00,lab-service,2,10,cpu:
2026-09-19T15:22:02+00:00,notification-service,2,10,cpu:
2026-09-19T15:22:02+00:00,patient-service,2,10,cpu:
2026-09-19T15:22:02+00:00,result-service,2,10,cpu:
2026-09-19T15:22:02+00:00,triage-service,2,10,cpu:
2026-09-19T15:22:07+00:00,audit-service,2,10,cpu:
2026-09-19T15:22:07+00:00,auth-service,2,10,cpu:
2026-09-19T15:22:07+00:00,consent-service,2,10,cpu:
2026-09-19T15:22:07+00:00,exam-service,2,10,cpu:
2026-09-19T15:22:07+00:00,history-service,3,10,cpu:
2026-09-19T15:22:07+00:00,lab-service,2,10,cpu:
2026-09-19T15:22:07+00:00,notification-service,2,10,cpu:
2026-09-19T15:22:07+00:00,patient-service,2,10,cpu:
2026-09-19T15:22:07+00:00,result-service,2,10,cpu:
2026-09-19T15:22:07+00:00,triage-service,2,10,cpu:
2026-09-19T15:22:15+00:00,audit-service,2,10,cpu:
2026-09-19T15:22:15+00:00,auth-service,2,10,cpu:
2026-09-19T15:22:15+00:00,consent-service,2,10,cpu:
2026-09-19T15:22:15+00:00,exam-service,2,10,cpu:
2026-09-19T15:22:15+00:00,history-service,3,10,cpu:
2026-09-19T15:22:15+00:00,lab-service,2,10,cpu:
2026-09-19T15:22:15+00:00,notification-service,2,10,cpu:
2026-09-19T15:22:15+00:00,patient-service,2,10,cpu:
2026-09-19T15:22:15+00:00,result-service,2,10,cpu:
2026-09-19T15:22:15+00:00,triage-service,2,10,cpu:
2026-09-19T15:22:21+00:00,audit-service,2,10,cpu:
2026-09-19T15:22:21+00:00,auth-service,2,10,cpu:
2026-09-19T15:22:21+00:00,consent-service,2,10,cpu:
2026-09-19T15:22:21+00:00,exam-service,2,10,cpu:
2026-09-19T15:22:21+00:00,history-service,3,10,cpu:
2026-09-19T15:22:21+00:00,lab-service,2,10,cpu:
2026-09-19T15:22:21+00:00,notification-service,2,10,cpu:
2026-09-19T15:22:21+00:00,patient-service,2,10,cpu:
2026-09-19T15:22:21+00:00,result-service,2,10,cpu:
2026-09-19T15:22:21+00:00,triage-service,2,10,cpu:
2026-09-19T15:22:27+00:00,audit-service,2,10,cpu:
2026-09-19T15:22:27+00:00,auth-service,2,10,cpu:
2026-09-19T15:22:27+00:00,consent-service,2,10,cpu:
2026-09-19T15:22:27+00:00,exam-service,2,10,cpu:
2026-09-19T15:22:27+00:00,history-service,3,10,cpu:
2026-09-19T15:22:27+00:00,lab-service,2,10,cpu:
2026-09-19T15:22:27+00:00,notification-service,2,10,cpu:
2026-09-19T15:22:27+00:00,patient-service,2,10,cpu:
2026-09-19T15:22:27+00:00,result-service,2,10,cpu:
2026-09-19T15:22:27+00:00,triage-service,2,10,cpu:
2026-09-19T15:22:35+00:00,audit-service,2,10,cpu:
2026-09-19T15:22:35+00:00,auth-service,2,10,cpu:
2026-09-19T15:22:35+00:00,consent-service,2,10,cpu:
2026-09-19T15:22:35+00:00,exam-service,2,10,cpu:
2026-09-19T15:22:35+00:00,history-service,3,10,cpu:
2026-09-19T15:22:35+00:00,lab-service,2,10,cpu:
2026-09-19T15:22:35+00:00,notification-service,2,10,cpu:
2026-09-19T15:22:35+00:00,patient-service,2,10,cpu:
2026-09-19T15:22:35+00:00,result-service,2,10,cpu:
2026-09-19T15:22:35+00:00,triage-service,2,10,cpu:
2026-09-19T15:22:41+00:00,audit-service,2,10,cpu:
2026-09-19T15:22:41+00:00,auth-service,2,10,cpu:
2026-09-19T15:22:41+00:00,consent-service,2,10,cpu:
2026-09-19T15:22:41+00:00,exam-service,2,10,cpu:
2026-09-19T15:22:41+00:00,history-service,3,10,cpu:
2026-09-19T15:22:41+00:00,lab-service,2,10,cpu:
2026-09-19T15:22:41+00:00,notification-service,2,10,cpu:
2026-09-19T15:22:41+00:00,patient-service,2,10,cpu:
2026-09-19T15:22:41+00:00,result-service,2,10,cpu:
2026-09-19T15:22:41+00:00,triage-service,2,10,cpu:
2026-09-19T15:22:47+00:00,audit-service,2,10,cpu:
2026-09-19T15:22:47+00:00,auth-service,2,10,cpu:
2026-09-19T15:22:47+00:00,consent-service,2,10,cpu:
2026-09-19T15:22:47+00:00,exam-service,2,10,cpu:
2026-09-19T15:22:47+00:00,history-service,3,10,cpu:
2026-09-19T15:22:47+00:00,lab-service,2,10,cpu:
2026-09-19T15:22:47+00:00,notification-service,2,10,cpu:
2026-09-19T15:22:47+00:00,patient-service,2,10,cpu:
2026-09-19T15:22:47+00:00,result-service,2,10,cpu:
2026-09-19T15:22:47+00:00,triage-service,2,10,cpu:
2026-09-19T15:22:55+00:00,audit-service,2,10,cpu:
2026-09-19T15:22:55+00:00,auth-service,2,10,cpu:
2026-09-19T15:22:55+00:00,consent-service,2,10,cpu:
2026-09-19T15:22:55+00:00,exam-service,2,10,cpu:
2026-09-19T15:22:55+00:00,history-service,3,10,cpu:
2026-09-19T15:22:55+00:00,lab-service,2,10,cpu:
2026-09-19T15:22:55+00:00,notification-service,2,10,cpu:
2026-09-19T15:22:55+00:00,patient-service,2,10,cpu:
2026-09-19T15:22:55+00:00,result-service,2,10,cpu:
2026-09-19T15:22:55+00:00,triage-service,2,10,cpu:
2026-09-19T15:23:02+00:00,audit-service,2,10,cpu:
2026-09-19T15:23:02+00:00,auth-service,2,10,cpu:
2026-09-19T15:23:02+00:00,consent-service,2,10,cpu:
2026-09-19T15:23:02+00:00,exam-service,2,10,cpu:
2026-09-19T15:23:02+00:00,history-service,3,10,cpu:
2026-09-19T15:23:02+00:00,lab-service,2,10,cpu:
2026-09-19T15:23:02+00:00,notification-service,2,10,cpu:
2026-09-19T15:23:02+00:00,patient-service,2,10,cpu:
2026-09-19T15:23:02+00:00,result-service,2,10,cpu:
2026-09-19T15:23:02+00:00,triage-service,2,10,cpu:
2026-09-19T15:23:08+00:00,audit-service,2,10,cpu:
2026-09-19T15:23:08+00:00,auth-service,2,10,cpu:
2026-09-19T15:23:08+00:00,consent-service,2,10,cpu:
2026-09-19T15:23:08+00:00,exam-service,2,10,cpu:
2026-09-19T15:23:08+00:00,history-service,3,10,cpu:
2026-09-19T15:23:08+00:00,lab-service,2,10,cpu:
2026-09-19T15:23:08+00:00,notification-service,2,10,cpu:
2026-09-19T15:23:08+00:00,patient-service,2,10,cpu:
2026-09-19T15:23:08+00:00,result-service,2,10,cpu:
2026-09-19T15:23:08+00:00,triage-service,2,10,cpu:
2026-09-19T15:23:15+00:00,audit-service,2,10,cpu:
2026-09-19T15:23:15+00:00,auth-service,2,10,cpu:
2026-09-19T15:23:15+00:00,consent-service,2,10,cpu:
2026-09-19T15:23:15+00:00,exam-service,2,10,cpu:
2026-09-19T15:23:15+00:00,history-service,3,10,cpu:
2026-09-19T15:23:15+00:00,lab-service,2,10,cpu:
2026-09-19T15:23:15+00:00,notification-service,2,10,cpu:
2026-09-19T15:23:15+00:00,patient-service,2,10,cpu:
2026-09-19T15:23:15+00:00,result-service,2,10,cpu:
2026-09-19T15:23:15+00:00,triage-service,2,10,cpu:
2026-09-19T15:23:21+00:00,audit-service,2,10,cpu:
2026-09-19T15:23:21+00:00,auth-service,2,10,cpu:
2026-09-19T15:23:21+00:00,consent-service,2,10,cpu:
2026-09-19T15:23:21+00:00,exam-service,2,10,cpu:
2026-09-19T15:23:21+00:00,history-service,3,10,cpu:
2026-09-19T15:23:21+00:00,lab-service,2,10,cpu:
2026-09-19T15:23:21+00:00,notification-service,2,10,cpu:
2026-09-19T15:23:21+00:00,patient-service,2,10,cpu:
2026-09-19T15:23:21+00:00,result-service,2,10,cpu:
2026-09-19T15:23:21+00:00,triage-service,2,10,cpu:
2026-09-19T15:23:27+00:00,audit-service,2,10,cpu:
2026-09-19T15:23:27+00:00,auth-service,2,10,cpu:
2026-09-19T15:23:27+00:00,consent-service,2,10,cpu:
2026-09-19T15:23:27+00:00,exam-service,2,10,cpu:
2026-09-19T15:23:27+00:00,history-service,3,10,cpu:
2026-09-19T15:23:27+00:00,lab-service,2,10,cpu:
2026-09-19T15:23:27+00:00,notification-service,2,10,cpu:
2026-09-19T15:23:27+00:00,patient-service,2,10,cpu:
2026-09-19T15:23:27+00:00,result-service,2,10,cpu:
2026-09-19T15:23:27+00:00,triage-service,2,10,cpu:
2026-09-19T15:23:35+00:00,audit-service,2,10,cpu:
2026-09-19T15:23:35+00:00,auth-service,2,10,cpu:
2026-09-19T15:23:35+00:00,consent-service,2,10,cpu:
2026-09-19T15:23:35+00:00,exam-service,2,10,cpu:
2026-09-19T15:23:35+00:00,history-service,3,10,cpu:
2026-09-19T15:23:35+00:00,lab-service,2,10,cpu:
2026-09-19T15:23:35+00:00,notification-service,2,10,cpu:
2026-09-19T15:23:35+00:00,patient-service,2,10,cpu:
2026-09-19T15:23:35+00:00,result-service,2,10,cpu:
2026-09-19T15:23:35+00:00,triage-service,2,10,cpu:
2026-09-19T15:23:41+00:00,audit-service,2,10,cpu:
2026-09-19T15:23:41+00:00,auth-service,2,10,cpu:
2026-09-19T15:23:41+00:00,consent-service,2,10,cpu:
2026-09-19T15:23:41+00:00,exam-service,2,10,cpu:
2026-09-19T15:23:41+00:00,history-service,3,10,cpu:
2026-09-19T15:23:41+00:00,lab-service,2,10,cpu:
2026-09-19T15:23:41+00:00,notification-service,2,10,cpu:
2026-09-19T15:23:41+00:00,patient-service,2,10,cpu:
2026-09-19T15:23:41+00:00,result-service,2,10,cpu:
2026-09-19T15:23:41+00:00,triage-service,2,10,cpu:
2026-09-19T15:23:47+00:00,audit-service,2,10,cpu:
2026-09-19T15:23:47+00:00,auth-service,2,10,cpu:
2026-09-19T15:23:47+00:00,consent-service,2,10,cpu:
2026-09-19T15:23:47+00:00,exam-service,2,10,cpu:
2026-09-19T15:23:47+00:00,history-service,3,10,cpu:
2026-09-19T15:23:47+00:00,lab-service,2,10,cpu:
2026-09-19T15:23:47+00:00,notification-service,2,10,cpu:
2026-09-19T15:23:47+00:00,patient-service,2,10,cpu:
2026-09-19T15:23:47+00:00,result-service,2,10,cpu:
2026-09-19T15:23:47+00:00,triage-service,2,10,cpu:
2026-09-19T15:23:55+00:00,audit-service,2,10,cpu:
2026-09-19T15:23:55+00:00,auth-service,2,10,cpu:
2026-09-19T15:23:55+00:00,consent-service,2,10,cpu:
2026-09-19T15:23:55+00:00,exam-service,2,10,cpu:
2026-09-19T15:23:55+00:00,history-service,3,10,cpu:
2026-09-19T15:23:55+00:00,lab-service,2,10,cpu:
2026-09-19T15:23:55+00:00,notification-service,2,10,cpu:
2026-09-19T15:23:55+00:00,patient-service,2,10,cpu:
2026-09-19T15:23:55+00:00,result-service,2,10,cpu:
2026-09-19T15:23:55+00:00,triage-service,2,10,cpu:
2026-09-19T15:24:02+00:00,audit-service,2,10,cpu:
2026-09-19T15:24:02+00:00,auth-service,2,10,cpu:
2026-09-19T15:24:02+00:00,consent-service,2,10,cpu:
2026-09-19T15:24:02+00:00,exam-service,2,10,cpu:
2026-09-19T15:24:02+00:00,history-service,3,10,cpu:
2026-09-19T15:24:02+00:00,lab-service,2,10,cpu:
2026-09-19T15:24:02+00:00,notification-service,2,10,cpu:
2026-09-19T15:24:02+00:00,patient-service,2,10,cpu:
2026-09-19T15:24:02+00:00,result-service,2,10,cpu:
2026-09-19T15:24:02+00:00,triage-service,2,10,cpu:
2026-09-19T15:24:07+00:00,audit-service,2,10,cpu:
2026-09-19T15:24:07+00:00,auth-service,2,10,cpu:
2026-09-19T15:24:07+00:00,consent-service,2,10,cpu:
2026-09-19T15:24:07+00:00,exam-service,2,10,cpu:
2026-09-19T15:24:07+00:00,history-service,3,10,cpu:
2026-09-19T15:24:07+00:00,lab-service,2,10,cpu:
2026-09-19T15:24:07+00:00,notification-service,2,10,cpu:
2026-09-19T15:24:07+00:00,patient-service,2,10,cpu:
2026-09-19T15:24:07+00:00,result-service,2,10,cpu:
2026-09-19T15:24:07+00:00,triage-service,2,10,cpu:
2026-09-19T15:24:15+00:00,audit-service,2,10,cpu:
2026-09-19T15:24:15+00:00,auth-service,2,10,cpu:
2026-09-19T15:24:15+00:00,consent-service,2,10,cpu:
2026-09-19T15:24:15+00:00,exam-service,2,10,cpu:
2026-09-19T15:24:15+00:00,history-service,3,10,cpu:
2026-09-19T15:24:15+00:00,lab-service,2,10,cpu:
2026-09-19T15:24:15+00:00,notification-service,2,10,cpu:
2026-09-19T15:24:15+00:00,patient-service,2,10,cpu:
2026-09-19T15:24:15+00:00,result-service,2,10,cpu:
2026-09-19T15:24:15+00:00,triage-service,2,10,cpu:
2026-09-19T15:24:21+00:00,audit-service,2,10,cpu:
2026-09-19T15:24:21+00:00,auth-service,2,10,cpu:
2026-09-19T15:24:21+00:00,consent-service,2,10,cpu:
2026-09-19T15:24:21+00:00,exam-service,2,10,cpu:
2026-09-19T15:24:21+00:00,history-service,3,10,cpu:
2026-09-19T15:24:21+00:00,lab-service,2,10,cpu:
2026-09-19T15:24:21+00:00,notification-service,2,10,cpu:
2026-09-19T15:24:21+00:00,patient-service,2,10,cpu:
2026-09-19T15:24:21+00:00,result-service,2,10,cpu:
2026-09-19T15:24:21+00:00,triage-service,2,10,cpu:
2026-09-19T15:24:27+00:00,audit-service,2,10,cpu:
2026-09-19T15:24:27+00:00,auth-service,2,10,cpu:
2026-09-19T15:24:27+00:00,consent-service,2,10,cpu:
2026-09-19T15:24:27+00:00,exam-service,2,10,cpu:
2026-09-19T15:24:27+00:00,history-service,3,10,cpu:
2026-09-19T15:24:27+00:00,lab-service,2,10,cpu:
2026-09-19T15:24:27+00:00,notification-service,2,10,cpu:
2026-09-19T15:24:27+00:00,patient-service,2,10,cpu:
2026-09-19T15:24:27+00:00,result-service,2,10,cpu:
2026-09-19T15:24:27+00:00,triage-service,2,10,cpu:
2026-09-19T15:24:35+00:00,audit-service,2,10,cpu:
2026-09-19T15:24:35+00:00,auth-service,2,10,cpu:
2026-09-19T15:24:35+00:00,consent-service,2,10,cpu:
2026-09-19T15:24:35+00:00,exam-service,2,10,cpu:
2026-09-19T15:24:35+00:00,history-service,3,10,cpu:
2026-09-19T15:24:35+00:00,lab-service,2,10,cpu:
2026-09-19T15:24:35+00:00,notification-service,2,10,cpu:
2026-09-19T15:24:35+00:00,patient-service,2,10,cpu:
2026-09-19T15:24:35+00:00,result-service,2,10,cpu:
2026-09-19T15:24:35+00:00,triage-service,2,10,cpu:
2026-09-19T15:24:41+00:00,audit-service,2,10,cpu:
2026-09-19T15:24:41+00:00,auth-service,2,10,cpu:
2026-09-19T15:24:41+00:00,consent-service,2,10,cpu:
2026-09-19T15:24:41+00:00,exam-service,2,10,cpu:
2026-09-19T15:24:41+00:00,history-service,3,10,cpu:
2026-09-19T15:24:41+00:00,lab-service,2,10,cpu:
2026-09-19T15:24:41+00:00,notification-service,2,10,cpu:
2026-09-19T15:24:41+00:00,patient-service,2,10,cpu:
2026-09-19T15:24:41+00:00,result-service,2,10,cpu:
2026-09-19T15:24:41+00:00,triage-service,2,10,cpu:
2026-09-19T15:24:47+00:00,audit-service,2,10,cpu:
2026-09-19T15:24:47+00:00,auth-service,2,10,cpu:
2026-09-19T15:24:47+00:00,consent-service,2,10,cpu:
2026-09-19T15:24:47+00:00,exam-service,2,10,cpu:
2026-09-19T15:24:47+00:00,history-service,3,10,cpu:
2026-09-19T15:24:47+00:00,lab-service,2,10,cpu:
2026-09-19T15:24:47+00:00,notification-service,2,10,cpu:
2026-09-19T15:24:47+00:00,patient-service,2,10,cpu:
2026-09-19T15:24:47+00:00,result-service,2,10,cpu:
2026-09-19T15:24:47+00:00,triage-service,2,10,cpu:
2026-09-19T15:24:55+00:00,audit-service,2,10,cpu:
2026-09-19T15:24:55+00:00,auth-service,2,10,cpu:
2026-09-19T15:24:55+00:00,consent-service,2,10,cpu:
2026-09-19T15:24:55+00:00,exam-service,2,10,cpu:
2026-09-19T15:24:55+00:00,history-service,3,10,cpu:
2026-09-19T15:24:55+00:00,lab-service,2,10,cpu:
2026-09-19T15:24:55+00:00,notification-service,2,10,cpu:
2026-09-19T15:24:55+00:00,patient-service,2,10,cpu:
2026-09-19T15:24:55+00:00,result-service,2,10,cpu:
2026-09-19T15:24:55+00:00,triage-service,2,10,cpu:
2026-09-19T15:25:01+00:00,audit-service,2,10,cpu:
2026-09-19T15:25:01+00:00,auth-service,2,10,cpu:
2026-09-19T15:25:01+00:00,consent-service,2,10,cpu:
2026-09-19T15:25:01+00:00,exam-service,2,10,cpu:
2026-09-19T15:25:01+00:00,history-service,3,10,cpu:
2026-09-19T15:25:01+00:00,lab-service,2,10,cpu:
2026-09-19T15:25:01+00:00,notification-service,2,10,cpu:
2026-09-19T15:25:01+00:00,patient-service,2,10,cpu:
2026-09-19T15:25:01+00:00,result-service,2,10,cpu:
2026-09-19T15:25:01+00:00,triage-service,2,10,cpu:
2026-09-19T15:25:07+00:00,audit-service,2,10,cpu:
2026-09-19T15:25:07+00:00,auth-service,2,10,cpu:
2026-09-19T15:25:07+00:00,consent-service,2,10,cpu:
2026-09-19T15:25:07+00:00,exam-service,2,10,cpu:
2026-09-19T15:25:07+00:00,history-service,3,10,cpu:
2026-09-19T15:25:07+00:00,lab-service,2,10,cpu:
2026-09-19T15:25:07+00:00,notification-service,2,10,cpu:
2026-09-19T15:25:07+00:00,patient-service,2,10,cpu:
2026-09-19T15:25:07+00:00,result-service,2,10,cpu:
2026-09-19T15:25:07+00:00,triage-service,2,10,cpu:
2026-09-19T15:25:15+00:00,audit-service,2,10,cpu:
2026-09-19T15:25:15+00:00,auth-service,2,10,cpu:
2026-09-19T15:25:15+00:00,consent-service,2,10,cpu:
2026-09-19T15:25:15+00:00,exam-service,2,10,cpu:
2026-09-19T15:25:15+00:00,history-service,3,10,cpu:
2026-09-19T15:25:15+00:00,lab-service,2,10,cpu:
2026-09-19T15:25:15+00:00,notification-service,2,10,cpu:
2026-09-19T15:25:15+00:00,patient-service,2,10,cpu:
2026-09-19T15:25:15+00:00,result-service,2,10,cpu:
2026-09-19T15:25:15+00:00,triage-service,2,10,cpu:
2026-09-19T15:25:21+00:00,audit-service,2,10,cpu:
2026-09-19T15:25:21+00:00,auth-service,2,10,cpu:
2026-09-19T15:25:21+00:00,consent-service,2,10,cpu:
2026-09-19T15:25:21+00:00,exam-service,2,10,cpu:
2026-09-19T15:25:21+00:00,history-service,3,10,cpu:
2026-09-19T15:25:21+00:00,lab-service,2,10,cpu:
2026-09-19T15:25:21+00:00,notification-service,2,10,cpu:
2026-09-19T15:25:21+00:00,patient-service,2,10,cpu:
2026-09-19T15:25:21+00:00,result-service,2,10,cpu:
2026-09-19T15:25:21+00:00,triage-service,2,10,cpu:
2026-09-19T15:25:26+00:00,audit-service,2,10,cpu:
2026-09-19T15:25:26+00:00,auth-service,2,10,cpu:
2026-09-19T15:25:26+00:00,consent-service,2,10,cpu:
2026-09-19T15:25:26+00:00,exam-service,2,10,cpu:
2026-09-19T15:25:26+00:00,history-service,3,10,cpu:
2026-09-19T15:25:26+00:00,lab-service,2,10,cpu:
2026-09-19T15:25:26+00:00,notification-service,2,10,cpu:
2026-09-19T15:25:26+00:00,patient-service,2,10,cpu:
2026-09-19T15:25:26+00:00,result-service,2,10,cpu:
2026-09-19T15:25:26+00:00,triage-service,2,10,cpu:
2026-09-19T15:25:35+00:00,audit-service,2,10,cpu:
2026-09-19T15:25:35+00:00,auth-service,2,10,cpu:
2026-09-19T15:25:35+00:00,consent-service,2,10,cpu:
2026-09-19T15:25:35+00:00,exam-service,2,10,cpu:
2026-09-19T15:25:35+00:00,history-service,3,10,cpu:
2026-09-19T15:25:35+00:00,lab-service,2,10,cpu:
2026-09-19T15:25:35+00:00,notification-service,2,10,cpu:
2026-09-19T15:25:35+00:00,patient-service,2,10,cpu:
2026-09-19T15:25:35+00:00,result-service,2,10,cpu:
2026-09-19T15:25:35+00:00,triage-service,2,10,cpu:
2026-09-19T15:25:40+00:00,audit-service,2,10,cpu:
2026-09-19T15:25:40+00:00,auth-service,2,10,cpu:
2026-09-19T15:25:40+00:00,consent-service,2,10,cpu:
2026-09-19T15:25:40+00:00,exam-service,2,10,cpu:
2026-09-19T15:25:40+00:00,history-service,3,10,cpu:
2026-09-19T15:25:40+00:00,lab-service,2,10,cpu:
2026-09-19T15:25:40+00:00,notification-service,2,10,cpu:
2026-09-19T15:25:40+00:00,patient-service,2,10,cpu:
2026-09-19T15:25:40+00:00,result-service,2,10,cpu:
2026-09-19T15:25:40+00:00,triage-service,2,10,cpu:
2026-09-19T15:25:46+00:00,audit-service,2,10,cpu:
2026-09-19T15:25:46+00:00,auth-service,2,10,cpu:
2026-09-19T15:25:46+00:00,consent-service,2,10,cpu:
2026-09-19T15:25:46+00:00,exam-service,2,10,cpu:
2026-09-19T15:25:46+00:00,history-service,3,10,cpu:
2026-09-19T15:25:46+00:00,lab-service,2,10,cpu:
2026-09-19T15:25:46+00:00,notification-service,2,10,cpu:
2026-09-19T15:25:46+00:00,patient-service,2,10,cpu:
2026-09-19T15:25:46+00:00,result-service,2,10,cpu:
2026-09-19T15:25:46+00:00,triage-service,2,10,cpu:
2026-09-19T15:25:53+00:00,audit-service,2,10,cpu:
2026-09-19T15:25:53+00:00,auth-service,2,10,cpu:
2026-09-19T15:25:53+00:00,consent-service,2,10,cpu:
2026-09-19T15:25:53+00:00,exam-service,2,10,cpu:
2026-09-19T15:25:53+00:00,history-service,3,10,cpu:
2026-09-19T15:25:53+00:00,lab-service,2,10,cpu:
2026-09-19T15:25:53+00:00,notification-service,2,10,cpu:
2026-09-19T15:25:53+00:00,patient-service,2,10,cpu:
2026-09-19T15:25:53+00:00,result-service,2,10,cpu:
2026-09-19T15:25:53+00:00,triage-service,2,10,cpu:
2026-09-19T15:25:59+00:00,audit-service,2,10,cpu:
2026-09-19T15:25:59+00:00,auth-service,2,10,cpu:
2026-09-19T15:25:59+00:00,consent-service,2,10,cpu:
2026-09-19T15:25:59+00:00,exam-service,2,10,cpu:
2026-09-19T15:25:59+00:00,history-service,3,10,cpu:
2026-09-19T15:25:59+00:00,lab-service,2,10,cpu:
2026-09-19T15:25:59+00:00,notification-service,2,10,cpu:
2026-09-19T15:25:59+00:00,patient-service,2,10,cpu:
2026-09-19T15:25:59+00:00,result-service,2,10,cpu:
2026-09-19T15:25:59+00:00,triage-service,2,10,cpu:
2026-09-19T15:26:05+00:00,audit-service,2,10,cpu:
2026-09-19T15:26:05+00:00,auth-service,2,10,cpu:
2026-09-19T15:26:05+00:00,consent-service,2,10,cpu:
2026-09-19T15:26:05+00:00,exam-service,2,10,cpu:
2026-09-19T15:26:05+00:00,history-service,3,10,cpu:
2026-09-19T15:26:05+00:00,lab-service,2,10,cpu:
2026-09-19T15:26:05+00:00,notification-service,2,10,cpu:
2026-09-19T15:26:05+00:00,patient-service,2,10,cpu:
2026-09-19T15:26:05+00:00,result-service,2,10,cpu:
2026-09-19T15:26:05+00:00,triage-service,2,10,cpu:
2026-09-19T15:26:14+00:00,audit-service,2,10,cpu:
2026-09-19T15:26:14+00:00,auth-service,2,10,cpu:
2026-09-19T15:26:14+00:00,consent-service,2,10,cpu:
2026-09-19T15:26:14+00:00,exam-service,2,10,cpu:
2026-09-19T15:26:14+00:00,history-service,3,10,cpu:
2026-09-19T15:26:14+00:00,lab-service,2,10,cpu:
2026-09-19T15:26:14+00:00,notification-service,2,10,cpu:
2026-09-19T15:26:14+00:00,patient-service,2,10,cpu:
2026-09-19T15:26:14+00:00,result-service,2,10,cpu:
2026-09-19T15:26:14+00:00,triage-service,2,10,cpu:
2026-09-19T15:26:20+00:00,audit-service,2,10,cpu:
2026-09-19T15:26:20+00:00,auth-service,2,10,cpu:
2026-09-19T15:26:20+00:00,consent-service,2,10,cpu:
2026-09-19T15:26:20+00:00,exam-service,2,10,cpu:
2026-09-19T15:26:20+00:00,history-service,3,10,cpu:
2026-09-19T15:26:20+00:00,lab-service,2,10,cpu:
2026-09-19T15:26:20+00:00,notification-service,2,10,cpu:
2026-09-19T15:26:20+00:00,patient-service,2,10,cpu:
2026-09-19T15:26:20+00:00,result-service,2,10,cpu:
2026-09-19T15:26:20+00:00,triage-service,2,10,cpu:
2026-09-19T15:26:26+00:00,audit-service,2,10,cpu:
2026-09-19T15:26:26+00:00,auth-service,2,10,cpu:
2026-09-19T15:26:26+00:00,consent-service,2,10,cpu:
2026-09-19T15:26:26+00:00,exam-service,2,10,cpu:
2026-09-19T15:26:26+00:00,history-service,3,10,cpu:
2026-09-19T15:26:26+00:00,lab-service,2,10,cpu:
2026-09-19T15:26:26+00:00,notification-service,2,10,cpu:
2026-09-19T15:26:26+00:00,patient-service,2,10,cpu:
2026-09-19T15:26:26+00:00,result-service,2,10,cpu:
2026-09-19T15:26:26+00:00,triage-service,2,10,cpu:
2026-09-19T15:26:34+00:00,audit-service,2,10,cpu:
2026-09-19T15:26:34+00:00,auth-service,2,10,cpu:
2026-09-19T15:26:34+00:00,consent-service,2,10,cpu:
2026-09-19T15:26:34+00:00,exam-service,2,10,cpu:
2026-09-19T15:26:34+00:00,history-service,3,10,cpu:
2026-09-19T15:26:34+00:00,lab-service,2,10,cpu:
2026-09-19T15:26:34+00:00,notification-service,2,10,cpu:
2026-09-19T15:26:34+00:00,patient-service,2,10,cpu:
2026-09-19T15:26:34+00:00,result-service,2,10,cpu:
2026-09-19T15:26:34+00:00,triage-service,2,10,cpu:
2026-09-19T15:26:40+00:00,audit-service,2,10,cpu:
2026-09-19T15:26:40+00:00,auth-service,2,10,cpu:
2026-09-19T15:26:40+00:00,consent-service,2,10,cpu:
2026-09-19T15:26:40+00:00,exam-service,2,10,cpu:
2026-09-19T15:26:40+00:00,history-service,3,10,cpu:
2026-09-19T15:26:40+00:00,lab-service,2,10,cpu:
2026-09-19T15:26:40+00:00,notification-service,2,10,cpu:
2026-09-19T15:26:40+00:00,patient-service,2,10,cpu:
2026-09-19T15:26:40+00:00,result-service,2,10,cpu:
2026-09-19T15:26:40+00:00,triage-service,2,10,cpu:
2026-09-19T15:26:46+00:00,audit-service,2,10,cpu:
2026-09-19T15:26:46+00:00,auth-service,2,10,cpu:
2026-09-19T15:26:46+00:00,consent-service,2,10,cpu:
2026-09-19T15:26:46+00:00,exam-service,2,10,cpu:
2026-09-19T15:26:46+00:00,history-service,3,10,cpu:
2026-09-19T15:26:46+00:00,lab-service,2,10,cpu:
2026-09-19T15:26:46+00:00,notification-service,2,10,cpu:
2026-09-19T15:26:46+00:00,patient-service,2,10,cpu:
2026-09-19T15:26:46+00:00,result-service,2,10,cpu:
2026-09-19T15:26:46+00:00,triage-service,2,10,cpu:
2026-09-19T15:26:54+00:00,audit-service,2,10,cpu:
2026-09-19T15:26:54+00:00,auth-service,2,10,cpu:
2026-09-19T15:26:54+00:00,consent-service,2,10,cpu:
2026-09-19T15:26:54+00:00,exam-service,2,10,cpu:
2026-09-19T15:26:54+00:00,history-service,3,10,cpu:
2026-09-19T15:26:54+00:00,lab-service,2,10,cpu:
2026-09-19T15:26:54+00:00,notification-service,2,10,cpu:
2026-09-19T15:26:54+00:00,patient-service,2,10,cpu:
2026-09-19T15:26:54+00:00,result-service,2,10,cpu:
2026-09-19T15:26:54+00:00,triage-service,2,10,cpu:
2026-09-19T15:27:00+00:00,audit-service,2,10,cpu:
2026-09-19T15:27:00+00:00,auth-service,2,10,cpu:
2026-09-19T15:27:00+00:00,consent-service,2,10,cpu:
2026-09-19T15:27:00+00:00,exam-service,2,10,cpu:
2026-09-19T15:27:00+00:00,history-service,3,10,cpu:
2026-09-19T15:27:00+00:00,lab-service,2,10,cpu:
2026-09-19T15:27:00+00:00,notification-service,2,10,cpu:
2026-09-19T15:27:00+00:00,patient-service,2,10,cpu:
2026-09-19T15:27:00+00:00,result-service,2,10,cpu:
2026-09-19T15:27:00+00:00,triage-service,2,10,cpu:
2026-09-19T15:27:06+00:00,audit-service,2,10,cpu:
2026-09-19T15:27:06+00:00,auth-service,2,10,cpu:
2026-09-19T15:27:06+00:00,consent-service,2,10,cpu:
2026-09-19T15:27:06+00:00,exam-service,2,10,cpu:
2026-09-19T15:27:06+00:00,history-service,3,10,cpu:
2026-09-19T15:27:06+00:00,lab-service,2,10,cpu:
2026-09-19T15:27:06+00:00,notification-service,2,10,cpu:
2026-09-19T15:27:06+00:00,patient-service,2,10,cpu:
2026-09-19T15:27:06+00:00,result-service,2,10,cpu:
2026-09-19T15:27:06+00:00,triage-service,2,10,cpu:
2026-09-19T15:27:14+00:00,audit-service,2,10,cpu:
2026-09-19T15:27:14+00:00,auth-service,2,10,cpu:
2026-09-19T15:27:14+00:00,consent-service,2,10,cpu:
2026-09-19T15:27:14+00:00,exam-service,2,10,cpu:
2026-09-19T15:27:14+00:00,history-service,3,10,cpu:
2026-09-19T15:27:14+00:00,lab-service,2,10,cpu:
2026-09-19T15:27:14+00:00,notification-service,2,10,cpu:
2026-09-19T15:27:14+00:00,patient-service,2,10,cpu:
2026-09-19T15:27:14+00:00,result-service,2,10,cpu:
2026-09-19T15:27:14+00:00,triage-service,2,10,cpu:
2026-09-19T15:27:20+00:00,audit-service,2,10,cpu:
2026-09-19T15:27:20+00:00,auth-service,2,10,cpu:
2026-09-19T15:27:20+00:00,consent-service,2,10,cpu:
2026-09-19T15:27:20+00:00,exam-service,2,10,cpu:
2026-09-19T15:27:20+00:00,history-service,3,10,cpu:
2026-09-19T15:27:20+00:00,lab-service,2,10,cpu:
2026-09-19T15:27:20+00:00,notification-service,2,10,cpu:
2026-09-19T15:27:20+00:00,patient-service,2,10,cpu:
2026-09-19T15:27:20+00:00,result-service,2,10,cpu:
2026-09-19T15:27:20+00:00,triage-service,2,10,cpu:
2026-09-19T15:27:26+00:00,audit-service,2,10,cpu:
2026-09-19T15:27:26+00:00,auth-service,2,10,cpu:
2026-09-19T15:27:26+00:00,consent-service,2,10,cpu:
2026-09-19T15:27:26+00:00,exam-service,2,10,cpu:
2026-09-19T15:27:26+00:00,history-service,3,10,cpu:
2026-09-19T15:27:26+00:00,lab-service,2,10,cpu:
2026-09-19T15:27:26+00:00,notification-service,2,10,cpu:
2026-09-19T15:27:26+00:00,patient-service,2,10,cpu:
2026-09-19T15:27:26+00:00,result-service,2,10,cpu:
2026-09-19T15:27:26+00:00,triage-service,2,10,cpu:
2026-09-19T15:27:34+00:00,audit-service,2,10,cpu:
2026-09-19T15:27:34+00:00,auth-service,2,10,cpu:
2026-09-19T15:27:34+00:00,consent-service,2,10,cpu:
2026-09-19T15:27:34+00:00,exam-service,2,10,cpu:
2026-09-19T15:27:34+00:00,history-service,3,10,cpu:
2026-09-19T15:27:34+00:00,lab-service,2,10,cpu:
2026-09-19T15:27:34+00:00,notification-service,2,10,cpu:
2026-09-19T15:27:34+00:00,patient-service,2,10,cpu:
2026-09-19T15:27:34+00:00,result-service,2,10,cpu:
2026-09-19T15:27:34+00:00,triage-service,2,10,cpu:
2026-09-19T15:27:40+00:00,audit-service,2,10,cpu:
2026-09-19T15:27:40+00:00,auth-service,2,10,cpu:
2026-09-19T15:27:40+00:00,consent-service,2,10,cpu:
2026-09-19T15:27:40+00:00,exam-service,2,10,cpu:
2026-09-19T15:27:40+00:00,history-service,3,10,cpu:
2026-09-19T15:27:40+00:00,lab-service,2,10,cpu:
2026-09-19T15:27:40+00:00,notification-service,2,10,cpu:
2026-09-19T15:27:40+00:00,patient-service,2,10,cpu:
2026-09-19T15:27:40+00:00,result-service,2,10,cpu:
2026-09-19T15:27:40+00:00,triage-service,2,10,cpu:
2026-09-19T15:27:46+00:00,audit-service,2,10,cpu:
2026-09-19T15:27:46+00:00,auth-service,2,10,cpu:
2026-09-19T15:27:46+00:00,consent-service,2,10,cpu:
2026-09-19T15:27:46+00:00,exam-service,2,10,cpu:
2026-09-19T15:27:46+00:00,history-service,3,10,cpu:
2026-09-19T15:27:46+00:00,lab-service,2,10,cpu:
2026-09-19T15:27:46+00:00,notification-service,2,10,cpu:
2026-09-19T15:27:46+00:00,patient-service,2,10,cpu:
2026-09-19T15:27:46+00:00,result-service,2,10,cpu:
2026-09-19T15:27:46+00:00,triage-service,2,10,cpu:
2026-09-19T15:27:55+00:00,audit-service,2,10,cpu:
2026-09-19T15:27:55+00:00,auth-service,2,10,cpu:
2026-09-19T15:27:55+00:00,consent-service,2,10,cpu:
2026-09-19T15:27:55+00:00,exam-service,2,10,cpu:
2026-09-19T15:27:55+00:00,history-service,3,10,cpu:
2026-09-19T15:27:55+00:00,lab-service,2,10,cpu:
2026-09-19T15:27:55+00:00,notification-service,2,10,cpu:
2026-09-19T15:27:55+00:00,patient-service,2,10,cpu:
2026-09-19T15:27:55+00:00,result-service,2,10,cpu:
2026-09-19T15:27:55+00:00,triage-service,2,10,cpu:
2026-09-19T15:28:00+00:00,audit-service,2,10,cpu:
2026-09-19T15:28:00+00:00,auth-service,2,10,cpu:
2026-09-19T15:28:00+00:00,consent-service,2,10,cpu:
2026-09-19T15:28:00+00:00,exam-service,2,10,cpu:
2026-09-19T15:28:00+00:00,history-service,3,10,cpu:
2026-09-19T15:28:00+00:00,lab-service,2,10,cpu:
2026-09-19T15:28:00+00:00,notification-service,2,10,cpu:
2026-09-19T15:28:00+00:00,patient-service,2,10,cpu:
2026-09-19T15:28:00+00:00,result-service,2,10,cpu:
2026-09-19T15:28:00+00:00,triage-service,2,10,cpu:
2026-09-19T15:28:06+00:00,audit-service,2,10,cpu:
2026-09-19T15:28:06+00:00,auth-service,2,10,cpu:
2026-09-19T15:28:06+00:00,consent-service,2,10,cpu:
2026-09-19T15:28:06+00:00,exam-service,2,10,cpu:
2026-09-19T15:28:06+00:00,history-service,3,10,cpu:
2026-09-19T15:28:06+00:00,lab-service,2,10,cpu:
2026-09-19T15:28:06+00:00,notification-service,2,10,cpu:
2026-09-19T15:28:06+00:00,patient-service,2,10,cpu:
2026-09-19T15:28:06+00:00,result-service,2,10,cpu:
2026-09-19T15:28:06+00:00,triage-service,2,10,cpu:
2026-09-19T15:28:15+00:00,audit-service,2,10,cpu:
2026-09-19T15:28:15+00:00,auth-service,2,10,cpu:
2026-09-19T15:28:15+00:00,consent-service,2,10,cpu:
2026-09-19T15:28:15+00:00,exam-service,2,10,cpu:
2026-09-19T15:28:15+00:00,history-service,3,10,cpu:
2026-09-19T15:28:15+00:00,lab-service,2,10,cpu:
2026-09-19T15:28:15+00:00,notification-service,2,10,cpu:
2026-09-19T15:28:15+00:00,patient-service,2,10,cpu:
2026-09-19T15:28:15+00:00,result-service,2,10,cpu:
2026-09-19T15:28:15+00:00,triage-service,2,10,cpu:
2026-09-19T15:28:20+00:00,audit-service,2,10,cpu:
2026-09-19T15:28:20+00:00,auth-service,2,10,cpu:
2026-09-19T15:28:20+00:00,consent-service,2,10,cpu:
2026-09-19T15:28:20+00:00,exam-service,2,10,cpu:
2026-09-19T15:28:20+00:00,history-service,3,10,cpu:
2026-09-19T15:28:20+00:00,lab-service,2,10,cpu:
2026-09-19T15:28:20+00:00,notification-service,2,10,cpu:
2026-09-19T15:28:20+00:00,patient-service,2,10,cpu:
2026-09-19T15:28:20+00:00,result-service,2,10,cpu:
2026-09-19T15:28:20+00:00,triage-service,2,10,cpu:
2026-09-19T15:28:26+00:00,audit-service,2,10,cpu:
2026-09-19T15:28:26+00:00,auth-service,2,10,cpu:
2026-09-19T15:28:26+00:00,consent-service,2,10,cpu:
2026-09-19T15:28:26+00:00,exam-service,2,10,cpu:
2026-09-19T15:28:26+00:00,history-service,3,10,cpu:
2026-09-19T15:28:26+00:00,lab-service,2,10,cpu:
2026-09-19T15:28:26+00:00,notification-service,2,10,cpu:
2026-09-19T15:28:26+00:00,patient-service,2,10,cpu:
2026-09-19T15:28:26+00:00,result-service,2,10,cpu:
2026-09-19T15:28:26+00:00,triage-service,2,10,cpu:
2026-09-19T15:28:34+00:00,audit-service,2,10,cpu:
2026-09-19T15:28:34+00:00,auth-service,2,10,cpu:
2026-09-19T15:28:34+00:00,consent-service,2,10,cpu:
2026-09-19T15:28:34+00:00,exam-service,2,10,cpu:
2026-09-19T15:28:34+00:00,history-service,3,10,cpu:
2026-09-19T15:28:34+00:00,lab-service,2,10,cpu:
2026-09-19T15:28:34+00:00,notification-service,2,10,cpu:
2026-09-19T15:28:34+00:00,patient-service,2,10,cpu:
2026-09-19T15:28:34+00:00,result-service,2,10,cpu:
2026-09-19T15:28:34+00:00,triage-service,2,10,cpu:
2026-09-19T15:28:40+00:00,audit-service,2,10,cpu:
2026-09-19T15:28:40+00:00,auth-service,2,10,cpu:
2026-09-19T15:28:40+00:00,consent-service,2,10,cpu:
2026-09-19T15:28:40+00:00,exam-service,2,10,cpu:
2026-09-19T15:28:40+00:00,history-service,3,10,cpu:
2026-09-19T15:28:40+00:00,lab-service,2,10,cpu:
2026-09-19T15:28:40+00:00,notification-service,2,10,cpu:
2026-09-19T15:28:40+00:00,patient-service,2,10,cpu:
2026-09-19T15:28:40+00:00,result-service,2,10,cpu:
2026-09-19T15:28:40+00:00,triage-service,2,10,cpu:
2026-09-19T15:28:46+00:00,audit-service,2,10,cpu:
2026-09-19T15:28:46+00:00,auth-service,2,10,cpu:
2026-09-19T15:28:46+00:00,consent-service,2,10,cpu:
2026-09-19T15:28:46+00:00,exam-service,2,10,cpu:
2026-09-19T15:28:46+00:00,history-service,3,10,cpu:
2026-09-19T15:28:46+00:00,lab-service,2,10,cpu:
2026-09-19T15:28:46+00:00,notification-service,2,10,cpu:
2026-09-19T15:28:46+00:00,patient-service,2,10,cpu:
2026-09-19T15:28:46+00:00,result-service,2,10,cpu:
2026-09-19T15:28:46+00:00,triage-service,2,10,cpu:
2026-09-19T15:28:54+00:00,audit-service,2,10,cpu:
2026-09-19T15:28:54+00:00,auth-service,2,10,cpu:
2026-09-19T15:28:54+00:00,consent-service,2,10,cpu:
2026-09-19T15:28:54+00:00,exam-service,2,10,cpu:
2026-09-19T15:28:54+00:00,history-service,3,10,cpu:
2026-09-19T15:28:54+00:00,lab-service,2,10,cpu:
2026-09-19T15:28:54+00:00,notification-service,2,10,cpu:
2026-09-19T15:28:54+00:00,patient-service,2,10,cpu:
2026-09-19T15:28:54+00:00,result-service,2,10,cpu:
2026-09-19T15:28:54+00:00,triage-service,2,10,cpu:
2026-09-19T15:29:00+00:00,audit-service,2,10,cpu:
2026-09-19T15:29:00+00:00,auth-service,2,10,cpu:
2026-09-19T15:29:00+00:00,consent-service,2,10,cpu:
2026-09-19T15:29:00+00:00,exam-service,2,10,cpu:
2026-09-19T15:29:00+00:00,history-service,3,10,cpu:
2026-09-19T15:29:00+00:00,lab-service,2,10,cpu:
2026-09-19T15:29:00+00:00,notification-service,2,10,cpu:
2026-09-19T15:29:00+00:00,patient-service,2,10,cpu:
2026-09-19T15:29:00+00:00,result-service,2,10,cpu:
2026-09-19T15:29:00+00:00,triage-service,2,10,cpu:
2026-09-19T15:29:06+00:00,audit-service,2,10,cpu:
2026-09-19T15:29:06+00:00,auth-service,2,10,cpu:
2026-09-19T15:29:06+00:00,consent-service,2,10,cpu:
2026-09-19T15:29:06+00:00,exam-service,2,10,cpu:
2026-09-19T15:29:06+00:00,history-service,3,10,cpu:
2026-09-19T15:29:06+00:00,lab-service,2,10,cpu:
2026-09-19T15:29:06+00:00,notification-service,2,10,cpu:
2026-09-19T15:29:06+00:00,patient-service,2,10,cpu:
2026-09-19T15:29:06+00:00,result-service,2,10,cpu:
2026-09-19T15:29:06+00:00,triage-service,2,10,cpu:
2026-09-19T15:29:13+00:00,audit-service,2,10,cpu:
2026-09-19T15:29:13+00:00,auth-service,2,10,cpu:
2026-09-19T15:29:13+00:00,consent-service,2,10,cpu:
2026-09-19T15:29:13+00:00,exam-service,2,10,cpu:
2026-09-19T15:29:13+00:00,history-service,3,10,cpu:
2026-09-19T15:29:13+00:00,lab-service,2,10,cpu:
2026-09-19T15:29:13+00:00,notification-service,2,10,cpu:
2026-09-19T15:29:13+00:00,patient-service,2,10,cpu:
2026-09-19T15:29:13+00:00,result-service,2,10,cpu:
2026-09-19T15:29:13+00:00,triage-service,2,10,cpu:
2026-09-19T15:29:19+00:00,audit-service,2,10,cpu:
2026-09-19T15:29:19+00:00,auth-service,2,10,cpu:
2026-09-19T15:29:19+00:00,consent-service,2,10,cpu:
2026-09-19T15:29:19+00:00,exam-service,2,10,cpu:
2026-09-19T15:29:19+00:00,history-service,3,10,cpu:
2026-09-19T15:29:19+00:00,lab-service,2,10,cpu:
2026-09-19T15:29:19+00:00,notification-service,2,10,cpu:
2026-09-19T15:29:19+00:00,patient-service,2,10,cpu:
2026-09-19T15:29:19+00:00,result-service,2,10,cpu:
2026-09-19T15:29:19+00:00,triage-service,2,10,cpu:
2026-09-19T15:29:25+00:00,audit-service,2,10,cpu:
2026-09-19T15:29:25+00:00,auth-service,2,10,cpu:
2026-09-19T15:29:25+00:00,consent-service,2,10,cpu:
2026-09-19T15:29:25+00:00,exam-service,2,10,cpu:
2026-09-19T15:29:25+00:00,history-service,3,10,cpu:
2026-09-19T15:29:25+00:00,lab-service,2,10,cpu:
2026-09-19T15:29:25+00:00,notification-service,2,10,cpu:
2026-09-19T15:29:25+00:00,patient-service,2,10,cpu:
2026-09-19T15:29:25+00:00,result-service,2,10,cpu:
2026-09-19T15:29:25+00:00,triage-service,2,10,cpu:
2026-09-19T15:29:32+00:00,audit-service,2,10,cpu:
2026-09-19T15:29:32+00:00,auth-service,2,10,cpu:
2026-09-19T15:29:32+00:00,consent-service,2,10,cpu:
2026-09-19T15:29:32+00:00,exam-service,2,10,cpu:
2026-09-19T15:29:32+00:00,history-service,3,10,cpu:
2026-09-19T15:29:32+00:00,lab-service,2,10,cpu:
2026-09-19T15:29:32+00:00,notification-service,2,10,cpu:
2026-09-19T15:29:32+00:00,patient-service,2,10,cpu:
2026-09-19T15:29:32+00:00,result-service,2,10,cpu:
2026-09-19T15:29:32+00:00,triage-service,2,10,cpu:
2026-09-19T15:29:38+00:00,audit-service,2,10,cpu:
2026-09-19T15:29:38+00:00,auth-service,2,10,cpu:
2026-09-19T15:29:38+00:00,consent-service,2,10,cpu:
2026-09-19T15:29:38+00:00,exam-service,2,10,cpu:
2026-09-19T15:29:38+00:00,history-service,3,10,cpu:
2026-09-19T15:29:38+00:00,lab-service,2,10,cpu:
2026-09-19T15:29:38+00:00,notification-service,2,10,cpu:
2026-09-19T15:29:38+00:00,patient-service,2,10,cpu:
2026-09-19T15:29:38+00:00,result-service,2,10,cpu:
2026-09-19T15:29:38+00:00,triage-service,2,10,cpu:
2026-09-19T15:29:44+00:00,audit-service,2,10,cpu:
2026-09-19T15:29:44+00:00,auth-service,2,10,cpu:
2026-09-19T15:29:44+00:00,consent-service,2,10,cpu:
2026-09-19T15:29:44+00:00,exam-service,2,10,cpu:
2026-09-19T15:29:44+00:00,history-service,3,10,cpu:
2026-09-19T15:29:44+00:00,lab-service,2,10,cpu:
2026-09-19T15:29:44+00:00,notification-service,2,10,cpu:
2026-09-19T15:29:44+00:00,patient-service,2,10,cpu:
2026-09-19T15:29:44+00:00,result-service,2,10,cpu:
2026-09-19T15:29:44+00:00,triage-service,2,10,cpu:
2026-09-19T15:29:52+00:00,audit-service,2,10,cpu:
2026-09-19T15:29:52+00:00,auth-service,2,10,cpu:
2026-09-19T15:29:52+00:00,consent-service,2,10,cpu:
2026-09-19T15:29:52+00:00,exam-service,2,10,cpu:
2026-09-19T15:29:52+00:00,history-service,3,10,cpu:
2026-09-19T15:29:52+00:00,lab-service,2,10,cpu:
2026-09-19T15:29:52+00:00,notification-service,2,10,cpu:
2026-09-19T15:29:52+00:00,patient-service,2,10,cpu:
2026-09-19T15:29:52+00:00,result-service,2,10,cpu:
2026-09-19T15:29:52+00:00,triage-service,2,10,cpu:
2026-09-19T15:29:58+00:00,audit-service,2,10,cpu:
2026-09-19T15:29:58+00:00,auth-service,2,10,cpu:
2026-09-19T15:29:58+00:00,consent-service,2,10,cpu:
2026-09-19T15:29:58+00:00,exam-service,2,10,cpu:
2026-09-19T15:29:58+00:00,history-service,3,10,cpu:
2026-09-19T15:29:58+00:00,lab-service,2,10,cpu:
2026-09-19T15:29:58+00:00,notification-service,2,10,cpu:
2026-09-19T15:29:58+00:00,patient-service,2,10,cpu:
2026-09-19T15:29:58+00:00,result-service,2,10,cpu:
2026-09-19T15:29:58+00:00,triage-service,2,10,cpu:
2026-09-19T15:30:04+00:00,audit-service,2,10,cpu:
2026-09-19T15:30:04+00:00,auth-service,2,10,cpu:
2026-09-19T15:30:04+00:00,consent-service,2,10,cpu:
2026-09-19T15:30:04+00:00,exam-service,2,10,cpu:
2026-09-19T15:30:04+00:00,history-service,3,10,cpu:
2026-09-19T15:30:04+00:00,lab-service,2,10,cpu:
2026-09-19T15:30:04+00:00,notification-service,2,10,cpu:
2026-09-19T15:30:04+00:00,patient-service,2,10,cpu:
2026-09-19T15:30:04+00:00,result-service,2,10,cpu:
2026-09-19T15:30:04+00:00,triage-service,2,10,cpu:
2026-09-19T15:30:12+00:00,audit-service,2,10,cpu:
2026-09-19T15:30:12+00:00,auth-service,2,10,cpu:
2026-09-19T15:30:12+00:00,consent-service,2,10,cpu:
2026-09-19T15:30:12+00:00,exam-service,2,10,cpu:
2026-09-19T15:30:12+00:00,history-service,3,10,cpu:
2026-09-19T15:30:12+00:00,lab-service,2,10,cpu:
2026-09-19T15:30:12+00:00,notification-service,2,10,cpu:
2026-09-19T15:30:12+00:00,patient-service,2,10,cpu:
2026-09-19T15:30:12+00:00,result-service,2,10,cpu:
2026-09-19T15:30:12+00:00,triage-service,2,10,cpu:
2026-09-19T15:30:17+00:00,audit-service,2,10,cpu:
2026-09-19T15:30:17+00:00,auth-service,2,10,cpu:
2026-09-19T15:30:17+00:00,consent-service,2,10,cpu:
2026-09-19T15:30:17+00:00,exam-service,2,10,cpu:
2026-09-19T15:30:17+00:00,history-service,3,10,cpu:
2026-09-19T15:30:17+00:00,lab-service,2,10,cpu:
2026-09-19T15:30:17+00:00,notification-service,2,10,cpu:
2026-09-19T15:30:17+00:00,patient-service,2,10,cpu:
2026-09-19T15:30:17+00:00,result-service,2,10,cpu:
2026-09-19T15:30:17+00:00,triage-service,2,10,cpu:
2026-09-19T15:30:23+00:00,audit-service,2,10,cpu:
2026-09-19T15:30:23+00:00,auth-service,2,10,cpu:
2026-09-19T15:30:23+00:00,consent-service,2,10,cpu:
2026-09-19T15:30:23+00:00,exam-service,2,10,cpu:
2026-09-19T15:30:23+00:00,history-service,3,10,cpu:
2026-09-19T15:30:23+00:00,lab-service,2,10,cpu:
2026-09-19T15:30:23+00:00,notification-service,2,10,cpu:
2026-09-19T15:30:23+00:00,patient-service,2,10,cpu:
2026-09-19T15:30:23+00:00,result-service,2,10,cpu:
2026-09-19T15:30:23+00:00,triage-service,2,10,cpu:
2026-09-19T15:30:31+00:00,audit-service,2,10,cpu:
2026-09-19T15:30:31+00:00,auth-service,2,10,cpu:
2026-09-19T15:30:31+00:00,consent-service,2,10,cpu:
2026-09-19T15:30:31+00:00,exam-service,2,10,cpu:
2026-09-19T15:30:31+00:00,history-service,3,10,cpu:
2026-09-19T15:30:31+00:00,lab-service,2,10,cpu:
2026-09-19T15:30:31+00:00,notification-service,2,10,cpu:
2026-09-19T15:30:31+00:00,patient-service,2,10,cpu:
2026-09-19T15:30:31+00:00,result-service,2,10,cpu:
2026-09-19T15:30:31+00:00,triage-service,2,10,cpu:
2026-09-19T15:30:36+00:00,audit-service,2,10,cpu:
2026-09-19T15:30:36+00:00,auth-service,2,10,cpu:
2026-09-19T15:30:36+00:00,consent-service,2,10,cpu:
2026-09-19T15:30:36+00:00,exam-service,2,10,cpu:
2026-09-19T15:30:36+00:00,history-service,3,10,cpu:
2026-09-19T15:30:36+00:00,lab-service,2,10,cpu:
2026-09-19T15:30:36+00:00,notification-service,2,10,cpu:
2026-09-19T15:30:36+00:00,patient-service,2,10,cpu:
2026-09-19T15:30:36+00:00,result-service,2,10,cpu:
2026-09-19T15:30:36+00:00,triage-service,2,10,cpu:
2026-09-19T15:30:42+00:00,audit-service,2,10,cpu:
2026-09-19T15:30:42+00:00,auth-service,2,10,cpu:
2026-09-19T15:30:42+00:00,consent-service,2,10,cpu:
2026-09-19T15:30:42+00:00,exam-service,2,10,cpu:
2026-09-19T15:30:42+00:00,history-service,3,10,cpu:
2026-09-19T15:30:42+00:00,lab-service,2,10,cpu:
2026-09-19T15:30:42+00:00,notification-service,2,10,cpu:
2026-09-19T15:30:42+00:00,patient-service,2,10,cpu:
2026-09-19T15:30:42+00:00,result-service,2,10,cpu:
2026-09-19T15:30:42+00:00,triage-service,2,10,cpu:
2026-09-19T15:30:51+00:00,audit-service,2,10,cpu:
2026-09-19T15:30:51+00:00,auth-service,2,10,cpu:
2026-09-19T15:30:51+00:00,consent-service,2,10,cpu:
2026-09-19T15:30:51+00:00,exam-service,2,10,cpu:
2026-09-19T15:30:51+00:00,history-service,3,10,cpu:
2026-09-19T15:30:51+00:00,lab-service,2,10,cpu:
2026-09-19T15:30:51+00:00,notification-service,2,10,cpu:
2026-09-19T15:30:51+00:00,patient-service,2,10,cpu:
2026-09-19T15:30:51+00:00,result-service,2,10,cpu:
2026-09-19T15:30:51+00:00,triage-service,2,10,cpu:
2026-09-19T15:30:56+00:00,audit-service,2,10,cpu:
2026-09-19T15:30:56+00:00,auth-service,2,10,cpu:
2026-09-19T15:30:56+00:00,consent-service,2,10,cpu:
2026-09-19T15:30:56+00:00,exam-service,2,10,cpu:
2026-09-19T15:30:56+00:00,history-service,4,10,cpu:
2026-09-19T15:30:56+00:00,lab-service,2,10,cpu:
2026-09-19T15:30:56+00:00,notification-service,2,10,cpu:
2026-09-19T15:30:56+00:00,patient-service,2,10,cpu:
2026-09-19T15:30:56+00:00,result-service,2,10,cpu:
2026-09-19T15:30:56+00:00,triage-service,2,10,cpu:
2026-09-19T15:31:03+00:00,audit-service,2,10,cpu:
2026-09-19T15:31:03+00:00,auth-service,2,10,cpu:
2026-09-19T15:31:03+00:00,consent-service,2,10,cpu:
2026-09-19T15:31:03+00:00,exam-service,2,10,cpu:
2026-09-19T15:31:03+00:00,history-service,4,10,cpu:
2026-09-19T15:31:03+00:00,lab-service,2,10,cpu:
2026-09-19T15:31:03+00:00,notification-service,2,10,cpu:
2026-09-19T15:31:03+00:00,patient-service,2,10,cpu:
2026-09-19T15:31:03+00:00,result-service,2,10,cpu:
2026-09-19T15:31:03+00:00,triage-service,2,10,cpu:
2026-09-19T15:31:11+00:00,audit-service,2,10,cpu:
2026-09-19T15:31:11+00:00,auth-service,2,10,cpu:
2026-09-19T15:31:11+00:00,consent-service,3,10,cpu:
2026-09-19T15:31:11+00:00,exam-service,2,10,cpu:
2026-09-19T15:31:11+00:00,history-service,5,10,cpu:
2026-09-19T15:31:11+00:00,lab-service,2,10,cpu:
2026-09-19T15:31:11+00:00,notification-service,2,10,cpu:
2026-09-19T15:31:11+00:00,patient-service,2,10,cpu:
2026-09-19T15:31:11+00:00,result-service,2,10,cpu:
2026-09-19T15:31:11+00:00,triage-service,2,10,cpu:
2026-09-19T15:31:17+00:00,audit-service,2,10,cpu:
2026-09-19T15:31:17+00:00,auth-service,2,10,cpu:
2026-09-19T15:31:17+00:00,consent-service,3,10,cpu:
2026-09-19T15:31:17+00:00,exam-service,2,10,cpu:
2026-09-19T15:31:17+00:00,history-service,5,10,cpu:
2026-09-19T15:31:17+00:00,lab-service,2,10,cpu:
2026-09-19T15:31:17+00:00,notification-service,2,10,cpu:
2026-09-19T15:31:17+00:00,patient-service,2,10,cpu:
2026-09-19T15:31:17+00:00,result-service,2,10,cpu:
2026-09-19T15:31:17+00:00,triage-service,2,10,cpu:
2026-09-19T15:31:22+00:00,audit-service,2,10,cpu:
2026-09-19T15:31:22+00:00,auth-service,2,10,cpu:
2026-09-19T15:31:22+00:00,consent-service,3,10,cpu:
2026-09-19T15:31:22+00:00,exam-service,2,10,cpu:
2026-09-19T15:31:22+00:00,history-service,5,10,cpu:
2026-09-19T15:31:22+00:00,lab-service,2,10,cpu:
2026-09-19T15:31:22+00:00,notification-service,2,10,cpu:
2026-09-19T15:31:22+00:00,patient-service,3,10,cpu:
2026-09-19T15:31:22+00:00,result-service,2,10,cpu:
2026-09-19T15:31:22+00:00,triage-service,2,10,cpu:
2026-09-19T15:31:31+00:00,audit-service,2,10,cpu:
2026-09-19T15:31:31+00:00,auth-service,2,10,cpu:
2026-09-19T15:31:31+00:00,consent-service,3,10,cpu:
2026-09-19T15:31:31+00:00,exam-service,2,10,cpu:
2026-09-19T15:31:31+00:00,history-service,5,10,cpu:
2026-09-19T15:31:31+00:00,lab-service,2,10,cpu:
2026-09-19T15:31:31+00:00,notification-service,2,10,cpu:
2026-09-19T15:31:31+00:00,patient-service,3,10,cpu:
2026-09-19T15:31:31+00:00,result-service,2,10,cpu:
2026-09-19T15:31:31+00:00,triage-service,2,10,cpu:
2026-09-19T15:31:37+00:00,audit-service,2,10,cpu:
2026-09-19T15:31:37+00:00,auth-service,2,10,cpu:
2026-09-19T15:31:37+00:00,consent-service,3,10,cpu:
2026-09-19T15:31:37+00:00,exam-service,2,10,cpu:
2026-09-19T15:31:37+00:00,history-service,5,10,cpu:
2026-09-19T15:31:37+00:00,lab-service,2,10,cpu:
2026-09-19T15:31:37+00:00,notification-service,2,10,cpu:
2026-09-19T15:31:37+00:00,patient-service,3,10,cpu:
2026-09-19T15:31:37+00:00,result-service,2,10,cpu:
2026-09-19T15:31:37+00:00,triage-service,2,10,cpu:
2026-09-19T15:31:43+00:00,audit-service,2,10,cpu:
2026-09-19T15:31:43+00:00,auth-service,2,10,cpu:
2026-09-19T15:31:43+00:00,consent-service,3,10,cpu:
2026-09-19T15:31:43+00:00,exam-service,2,10,cpu:
2026-09-19T15:31:43+00:00,history-service,7,10,cpu:
2026-09-19T15:31:43+00:00,lab-service,2,10,cpu:
2026-09-19T15:31:43+00:00,notification-service,2,10,cpu:
2026-09-19T15:31:43+00:00,patient-service,3,10,cpu:
2026-09-19T15:31:43+00:00,result-service,2,10,cpu:
2026-09-19T15:31:43+00:00,triage-service,2,10,cpu:
2026-09-19T15:31:52+00:00,audit-service,2,10,cpu:
2026-09-19T15:31:52+00:00,auth-service,2,10,cpu:
2026-09-19T15:31:52+00:00,consent-service,4,10,cpu:
2026-09-19T15:31:52+00:00,exam-service,2,10,cpu:
2026-09-19T15:31:52+00:00,history-service,7,10,cpu:
2026-09-19T15:31:52+00:00,lab-service,2,10,cpu:
2026-09-19T15:31:52+00:00,notification-service,2,10,cpu:
2026-09-19T15:31:52+00:00,patient-service,4,10,cpu:
2026-09-19T15:31:52+00:00,result-service,3,10,cpu:
2026-09-19T15:31:52+00:00,triage-service,2,10,cpu:
2026-09-19T15:31:58+00:00,audit-service,2,10,cpu:
2026-09-19T15:31:58+00:00,auth-service,2,10,cpu:
2026-09-19T15:31:58+00:00,consent-service,4,10,cpu:
2026-09-19T15:31:58+00:00,exam-service,2,10,cpu:
2026-09-19T15:31:58+00:00,history-service,7,10,cpu:
2026-09-19T15:31:58+00:00,lab-service,2,10,cpu:
2026-09-19T15:31:58+00:00,notification-service,2,10,cpu:
2026-09-19T15:31:58+00:00,patient-service,4,10,cpu:
2026-09-19T15:31:58+00:00,result-service,3,10,cpu:
2026-09-19T15:31:58+00:00,triage-service,2,10,cpu:
2026-09-19T15:32:04+00:00,audit-service,2,10,cpu:
2026-09-19T15:32:04+00:00,auth-service,2,10,cpu:
2026-09-19T15:32:04+00:00,consent-service,4,10,cpu:
2026-09-19T15:32:04+00:00,exam-service,2,10,cpu:
2026-09-19T15:32:04+00:00,history-service,7,10,cpu:
2026-09-19T15:32:04+00:00,lab-service,2,10,cpu:
2026-09-19T15:32:04+00:00,notification-service,2,10,cpu:
2026-09-19T15:32:04+00:00,patient-service,4,10,cpu:
2026-09-19T15:32:04+00:00,result-service,3,10,cpu:
2026-09-19T15:32:04+00:00,triage-service,2,10,cpu:
2026-09-19T15:32:15+00:00,audit-service,2,10,cpu:
2026-09-19T15:32:15+00:00,auth-service,2,10,cpu:
2026-09-19T15:32:15+00:00,consent-service,4,10,cpu:
2026-09-19T15:32:15+00:00,exam-service,2,10,cpu:
2026-09-19T15:32:15+00:00,history-service,10,10,cpu:
2026-09-19T15:32:15+00:00,lab-service,2,10,cpu:
2026-09-19T15:32:15+00:00,notification-service,2,10,cpu:
2026-09-19T15:32:15+00:00,patient-service,4,10,cpu:
2026-09-19T15:32:15+00:00,result-service,3,10,cpu:
2026-09-19T15:32:15+00:00,triage-service,2,10,cpu:
2026-09-19T15:32:21+00:00,audit-service,2,10,cpu:
2026-09-19T15:32:21+00:00,auth-service,2,10,cpu:
2026-09-19T15:32:21+00:00,consent-service,4,10,cpu:
2026-09-19T15:32:21+00:00,exam-service,2,10,cpu:
2026-09-19T15:32:21+00:00,history-service,10,10,cpu:
2026-09-19T15:32:21+00:00,lab-service,2,10,cpu:
2026-09-19T15:32:21+00:00,notification-service,2,10,cpu:
2026-09-19T15:32:21+00:00,patient-service,4,10,cpu:
2026-09-19T15:32:21+00:00,result-service,3,10,cpu:
2026-09-19T15:32:21+00:00,triage-service,2,10,cpu:
2026-09-19T15:32:27+00:00,audit-service,2,10,cpu:
2026-09-19T15:32:27+00:00,auth-service,2,10,cpu:
2026-09-19T15:32:27+00:00,consent-service,8,10,cpu:
2026-09-19T15:32:27+00:00,exam-service,2,10,cpu:
2026-09-19T15:32:27+00:00,history-service,10,10,cpu:
2026-09-19T15:32:27+00:00,lab-service,2,10,cpu:
2026-09-19T15:32:27+00:00,notification-service,2,10,cpu:
2026-09-19T15:32:27+00:00,patient-service,4,10,cpu:
2026-09-19T15:32:27+00:00,result-service,3,10,cpu:
2026-09-19T15:32:27+00:00,triage-service,2,10,cpu:
2026-09-19T15:32:38+00:00,audit-service,2,10,cpu:
2026-09-19T15:32:38+00:00,auth-service,2,10,cpu:
2026-09-19T15:32:38+00:00,consent-service,8,10,cpu:
2026-09-19T15:32:38+00:00,exam-service,2,10,cpu:
2026-09-19T15:32:38+00:00,history-service,10,10,cpu:
2026-09-19T15:32:38+00:00,lab-service,2,10,cpu:
2026-09-19T15:32:38+00:00,notification-service,2,10,cpu:
2026-09-19T15:32:38+00:00,patient-service,8,10,cpu:
2026-09-19T15:32:38+00:00,result-service,3,10,cpu:
2026-09-19T15:32:38+00:00,triage-service,2,10,cpu:
2026-09-19T15:32:44+00:00,audit-service,2,10,cpu:
2026-09-19T15:32:44+00:00,auth-service,2,10,cpu:
2026-09-19T15:32:44+00:00,consent-service,8,10,cpu:
2026-09-19T15:32:44+00:00,exam-service,2,10,cpu:
2026-09-19T15:32:44+00:00,history-service,10,10,cpu:
2026-09-19T15:32:44+00:00,lab-service,2,10,cpu:
2026-09-19T15:32:44+00:00,notification-service,2,10,cpu:
2026-09-19T15:32:44+00:00,patient-service,8,10,cpu:
2026-09-19T15:32:44+00:00,result-service,3,10,cpu:
2026-09-19T15:32:44+00:00,triage-service,2,10,cpu:
2026-09-19T15:32:50+00:00,audit-service,2,10,cpu:
2026-09-19T15:32:50+00:00,auth-service,2,10,cpu:
2026-09-19T15:32:50+00:00,consent-service,8,10,cpu:
2026-09-19T15:32:50+00:00,exam-service,2,10,cpu:
2026-09-19T15:32:50+00:00,history-service,10,10,cpu:
2026-09-19T15:32:50+00:00,lab-service,2,10,cpu:
2026-09-19T15:32:50+00:00,notification-service,2,10,cpu:
2026-09-19T15:32:50+00:00,patient-service,8,10,cpu:
2026-09-19T15:32:50+00:00,result-service,3,10,cpu:
2026-09-19T15:32:50+00:00,triage-service,2,10,cpu:
2026-09-19T15:33:00+00:00,audit-service,2,10,cpu:
2026-09-19T15:33:00+00:00,auth-service,2,10,cpu:
2026-09-19T15:33:00+00:00,consent-service,8,10,cpu:
2026-09-19T15:33:00+00:00,exam-service,2,10,cpu:
2026-09-19T15:33:00+00:00,history-service,10,10,cpu:
2026-09-19T15:33:00+00:00,lab-service,2,10,cpu:
2026-09-19T15:33:00+00:00,notification-service,2,10,cpu:
2026-09-19T15:33:00+00:00,patient-service,9,10,cpu:
2026-09-19T15:33:00+00:00,result-service,3,10,cpu:
2026-09-19T15:33:00+00:00,triage-service,2,10,cpu:
2026-09-19T15:33:06+00:00,audit-service,2,10,cpu:
2026-09-19T15:33:06+00:00,auth-service,2,10,cpu:
2026-09-19T15:33:06+00:00,consent-service,8,10,cpu:
2026-09-19T15:33:06+00:00,exam-service,2,10,cpu:
2026-09-19T15:33:06+00:00,history-service,10,10,cpu:
2026-09-19T15:33:06+00:00,lab-service,2,10,cpu:
2026-09-19T15:33:06+00:00,notification-service,2,10,cpu:
2026-09-19T15:33:06+00:00,patient-service,9,10,cpu:
2026-09-19T15:33:06+00:00,result-service,3,10,cpu:
2026-09-19T15:33:06+00:00,triage-service,2,10,cpu:
2026-09-19T15:33:12+00:00,audit-service,2,10,cpu:
2026-09-19T15:33:12+00:00,auth-service,2,10,cpu:
2026-09-19T15:33:12+00:00,consent-service,10,10,cpu:
2026-09-19T15:33:12+00:00,exam-service,2,10,cpu:
2026-09-19T15:33:12+00:00,history-service,10,10,cpu:
2026-09-19T15:33:12+00:00,lab-service,2,10,cpu:
2026-09-19T15:33:12+00:00,notification-service,2,10,cpu:
2026-09-19T15:33:12+00:00,patient-service,10,10,cpu:
2026-09-19T15:33:12+00:00,result-service,6,10,cpu:
2026-09-19T15:33:12+00:00,triage-service,2,10,cpu:
2026-09-19T15:33:21+00:00,audit-service,2,10,cpu:
2026-09-19T15:33:21+00:00,auth-service,2,10,cpu:
2026-09-19T15:33:21+00:00,consent-service,10,10,cpu:
2026-09-19T15:33:21+00:00,exam-service,2,10,cpu:
2026-09-19T15:33:21+00:00,history-service,10,10,cpu:
2026-09-19T15:33:21+00:00,lab-service,2,10,cpu:
2026-09-19T15:33:21+00:00,notification-service,2,10,cpu:
2026-09-19T15:33:21+00:00,patient-service,10,10,cpu:
2026-09-19T15:33:21+00:00,result-service,6,10,cpu:
2026-09-19T15:33:21+00:00,triage-service,2,10,cpu:
2026-09-19T15:33:27+00:00,audit-service,2,10,cpu:
2026-09-19T15:33:27+00:00,auth-service,2,10,cpu:
2026-09-19T15:33:27+00:00,consent-service,10,10,cpu:
2026-09-19T15:33:27+00:00,exam-service,2,10,cpu:
2026-09-19T15:33:27+00:00,history-service,10,10,cpu:
2026-09-19T15:33:27+00:00,lab-service,2,10,cpu:
2026-09-19T15:33:27+00:00,notification-service,2,10,cpu:
2026-09-19T15:33:27+00:00,patient-service,10,10,cpu:
2026-09-19T15:33:27+00:00,result-service,7,10,cpu:
2026-09-19T15:33:27+00:00,triage-service,2,10,cpu:
2026-09-19T15:33:34+00:00,audit-service,2,10,cpu:
2026-09-19T15:33:34+00:00,auth-service,2,10,cpu:
2026-09-19T15:33:34+00:00,consent-service,10,10,cpu:
2026-09-19T15:33:34+00:00,exam-service,2,10,cpu:
2026-09-19T15:33:34+00:00,history-service,10,10,cpu:
2026-09-19T15:33:34+00:00,lab-service,2,10,cpu:
2026-09-19T15:33:34+00:00,notification-service,2,10,cpu:
2026-09-19T15:33:34+00:00,patient-service,10,10,cpu:
2026-09-19T15:33:34+00:00,result-service,7,10,cpu:
2026-09-19T15:33:34+00:00,triage-service,2,10,cpu:
2026-09-19T15:33:44+00:00,audit-service,2,10,cpu:
2026-09-19T15:33:44+00:00,auth-service,2,10,cpu:
2026-09-19T15:33:44+00:00,consent-service,10,10,cpu:
2026-09-19T15:33:44+00:00,exam-service,2,10,cpu:
2026-09-19T15:33:44+00:00,history-service,10,10,cpu:
2026-09-19T15:33:44+00:00,lab-service,2,10,cpu:
2026-09-19T15:33:44+00:00,notification-service,2,10,cpu:
2026-09-19T15:33:44+00:00,patient-service,10,10,cpu:
2026-09-19T15:33:44+00:00,result-service,7,10,cpu:
2026-09-19T15:33:44+00:00,triage-service,2,10,cpu:
2026-09-19T15:33:50+00:00,audit-service,2,10,cpu:
2026-09-19T15:33:50+00:00,auth-service,2,10,cpu:
2026-09-19T15:33:50+00:00,consent-service,10,10,cpu:
2026-09-19T15:33:50+00:00,exam-service,2,10,cpu:
2026-09-19T15:33:50+00:00,history-service,10,10,cpu:
2026-09-19T15:33:50+00:00,lab-service,2,10,cpu:
2026-09-19T15:33:50+00:00,notification-service,2,10,cpu:
2026-09-19T15:33:50+00:00,patient-service,10,10,cpu:
2026-09-19T15:33:50+00:00,result-service,7,10,cpu:
2026-09-19T15:33:50+00:00,triage-service,2,10,cpu:
2026-09-19T15:33:57+00:00,audit-service,2,10,cpu:
2026-09-19T15:33:57+00:00,auth-service,2,10,cpu:
2026-09-19T15:33:57+00:00,consent-service,10,10,cpu:
2026-09-19T15:33:57+00:00,exam-service,2,10,cpu:
2026-09-19T15:33:57+00:00,history-service,10,10,cpu:
2026-09-19T15:33:57+00:00,lab-service,2,10,cpu:
2026-09-19T15:33:57+00:00,notification-service,2,10,cpu:
2026-09-19T15:33:57+00:00,patient-service,10,10,cpu:
2026-09-19T15:33:57+00:00,result-service,7,10,cpu:
2026-09-19T15:33:57+00:00,triage-service,2,10,cpu:
2026-09-19T15:34:06+00:00,audit-service,2,10,cpu:
2026-09-19T15:34:06+00:00,auth-service,2,10,cpu:
2026-09-19T15:34:06+00:00,consent-service,10,10,cpu:
2026-09-19T15:34:06+00:00,exam-service,2,10,cpu:
2026-09-19T15:34:06+00:00,history-service,10,10,cpu:
2026-09-19T15:34:06+00:00,lab-service,2,10,cpu:
2026-09-19T15:34:06+00:00,notification-service,2,10,cpu:
2026-09-19T15:34:06+00:00,patient-service,10,10,cpu:
2026-09-19T15:34:06+00:00,result-service,7,10,cpu:
2026-09-19T15:34:06+00:00,triage-service,2,10,cpu:
2026-09-19T15:34:12+00:00,audit-service,2,10,cpu:
2026-09-19T15:34:12+00:00,auth-service,2,10,cpu:
2026-09-19T15:34:12+00:00,consent-service,10,10,cpu:
2026-09-19T15:34:12+00:00,exam-service,2,10,cpu:
2026-09-19T15:34:12+00:00,history-service,10,10,cpu:
2026-09-19T15:34:12+00:00,lab-service,2,10,cpu:
2026-09-19T15:34:12+00:00,notification-service,2,10,cpu:
2026-09-19T15:34:12+00:00,patient-service,10,10,cpu:
2026-09-19T15:34:12+00:00,result-service,7,10,cpu:
2026-09-19T15:34:12+00:00,triage-service,2,10,cpu:
2026-09-19T15:34:18+00:00,audit-service,2,10,cpu:
2026-09-19T15:34:18+00:00,auth-service,2,10,cpu:
2026-09-19T15:34:18+00:00,consent-service,10,10,cpu:
2026-09-19T15:34:18+00:00,exam-service,2,10,cpu:
2026-09-19T15:34:18+00:00,history-service,10,10,cpu:
2026-09-19T15:34:18+00:00,lab-service,2,10,cpu:
2026-09-19T15:34:18+00:00,notification-service,2,10,cpu:
2026-09-19T15:34:18+00:00,patient-service,10,10,cpu:
2026-09-19T15:34:18+00:00,result-service,7,10,cpu:
2026-09-19T15:34:18+00:00,triage-service,2,10,cpu:
2026-09-19T15:34:27+00:00,audit-service,2,10,cpu:
2026-09-19T15:34:27+00:00,auth-service,2,10,cpu:
2026-09-19T15:34:27+00:00,consent-service,10,10,cpu:
2026-09-19T15:34:27+00:00,exam-service,2,10,cpu:
2026-09-19T15:34:27+00:00,history-service,10,10,cpu:
2026-09-19T15:34:27+00:00,lab-service,2,10,cpu:
2026-09-19T15:34:27+00:00,notification-service,2,10,cpu:
2026-09-19T15:34:27+00:00,patient-service,10,10,cpu:
2026-09-19T15:34:27+00:00,result-service,7,10,cpu:
2026-09-19T15:34:27+00:00,triage-service,2,10,cpu:
2026-09-19T15:34:34+00:00,audit-service,2,10,cpu:
2026-09-19T15:34:34+00:00,auth-service,2,10,cpu:
2026-09-19T15:34:34+00:00,consent-service,10,10,cpu:
2026-09-19T15:34:34+00:00,exam-service,2,10,cpu:
2026-09-19T15:34:34+00:00,history-service,10,10,cpu:
2026-09-19T15:34:34+00:00,lab-service,2,10,cpu:
2026-09-19T15:34:34+00:00,notification-service,2,10,cpu:
2026-09-19T15:34:34+00:00,patient-service,10,10,cpu:
2026-09-19T15:34:34+00:00,result-service,7,10,cpu:
2026-09-19T15:34:34+00:00,triage-service,2,10,cpu:
2026-09-19T15:34:40+00:00,audit-service,2,10,cpu:
2026-09-19T15:34:40+00:00,auth-service,2,10,cpu:
2026-09-19T15:34:40+00:00,consent-service,10,10,cpu:
2026-09-19T15:34:40+00:00,exam-service,2,10,cpu:
2026-09-19T15:34:40+00:00,history-service,10,10,cpu:
2026-09-19T15:34:40+00:00,lab-service,2,10,cpu:
2026-09-19T15:34:40+00:00,notification-service,2,10,cpu:
2026-09-19T15:34:40+00:00,patient-service,10,10,cpu:
2026-09-19T15:34:40+00:00,result-service,7,10,cpu:
2026-09-19T15:34:40+00:00,triage-service,2,10,cpu:
2026-09-19T15:34:49+00:00,audit-service,2,10,cpu:
2026-09-19T15:34:49+00:00,auth-service,2,10,cpu:
2026-09-19T15:34:49+00:00,consent-service,10,10,cpu:
2026-09-19T15:34:49+00:00,exam-service,2,10,cpu:
2026-09-19T15:34:49+00:00,history-service,10,10,cpu:
2026-09-19T15:34:49+00:00,lab-service,2,10,cpu:
2026-09-19T15:34:49+00:00,notification-service,2,10,cpu:
2026-09-19T15:34:49+00:00,patient-service,10,10,cpu:
2026-09-19T15:34:49+00:00,result-service,7,10,cpu:
2026-09-19T15:34:49+00:00,triage-service,2,10,cpu:
2026-09-19T15:34:55+00:00,audit-service,2,10,cpu:
2026-09-19T15:34:55+00:00,auth-service,2,10,cpu:
2026-09-19T15:34:55+00:00,consent-service,10,10,cpu:
2026-09-19T15:34:55+00:00,exam-service,2,10,cpu:
2026-09-19T15:34:55+00:00,history-service,10,10,cpu:
2026-09-19T15:34:55+00:00,lab-service,2,10,cpu:
2026-09-19T15:34:55+00:00,notification-service,2,10,cpu:
2026-09-19T15:34:55+00:00,patient-service,10,10,cpu:
2026-09-19T15:34:55+00:00,result-service,7,10,cpu:
2026-09-19T15:34:55+00:00,triage-service,2,10,cpu:
2026-09-19T15:35:01+00:00,audit-service,2,10,cpu:
2026-09-19T15:35:01+00:00,auth-service,2,10,cpu:
2026-09-19T15:35:01+00:00,consent-service,10,10,cpu:
2026-09-19T15:35:01+00:00,exam-service,2,10,cpu:
2026-09-19T15:35:01+00:00,history-service,10,10,cpu:
2026-09-19T15:35:01+00:00,lab-service,2,10,cpu:
2026-09-19T15:35:01+00:00,notification-service,2,10,cpu:
2026-09-19T15:35:01+00:00,patient-service,10,10,cpu:
2026-09-19T15:35:01+00:00,result-service,7,10,cpu:
2026-09-19T15:35:01+00:00,triage-service,2,10,cpu:
2026-09-19T15:35:10+00:00,audit-service,2,10,cpu:
2026-09-19T15:35:10+00:00,auth-service,2,10,cpu:
2026-09-19T15:35:10+00:00,consent-service,10,10,cpu:
2026-09-19T15:35:10+00:00,exam-service,2,10,cpu:
2026-09-19T15:35:10+00:00,history-service,10,10,cpu:
2026-09-19T15:35:10+00:00,lab-service,2,10,cpu:
2026-09-19T15:35:10+00:00,notification-service,2,10,cpu:
2026-09-19T15:35:10+00:00,patient-service,10,10,cpu:
2026-09-19T15:35:10+00:00,result-service,7,10,cpu:
2026-09-19T15:35:10+00:00,triage-service,2,10,cpu:
2026-09-19T15:35:15+00:00,audit-service,2,10,cpu:
2026-09-19T15:35:15+00:00,auth-service,2,10,cpu:
2026-09-19T15:35:15+00:00,consent-service,10,10,cpu:
2026-09-19T15:35:15+00:00,exam-service,2,10,cpu:
2026-09-19T15:35:15+00:00,history-service,10,10,cpu:
2026-09-19T15:35:15+00:00,lab-service,2,10,cpu:
2026-09-19T15:35:15+00:00,notification-service,2,10,cpu:
2026-09-19T15:35:15+00:00,patient-service,10,10,cpu:
2026-09-19T15:35:15+00:00,result-service,7,10,cpu:
2026-09-19T15:35:15+00:00,triage-service,2,10,cpu:
2026-09-19T15:35:22+00:00,audit-service,2,10,cpu:
2026-09-19T15:35:22+00:00,auth-service,2,10,cpu:
2026-09-19T15:35:22+00:00,consent-service,10,10,cpu:
2026-09-19T15:35:22+00:00,exam-service,2,10,cpu:
2026-09-19T15:35:22+00:00,history-service,10,10,cpu:
2026-09-19T15:35:22+00:00,lab-service,2,10,cpu:
2026-09-19T15:35:22+00:00,notification-service,2,10,cpu:
2026-09-19T15:35:22+00:00,patient-service,10,10,cpu:
2026-09-19T15:35:22+00:00,result-service,7,10,cpu:
2026-09-19T15:35:22+00:00,triage-service,2,10,cpu:
2026-09-19T15:35:30+00:00,audit-service,2,10,cpu:
2026-09-19T15:35:30+00:00,auth-service,2,10,cpu:
2026-09-19T15:35:30+00:00,consent-service,10,10,cpu:
2026-09-19T15:35:30+00:00,exam-service,2,10,cpu:
2026-09-19T15:35:30+00:00,history-service,10,10,cpu:
2026-09-19T15:35:30+00:00,lab-service,2,10,cpu:
2026-09-19T15:35:30+00:00,notification-service,2,10,cpu:
2026-09-19T15:35:30+00:00,patient-service,10,10,cpu:
2026-09-19T15:35:30+00:00,result-service,7,10,cpu:
2026-09-19T15:35:30+00:00,triage-service,2,10,cpu:
2026-09-19T15:35:36+00:00,audit-service,2,10,cpu:
2026-09-19T15:35:36+00:00,auth-service,2,10,cpu:
2026-09-19T15:35:36+00:00,consent-service,10,10,cpu:
2026-09-19T15:35:36+00:00,exam-service,2,10,cpu:
2026-09-19T15:35:36+00:00,history-service,10,10,cpu:
2026-09-19T15:35:36+00:00,lab-service,2,10,cpu:
2026-09-19T15:35:36+00:00,notification-service,2,10,cpu:
2026-09-19T15:35:36+00:00,patient-service,10,10,cpu:
2026-09-19T15:35:36+00:00,result-service,7,10,cpu:
2026-09-19T15:35:36+00:00,triage-service,2,10,cpu:
2026-09-19T15:35:42+00:00,audit-service,2,10,cpu:
2026-09-19T15:35:42+00:00,auth-service,2,10,cpu:
2026-09-19T15:35:42+00:00,consent-service,10,10,cpu:
2026-09-19T15:35:42+00:00,exam-service,2,10,cpu:
2026-09-19T15:35:42+00:00,history-service,10,10,cpu:
2026-09-19T15:35:42+00:00,lab-service,2,10,cpu:
2026-09-19T15:35:42+00:00,notification-service,2,10,cpu:
2026-09-19T15:35:42+00:00,patient-service,10,10,cpu:
2026-09-19T15:35:42+00:00,result-service,7,10,cpu:
2026-09-19T15:35:42+00:00,triage-service,2,10,cpu:
2026-09-19T15:35:51+00:00,audit-service,2,10,cpu:
2026-09-19T15:35:51+00:00,auth-service,2,10,cpu:
2026-09-19T15:35:51+00:00,consent-service,10,10,cpu:
2026-09-19T15:35:51+00:00,exam-service,2,10,cpu:
2026-09-19T15:35:51+00:00,history-service,10,10,cpu:
2026-09-19T15:35:51+00:00,lab-service,2,10,cpu:
2026-09-19T15:35:51+00:00,notification-service,2,10,cpu:
2026-09-19T15:35:51+00:00,patient-service,10,10,cpu:
2026-09-19T15:35:51+00:00,result-service,7,10,cpu:
2026-09-19T15:35:51+00:00,triage-service,2,10,cpu:
2026-09-19T15:35:57+00:00,audit-service,2,10,cpu:
2026-09-19T15:35:57+00:00,auth-service,2,10,cpu:
2026-09-19T15:35:57+00:00,consent-service,10,10,cpu:
2026-09-19T15:35:57+00:00,exam-service,2,10,cpu:
2026-09-19T15:35:57+00:00,history-service,10,10,cpu:
2026-09-19T15:35:57+00:00,lab-service,2,10,cpu:
2026-09-19T15:35:57+00:00,notification-service,2,10,cpu:
2026-09-19T15:35:57+00:00,patient-service,10,10,cpu:
2026-09-19T15:35:57+00:00,result-service,7,10,cpu:
2026-09-19T15:35:57+00:00,triage-service,2,10,cpu:
2026-09-19T15:36:03+00:00,audit-service,2,10,cpu:
2026-09-19T15:36:03+00:00,auth-service,2,10,cpu:
2026-09-19T15:36:03+00:00,consent-service,10,10,cpu:
2026-09-19T15:36:03+00:00,exam-service,2,10,cpu:
2026-09-19T15:36:03+00:00,history-service,10,10,cpu:
2026-09-19T15:36:03+00:00,lab-service,2,10,cpu:
2026-09-19T15:36:03+00:00,notification-service,2,10,cpu:
2026-09-19T15:36:03+00:00,patient-service,10,10,cpu:
2026-09-19T15:36:03+00:00,result-service,7,10,cpu:
2026-09-19T15:36:03+00:00,triage-service,2,10,cpu:
2026-09-19T15:36:12+00:00,audit-service,2,10,cpu:
2026-09-19T15:36:12+00:00,auth-service,2,10,cpu:
2026-09-19T15:36:12+00:00,consent-service,10,10,cpu:
2026-09-19T15:36:12+00:00,exam-service,2,10,cpu:
2026-09-19T15:36:12+00:00,history-service,10,10,cpu:
2026-09-19T15:36:12+00:00,lab-service,2,10,cpu:
2026-09-19T15:36:12+00:00,notification-service,2,10,cpu:
2026-09-19T15:36:12+00:00,patient-service,10,10,cpu:
2026-09-19T15:36:12+00:00,result-service,7,10,cpu:
2026-09-19T15:36:12+00:00,triage-service,2,10,cpu:
2026-09-19T15:36:18+00:00,audit-service,2,10,cpu:
2026-09-19T15:36:18+00:00,auth-service,2,10,cpu:
2026-09-19T15:36:18+00:00,consent-service,10,10,cpu:
2026-09-19T15:36:18+00:00,exam-service,2,10,cpu:
2026-09-19T15:36:18+00:00,history-service,10,10,cpu:
2026-09-19T15:36:18+00:00,lab-service,2,10,cpu:
2026-09-19T15:36:18+00:00,notification-service,2,10,cpu:
2026-09-19T15:36:18+00:00,patient-service,10,10,cpu:
2026-09-19T15:36:18+00:00,result-service,7,10,cpu:
2026-09-19T15:36:18+00:00,triage-service,2,10,cpu:
2026-09-19T15:36:24+00:00,audit-service,2,10,cpu:
2026-09-19T15:36:24+00:00,auth-service,2,10,cpu:
2026-09-19T15:36:24+00:00,consent-service,10,10,cpu:
2026-09-19T15:36:24+00:00,exam-service,2,10,cpu:
2026-09-19T15:36:24+00:00,history-service,10,10,cpu:
2026-09-19T15:36:24+00:00,lab-service,2,10,cpu:
2026-09-19T15:36:24+00:00,notification-service,2,10,cpu:
2026-09-19T15:36:24+00:00,patient-service,10,10,cpu:
2026-09-19T15:36:24+00:00,result-service,7,10,cpu:
2026-09-19T15:36:24+00:00,triage-service,2,10,cpu:
2026-09-19T15:36:33+00:00,audit-service,2,10,cpu:
2026-09-19T15:36:33+00:00,auth-service,2,10,cpu:
2026-09-19T15:36:33+00:00,consent-service,10,10,cpu:
2026-09-19T15:36:33+00:00,exam-service,2,10,cpu:
2026-09-19T15:36:33+00:00,history-service,10,10,cpu:
2026-09-19T15:36:33+00:00,lab-service,2,10,cpu:
2026-09-19T15:36:33+00:00,notification-service,2,10,cpu:
2026-09-19T15:36:33+00:00,patient-service,10,10,cpu:
2026-09-19T15:36:33+00:00,result-service,7,10,cpu:
2026-09-19T15:36:33+00:00,triage-service,2,10,cpu:
2026-09-19T15:36:39+00:00,audit-service,2,10,cpu:
2026-09-19T15:36:39+00:00,auth-service,2,10,cpu:
2026-09-19T15:36:39+00:00,consent-service,10,10,cpu:
2026-09-19T15:36:39+00:00,exam-service,2,10,cpu:
2026-09-19T15:36:39+00:00,history-service,10,10,cpu:
2026-09-19T15:36:39+00:00,lab-service,2,10,cpu:
2026-09-19T15:36:39+00:00,notification-service,2,10,cpu:
2026-09-19T15:36:39+00:00,patient-service,10,10,cpu:
2026-09-19T15:36:39+00:00,result-service,7,10,cpu:
2026-09-19T15:36:39+00:00,triage-service,2,10,cpu:
2026-09-19T15:36:46+00:00,audit-service,2,10,cpu:
2026-09-19T15:36:46+00:00,auth-service,2,10,cpu:
2026-09-19T15:36:46+00:00,consent-service,10,10,cpu:
2026-09-19T15:36:46+00:00,exam-service,2,10,cpu:
2026-09-19T15:36:46+00:00,history-service,10,10,cpu:
2026-09-19T15:36:46+00:00,lab-service,2,10,cpu:
2026-09-19T15:36:46+00:00,notification-service,2,10,cpu:
2026-09-19T15:36:46+00:00,patient-service,10,10,cpu:
2026-09-19T15:36:46+00:00,result-service,7,10,cpu:
2026-09-19T15:36:46+00:00,triage-service,2,10,cpu:
2026-09-19T15:36:55+00:00,audit-service,2,10,cpu:
2026-09-19T15:36:55+00:00,auth-service,2,10,cpu:
2026-09-19T15:36:55+00:00,consent-service,10,10,cpu:
2026-09-19T15:36:55+00:00,exam-service,2,10,cpu:
2026-09-19T15:36:55+00:00,history-service,10,10,cpu:
2026-09-19T15:36:55+00:00,lab-service,2,10,cpu:
2026-09-19T15:36:55+00:00,notification-service,2,10,cpu:
2026-09-19T15:36:55+00:00,patient-service,10,10,cpu:
2026-09-19T15:36:55+00:00,result-service,7,10,cpu:
2026-09-19T15:36:55+00:00,triage-service,2,10,cpu:
2026-09-19T15:37:00+00:00,audit-service,2,10,cpu:
2026-09-19T15:37:00+00:00,auth-service,2,10,cpu:
2026-09-19T15:37:00+00:00,consent-service,10,10,cpu:
2026-09-19T15:37:00+00:00,exam-service,2,10,cpu:
2026-09-19T15:37:00+00:00,history-service,10,10,cpu:
2026-09-19T15:37:00+00:00,lab-service,2,10,cpu:
2026-09-19T15:37:00+00:00,notification-service,2,10,cpu:
2026-09-19T15:37:00+00:00,patient-service,10,10,cpu:
2026-09-19T15:37:00+00:00,result-service,7,10,cpu:
2026-09-19T15:37:00+00:00,triage-service,2,10,cpu:
2026-09-19T15:37:06+00:00,audit-service,2,10,cpu:
2026-09-19T15:37:06+00:00,auth-service,2,10,cpu:
2026-09-19T15:37:06+00:00,consent-service,10,10,cpu:
2026-09-19T15:37:06+00:00,exam-service,2,10,cpu:
2026-09-19T15:37:06+00:00,history-service,10,10,cpu:
2026-09-19T15:37:06+00:00,lab-service,2,10,cpu:
2026-09-19T15:37:06+00:00,notification-service,2,10,cpu:
2026-09-19T15:37:06+00:00,patient-service,10,10,cpu:
2026-09-19T15:37:06+00:00,result-service,7,10,cpu:
2026-09-19T15:37:06+00:00,triage-service,2,10,cpu:
2026-09-19T15:37:14+00:00,audit-service,2,10,cpu:
2026-09-19T15:37:14+00:00,auth-service,2,10,cpu:
2026-09-19T15:37:14+00:00,consent-service,10,10,cpu:
2026-09-19T15:37:14+00:00,exam-service,2,10,cpu:
2026-09-19T15:37:14+00:00,history-service,10,10,cpu:
2026-09-19T15:37:14+00:00,lab-service,2,10,cpu:
2026-09-19T15:37:14+00:00,notification-service,2,10,cpu:
2026-09-19T15:37:14+00:00,patient-service,10,10,cpu:
2026-09-19T15:37:14+00:00,result-service,7,10,cpu:
2026-09-19T15:37:14+00:00,triage-service,2,10,cpu:
2026-09-19T15:37:20+00:00,audit-service,2,10,cpu:
2026-09-19T15:37:20+00:00,auth-service,2,10,cpu:
2026-09-19T15:37:20+00:00,consent-service,10,10,cpu:
2026-09-19T15:37:20+00:00,exam-service,2,10,cpu:
2026-09-19T15:37:20+00:00,history-service,10,10,cpu:
2026-09-19T15:37:20+00:00,lab-service,2,10,cpu:
2026-09-19T15:37:20+00:00,notification-service,2,10,cpu:
2026-09-19T15:37:20+00:00,patient-service,10,10,cpu:
2026-09-19T15:37:20+00:00,result-service,7,10,cpu:
2026-09-19T15:37:20+00:00,triage-service,2,10,cpu:
2026-09-19T15:37:26+00:00,audit-service,2,10,cpu:
2026-09-19T15:37:26+00:00,auth-service,2,10,cpu:
2026-09-19T15:37:26+00:00,consent-service,10,10,cpu:
2026-09-19T15:37:26+00:00,exam-service,2,10,cpu:
2026-09-19T15:37:26+00:00,history-service,10,10,cpu:
2026-09-19T15:37:26+00:00,lab-service,2,10,cpu:
2026-09-19T15:37:26+00:00,notification-service,2,10,cpu:
2026-09-19T15:37:26+00:00,patient-service,10,10,cpu:
2026-09-19T15:37:26+00:00,result-service,7,10,cpu:
2026-09-19T15:37:26+00:00,triage-service,2,10,cpu:
2026-09-19T15:37:34+00:00,audit-service,2,10,cpu:
2026-09-19T15:37:34+00:00,auth-service,2,10,cpu:
2026-09-19T15:37:34+00:00,consent-service,10,10,cpu:
2026-09-19T15:37:34+00:00,exam-service,2,10,cpu:
2026-09-19T15:37:34+00:00,history-service,10,10,cpu:
2026-09-19T15:37:34+00:00,lab-service,2,10,cpu:
2026-09-19T15:37:34+00:00,notification-service,2,10,cpu:
2026-09-19T15:37:34+00:00,patient-service,10,10,cpu:
2026-09-19T15:37:34+00:00,result-service,7,10,cpu:
2026-09-19T15:37:34+00:00,triage-service,2,10,cpu:
2026-09-19T15:37:40+00:00,audit-service,2,10,cpu:
2026-09-19T15:37:40+00:00,auth-service,2,10,cpu:
2026-09-19T15:37:40+00:00,consent-service,10,10,cpu:
2026-09-19T15:37:40+00:00,exam-service,2,10,cpu:
2026-09-19T15:37:40+00:00,history-service,10,10,cpu:
2026-09-19T15:37:40+00:00,lab-service,2,10,cpu:
2026-09-19T15:37:40+00:00,notification-service,2,10,cpu:
2026-09-19T15:37:40+00:00,patient-service,10,10,cpu:
2026-09-19T15:37:40+00:00,result-service,7,10,cpu:
2026-09-19T15:37:40+00:00,triage-service,2,10,cpu:
2026-09-19T15:37:46+00:00,audit-service,2,10,cpu:
2026-09-19T15:37:46+00:00,auth-service,2,10,cpu:
2026-09-19T15:37:46+00:00,consent-service,10,10,cpu:
2026-09-19T15:37:46+00:00,exam-service,2,10,cpu:
2026-09-19T15:37:46+00:00,history-service,10,10,cpu:
2026-09-19T15:37:46+00:00,lab-service,2,10,cpu:
2026-09-19T15:37:46+00:00,notification-service,2,10,cpu:
2026-09-19T15:37:46+00:00,patient-service,10,10,cpu:
2026-09-19T15:37:46+00:00,result-service,7,10,cpu:
2026-09-19T15:37:46+00:00,triage-service,2,10,cpu:
2026-09-19T15:37:54+00:00,audit-service,2,10,cpu:
2026-09-19T15:37:54+00:00,auth-service,2,10,cpu:
2026-09-19T15:37:54+00:00,consent-service,10,10,cpu:
2026-09-19T15:37:54+00:00,exam-service,2,10,cpu:
2026-09-19T15:37:54+00:00,history-service,10,10,cpu:
2026-09-19T15:37:54+00:00,lab-service,2,10,cpu:
2026-09-19T15:37:54+00:00,notification-service,2,10,cpu:
2026-09-19T15:37:54+00:00,patient-service,10,10,cpu:
2026-09-19T15:37:54+00:00,result-service,7,10,cpu:
2026-09-19T15:37:54+00:00,triage-service,2,10,cpu:
2026-09-19T15:38:00+00:00,audit-service,2,10,cpu:
2026-09-19T15:38:00+00:00,auth-service,2,10,cpu:
2026-09-19T15:38:00+00:00,consent-service,10,10,cpu:
2026-09-19T15:38:00+00:00,exam-service,2,10,cpu:
2026-09-19T15:38:00+00:00,history-service,10,10,cpu:
2026-09-19T15:38:00+00:00,lab-service,2,10,cpu:
2026-09-19T15:38:00+00:00,notification-service,2,10,cpu:
2026-09-19T15:38:00+00:00,patient-service,10,10,cpu:
2026-09-19T15:38:00+00:00,result-service,7,10,cpu:
2026-09-19T15:38:00+00:00,triage-service,2,10,cpu:
2026-09-19T15:38:06+00:00,audit-service,2,10,cpu:
2026-09-19T15:38:06+00:00,auth-service,2,10,cpu:
2026-09-19T15:38:06+00:00,consent-service,10,10,cpu:
2026-09-19T15:38:06+00:00,exam-service,2,10,cpu:
2026-09-19T15:38:06+00:00,history-service,10,10,cpu:
2026-09-19T15:38:06+00:00,lab-service,2,10,cpu:
2026-09-19T15:38:06+00:00,notification-service,2,10,cpu:
2026-09-19T15:38:06+00:00,patient-service,10,10,cpu:
2026-09-19T15:38:06+00:00,result-service,7,10,cpu:
2026-09-19T15:38:06+00:00,triage-service,2,10,cpu:
2026-09-19T15:38:15+00:00,audit-service,2,10,cpu:
2026-09-19T15:38:15+00:00,auth-service,2,10,cpu:
2026-09-19T15:38:15+00:00,consent-service,10,10,cpu:
2026-09-19T15:38:15+00:00,exam-service,2,10,cpu:
2026-09-19T15:38:15+00:00,history-service,10,10,cpu:
2026-09-19T15:38:15+00:00,lab-service,2,10,cpu:
2026-09-19T15:38:15+00:00,notification-service,2,10,cpu:
2026-09-19T15:38:15+00:00,patient-service,10,10,cpu:
2026-09-19T15:38:15+00:00,result-service,7,10,cpu:
2026-09-19T15:38:15+00:00,triage-service,2,10,cpu:
2026-09-19T15:38:20+00:00,audit-service,2,10,cpu:
2026-09-19T15:38:20+00:00,auth-service,2,10,cpu:
2026-09-19T15:38:20+00:00,consent-service,10,10,cpu:
2026-09-19T15:38:20+00:00,exam-service,2,10,cpu:
2026-09-19T15:38:20+00:00,history-service,10,10,cpu:
2026-09-19T15:38:20+00:00,lab-service,2,10,cpu:
2026-09-19T15:38:20+00:00,notification-service,2,10,cpu:
2026-09-19T15:38:20+00:00,patient-service,10,10,cpu:
2026-09-19T15:38:20+00:00,result-service,7,10,cpu:
2026-09-19T15:38:20+00:00,triage-service,2,10,cpu:
2026-09-19T15:38:26+00:00,audit-service,2,10,cpu:
2026-09-19T15:38:26+00:00,auth-service,2,10,cpu:
2026-09-19T15:38:26+00:00,consent-service,10,10,cpu:
2026-09-19T15:38:26+00:00,exam-service,2,10,cpu:
2026-09-19T15:38:26+00:00,history-service,10,10,cpu:
2026-09-19T15:38:26+00:00,lab-service,2,10,cpu:
2026-09-19T15:38:26+00:00,notification-service,2,10,cpu:
2026-09-19T15:38:26+00:00,patient-service,10,10,cpu:
2026-09-19T15:38:26+00:00,result-service,7,10,cpu:
2026-09-19T15:38:26+00:00,triage-service,2,10,cpu:
2026-09-19T15:38:34+00:00,audit-service,2,10,cpu:
2026-09-19T15:38:34+00:00,auth-service,2,10,cpu:
2026-09-19T15:38:34+00:00,consent-service,10,10,cpu:
2026-09-19T15:38:34+00:00,exam-service,2,10,cpu:
2026-09-19T15:38:34+00:00,history-service,10,10,cpu:
2026-09-19T15:38:34+00:00,lab-service,2,10,cpu:
2026-09-19T15:38:34+00:00,notification-service,2,10,cpu:
2026-09-19T15:38:34+00:00,patient-service,10,10,cpu:
2026-09-19T15:38:34+00:00,result-service,7,10,cpu:
2026-09-19T15:38:34+00:00,triage-service,2,10,cpu:
2026-09-19T15:38:40+00:00,audit-service,2,10,cpu:
2026-09-19T15:38:40+00:00,auth-service,2,10,cpu:
2026-09-19T15:38:40+00:00,consent-service,10,10,cpu:
2026-09-19T15:38:40+00:00,exam-service,2,10,cpu:
2026-09-19T15:38:40+00:00,history-service,10,10,cpu:
2026-09-19T15:38:40+00:00,lab-service,2,10,cpu:
2026-09-19T15:38:40+00:00,notification-service,2,10,cpu:
2026-09-19T15:38:40+00:00,patient-service,10,10,cpu:
2026-09-19T15:38:40+00:00,result-service,7,10,cpu:
2026-09-19T15:38:40+00:00,triage-service,2,10,cpu:
2026-09-19T15:38:46+00:00,audit-service,2,10,cpu:
2026-09-19T15:38:46+00:00,auth-service,2,10,cpu:
2026-09-19T15:38:46+00:00,consent-service,10,10,cpu:
2026-09-19T15:38:46+00:00,exam-service,2,10,cpu:
2026-09-19T15:38:46+00:00,history-service,10,10,cpu:
2026-09-19T15:38:46+00:00,lab-service,2,10,cpu:
2026-09-19T15:38:46+00:00,notification-service,2,10,cpu:
2026-09-19T15:38:46+00:00,patient-service,10,10,cpu:
2026-09-19T15:38:46+00:00,result-service,7,10,cpu:
2026-09-19T15:38:46+00:00,triage-service,2,10,cpu:
2026-09-19T15:38:53+00:00,audit-service,2,10,cpu:
2026-09-19T15:38:53+00:00,auth-service,2,10,cpu:
2026-09-19T15:38:53+00:00,consent-service,10,10,cpu:
2026-09-19T15:38:53+00:00,exam-service,2,10,cpu:
2026-09-19T15:38:53+00:00,history-service,10,10,cpu:
2026-09-19T15:38:53+00:00,lab-service,2,10,cpu:
2026-09-19T15:38:53+00:00,notification-service,2,10,cpu:
2026-09-19T15:38:53+00:00,patient-service,10,10,cpu:
2026-09-19T15:38:53+00:00,result-service,7,10,cpu:
2026-09-19T15:38:53+00:00,triage-service,2,10,cpu:
2026-09-19T15:38:59+00:00,audit-service,2,10,cpu:
2026-09-19T15:38:59+00:00,auth-service,2,10,cpu:
2026-09-19T15:38:59+00:00,consent-service,10,10,cpu:
2026-09-19T15:38:59+00:00,exam-service,2,10,cpu:
2026-09-19T15:38:59+00:00,history-service,10,10,cpu:
2026-09-19T15:38:59+00:00,lab-service,2,10,cpu:
2026-09-19T15:38:59+00:00,notification-service,2,10,cpu:
2026-09-19T15:38:59+00:00,patient-service,10,10,cpu:
2026-09-19T15:38:59+00:00,result-service,7,10,cpu:
2026-09-19T15:38:59+00:00,triage-service,2,10,cpu:
2026-09-19T15:39:05+00:00,audit-service,2,10,cpu:
2026-09-19T15:39:05+00:00,auth-service,2,10,cpu:
2026-09-19T15:39:05+00:00,consent-service,10,10,cpu:
2026-09-19T15:39:05+00:00,exam-service,2,10,cpu:
2026-09-19T15:39:05+00:00,history-service,10,10,cpu:
2026-09-19T15:39:05+00:00,lab-service,2,10,cpu:
2026-09-19T15:39:05+00:00,notification-service,2,10,cpu:
2026-09-19T15:39:05+00:00,patient-service,10,10,cpu:
2026-09-19T15:39:05+00:00,result-service,7,10,cpu:
2026-09-19T15:39:05+00:00,triage-service,2,10,cpu:
2026-09-19T15:39:13+00:00,audit-service,2,10,cpu:
2026-09-19T15:39:13+00:00,auth-service,2,10,cpu:
2026-09-19T15:39:13+00:00,consent-service,10,10,cpu:
2026-09-19T15:39:13+00:00,exam-service,2,10,cpu:
2026-09-19T15:39:13+00:00,history-service,10,10,cpu:
2026-09-19T15:39:13+00:00,lab-service,2,10,cpu:
2026-09-19T15:39:13+00:00,notification-service,2,10,cpu:
2026-09-19T15:39:13+00:00,patient-service,10,10,cpu:
2026-09-19T15:39:13+00:00,result-service,7,10,cpu:
2026-09-19T15:39:13+00:00,triage-service,2,10,cpu:
2026-09-19T15:39:19+00:00,audit-service,2,10,cpu:
2026-09-19T15:39:19+00:00,auth-service,2,10,cpu:
2026-09-19T15:39:19+00:00,consent-service,10,10,cpu:
2026-09-19T15:39:19+00:00,exam-service,2,10,cpu:
2026-09-19T15:39:19+00:00,history-service,10,10,cpu:
2026-09-19T15:39:19+00:00,lab-service,2,10,cpu:
2026-09-19T15:39:19+00:00,notification-service,2,10,cpu:
2026-09-19T15:39:19+00:00,patient-service,10,10,cpu:
2026-09-19T15:39:19+00:00,result-service,7,10,cpu:
2026-09-19T15:39:19+00:00,triage-service,2,10,cpu:
2026-09-19T15:39:24+00:00,audit-service,2,10,cpu:
2026-09-19T15:39:24+00:00,auth-service,2,10,cpu:
2026-09-19T15:39:24+00:00,consent-service,10,10,cpu:
2026-09-19T15:39:24+00:00,exam-service,2,10,cpu:
2026-09-19T15:39:24+00:00,history-service,10,10,cpu:
2026-09-19T15:39:24+00:00,lab-service,2,10,cpu:
2026-09-19T15:39:24+00:00,notification-service,2,10,cpu:
2026-09-19T15:39:24+00:00,patient-service,10,10,cpu:
2026-09-19T15:39:24+00:00,result-service,7,10,cpu:
2026-09-19T15:39:24+00:00,triage-service,2,10,cpu:
2026-09-19T15:39:33+00:00,audit-service,2,10,cpu:
2026-09-19T15:39:33+00:00,auth-service,2,10,cpu:
2026-09-19T15:39:33+00:00,consent-service,10,10,cpu:
2026-09-19T15:39:33+00:00,exam-service,2,10,cpu:
2026-09-19T15:39:33+00:00,history-service,10,10,cpu:
2026-09-19T15:39:33+00:00,lab-service,2,10,cpu:
2026-09-19T15:39:33+00:00,notification-service,2,10,cpu:
2026-09-19T15:39:33+00:00,patient-service,10,10,cpu:
2026-09-19T15:39:33+00:00,result-service,7,10,cpu:
2026-09-19T15:39:33+00:00,triage-service,2,10,cpu:
2026-09-19T15:39:38+00:00,audit-service,2,10,cpu:
2026-09-19T15:39:38+00:00,auth-service,2,10,cpu:
2026-09-19T15:39:38+00:00,consent-service,10,10,cpu:
2026-09-19T15:39:38+00:00,exam-service,2,10,cpu:
2026-09-19T15:39:38+00:00,history-service,10,10,cpu:
2026-09-19T15:39:38+00:00,lab-service,2,10,cpu:
2026-09-19T15:39:38+00:00,notification-service,2,10,cpu:
2026-09-19T15:39:38+00:00,patient-service,10,10,cpu:
2026-09-19T15:39:38+00:00,result-service,7,10,cpu:
2026-09-19T15:39:38+00:00,triage-service,2,10,cpu:
2026-09-19T15:39:44+00:00,audit-service,2,10,cpu:
2026-09-19T15:39:44+00:00,auth-service,2,10,cpu:
2026-09-19T15:39:44+00:00,consent-service,10,10,cpu:
2026-09-19T15:39:44+00:00,exam-service,2,10,cpu:
2026-09-19T15:39:44+00:00,history-service,10,10,cpu:
2026-09-19T15:39:44+00:00,lab-service,2,10,cpu:
2026-09-19T15:39:44+00:00,notification-service,2,10,cpu:
2026-09-19T15:39:44+00:00,patient-service,10,10,cpu:
2026-09-19T15:39:44+00:00,result-service,7,10,cpu:
2026-09-19T15:39:44+00:00,triage-service,2,10,cpu:
2026-09-19T15:39:52+00:00,audit-service,2,10,cpu:
2026-09-19T15:39:52+00:00,auth-service,2,10,cpu:
2026-09-19T15:39:52+00:00,consent-service,10,10,cpu:
2026-09-19T15:39:52+00:00,exam-service,2,10,cpu:
2026-09-19T15:39:52+00:00,history-service,10,10,cpu:
2026-09-19T15:39:52+00:00,lab-service,2,10,cpu:
2026-09-19T15:39:52+00:00,notification-service,2,10,cpu:
2026-09-19T15:39:52+00:00,patient-service,10,10,cpu:
2026-09-19T15:39:52+00:00,result-service,7,10,cpu:
2026-09-19T15:39:52+00:00,triage-service,2,10,cpu:
2026-09-19T15:39:57+00:00,audit-service,2,10,cpu:
2026-09-19T15:39:57+00:00,auth-service,2,10,cpu:
2026-09-19T15:39:57+00:00,consent-service,10,10,cpu:
2026-09-19T15:39:57+00:00,exam-service,2,10,cpu:
2026-09-19T15:39:57+00:00,history-service,10,10,cpu:
2026-09-19T15:39:57+00:00,lab-service,2,10,cpu:
2026-09-19T15:39:57+00:00,notification-service,2,10,cpu:
2026-09-19T15:39:57+00:00,patient-service,10,10,cpu:
2026-09-19T15:39:57+00:00,result-service,7,10,cpu:
2026-09-19T15:39:57+00:00,triage-service,2,10,cpu:
2026-09-19T15:40:04+00:00,audit-service,2,10,cpu:
2026-09-19T15:40:04+00:00,auth-service,2,10,cpu:
2026-09-19T15:40:04+00:00,consent-service,10,10,cpu:
2026-09-19T15:40:04+00:00,exam-service,2,10,cpu:
2026-09-19T15:40:04+00:00,history-service,10,10,cpu:
2026-09-19T15:40:04+00:00,lab-service,2,10,cpu:
2026-09-19T15:40:04+00:00,notification-service,2,10,cpu:
2026-09-19T15:40:04+00:00,patient-service,10,10,cpu:
2026-09-19T15:40:04+00:00,result-service,7,10,cpu:
2026-09-19T15:40:04+00:00,triage-service,2,10,cpu:
2026-09-19T15:40:12+00:00,audit-service,2,10,cpu:
2026-09-19T15:40:12+00:00,auth-service,2,10,cpu:
2026-09-19T15:40:12+00:00,consent-service,10,10,cpu:
2026-09-19T15:40:12+00:00,exam-service,2,10,cpu:
2026-09-19T15:40:12+00:00,history-service,10,10,cpu:
2026-09-19T15:40:12+00:00,lab-service,2,10,cpu:
2026-09-19T15:40:12+00:00,notification-service,2,10,cpu:
2026-09-19T15:40:12+00:00,patient-service,10,10,cpu:
2026-09-19T15:40:12+00:00,result-service,7,10,cpu:
2026-09-19T15:40:12+00:00,triage-service,2,10,cpu:
2026-09-19T15:40:17+00:00,audit-service,2,10,cpu:
2026-09-19T15:40:17+00:00,auth-service,2,10,cpu:
2026-09-19T15:40:17+00:00,consent-service,10,10,cpu:
2026-09-19T15:40:17+00:00,exam-service,2,10,cpu:
2026-09-19T15:40:17+00:00,history-service,10,10,cpu:
2026-09-19T15:40:17+00:00,lab-service,2,10,cpu:
2026-09-19T15:40:17+00:00,notification-service,2,10,cpu:
2026-09-19T15:40:17+00:00,patient-service,10,10,cpu:
2026-09-19T15:40:17+00:00,result-service,7,10,cpu:
2026-09-19T15:40:17+00:00,triage-service,2,10,cpu:
2026-09-19T15:40:23+00:00,audit-service,2,10,cpu:
2026-09-19T15:40:23+00:00,auth-service,2,10,cpu:
2026-09-19T15:40:23+00:00,consent-service,10,10,cpu:
2026-09-19T15:40:23+00:00,exam-service,2,10,cpu:
2026-09-19T15:40:23+00:00,history-service,10,10,cpu:
2026-09-19T15:40:23+00:00,lab-service,2,10,cpu:
2026-09-19T15:40:23+00:00,notification-service,2,10,cpu:
2026-09-19T15:40:23+00:00,patient-service,10,10,cpu:
2026-09-19T15:40:23+00:00,result-service,7,10,cpu:
2026-09-19T15:40:23+00:00,triage-service,2,10,cpu:
2026-09-19T15:40:31+00:00,audit-service,2,10,cpu:
2026-09-19T15:40:31+00:00,auth-service,2,10,cpu:
2026-09-19T15:40:31+00:00,consent-service,10,10,cpu:
2026-09-19T15:40:31+00:00,exam-service,2,10,cpu:
2026-09-19T15:40:31+00:00,history-service,10,10,cpu:
2026-09-19T15:40:31+00:00,lab-service,2,10,cpu:
2026-09-19T15:40:31+00:00,notification-service,2,10,cpu:
2026-09-19T15:40:31+00:00,patient-service,10,10,cpu:
2026-09-19T15:40:31+00:00,result-service,7,10,cpu:
2026-09-19T15:40:31+00:00,triage-service,2,10,cpu:
2026-09-19T15:40:37+00:00,audit-service,2,10,cpu:
2026-09-19T15:40:37+00:00,auth-service,2,10,cpu:
2026-09-19T15:40:37+00:00,consent-service,10,10,cpu:
2026-09-19T15:40:37+00:00,exam-service,2,10,cpu:
2026-09-19T15:40:37+00:00,history-service,10,10,cpu:
2026-09-19T15:40:37+00:00,lab-service,2,10,cpu:
2026-09-19T15:40:37+00:00,notification-service,2,10,cpu:
2026-09-19T15:40:37+00:00,patient-service,10,10,cpu:
2026-09-19T15:40:37+00:00,result-service,7,10,cpu:
2026-09-19T15:40:37+00:00,triage-service,2,10,cpu:
2026-09-19T15:40:43+00:00,audit-service,2,10,cpu:
2026-09-19T15:40:43+00:00,auth-service,2,10,cpu:
2026-09-19T15:40:43+00:00,consent-service,7,10,cpu:
2026-09-19T15:40:43+00:00,exam-service,2,10,cpu:
2026-09-19T15:40:43+00:00,history-service,10,10,cpu:
2026-09-19T15:40:43+00:00,lab-service,2,10,cpu:
2026-09-19T15:40:43+00:00,notification-service,2,10,cpu:
2026-09-19T15:40:43+00:00,patient-service,10,10,cpu:
2026-09-19T15:40:43+00:00,result-service,7,10,cpu:
2026-09-19T15:40:43+00:00,triage-service,2,10,cpu:
2026-09-19T15:40:51+00:00,audit-service,2,10,cpu:
2026-09-19T15:40:51+00:00,auth-service,2,10,cpu:
2026-09-19T15:40:51+00:00,consent-service,7,10,cpu:
2026-09-19T15:40:51+00:00,exam-service,2,10,cpu:
2026-09-19T15:40:51+00:00,history-service,10,10,cpu:
2026-09-19T15:40:51+00:00,lab-service,2,10,cpu:
2026-09-19T15:40:51+00:00,notification-service,2,10,cpu:
2026-09-19T15:40:51+00:00,patient-service,10,10,cpu:
2026-09-19T15:40:51+00:00,result-service,7,10,cpu:
2026-09-19T15:40:51+00:00,triage-service,2,10,cpu:
2026-09-19T15:40:56+00:00,audit-service,2,10,cpu:
2026-09-19T15:40:56+00:00,auth-service,2,10,cpu:
2026-09-19T15:40:56+00:00,consent-service,7,10,cpu:
2026-09-19T15:40:56+00:00,exam-service,2,10,cpu:
2026-09-19T15:40:56+00:00,history-service,10,10,cpu:
2026-09-19T15:40:56+00:00,lab-service,2,10,cpu:
2026-09-19T15:40:56+00:00,notification-service,2,10,cpu:
2026-09-19T15:40:56+00:00,patient-service,10,10,cpu:
2026-09-19T15:40:56+00:00,result-service,7,10,cpu:
2026-09-19T15:40:56+00:00,triage-service,2,10,cpu:
2026-09-19T15:41:02+00:00,audit-service,2,10,cpu:
2026-09-19T15:41:02+00:00,auth-service,2,10,cpu:
2026-09-19T15:41:02+00:00,consent-service,7,10,cpu:
2026-09-19T15:41:02+00:00,exam-service,2,10,cpu:
2026-09-19T15:41:02+00:00,history-service,10,10,cpu:
2026-09-19T15:41:02+00:00,lab-service,2,10,cpu:
2026-09-19T15:41:02+00:00,notification-service,2,10,cpu:
2026-09-19T15:41:02+00:00,patient-service,10,10,cpu:
2026-09-19T15:41:02+00:00,result-service,7,10,cpu:
2026-09-19T15:41:02+00:00,triage-service,2,10,cpu:
2026-09-19T15:41:10+00:00,audit-service,2,10,cpu:
2026-09-19T15:41:10+00:00,auth-service,2,10,cpu:
2026-09-19T15:41:10+00:00,consent-service,6,10,cpu:
2026-09-19T15:41:10+00:00,exam-service,2,10,cpu:
2026-09-19T15:41:10+00:00,history-service,10,10,cpu:
2026-09-19T15:41:10+00:00,lab-service,2,10,cpu:
2026-09-19T15:41:10+00:00,notification-service,2,10,cpu:
2026-09-19T15:41:10+00:00,patient-service,10,10,cpu:
2026-09-19T15:41:10+00:00,result-service,7,10,cpu:
2026-09-19T15:41:10+00:00,triage-service,2,10,cpu:
2026-09-19T15:41:16+00:00,audit-service,2,10,cpu:
2026-09-19T15:41:16+00:00,auth-service,2,10,cpu:
2026-09-19T15:41:16+00:00,consent-service,6,10,cpu:
2026-09-19T15:41:16+00:00,exam-service,2,10,cpu:
2026-09-19T15:41:16+00:00,history-service,10,10,cpu:
2026-09-19T15:41:16+00:00,lab-service,2,10,cpu:
2026-09-19T15:41:16+00:00,notification-service,2,10,cpu:
2026-09-19T15:41:16+00:00,patient-service,10,10,cpu:
2026-09-19T15:41:16+00:00,result-service,7,10,cpu:
2026-09-19T15:41:16+00:00,triage-service,2,10,cpu:
2026-09-19T15:41:22+00:00,audit-service,2,10,cpu:
2026-09-19T15:41:22+00:00,auth-service,2,10,cpu:
2026-09-19T15:41:22+00:00,consent-service,6,10,cpu:
2026-09-19T15:41:22+00:00,exam-service,2,10,cpu:
2026-09-19T15:41:22+00:00,history-service,10,10,cpu:
2026-09-19T15:41:22+00:00,lab-service,2,10,cpu:
2026-09-19T15:41:22+00:00,notification-service,2,10,cpu:
2026-09-19T15:41:22+00:00,patient-service,10,10,cpu:
2026-09-19T15:41:22+00:00,result-service,7,10,cpu:
2026-09-19T15:41:22+00:00,triage-service,2,10,cpu:
2026-09-19T15:41:29+00:00,audit-service,2,10,cpu:
2026-09-19T15:41:29+00:00,auth-service,2,10,cpu:
2026-09-19T15:41:29+00:00,consent-service,6,10,cpu:
2026-09-19T15:41:29+00:00,exam-service,2,10,cpu:
2026-09-19T15:41:29+00:00,history-service,10,10,cpu:
2026-09-19T15:41:29+00:00,lab-service,2,10,cpu:
2026-09-19T15:41:29+00:00,notification-service,2,10,cpu:
2026-09-19T15:41:29+00:00,patient-service,10,10,cpu:
2026-09-19T15:41:29+00:00,result-service,7,10,cpu:
2026-09-19T15:41:29+00:00,triage-service,2,10,cpu:
2026-09-19T15:41:35+00:00,audit-service,2,10,cpu:
2026-09-19T15:41:35+00:00,auth-service,2,10,cpu:
2026-09-19T15:41:35+00:00,consent-service,6,10,cpu:
2026-09-19T15:41:35+00:00,exam-service,2,10,cpu:
2026-09-19T15:41:35+00:00,history-service,10,10,cpu:
2026-09-19T15:41:35+00:00,lab-service,2,10,cpu:
2026-09-19T15:41:35+00:00,notification-service,2,10,cpu:
2026-09-19T15:41:35+00:00,patient-service,10,10,cpu:
2026-09-19T15:41:35+00:00,result-service,7,10,cpu:
2026-09-19T15:41:35+00:00,triage-service,2,10,cpu:
2026-09-19T15:41:41+00:00,audit-service,2,10,cpu:
2026-09-19T15:41:41+00:00,auth-service,2,10,cpu:
2026-09-19T15:41:41+00:00,consent-service,6,10,cpu:
2026-09-19T15:41:41+00:00,exam-service,2,10,cpu:
2026-09-19T15:41:41+00:00,history-service,10,10,cpu:
2026-09-19T15:41:41+00:00,lab-service,2,10,cpu:
2026-09-19T15:41:41+00:00,notification-service,2,10,cpu:
2026-09-19T15:41:41+00:00,patient-service,10,10,cpu:
2026-09-19T15:41:41+00:00,result-service,7,10,cpu:
2026-09-19T15:41:41+00:00,triage-service,2,10,cpu:
2026-09-19T15:41:49+00:00,audit-service,2,10,cpu:
2026-09-19T15:41:49+00:00,auth-service,2,10,cpu:
2026-09-19T15:41:49+00:00,consent-service,6,10,cpu:
2026-09-19T15:41:49+00:00,exam-service,2,10,cpu:
2026-09-19T15:41:49+00:00,history-service,10,10,cpu:
2026-09-19T15:41:49+00:00,lab-service,2,10,cpu:
2026-09-19T15:41:49+00:00,notification-service,2,10,cpu:
2026-09-19T15:41:49+00:00,patient-service,10,10,cpu:
2026-09-19T15:41:49+00:00,result-service,7,10,cpu:
2026-09-19T15:41:49+00:00,triage-service,2,10,cpu:
2026-09-19T15:41:55+00:00,audit-service,2,10,cpu:
2026-09-19T15:41:55+00:00,auth-service,2,10,cpu:
2026-09-19T15:41:55+00:00,consent-service,5,10,cpu:
2026-09-19T15:41:55+00:00,exam-service,2,10,cpu:
2026-09-19T15:41:55+00:00,history-service,10,10,cpu:
2026-09-19T15:41:55+00:00,lab-service,2,10,cpu:
2026-09-19T15:41:55+00:00,notification-service,2,10,cpu:
2026-09-19T15:41:55+00:00,patient-service,10,10,cpu:
2026-09-19T15:41:55+00:00,result-service,7,10,cpu:
2026-09-19T15:41:55+00:00,triage-service,2,10,cpu:
2026-09-19T15:42:01+00:00,audit-service,2,10,cpu:
2026-09-19T15:42:01+00:00,auth-service,2,10,cpu:
2026-09-19T15:42:01+00:00,consent-service,5,10,cpu:
2026-09-19T15:42:01+00:00,exam-service,2,10,cpu:
2026-09-19T15:42:01+00:00,history-service,10,10,cpu:
2026-09-19T15:42:01+00:00,lab-service,2,10,cpu:
2026-09-19T15:42:01+00:00,notification-service,2,10,cpu:
2026-09-19T15:42:01+00:00,patient-service,10,10,cpu:
2026-09-19T15:42:01+00:00,result-service,7,10,cpu:
2026-09-19T15:42:01+00:00,triage-service,2,10,cpu:
2026-09-19T15:42:09+00:00,audit-service,2,10,cpu:
2026-09-19T15:42:09+00:00,auth-service,2,10,cpu:
2026-09-19T15:42:09+00:00,consent-service,4,10,cpu:
2026-09-19T15:42:09+00:00,exam-service,2,10,cpu:
2026-09-19T15:42:09+00:00,history-service,9,10,cpu:
2026-09-19T15:42:09+00:00,lab-service,2,10,cpu:
2026-09-19T15:42:09+00:00,notification-service,2,10,cpu:
2026-09-19T15:42:09+00:00,patient-service,4,10,cpu:
2026-09-19T15:42:09+00:00,result-service,3,10,cpu:
2026-09-19T15:42:09+00:00,triage-service,2,10,cpu:
2026-09-19T15:42:15+00:00,audit-service,2,10,cpu:
2026-09-19T15:42:15+00:00,auth-service,2,10,cpu:
2026-09-19T15:42:15+00:00,consent-service,4,10,cpu:
2026-09-19T15:42:15+00:00,exam-service,2,10,cpu:
2026-09-19T15:42:15+00:00,history-service,9,10,cpu:
2026-09-19T15:42:15+00:00,lab-service,2,10,cpu:
2026-09-19T15:42:15+00:00,notification-service,2,10,cpu:
2026-09-19T15:42:15+00:00,patient-service,4,10,cpu:
2026-09-19T15:42:15+00:00,result-service,3,10,cpu:
2026-09-19T15:42:15+00:00,triage-service,2,10,cpu:
2026-09-19T15:42:22+00:00,audit-service,2,10,cpu:
2026-09-19T15:42:22+00:00,auth-service,2,10,cpu:
2026-09-19T15:42:22+00:00,consent-service,4,10,cpu:
2026-09-19T15:42:22+00:00,exam-service,2,10,cpu:
2026-09-19T15:42:22+00:00,history-service,9,10,cpu:
2026-09-19T15:42:22+00:00,lab-service,2,10,cpu:
2026-09-19T15:42:22+00:00,notification-service,2,10,cpu:
2026-09-19T15:42:22+00:00,patient-service,4,10,cpu:
2026-09-19T15:42:22+00:00,result-service,3,10,cpu:
2026-09-19T15:42:22+00:00,triage-service,2,10,cpu:
2026-09-19T15:42:30+00:00,audit-service,2,10,cpu:
2026-09-19T15:42:30+00:00,auth-service,2,10,cpu:
2026-09-19T15:42:30+00:00,consent-service,4,10,cpu:
2026-09-19T15:42:30+00:00,exam-service,2,10,cpu:
2026-09-19T15:42:30+00:00,history-service,6,10,cpu:
2026-09-19T15:42:30+00:00,lab-service,2,10,cpu:
2026-09-19T15:42:30+00:00,notification-service,2,10,cpu:
2026-09-19T15:42:30+00:00,patient-service,3,10,cpu:
2026-09-19T15:42:30+00:00,result-service,2,10,cpu:
2026-09-19T15:42:30+00:00,triage-service,2,10,cpu:
2026-09-19T15:42:35+00:00,audit-service,2,10,cpu:
2026-09-19T15:42:35+00:00,auth-service,2,10,cpu:
2026-09-19T15:42:35+00:00,consent-service,4,10,cpu:
2026-09-19T15:42:35+00:00,exam-service,2,10,cpu:
2026-09-19T15:42:35+00:00,history-service,6,10,cpu:
2026-09-19T15:42:35+00:00,lab-service,2,10,cpu:
2026-09-19T15:42:35+00:00,notification-service,2,10,cpu:
2026-09-19T15:42:35+00:00,patient-service,3,10,cpu:
2026-09-19T15:42:35+00:00,result-service,2,10,cpu:
2026-09-19T15:42:35+00:00,triage-service,2,10,cpu:
2026-09-19T15:42:41+00:00,audit-service,2,10,cpu:
2026-09-19T15:42:41+00:00,auth-service,2,10,cpu:
2026-09-19T15:42:41+00:00,consent-service,3,10,cpu:
2026-09-19T15:42:41+00:00,exam-service,2,10,cpu:
2026-09-19T15:42:41+00:00,history-service,5,10,cpu:
2026-09-19T15:42:41+00:00,lab-service,2,10,cpu:
2026-09-19T15:42:41+00:00,notification-service,2,10,cpu:
2026-09-19T15:42:41+00:00,patient-service,3,10,cpu:
2026-09-19T15:42:41+00:00,result-service,2,10,cpu:
2026-09-19T15:42:41+00:00,triage-service,2,10,cpu:
2026-09-19T15:42:49+00:00,audit-service,2,10,cpu:
2026-09-19T15:42:49+00:00,auth-service,2,10,cpu:
2026-09-19T15:42:49+00:00,consent-service,3,10,cpu:
2026-09-19T15:42:49+00:00,exam-service,2,10,cpu:
2026-09-19T15:42:49+00:00,history-service,5,10,cpu:
2026-09-19T15:42:49+00:00,lab-service,2,10,cpu:
2026-09-19T15:42:49+00:00,notification-service,2,10,cpu:
2026-09-19T15:42:49+00:00,patient-service,3,10,cpu:
2026-09-19T15:42:49+00:00,result-service,2,10,cpu:
2026-09-19T15:42:49+00:00,triage-service,2,10,cpu:
2026-09-19T15:42:56+00:00,audit-service,2,10,cpu:
2026-09-19T15:42:56+00:00,auth-service,2,10,cpu:
2026-09-19T15:42:56+00:00,consent-service,2,10,cpu:
2026-09-19T15:42:56+00:00,exam-service,2,10,cpu:
2026-09-19T15:42:56+00:00,history-service,5,10,cpu:
2026-09-19T15:42:56+00:00,lab-service,2,10,cpu:
2026-09-19T15:42:56+00:00,notification-service,2,10,cpu:
2026-09-19T15:42:56+00:00,patient-service,2,10,cpu:
2026-09-19T15:42:56+00:00,result-service,2,10,cpu:
2026-09-19T15:42:56+00:00,triage-service,2,10,cpu:
2026-09-19T15:43:02+00:00,audit-service,2,10,cpu:
2026-09-19T15:43:02+00:00,auth-service,2,10,cpu:
2026-09-19T15:43:02+00:00,consent-service,2,10,cpu:
2026-09-19T15:43:02+00:00,exam-service,2,10,cpu:
2026-09-19T15:43:02+00:00,history-service,5,10,cpu:
2026-09-19T15:43:02+00:00,lab-service,2,10,cpu:
2026-09-19T15:43:02+00:00,notification-service,2,10,cpu:
2026-09-19T15:43:02+00:00,patient-service,2,10,cpu:
2026-09-19T15:43:02+00:00,result-service,2,10,cpu:
2026-09-19T15:43:02+00:00,triage-service,2,10,cpu:
2026-09-19T15:43:10+00:00,audit-service,2,10,cpu:
2026-09-19T15:43:10+00:00,auth-service,2,10,cpu:
2026-09-19T15:43:10+00:00,consent-service,2,10,cpu:
2026-09-19T15:43:10+00:00,exam-service,2,10,cpu:
2026-09-19T15:43:10+00:00,history-service,6,10,cpu:
2026-09-19T15:43:10+00:00,lab-service,2,10,cpu:
2026-09-19T15:43:10+00:00,notification-service,2,10,cpu:
2026-09-19T15:43:10+00:00,patient-service,2,10,cpu:
2026-09-19T15:43:10+00:00,result-service,2,10,cpu:
2026-09-19T15:43:10+00:00,triage-service,2,10,cpu:
2026-09-19T15:43:17+00:00,audit-service,2,10,cpu:
2026-09-19T15:43:17+00:00,auth-service,2,10,cpu:
2026-09-19T15:43:17+00:00,consent-service,2,10,cpu:
2026-09-19T15:43:17+00:00,exam-service,2,10,cpu:
2026-09-19T15:43:17+00:00,history-service,6,10,cpu:
2026-09-19T15:43:17+00:00,lab-service,2,10,cpu:
2026-09-19T15:43:17+00:00,notification-service,2,10,cpu:
2026-09-19T15:43:17+00:00,patient-service,2,10,cpu:
2026-09-19T15:43:17+00:00,result-service,2,10,cpu:
2026-09-19T15:43:17+00:00,triage-service,2,10,cpu:
2026-09-19T15:43:23+00:00,audit-service,2,10,cpu:
2026-09-19T15:43:23+00:00,auth-service,2,10,cpu:
2026-09-19T15:43:23+00:00,consent-service,3,10,cpu:
2026-09-19T15:43:23+00:00,exam-service,2,10,cpu:
2026-09-19T15:43:23+00:00,history-service,6,10,cpu:
2026-09-19T15:43:23+00:00,lab-service,2,10,cpu:
2026-09-19T15:43:23+00:00,notification-service,2,10,cpu:
2026-09-19T15:43:23+00:00,patient-service,3,10,cpu:
2026-09-19T15:43:23+00:00,result-service,2,10,cpu:
2026-09-19T15:43:23+00:00,triage-service,2,10,cpu:
2026-09-19T15:43:32+00:00,audit-service,2,10,cpu:
2026-09-19T15:43:32+00:00,auth-service,2,10,cpu:
2026-09-19T15:43:32+00:00,consent-service,3,10,cpu:
2026-09-19T15:43:32+00:00,exam-service,2,10,cpu:
2026-09-19T15:43:32+00:00,history-service,9,10,cpu:
2026-09-19T15:43:32+00:00,lab-service,2,10,cpu:
2026-09-19T15:43:32+00:00,notification-service,2,10,cpu:
2026-09-19T15:43:32+00:00,patient-service,3,10,cpu:
2026-09-19T15:43:32+00:00,result-service,2,10,cpu:
2026-09-19T15:43:32+00:00,triage-service,2,10,cpu:
2026-09-19T15:43:39+00:00,audit-service,2,10,cpu:
2026-09-19T15:43:39+00:00,auth-service,2,10,cpu:
2026-09-19T15:43:39+00:00,consent-service,3,10,cpu:
2026-09-19T15:43:39+00:00,exam-service,2,10,cpu:
2026-09-19T15:43:39+00:00,history-service,9,10,cpu:
2026-09-19T15:43:39+00:00,lab-service,2,10,cpu:
2026-09-19T15:43:39+00:00,notification-service,2,10,cpu:
2026-09-19T15:43:39+00:00,patient-service,3,10,cpu:
2026-09-19T15:43:39+00:00,result-service,2,10,cpu:
2026-09-19T15:43:39+00:00,triage-service,2,10,cpu:
2026-09-19T15:43:45+00:00,audit-service,2,10,cpu:
2026-09-19T15:43:45+00:00,auth-service,2,10,cpu:
2026-09-19T15:43:45+00:00,consent-service,3,10,cpu:
2026-09-19T15:43:45+00:00,exam-service,2,10,cpu:
2026-09-19T15:43:45+00:00,history-service,9,10,cpu:
2026-09-19T15:43:45+00:00,lab-service,2,10,cpu:
2026-09-19T15:43:45+00:00,notification-service,2,10,cpu:
2026-09-19T15:43:45+00:00,patient-service,3,10,cpu:
2026-09-19T15:43:45+00:00,result-service,2,10,cpu:
2026-09-19T15:43:45+00:00,triage-service,2,10,cpu:
2026-09-19T15:43:55+00:00,audit-service,2,10,cpu:
2026-09-19T15:43:55+00:00,auth-service,2,10,cpu:
2026-09-19T15:43:55+00:00,consent-service,5,10,cpu:
2026-09-19T15:43:55+00:00,exam-service,2,10,cpu:
2026-09-19T15:43:55+00:00,history-service,9,10,cpu:
2026-09-19T15:43:55+00:00,lab-service,2,10,cpu:
2026-09-19T15:43:55+00:00,notification-service,2,10,cpu:
2026-09-19T15:43:55+00:00,patient-service,4,10,cpu:
2026-09-19T15:43:55+00:00,result-service,3,10,cpu:
2026-09-19T15:43:55+00:00,triage-service,2,10,cpu:
2026-09-19T15:44:01+00:00,audit-service,2,10,cpu:
2026-09-19T15:44:01+00:00,auth-service,2,10,cpu:
2026-09-19T15:44:01+00:00,consent-service,5,10,cpu:
2026-09-19T15:44:01+00:00,exam-service,2,10,cpu:
2026-09-19T15:44:01+00:00,history-service,9,10,cpu:
2026-09-19T15:44:01+00:00,lab-service,2,10,cpu:
2026-09-19T15:44:01+00:00,notification-service,2,10,cpu:
2026-09-19T15:44:01+00:00,patient-service,4,10,cpu:
2026-09-19T15:44:01+00:00,result-service,3,10,cpu:
2026-09-19T15:44:01+00:00,triage-service,2,10,cpu:
2026-09-19T15:44:07+00:00,audit-service,2,10,cpu:
2026-09-19T15:44:07+00:00,auth-service,2,10,cpu:
2026-09-19T15:44:07+00:00,consent-service,5,10,cpu:
2026-09-19T15:44:07+00:00,exam-service,2,10,cpu:
2026-09-19T15:44:07+00:00,history-service,9,10,cpu:
2026-09-19T15:44:07+00:00,lab-service,2,10,cpu:
2026-09-19T15:44:07+00:00,notification-service,2,10,cpu:
2026-09-19T15:44:07+00:00,patient-service,4,10,cpu:
2026-09-19T15:44:07+00:00,result-service,3,10,cpu:
2026-09-19T15:44:07+00:00,triage-service,2,10,cpu:
2026-09-19T15:44:17+00:00,audit-service,2,10,cpu:
2026-09-19T15:44:17+00:00,auth-service,2,10,cpu:
2026-09-19T15:44:17+00:00,consent-service,5,10,cpu:
2026-09-19T15:44:17+00:00,exam-service,2,10,cpu:
2026-09-19T15:44:17+00:00,history-service,9,10,cpu:
2026-09-19T15:44:17+00:00,lab-service,2,10,cpu:
2026-09-19T15:44:17+00:00,notification-service,2,10,cpu:
2026-09-19T15:44:17+00:00,patient-service,4,10,cpu:
2026-09-19T15:44:17+00:00,result-service,3,10,cpu:
2026-09-19T15:44:17+00:00,triage-service,2,10,cpu:
2026-09-19T15:44:23+00:00,audit-service,2,10,cpu:
2026-09-19T15:44:23+00:00,auth-service,2,10,cpu:
2026-09-19T15:44:23+00:00,consent-service,5,10,cpu:
2026-09-19T15:44:23+00:00,exam-service,2,10,cpu:
2026-09-19T15:44:23+00:00,history-service,9,10,cpu:
2026-09-19T15:44:23+00:00,lab-service,2,10,cpu:
2026-09-19T15:44:23+00:00,notification-service,2,10,cpu:
2026-09-19T15:44:23+00:00,patient-service,4,10,cpu:
2026-09-19T15:44:23+00:00,result-service,3,10,cpu:
2026-09-19T15:44:23+00:00,triage-service,2,10,cpu:
2026-09-19T15:44:29+00:00,audit-service,2,10,cpu:
2026-09-19T15:44:29+00:00,auth-service,2,10,cpu:
2026-09-19T15:44:29+00:00,consent-service,5,10,cpu:
2026-09-19T15:44:29+00:00,exam-service,2,10,cpu:
2026-09-19T15:44:29+00:00,history-service,10,10,cpu:
2026-09-19T15:44:29+00:00,lab-service,2,10,cpu:
2026-09-19T15:44:29+00:00,notification-service,2,10,cpu:
2026-09-19T15:44:29+00:00,patient-service,4,10,cpu:
2026-09-19T15:44:29+00:00,result-service,3,10,cpu:
2026-09-19T15:44:29+00:00,triage-service,2,10,cpu:
2026-09-19T15:44:39+00:00,audit-service,2,10,cpu:
2026-09-19T15:44:39+00:00,auth-service,2,10,cpu:
2026-09-19T15:44:39+00:00,consent-service,9,10,cpu:
2026-09-19T15:44:39+00:00,exam-service,2,10,cpu:
2026-09-19T15:44:39+00:00,history-service,10,10,cpu:
2026-09-19T15:44:39+00:00,lab-service,2,10,cpu:
2026-09-19T15:44:39+00:00,notification-service,2,10,cpu:
2026-09-19T15:44:39+00:00,patient-service,8,10,cpu:
2026-09-19T15:44:39+00:00,result-service,3,10,cpu:
2026-09-19T15:44:39+00:00,triage-service,2,10,cpu:
2026-09-19T15:44:45+00:00,audit-service,2,10,cpu:
2026-09-19T15:44:45+00:00,auth-service,2,10,cpu:
2026-09-19T15:44:45+00:00,consent-service,9,10,cpu:
2026-09-19T15:44:45+00:00,exam-service,2,10,cpu:
2026-09-19T15:44:45+00:00,history-service,10,10,cpu:
2026-09-19T15:44:45+00:00,lab-service,2,10,cpu:
2026-09-19T15:44:45+00:00,notification-service,2,10,cpu:
2026-09-19T15:44:45+00:00,patient-service,8,10,cpu:
2026-09-19T15:44:45+00:00,result-service,3,10,cpu:
2026-09-19T15:44:45+00:00,triage-service,2,10,cpu:
2026-09-19T15:44:51+00:00,audit-service,2,10,cpu:
2026-09-19T15:44:51+00:00,auth-service,2,10,cpu:
2026-09-19T15:44:51+00:00,consent-service,9,10,cpu:
2026-09-19T15:44:51+00:00,exam-service,2,10,cpu:
2026-09-19T15:44:51+00:00,history-service,10,10,cpu:
2026-09-19T15:44:51+00:00,lab-service,2,10,cpu:
2026-09-19T15:44:51+00:00,notification-service,2,10,cpu:
2026-09-19T15:44:51+00:00,patient-service,8,10,cpu:
2026-09-19T15:44:51+00:00,result-service,3,10,cpu:
2026-09-19T15:44:51+00:00,triage-service,2,10,cpu:
2026-09-19T15:45:01+00:00,audit-service,2,10,cpu:
2026-09-19T15:45:01+00:00,auth-service,2,10,cpu:
2026-09-19T15:45:01+00:00,consent-service,9,10,cpu:
2026-09-19T15:45:01+00:00,exam-service,2,10,cpu:
2026-09-19T15:45:01+00:00,history-service,10,10,cpu:
2026-09-19T15:45:01+00:00,lab-service,2,10,cpu:
2026-09-19T15:45:01+00:00,notification-service,2,10,cpu:
2026-09-19T15:45:01+00:00,patient-service,9,10,cpu:
2026-09-19T15:45:01+00:00,result-service,3,10,cpu:
2026-09-19T15:45:01+00:00,triage-service,2,10,cpu:
2026-09-19T15:45:08+00:00,audit-service,2,10,cpu:
2026-09-19T15:45:08+00:00,auth-service,2,10,cpu:
2026-09-19T15:45:08+00:00,consent-service,9,10,cpu:
2026-09-19T15:45:08+00:00,exam-service,2,10,cpu:
2026-09-19T15:45:08+00:00,history-service,10,10,cpu:
2026-09-19T15:45:08+00:00,lab-service,2,10,cpu:
2026-09-19T15:45:08+00:00,notification-service,2,10,cpu:
2026-09-19T15:45:08+00:00,patient-service,9,10,cpu:
2026-09-19T15:45:08+00:00,result-service,6,10,cpu:
2026-09-19T15:45:08+00:00,triage-service,2,10,cpu:
2026-09-19T15:45:14+00:00,audit-service,2,10,cpu:
2026-09-19T15:45:14+00:00,auth-service,2,10,cpu:
2026-09-19T15:45:14+00:00,consent-service,9,10,cpu:
2026-09-19T15:45:14+00:00,exam-service,2,10,cpu:
2026-09-19T15:45:14+00:00,history-service,10,10,cpu:
2026-09-19T15:45:14+00:00,lab-service,2,10,cpu:
2026-09-19T15:45:14+00:00,notification-service,2,10,cpu:
2026-09-19T15:45:14+00:00,patient-service,10,10,cpu:
2026-09-19T15:45:14+00:00,result-service,6,10,cpu:
2026-09-19T15:45:14+00:00,triage-service,2,10,cpu:
2026-09-19T15:45:23+00:00,audit-service,2,10,cpu:
2026-09-19T15:45:23+00:00,auth-service,2,10,cpu:
2026-09-19T15:45:23+00:00,consent-service,9,10,cpu:
2026-09-19T15:45:23+00:00,exam-service,2,10,cpu:
2026-09-19T15:45:23+00:00,history-service,10,10,cpu:
2026-09-19T15:45:23+00:00,lab-service,2,10,cpu:
2026-09-19T15:45:23+00:00,notification-service,2,10,cpu:
2026-09-19T15:45:23+00:00,patient-service,10,10,cpu:
2026-09-19T15:45:23+00:00,result-service,6,10,cpu:
2026-09-19T15:45:23+00:00,triage-service,2,10,cpu:
2026-09-19T15:45:28+00:00,audit-service,2,10,cpu:
2026-09-19T15:45:28+00:00,auth-service,2,10,cpu:
2026-09-19T15:45:28+00:00,consent-service,9,10,cpu:
2026-09-19T15:45:28+00:00,exam-service,2,10,cpu:
2026-09-19T15:45:28+00:00,history-service,10,10,cpu:
2026-09-19T15:45:28+00:00,lab-service,2,10,cpu:
2026-09-19T15:45:28+00:00,notification-service,2,10,cpu:
2026-09-19T15:45:28+00:00,patient-service,10,10,cpu:
2026-09-19T15:45:28+00:00,result-service,7,10,cpu:
2026-09-19T15:45:28+00:00,triage-service,2,10,cpu:
2026-09-19T15:45:34+00:00,audit-service,2,10,cpu:
2026-09-19T15:45:34+00:00,auth-service,2,10,cpu:
2026-09-19T15:45:34+00:00,consent-service,9,10,cpu:
2026-09-19T15:45:34+00:00,exam-service,2,10,cpu:
2026-09-19T15:45:34+00:00,history-service,10,10,cpu:
2026-09-19T15:45:34+00:00,lab-service,2,10,cpu:
2026-09-19T15:45:34+00:00,notification-service,2,10,cpu:
2026-09-19T15:45:34+00:00,patient-service,10,10,cpu:
2026-09-19T15:45:34+00:00,result-service,7,10,cpu:
2026-09-19T15:45:34+00:00,triage-service,2,10,cpu:
2026-09-19T15:45:43+00:00,audit-service,2,10,cpu:
2026-09-19T15:45:43+00:00,auth-service,2,10,cpu:
2026-09-19T15:45:43+00:00,consent-service,9,10,cpu:
2026-09-19T15:45:43+00:00,exam-service,2,10,cpu:
2026-09-19T15:45:43+00:00,history-service,10,10,cpu:
2026-09-19T15:45:43+00:00,lab-service,2,10,cpu:
2026-09-19T15:45:43+00:00,notification-service,2,10,cpu:
2026-09-19T15:45:43+00:00,patient-service,10,10,cpu:
2026-09-19T15:45:43+00:00,result-service,7,10,cpu:
2026-09-19T15:45:43+00:00,triage-service,2,10,cpu:
2026-09-19T15:45:49+00:00,audit-service,2,10,cpu:
2026-09-19T15:45:49+00:00,auth-service,2,10,cpu:
2026-09-19T15:45:49+00:00,consent-service,9,10,cpu:
2026-09-19T15:45:49+00:00,exam-service,2,10,cpu:
2026-09-19T15:45:49+00:00,history-service,10,10,cpu:
2026-09-19T15:45:49+00:00,lab-service,2,10,cpu:
2026-09-19T15:45:49+00:00,notification-service,2,10,cpu:
2026-09-19T15:45:49+00:00,patient-service,10,10,cpu:
2026-09-19T15:45:49+00:00,result-service,7,10,cpu:
2026-09-19T15:45:49+00:00,triage-service,2,10,cpu:
2026-09-19T15:45:56+00:00,audit-service,2,10,cpu:
2026-09-19T15:45:56+00:00,auth-service,2,10,cpu:
2026-09-19T15:45:56+00:00,consent-service,9,10,cpu:
2026-09-19T15:45:56+00:00,exam-service,2,10,cpu:
2026-09-19T15:45:56+00:00,history-service,10,10,cpu:
2026-09-19T15:45:56+00:00,lab-service,2,10,cpu:
2026-09-19T15:45:56+00:00,notification-service,2,10,cpu:
2026-09-19T15:45:56+00:00,patient-service,10,10,cpu:
2026-09-19T15:45:56+00:00,result-service,7,10,cpu:
2026-09-19T15:45:56+00:00,triage-service,2,10,cpu:
2026-09-19T15:46:05+00:00,audit-service,2,10,cpu:
2026-09-19T15:46:05+00:00,auth-service,2,10,cpu:
2026-09-19T15:46:05+00:00,consent-service,9,10,cpu:
2026-09-19T15:46:05+00:00,exam-service,2,10,cpu:
2026-09-19T15:46:05+00:00,history-service,10,10,cpu:
2026-09-19T15:46:05+00:00,lab-service,2,10,cpu:
2026-09-19T15:46:05+00:00,notification-service,2,10,cpu:
2026-09-19T15:46:05+00:00,patient-service,10,10,cpu:
2026-09-19T15:46:05+00:00,result-service,7,10,cpu:
2026-09-19T15:46:05+00:00,triage-service,2,10,cpu:
2026-09-19T15:46:11+00:00,audit-service,2,10,cpu:
2026-09-19T15:46:11+00:00,auth-service,2,10,cpu:
2026-09-19T15:46:11+00:00,consent-service,10,10,cpu:
2026-09-19T15:46:11+00:00,exam-service,2,10,cpu:
2026-09-19T15:46:11+00:00,history-service,10,10,cpu:
2026-09-19T15:46:11+00:00,lab-service,2,10,cpu:
2026-09-19T15:46:11+00:00,notification-service,2,10,cpu:
2026-09-19T15:46:11+00:00,patient-service,10,10,cpu:
2026-09-19T15:46:11+00:00,result-service,7,10,cpu:
2026-09-19T15:46:11+00:00,triage-service,2,10,cpu:
2026-09-19T15:46:17+00:00,audit-service,2,10,cpu:
2026-09-19T15:46:17+00:00,auth-service,2,10,cpu:
2026-09-19T15:46:17+00:00,consent-service,10,10,cpu:
2026-09-19T15:46:17+00:00,exam-service,2,10,cpu:
2026-09-19T15:46:17+00:00,history-service,10,10,cpu:
2026-09-19T15:46:17+00:00,lab-service,2,10,cpu:
2026-09-19T15:46:17+00:00,notification-service,2,10,cpu:
2026-09-19T15:46:17+00:00,patient-service,10,10,cpu:
2026-09-19T15:46:17+00:00,result-service,7,10,cpu:
2026-09-19T15:46:17+00:00,triage-service,2,10,cpu:
2026-09-19T15:46:25+00:00,audit-service,2,10,cpu:
2026-09-19T15:46:25+00:00,auth-service,2,10,cpu:
2026-09-19T15:46:25+00:00,consent-service,10,10,cpu:
2026-09-19T15:46:25+00:00,exam-service,2,10,cpu:
2026-09-19T15:46:25+00:00,history-service,10,10,cpu:
2026-09-19T15:46:25+00:00,lab-service,2,10,cpu:
2026-09-19T15:46:25+00:00,notification-service,2,10,cpu:
2026-09-19T15:46:25+00:00,patient-service,10,10,cpu:
2026-09-19T15:46:25+00:00,result-service,7,10,cpu:
2026-09-19T15:46:25+00:00,triage-service,2,10,cpu:
2026-09-19T15:46:31+00:00,audit-service,2,10,cpu:
2026-09-19T15:46:31+00:00,auth-service,2,10,cpu:
2026-09-19T15:46:31+00:00,consent-service,10,10,cpu:
2026-09-19T15:46:31+00:00,exam-service,2,10,cpu:
2026-09-19T15:46:31+00:00,history-service,10,10,cpu:
2026-09-19T15:46:31+00:00,lab-service,2,10,cpu:
2026-09-19T15:46:31+00:00,notification-service,2,10,cpu:
2026-09-19T15:46:31+00:00,patient-service,10,10,cpu:
2026-09-19T15:46:31+00:00,result-service,7,10,cpu:
2026-09-19T15:46:31+00:00,triage-service,2,10,cpu:
2026-09-19T15:46:37+00:00,audit-service,2,10,cpu:
2026-09-19T15:46:37+00:00,auth-service,2,10,cpu:
2026-09-19T15:46:37+00:00,consent-service,10,10,cpu:
2026-09-19T15:46:37+00:00,exam-service,2,10,cpu:
2026-09-19T15:46:37+00:00,history-service,10,10,cpu:
2026-09-19T15:46:37+00:00,lab-service,2,10,cpu:
2026-09-19T15:46:37+00:00,notification-service,2,10,cpu:
2026-09-19T15:46:37+00:00,patient-service,10,10,cpu:
2026-09-19T15:46:37+00:00,result-service,7,10,cpu:
2026-09-19T15:46:37+00:00,triage-service,2,10,cpu:
2026-09-19T15:46:46+00:00,audit-service,2,10,cpu:
2026-09-19T15:46:46+00:00,auth-service,2,10,cpu:
2026-09-19T15:46:46+00:00,consent-service,10,10,cpu:
2026-09-19T15:46:46+00:00,exam-service,2,10,cpu:
2026-09-19T15:46:46+00:00,history-service,10,10,cpu:
2026-09-19T15:46:46+00:00,lab-service,2,10,cpu:
2026-09-19T15:46:46+00:00,notification-service,2,10,cpu:
2026-09-19T15:46:46+00:00,patient-service,10,10,cpu:
2026-09-19T15:46:46+00:00,result-service,7,10,cpu:
2026-09-19T15:46:46+00:00,triage-service,2,10,cpu:
2026-09-19T15:46:52+00:00,audit-service,2,10,cpu:
2026-09-19T15:46:52+00:00,auth-service,2,10,cpu:
2026-09-19T15:46:52+00:00,consent-service,10,10,cpu:
2026-09-19T15:46:52+00:00,exam-service,2,10,cpu:
2026-09-19T15:46:52+00:00,history-service,10,10,cpu:
2026-09-19T15:46:52+00:00,lab-service,2,10,cpu:
2026-09-19T15:46:52+00:00,notification-service,2,10,cpu:
2026-09-19T15:46:52+00:00,patient-service,10,10,cpu:
2026-09-19T15:46:52+00:00,result-service,7,10,cpu:
2026-09-19T15:46:52+00:00,triage-service,2,10,cpu:
2026-09-19T15:46:58+00:00,audit-service,2,10,cpu:
2026-09-19T15:46:58+00:00,auth-service,2,10,cpu:
2026-09-19T15:46:58+00:00,consent-service,10,10,cpu:
2026-09-19T15:46:58+00:00,exam-service,2,10,cpu:
2026-09-19T15:46:58+00:00,history-service,10,10,cpu:
2026-09-19T15:46:58+00:00,lab-service,2,10,cpu:
2026-09-19T15:46:58+00:00,notification-service,2,10,cpu:
2026-09-19T15:46:58+00:00,patient-service,10,10,cpu:
2026-09-19T15:46:58+00:00,result-service,7,10,cpu:
2026-09-19T15:46:58+00:00,triage-service,2,10,cpu:
2026-09-19T15:47:07+00:00,audit-service,2,10,cpu:
2026-09-19T15:47:07+00:00,auth-service,2,10,cpu:
2026-09-19T15:47:07+00:00,consent-service,10,10,cpu:
2026-09-19T15:47:07+00:00,exam-service,2,10,cpu:
2026-09-19T15:47:07+00:00,history-service,10,10,cpu:
2026-09-19T15:47:07+00:00,lab-service,2,10,cpu:
2026-09-19T15:47:07+00:00,notification-service,2,10,cpu:
2026-09-19T15:47:07+00:00,patient-service,10,10,cpu:
2026-09-19T15:47:07+00:00,result-service,7,10,cpu:
2026-09-19T15:47:07+00:00,triage-service,2,10,cpu:
2026-09-19T15:47:12+00:00,audit-service,2,10,cpu:
2026-09-19T15:47:12+00:00,auth-service,2,10,cpu:
2026-09-19T15:47:12+00:00,consent-service,10,10,cpu:
2026-09-19T15:47:12+00:00,exam-service,2,10,cpu:
2026-09-19T15:47:12+00:00,history-service,10,10,cpu:
2026-09-19T15:47:12+00:00,lab-service,2,10,cpu:
2026-09-19T15:47:12+00:00,notification-service,2,10,cpu:
2026-09-19T15:47:12+00:00,patient-service,10,10,cpu:
2026-09-19T15:47:12+00:00,result-service,7,10,cpu:
2026-09-19T15:47:12+00:00,triage-service,2,10,cpu:
2026-09-19T15:47:18+00:00,audit-service,2,10,cpu:
2026-09-19T15:47:18+00:00,auth-service,2,10,cpu:
2026-09-19T15:47:18+00:00,consent-service,10,10,cpu:
2026-09-19T15:47:18+00:00,exam-service,2,10,cpu:
2026-09-19T15:47:18+00:00,history-service,10,10,cpu:
2026-09-19T15:47:18+00:00,lab-service,2,10,cpu:
2026-09-19T15:47:18+00:00,notification-service,2,10,cpu:
2026-09-19T15:47:18+00:00,patient-service,10,10,cpu:
2026-09-19T15:47:18+00:00,result-service,7,10,cpu:
2026-09-19T15:47:18+00:00,triage-service,2,10,cpu:
2026-09-19T15:47:27+00:00,audit-service,2,10,cpu:
2026-09-19T15:47:27+00:00,auth-service,2,10,cpu:
2026-09-19T15:47:27+00:00,consent-service,10,10,cpu:
2026-09-19T15:47:27+00:00,exam-service,2,10,cpu:
2026-09-19T15:47:27+00:00,history-service,10,10,cpu:
2026-09-19T15:47:27+00:00,lab-service,2,10,cpu:
2026-09-19T15:47:27+00:00,notification-service,2,10,cpu:
2026-09-19T15:47:27+00:00,patient-service,10,10,cpu:
2026-09-19T15:47:27+00:00,result-service,7,10,cpu:
2026-09-19T15:47:27+00:00,triage-service,2,10,cpu:
2026-09-19T15:47:33+00:00,audit-service,2,10,cpu:
2026-09-19T15:47:33+00:00,auth-service,2,10,cpu:
2026-09-19T15:47:33+00:00,consent-service,10,10,cpu:
2026-09-19T15:47:33+00:00,exam-service,2,10,cpu:
2026-09-19T15:47:33+00:00,history-service,10,10,cpu:
2026-09-19T15:47:33+00:00,lab-service,2,10,cpu:
2026-09-19T15:47:33+00:00,notification-service,2,10,cpu:
2026-09-19T15:47:33+00:00,patient-service,10,10,cpu:
2026-09-19T15:47:33+00:00,result-service,7,10,cpu:
2026-09-19T15:47:33+00:00,triage-service,2,10,cpu:
2026-09-19T15:47:38+00:00,audit-service,2,10,cpu:
2026-09-19T15:47:38+00:00,auth-service,2,10,cpu:
2026-09-19T15:47:38+00:00,consent-service,10,10,cpu:
2026-09-19T15:47:38+00:00,exam-service,2,10,cpu:
2026-09-19T15:47:38+00:00,history-service,10,10,cpu:
2026-09-19T15:47:38+00:00,lab-service,2,10,cpu:
2026-09-19T15:47:38+00:00,notification-service,2,10,cpu:
2026-09-19T15:47:38+00:00,patient-service,10,10,cpu:
2026-09-19T15:47:38+00:00,result-service,7,10,cpu:
2026-09-19T15:47:38+00:00,triage-service,2,10,cpu:
2026-09-19T15:47:46+00:00,audit-service,2,10,cpu:
2026-09-19T15:47:46+00:00,auth-service,2,10,cpu:
2026-09-19T15:47:46+00:00,consent-service,10,10,cpu:
2026-09-19T15:47:46+00:00,exam-service,2,10,cpu:
2026-09-19T15:47:46+00:00,history-service,10,10,cpu:
2026-09-19T15:47:46+00:00,lab-service,2,10,cpu:
2026-09-19T15:47:46+00:00,notification-service,2,10,cpu:
2026-09-19T15:47:46+00:00,patient-service,10,10,cpu:
2026-09-19T15:47:46+00:00,result-service,7,10,cpu:
2026-09-19T15:47:46+00:00,triage-service,2,10,cpu:
2026-09-19T15:47:52+00:00,audit-service,2,10,cpu:
2026-09-19T15:47:52+00:00,auth-service,2,10,cpu:
2026-09-19T15:47:52+00:00,consent-service,10,10,cpu:
2026-09-19T15:47:52+00:00,exam-service,2,10,cpu:
2026-09-19T15:47:52+00:00,history-service,10,10,cpu:
2026-09-19T15:47:52+00:00,lab-service,2,10,cpu:
2026-09-19T15:47:52+00:00,notification-service,2,10,cpu:
2026-09-19T15:47:52+00:00,patient-service,10,10,cpu:
2026-09-19T15:47:52+00:00,result-service,7,10,cpu:
2026-09-19T15:47:52+00:00,triage-service,2,10,cpu:
2026-09-19T15:47:58+00:00,audit-service,2,10,cpu:
2026-09-19T15:47:58+00:00,auth-service,2,10,cpu:
2026-09-19T15:47:58+00:00,consent-service,10,10,cpu:
2026-09-19T15:47:58+00:00,exam-service,2,10,cpu:
2026-09-19T15:47:58+00:00,history-service,10,10,cpu:
2026-09-19T15:47:58+00:00,lab-service,2,10,cpu:
2026-09-19T15:47:58+00:00,notification-service,2,10,cpu:
2026-09-19T15:47:58+00:00,patient-service,10,10,cpu:
2026-09-19T15:47:58+00:00,result-service,7,10,cpu:
2026-09-19T15:47:58+00:00,triage-service,2,10,cpu:
2026-09-19T15:48:08+00:00,audit-service,2,10,cpu:
2026-09-19T15:48:08+00:00,auth-service,2,10,cpu:
2026-09-19T15:48:08+00:00,consent-service,10,10,cpu:
2026-09-19T15:48:08+00:00,exam-service,2,10,cpu:
2026-09-19T15:48:08+00:00,history-service,10,10,cpu:
2026-09-19T15:48:08+00:00,lab-service,2,10,cpu:
2026-09-19T15:48:08+00:00,notification-service,2,10,cpu:
2026-09-19T15:48:08+00:00,patient-service,10,10,cpu:
2026-09-19T15:48:08+00:00,result-service,7,10,cpu:
2026-09-19T15:48:08+00:00,triage-service,2,10,cpu:
2026-09-19T15:48:13+00:00,audit-service,2,10,cpu:
2026-09-19T15:48:13+00:00,auth-service,2,10,cpu:
2026-09-19T15:48:13+00:00,consent-service,10,10,cpu:
2026-09-19T15:48:13+00:00,exam-service,2,10,cpu:
2026-09-19T15:48:13+00:00,history-service,10,10,cpu:
2026-09-19T15:48:13+00:00,lab-service,2,10,cpu:
2026-09-19T15:48:13+00:00,notification-service,2,10,cpu:
2026-09-19T15:48:13+00:00,patient-service,10,10,cpu:
2026-09-19T15:48:13+00:00,result-service,7,10,cpu:
2026-09-19T15:48:13+00:00,triage-service,2,10,cpu:
2026-09-19T15:48:20+00:00,audit-service,2,10,cpu:
2026-09-19T15:48:20+00:00,auth-service,2,10,cpu:
2026-09-19T15:48:20+00:00,consent-service,10,10,cpu:
2026-09-19T15:48:20+00:00,exam-service,2,10,cpu:
2026-09-19T15:48:20+00:00,history-service,10,10,cpu:
2026-09-19T15:48:20+00:00,lab-service,2,10,cpu:
2026-09-19T15:48:20+00:00,notification-service,2,10,cpu:
2026-09-19T15:48:20+00:00,patient-service,10,10,cpu:
2026-09-19T15:48:20+00:00,result-service,7,10,cpu:
2026-09-19T15:48:20+00:00,triage-service,2,10,cpu:
2026-09-19T15:48:29+00:00,audit-service,2,10,cpu:
2026-09-19T15:48:29+00:00,auth-service,2,10,cpu:
2026-09-19T15:48:29+00:00,consent-service,10,10,cpu:
2026-09-19T15:48:29+00:00,exam-service,2,10,cpu:
2026-09-19T15:48:29+00:00,history-service,10,10,cpu:
2026-09-19T15:48:29+00:00,lab-service,2,10,cpu:
2026-09-19T15:48:29+00:00,notification-service,2,10,cpu:
2026-09-19T15:48:29+00:00,patient-service,10,10,cpu:
2026-09-19T15:48:29+00:00,result-service,7,10,cpu:
2026-09-19T15:48:29+00:00,triage-service,2,10,cpu:
2026-09-19T15:48:35+00:00,audit-service,2,10,cpu:
2026-09-19T15:48:35+00:00,auth-service,2,10,cpu:
2026-09-19T15:48:35+00:00,consent-service,10,10,cpu:
2026-09-19T15:48:35+00:00,exam-service,2,10,cpu:
2026-09-19T15:48:35+00:00,history-service,10,10,cpu:
2026-09-19T15:48:35+00:00,lab-service,2,10,cpu:
2026-09-19T15:48:35+00:00,notification-service,2,10,cpu:
2026-09-19T15:48:35+00:00,patient-service,10,10,cpu:
2026-09-19T15:48:35+00:00,result-service,7,10,cpu:
2026-09-19T15:48:35+00:00,triage-service,2,10,cpu:
2026-09-19T15:48:40+00:00,audit-service,2,10,cpu:
2026-09-19T15:48:40+00:00,auth-service,2,10,cpu:
2026-09-19T15:48:40+00:00,consent-service,10,10,cpu:
2026-09-19T15:48:40+00:00,exam-service,2,10,cpu:
2026-09-19T15:48:40+00:00,history-service,10,10,cpu:
2026-09-19T15:48:40+00:00,lab-service,2,10,cpu:
2026-09-19T15:48:40+00:00,notification-service,2,10,cpu:
2026-09-19T15:48:40+00:00,patient-service,10,10,cpu:
2026-09-19T15:48:40+00:00,result-service,7,10,cpu:
2026-09-19T15:48:40+00:00,triage-service,2,10,cpu:
2026-09-19T15:48:50+00:00,audit-service,2,10,cpu:
2026-09-19T15:48:50+00:00,auth-service,2,10,cpu:
2026-09-19T15:48:50+00:00,consent-service,10,10,cpu:
2026-09-19T15:48:50+00:00,exam-service,2,10,cpu:
2026-09-19T15:48:50+00:00,history-service,10,10,cpu:
2026-09-19T15:48:50+00:00,lab-service,2,10,cpu:
2026-09-19T15:48:50+00:00,notification-service,2,10,cpu:
2026-09-19T15:48:50+00:00,patient-service,10,10,cpu:
2026-09-19T15:48:50+00:00,result-service,7,10,cpu:
2026-09-19T15:48:50+00:00,triage-service,2,10,cpu:
2026-09-19T15:48:56+00:00,audit-service,2,10,cpu:
2026-09-19T15:48:56+00:00,auth-service,2,10,cpu:
2026-09-19T15:48:56+00:00,consent-service,10,10,cpu:
2026-09-19T15:48:56+00:00,exam-service,2,10,cpu:
2026-09-19T15:48:56+00:00,history-service,10,10,cpu:
2026-09-19T15:48:56+00:00,lab-service,2,10,cpu:
2026-09-19T15:48:56+00:00,notification-service,2,10,cpu:
2026-09-19T15:48:56+00:00,patient-service,10,10,cpu:
2026-09-19T15:48:56+00:00,result-service,7,10,cpu:
2026-09-19T15:48:56+00:00,triage-service,2,10,cpu:
2026-09-19T15:49:02+00:00,audit-service,2,10,cpu:
2026-09-19T15:49:02+00:00,auth-service,2,10,cpu:
2026-09-19T15:49:02+00:00,consent-service,10,10,cpu:
2026-09-19T15:49:02+00:00,exam-service,2,10,cpu:
2026-09-19T15:49:02+00:00,history-service,10,10,cpu:
2026-09-19T15:49:02+00:00,lab-service,2,10,cpu:
2026-09-19T15:49:02+00:00,notification-service,2,10,cpu:
2026-09-19T15:49:02+00:00,patient-service,10,10,cpu:
2026-09-19T15:49:02+00:00,result-service,7,10,cpu:
2026-09-19T15:49:02+00:00,triage-service,2,10,cpu:
2026-09-19T15:49:10+00:00,audit-service,2,10,cpu:
2026-09-19T15:49:10+00:00,auth-service,2,10,cpu:
2026-09-19T15:49:10+00:00,consent-service,10,10,cpu:
2026-09-19T15:49:10+00:00,exam-service,2,10,cpu:
2026-09-19T15:49:10+00:00,history-service,10,10,cpu:
2026-09-19T15:49:10+00:00,lab-service,2,10,cpu:
2026-09-19T15:49:10+00:00,notification-service,2,10,cpu:
2026-09-19T15:49:10+00:00,patient-service,10,10,cpu:
2026-09-19T15:49:10+00:00,result-service,7,10,cpu:
2026-09-19T15:49:10+00:00,triage-service,2,10,cpu:
2026-09-19T15:49:16+00:00,audit-service,2,10,cpu:
2026-09-19T15:49:16+00:00,auth-service,2,10,cpu:
2026-09-19T15:49:16+00:00,consent-service,10,10,cpu:
2026-09-19T15:49:16+00:00,exam-service,2,10,cpu:
2026-09-19T15:49:16+00:00,history-service,10,10,cpu:
2026-09-19T15:49:16+00:00,lab-service,2,10,cpu:
2026-09-19T15:49:16+00:00,notification-service,2,10,cpu:
2026-09-19T15:49:16+00:00,patient-service,10,10,cpu:
2026-09-19T15:49:16+00:00,result-service,7,10,cpu:
2026-09-19T15:49:16+00:00,triage-service,2,10,cpu:
2026-09-19T15:49:22+00:00,audit-service,2,10,cpu:
2026-09-19T15:49:22+00:00,auth-service,2,10,cpu:
2026-09-19T15:49:22+00:00,consent-service,10,10,cpu:
2026-09-19T15:49:22+00:00,exam-service,2,10,cpu:
2026-09-19T15:49:22+00:00,history-service,10,10,cpu:
2026-09-19T15:49:22+00:00,lab-service,2,10,cpu:
2026-09-19T15:49:22+00:00,notification-service,2,10,cpu:
2026-09-19T15:49:22+00:00,patient-service,10,10,cpu:
2026-09-19T15:49:22+00:00,result-service,7,10,cpu:
2026-09-19T15:49:22+00:00,triage-service,2,10,cpu:
2026-09-19T15:49:30+00:00,audit-service,2,10,cpu:
2026-09-19T15:49:30+00:00,auth-service,2,10,cpu:
2026-09-19T15:49:30+00:00,consent-service,10,10,cpu:
2026-09-19T15:49:30+00:00,exam-service,2,10,cpu:
2026-09-19T15:49:30+00:00,history-service,10,10,cpu:
2026-09-19T15:49:30+00:00,lab-service,2,10,cpu:
2026-09-19T15:49:30+00:00,notification-service,2,10,cpu:
2026-09-19T15:49:30+00:00,patient-service,10,10,cpu:
2026-09-19T15:49:30+00:00,result-service,7,10,cpu:
2026-09-19T15:49:30+00:00,triage-service,2,10,cpu:
2026-09-19T15:49:36+00:00,audit-service,2,10,cpu:
2026-09-19T15:49:36+00:00,auth-service,2,10,cpu:
2026-09-19T15:49:36+00:00,consent-service,10,10,cpu:
2026-09-19T15:49:36+00:00,exam-service,2,10,cpu:
2026-09-19T15:49:36+00:00,history-service,10,10,cpu:
2026-09-19T15:49:36+00:00,lab-service,2,10,cpu:
2026-09-19T15:49:36+00:00,notification-service,2,10,cpu:
2026-09-19T15:49:36+00:00,patient-service,10,10,cpu:
2026-09-19T15:49:36+00:00,result-service,7,10,cpu:
2026-09-19T15:49:36+00:00,triage-service,2,10,cpu:
2026-09-19T15:49:43+00:00,audit-service,2,10,cpu:
2026-09-19T15:49:43+00:00,auth-service,2,10,cpu:
2026-09-19T15:49:43+00:00,consent-service,10,10,cpu:
2026-09-19T15:49:43+00:00,exam-service,2,10,cpu:
2026-09-19T15:49:43+00:00,history-service,10,10,cpu:
2026-09-19T15:49:43+00:00,lab-service,2,10,cpu:
2026-09-19T15:49:43+00:00,notification-service,2,10,cpu:
2026-09-19T15:49:43+00:00,patient-service,10,10,cpu:
2026-09-19T15:49:43+00:00,result-service,7,10,cpu:
2026-09-19T15:49:43+00:00,triage-service,2,10,cpu:
2026-09-19T15:49:51+00:00,audit-service,2,10,cpu:
2026-09-19T15:49:51+00:00,auth-service,2,10,cpu:
2026-09-19T15:49:51+00:00,consent-service,10,10,cpu:
2026-09-19T15:49:51+00:00,exam-service,2,10,cpu:
2026-09-19T15:49:51+00:00,history-service,10,10,cpu:
2026-09-19T15:49:51+00:00,lab-service,2,10,cpu:
2026-09-19T15:49:51+00:00,notification-service,2,10,cpu:
2026-09-19T15:49:51+00:00,patient-service,10,10,cpu:
2026-09-19T15:49:51+00:00,result-service,7,10,cpu:
2026-09-19T15:49:51+00:00,triage-service,2,10,cpu:
2026-09-19T15:49:56+00:00,audit-service,2,10,cpu:
2026-09-19T15:49:56+00:00,auth-service,2,10,cpu:
2026-09-19T15:49:56+00:00,consent-service,10,10,cpu:
2026-09-19T15:49:56+00:00,exam-service,2,10,cpu:
2026-09-19T15:49:56+00:00,history-service,10,10,cpu:
2026-09-19T15:49:56+00:00,lab-service,2,10,cpu:
2026-09-19T15:49:56+00:00,notification-service,2,10,cpu:
2026-09-19T15:49:56+00:00,patient-service,10,10,cpu:
2026-09-19T15:49:56+00:00,result-service,7,10,cpu:
2026-09-19T15:49:56+00:00,triage-service,2,10,cpu:
2026-09-19T15:50:02+00:00,audit-service,2,10,cpu:
2026-09-19T15:50:02+00:00,auth-service,2,10,cpu:
2026-09-19T15:50:02+00:00,consent-service,10,10,cpu:
2026-09-19T15:50:02+00:00,exam-service,2,10,cpu:
2026-09-19T15:50:02+00:00,history-service,10,10,cpu:
2026-09-19T15:50:02+00:00,lab-service,2,10,cpu:
2026-09-19T15:50:02+00:00,notification-service,2,10,cpu:
2026-09-19T15:50:02+00:00,patient-service,10,10,cpu:
2026-09-19T15:50:02+00:00,result-service,7,10,cpu:
2026-09-19T15:50:02+00:00,triage-service,2,10,cpu:
2026-09-19T15:50:11+00:00,audit-service,2,10,cpu:
2026-09-19T15:50:11+00:00,auth-service,2,10,cpu:
2026-09-19T15:50:11+00:00,consent-service,10,10,cpu:
2026-09-19T15:50:11+00:00,exam-service,2,10,cpu:
2026-09-19T15:50:11+00:00,history-service,10,10,cpu:
2026-09-19T15:50:11+00:00,lab-service,2,10,cpu:
2026-09-19T15:50:11+00:00,notification-service,2,10,cpu:
2026-09-19T15:50:11+00:00,patient-service,10,10,cpu:
2026-09-19T15:50:11+00:00,result-service,7,10,cpu:
2026-09-19T15:50:11+00:00,triage-service,2,10,cpu:
2026-09-19T15:50:16+00:00,audit-service,2,10,cpu:
2026-09-19T15:50:16+00:00,auth-service,2,10,cpu:
2026-09-19T15:50:16+00:00,consent-service,10,10,cpu:
2026-09-19T15:50:16+00:00,exam-service,2,10,cpu:
2026-09-19T15:50:16+00:00,history-service,10,10,cpu:
2026-09-19T15:50:16+00:00,lab-service,2,10,cpu:
2026-09-19T15:50:16+00:00,notification-service,2,10,cpu:
2026-09-19T15:50:16+00:00,patient-service,10,10,cpu:
2026-09-19T15:50:16+00:00,result-service,7,10,cpu:
2026-09-19T15:50:16+00:00,triage-service,2,10,cpu:
2026-09-19T15:50:22+00:00,audit-service,2,10,cpu:
2026-09-19T15:50:22+00:00,auth-service,2,10,cpu:
2026-09-19T15:50:22+00:00,consent-service,10,10,cpu:
2026-09-19T15:50:22+00:00,exam-service,2,10,cpu:
2026-09-19T15:50:22+00:00,history-service,10,10,cpu:
2026-09-19T15:50:22+00:00,lab-service,2,10,cpu:
2026-09-19T15:50:22+00:00,notification-service,2,10,cpu:
2026-09-19T15:50:22+00:00,patient-service,10,10,cpu:
2026-09-19T15:50:22+00:00,result-service,7,10,cpu:
2026-09-19T15:50:22+00:00,triage-service,2,10,cpu:
2026-09-19T15:50:30+00:00,audit-service,2,10,cpu:
2026-09-19T15:50:30+00:00,auth-service,2,10,cpu:
2026-09-19T15:50:30+00:00,consent-service,10,10,cpu:
2026-09-19T15:50:30+00:00,exam-service,2,10,cpu:
2026-09-19T15:50:30+00:00,history-service,10,10,cpu:
2026-09-19T15:50:30+00:00,lab-service,2,10,cpu:
2026-09-19T15:50:30+00:00,notification-service,2,10,cpu:
2026-09-19T15:50:30+00:00,patient-service,10,10,cpu:
2026-09-19T15:50:30+00:00,result-service,7,10,cpu:
2026-09-19T15:50:30+00:00,triage-service,2,10,cpu:
2026-09-19T15:50:36+00:00,audit-service,2,10,cpu:
2026-09-19T15:50:36+00:00,auth-service,2,10,cpu:
2026-09-19T15:50:36+00:00,consent-service,10,10,cpu:
2026-09-19T15:50:36+00:00,exam-service,2,10,cpu:
2026-09-19T15:50:36+00:00,history-service,10,10,cpu:
2026-09-19T15:50:36+00:00,lab-service,2,10,cpu:
2026-09-19T15:50:36+00:00,notification-service,2,10,cpu:
2026-09-19T15:50:36+00:00,patient-service,10,10,cpu:
2026-09-19T15:50:36+00:00,result-service,7,10,cpu:
2026-09-19T15:50:36+00:00,triage-service,2,10,cpu:
2026-09-19T15:50:42+00:00,audit-service,2,10,cpu:
2026-09-19T15:50:42+00:00,auth-service,2,10,cpu:
2026-09-19T15:50:42+00:00,consent-service,10,10,cpu:
2026-09-19T15:50:42+00:00,exam-service,2,10,cpu:
2026-09-19T15:50:42+00:00,history-service,10,10,cpu:
2026-09-19T15:50:42+00:00,lab-service,2,10,cpu:
2026-09-19T15:50:42+00:00,notification-service,2,10,cpu:
2026-09-19T15:50:42+00:00,patient-service,10,10,cpu:
2026-09-19T15:50:42+00:00,result-service,7,10,cpu:
2026-09-19T15:50:42+00:00,triage-service,2,10,cpu:
2026-09-19T15:50:50+00:00,audit-service,2,10,cpu:
2026-09-19T15:50:50+00:00,auth-service,2,10,cpu:
2026-09-19T15:50:50+00:00,consent-service,10,10,cpu:
2026-09-19T15:50:50+00:00,exam-service,2,10,cpu:
2026-09-19T15:50:50+00:00,history-service,10,10,cpu:
2026-09-19T15:50:50+00:00,lab-service,2,10,cpu:
2026-09-19T15:50:50+00:00,notification-service,2,10,cpu:
2026-09-19T15:50:50+00:00,patient-service,10,10,cpu:
2026-09-19T15:50:50+00:00,result-service,7,10,cpu:
2026-09-19T15:50:50+00:00,triage-service,2,10,cpu:
2026-09-19T15:50:56+00:00,audit-service,2,10,cpu:
2026-09-19T15:50:56+00:00,auth-service,2,10,cpu:
2026-09-19T15:50:56+00:00,consent-service,10,10,cpu:
2026-09-19T15:50:56+00:00,exam-service,2,10,cpu:
2026-09-19T15:50:56+00:00,history-service,10,10,cpu:
2026-09-19T15:50:56+00:00,lab-service,2,10,cpu:
2026-09-19T15:50:56+00:00,notification-service,2,10,cpu:
2026-09-19T15:50:56+00:00,patient-service,10,10,cpu:
2026-09-19T15:50:56+00:00,result-service,7,10,cpu:
2026-09-19T15:50:56+00:00,triage-service,2,10,cpu:
2026-09-19T15:51:02+00:00,audit-service,2,10,cpu:
2026-09-19T15:51:02+00:00,auth-service,2,10,cpu:
2026-09-19T15:51:02+00:00,consent-service,10,10,cpu:
2026-09-19T15:51:02+00:00,exam-service,2,10,cpu:
2026-09-19T15:51:02+00:00,history-service,10,10,cpu:
2026-09-19T15:51:02+00:00,lab-service,2,10,cpu:
2026-09-19T15:51:02+00:00,notification-service,2,10,cpu:
2026-09-19T15:51:02+00:00,patient-service,10,10,cpu:
2026-09-19T15:51:02+00:00,result-service,7,10,cpu:
2026-09-19T15:51:02+00:00,triage-service,2,10,cpu:
2026-09-19T15:51:10+00:00,audit-service,2,10,cpu:
2026-09-19T15:51:10+00:00,auth-service,2,10,cpu:
2026-09-19T15:51:10+00:00,consent-service,10,10,cpu:
2026-09-19T15:51:10+00:00,exam-service,2,10,cpu:
2026-09-19T15:51:10+00:00,history-service,10,10,cpu:
2026-09-19T15:51:10+00:00,lab-service,2,10,cpu:
2026-09-19T15:51:10+00:00,notification-service,2,10,cpu:
2026-09-19T15:51:10+00:00,patient-service,10,10,cpu:
2026-09-19T15:51:10+00:00,result-service,7,10,cpu:
2026-09-19T15:51:10+00:00,triage-service,2,10,cpu:
2026-09-19T15:51:16+00:00,audit-service,2,10,cpu:
2026-09-19T15:51:16+00:00,auth-service,2,10,cpu:
2026-09-19T15:51:16+00:00,consent-service,10,10,cpu:
2026-09-19T15:51:16+00:00,exam-service,2,10,cpu:
2026-09-19T15:51:16+00:00,history-service,10,10,cpu:
2026-09-19T15:51:16+00:00,lab-service,2,10,cpu:
2026-09-19T15:51:16+00:00,notification-service,2,10,cpu:
2026-09-19T15:51:16+00:00,patient-service,10,10,cpu:
2026-09-19T15:51:16+00:00,result-service,7,10,cpu:
2026-09-19T15:51:16+00:00,triage-service,2,10,cpu:
2026-09-19T15:51:22+00:00,audit-service,2,10,cpu:
2026-09-19T15:51:22+00:00,auth-service,2,10,cpu:
2026-09-19T15:51:22+00:00,consent-service,10,10,cpu:
2026-09-19T15:51:22+00:00,exam-service,2,10,cpu:
2026-09-19T15:51:22+00:00,history-service,10,10,cpu:
2026-09-19T15:51:22+00:00,lab-service,2,10,cpu:
2026-09-19T15:51:22+00:00,notification-service,2,10,cpu:
2026-09-19T15:51:22+00:00,patient-service,10,10,cpu:
2026-09-19T15:51:22+00:00,result-service,7,10,cpu:
2026-09-19T15:51:22+00:00,triage-service,2,10,cpu:
2026-09-19T15:51:30+00:00,audit-service,2,10,cpu:
2026-09-19T15:51:30+00:00,auth-service,2,10,cpu:
2026-09-19T15:51:30+00:00,consent-service,10,10,cpu:
2026-09-19T15:51:30+00:00,exam-service,2,10,cpu:
2026-09-19T15:51:30+00:00,history-service,10,10,cpu:
2026-09-19T15:51:30+00:00,lab-service,2,10,cpu:
2026-09-19T15:51:30+00:00,notification-service,2,10,cpu:
2026-09-19T15:51:30+00:00,patient-service,10,10,cpu:
2026-09-19T15:51:30+00:00,result-service,7,10,cpu:
2026-09-19T15:51:30+00:00,triage-service,2,10,cpu:
2026-09-19T15:51:36+00:00,audit-service,2,10,cpu:
2026-09-19T15:51:36+00:00,auth-service,2,10,cpu:
2026-09-19T15:51:36+00:00,consent-service,10,10,cpu:
2026-09-19T15:51:36+00:00,exam-service,2,10,cpu:
2026-09-19T15:51:36+00:00,history-service,10,10,cpu:
2026-09-19T15:51:36+00:00,lab-service,2,10,cpu:
2026-09-19T15:51:36+00:00,notification-service,2,10,cpu:
2026-09-19T15:51:36+00:00,patient-service,10,10,cpu:
2026-09-19T15:51:36+00:00,result-service,7,10,cpu:
2026-09-19T15:51:36+00:00,triage-service,2,10,cpu:
2026-09-19T15:51:42+00:00,audit-service,2,10,cpu:
2026-09-19T15:51:42+00:00,auth-service,2,10,cpu:
2026-09-19T15:51:42+00:00,consent-service,10,10,cpu:
2026-09-19T15:51:42+00:00,exam-service,2,10,cpu:
2026-09-19T15:51:42+00:00,history-service,10,10,cpu:
2026-09-19T15:51:42+00:00,lab-service,2,10,cpu:
2026-09-19T15:51:42+00:00,notification-service,2,10,cpu:
2026-09-19T15:51:42+00:00,patient-service,10,10,cpu:
2026-09-19T15:51:42+00:00,result-service,7,10,cpu:
2026-09-19T15:51:42+00:00,triage-service,2,10,cpu:
2026-09-19T15:51:50+00:00,audit-service,2,10,cpu:
2026-09-19T15:51:50+00:00,auth-service,2,10,cpu:
2026-09-19T15:51:50+00:00,consent-service,10,10,cpu:
2026-09-19T15:51:50+00:00,exam-service,2,10,cpu:
2026-09-19T15:51:50+00:00,history-service,10,10,cpu:
2026-09-19T15:51:50+00:00,lab-service,2,10,cpu:
2026-09-19T15:51:50+00:00,notification-service,2,10,cpu:
2026-09-19T15:51:50+00:00,patient-service,10,10,cpu:
2026-09-19T15:51:50+00:00,result-service,7,10,cpu:
2026-09-19T15:51:50+00:00,triage-service,2,10,cpu:
2026-09-19T15:51:56+00:00,audit-service,2,10,cpu:
2026-09-19T15:51:56+00:00,auth-service,2,10,cpu:
2026-09-19T15:51:56+00:00,consent-service,10,10,cpu:
2026-09-19T15:51:56+00:00,exam-service,2,10,cpu:
2026-09-19T15:51:56+00:00,history-service,10,10,cpu:
2026-09-19T15:51:56+00:00,lab-service,2,10,cpu:
2026-09-19T15:51:56+00:00,notification-service,2,10,cpu:
2026-09-19T15:51:56+00:00,patient-service,10,10,cpu:
2026-09-19T15:51:56+00:00,result-service,7,10,cpu:
2026-09-19T15:51:56+00:00,triage-service,2,10,cpu:
2026-09-19T15:52:01+00:00,audit-service,2,10,cpu:
2026-09-19T15:52:01+00:00,auth-service,2,10,cpu:
2026-09-19T15:52:01+00:00,consent-service,10,10,cpu:
2026-09-19T15:52:01+00:00,exam-service,2,10,cpu:
2026-09-19T15:52:01+00:00,history-service,10,10,cpu:
2026-09-19T15:52:01+00:00,lab-service,2,10,cpu:
2026-09-19T15:52:01+00:00,notification-service,2,10,cpu:
2026-09-19T15:52:01+00:00,patient-service,10,10,cpu:
2026-09-19T15:52:01+00:00,result-service,7,10,cpu:
2026-09-19T15:52:01+00:00,triage-service,2,10,cpu:
2026-09-19T15:52:09+00:00,audit-service,2,10,cpu:
2026-09-19T15:52:09+00:00,auth-service,2,10,cpu:
2026-09-19T15:52:09+00:00,consent-service,10,10,cpu:
2026-09-19T15:52:09+00:00,exam-service,2,10,cpu:
2026-09-19T15:52:09+00:00,history-service,10,10,cpu:
2026-09-19T15:52:09+00:00,lab-service,2,10,cpu:
2026-09-19T15:52:09+00:00,notification-service,2,10,cpu:
2026-09-19T15:52:09+00:00,patient-service,10,10,cpu:
2026-09-19T15:52:09+00:00,result-service,7,10,cpu:
2026-09-19T15:52:09+00:00,triage-service,2,10,cpu:
2026-09-19T15:52:15+00:00,audit-service,2,10,cpu:
2026-09-19T15:52:15+00:00,auth-service,2,10,cpu:
2026-09-19T15:52:15+00:00,consent-service,10,10,cpu:
2026-09-19T15:52:15+00:00,exam-service,2,10,cpu:
2026-09-19T15:52:15+00:00,history-service,10,10,cpu:
2026-09-19T15:52:15+00:00,lab-service,2,10,cpu:
2026-09-19T15:52:15+00:00,notification-service,2,10,cpu:
2026-09-19T15:52:15+00:00,patient-service,10,10,cpu:
2026-09-19T15:52:15+00:00,result-service,7,10,cpu:
2026-09-19T15:52:15+00:00,triage-service,2,10,cpu:
2026-09-19T15:52:20+00:00,audit-service,2,10,cpu:
2026-09-19T15:52:20+00:00,auth-service,2,10,cpu:
2026-09-19T15:52:20+00:00,consent-service,10,10,cpu:
2026-09-19T15:52:20+00:00,exam-service,2,10,cpu:
2026-09-19T15:52:20+00:00,history-service,10,10,cpu:
2026-09-19T15:52:20+00:00,lab-service,2,10,cpu:
2026-09-19T15:52:20+00:00,notification-service,2,10,cpu:
2026-09-19T15:52:20+00:00,patient-service,10,10,cpu:
2026-09-19T15:52:20+00:00,result-service,7,10,cpu:
2026-09-19T15:52:20+00:00,triage-service,2,10,cpu:
2026-09-19T15:52:28+00:00,audit-service,2,10,cpu:
2026-09-19T15:52:28+00:00,auth-service,2,10,cpu:
2026-09-19T15:52:28+00:00,consent-service,10,10,cpu:
2026-09-19T15:52:28+00:00,exam-service,2,10,cpu:
2026-09-19T15:52:28+00:00,history-service,10,10,cpu:
2026-09-19T15:52:28+00:00,lab-service,2,10,cpu:
2026-09-19T15:52:28+00:00,notification-service,2,10,cpu:
2026-09-19T15:52:28+00:00,patient-service,10,10,cpu:
2026-09-19T15:52:28+00:00,result-service,7,10,cpu:
2026-09-19T15:52:28+00:00,triage-service,2,10,cpu:
2026-09-19T15:52:34+00:00,audit-service,2,10,cpu:
2026-09-19T15:52:34+00:00,auth-service,2,10,cpu:
2026-09-19T15:52:34+00:00,consent-service,10,10,cpu:
2026-09-19T15:52:34+00:00,exam-service,2,10,cpu:
2026-09-19T15:52:34+00:00,history-service,10,10,cpu:
2026-09-19T15:52:34+00:00,lab-service,2,10,cpu:
2026-09-19T15:52:34+00:00,notification-service,2,10,cpu:
2026-09-19T15:52:34+00:00,patient-service,10,10,cpu:
2026-09-19T15:52:34+00:00,result-service,7,10,cpu:
2026-09-19T15:52:34+00:00,triage-service,2,10,cpu:
2026-09-19T15:52:39+00:00,audit-service,2,10,cpu:
2026-09-19T15:52:39+00:00,auth-service,2,10,cpu:
2026-09-19T15:52:39+00:00,consent-service,6,10,cpu:
2026-09-19T15:52:39+00:00,exam-service,2,10,cpu:
2026-09-19T15:52:39+00:00,history-service,10,10,cpu:
2026-09-19T15:52:39+00:00,lab-service,2,10,cpu:
2026-09-19T15:52:39+00:00,notification-service,2,10,cpu:
2026-09-19T15:52:39+00:00,patient-service,10,10,cpu:
2026-09-19T15:52:39+00:00,result-service,7,10,cpu:
2026-09-19T15:52:39+00:00,triage-service,2,10,cpu:
2026-09-19T15:52:47+00:00,audit-service,2,10,cpu:
2026-09-19T15:52:47+00:00,auth-service,2,10,cpu:
2026-09-19T15:52:47+00:00,consent-service,6,10,cpu:
2026-09-19T15:52:47+00:00,exam-service,2,10,cpu:
2026-09-19T15:52:47+00:00,history-service,10,10,cpu:
2026-09-19T15:52:47+00:00,lab-service,2,10,cpu:
2026-09-19T15:52:47+00:00,notification-service,2,10,cpu:
2026-09-19T15:52:47+00:00,patient-service,10,10,cpu:
2026-09-19T15:52:47+00:00,result-service,7,10,cpu:
2026-09-19T15:52:47+00:00,triage-service,2,10,cpu:
2026-09-19T15:52:53+00:00,audit-service,2,10,cpu:
2026-09-19T15:52:53+00:00,auth-service,2,10,cpu:
2026-09-19T15:52:53+00:00,consent-service,6,10,cpu:
2026-09-19T15:52:53+00:00,exam-service,2,10,cpu:
2026-09-19T15:52:53+00:00,history-service,10,10,cpu:
2026-09-19T15:52:53+00:00,lab-service,2,10,cpu:
2026-09-19T15:52:53+00:00,notification-service,2,10,cpu:
2026-09-19T15:52:53+00:00,patient-service,10,10,cpu:
2026-09-19T15:52:53+00:00,result-service,7,10,cpu:
2026-09-19T15:52:53+00:00,triage-service,2,10,cpu:
2026-09-19T15:52:59+00:00,audit-service,2,10,cpu:
2026-09-19T15:52:59+00:00,auth-service,2,10,cpu:
2026-09-19T15:52:59+00:00,consent-service,6,10,cpu:
2026-09-19T15:52:59+00:00,exam-service,2,10,cpu:
2026-09-19T15:52:59+00:00,history-service,10,10,cpu:
2026-09-19T15:52:59+00:00,lab-service,2,10,cpu:
2026-09-19T15:52:59+00:00,notification-service,2,10,cpu:
2026-09-19T15:52:59+00:00,patient-service,10,10,cpu:
2026-09-19T15:52:59+00:00,result-service,7,10,cpu:
2026-09-19T15:52:59+00:00,triage-service,2,10,cpu:
2026-09-19T15:53:06+00:00,audit-service,2,10,cpu:
2026-09-19T15:53:06+00:00,auth-service,2,10,cpu:
2026-09-19T15:53:06+00:00,consent-service,6,10,cpu:
2026-09-19T15:53:06+00:00,exam-service,2,10,cpu:
2026-09-19T15:53:06+00:00,history-service,10,10,cpu:
2026-09-19T15:53:06+00:00,lab-service,2,10,cpu:
2026-09-19T15:53:06+00:00,notification-service,2,10,cpu:
2026-09-19T15:53:06+00:00,patient-service,10,10,cpu:
2026-09-19T15:53:06+00:00,result-service,7,10,cpu:
2026-09-19T15:53:06+00:00,triage-service,2,10,cpu:
2026-09-19T15:53:12+00:00,audit-service,2,10,cpu:
2026-09-19T15:53:12+00:00,auth-service,2,10,cpu:
2026-09-19T15:53:12+00:00,consent-service,6,10,cpu:
2026-09-19T15:53:12+00:00,exam-service,2,10,cpu:
2026-09-19T15:53:12+00:00,history-service,10,10,cpu:
2026-09-19T15:53:12+00:00,lab-service,2,10,cpu:
2026-09-19T15:53:12+00:00,notification-service,2,10,cpu:
2026-09-19T15:53:12+00:00,patient-service,10,10,cpu:
2026-09-19T15:53:12+00:00,result-service,7,10,cpu:
2026-09-19T15:53:12+00:00,triage-service,2,10,cpu:
2026-09-19T15:53:18+00:00,audit-service,2,10,cpu:
2026-09-19T15:53:18+00:00,auth-service,2,10,cpu:
2026-09-19T15:53:18+00:00,consent-service,6,10,cpu:
2026-09-19T15:53:18+00:00,exam-service,2,10,cpu:
2026-09-19T15:53:18+00:00,history-service,10,10,cpu:
2026-09-19T15:53:18+00:00,lab-service,2,10,cpu:
2026-09-19T15:53:18+00:00,notification-service,2,10,cpu:
2026-09-19T15:53:18+00:00,patient-service,10,10,cpu:
2026-09-19T15:53:18+00:00,result-service,7,10,cpu:
2026-09-19T15:53:18+00:00,triage-service,2,10,cpu:
2026-09-19T15:53:26+00:00,audit-service,2,10,cpu:
2026-09-19T15:53:26+00:00,auth-service,2,10,cpu:
2026-09-19T15:53:26+00:00,consent-service,6,10,cpu:
2026-09-19T15:53:26+00:00,exam-service,2,10,cpu:
2026-09-19T15:53:26+00:00,history-service,10,10,cpu:
2026-09-19T15:53:26+00:00,lab-service,2,10,cpu:
2026-09-19T15:53:26+00:00,notification-service,2,10,cpu:
2026-09-19T15:53:26+00:00,patient-service,10,10,cpu:
2026-09-19T15:53:26+00:00,result-service,7,10,cpu:
2026-09-19T15:53:26+00:00,triage-service,2,10,cpu:
2026-09-19T15:53:32+00:00,audit-service,2,10,cpu:
2026-09-19T15:53:32+00:00,auth-service,2,10,cpu:
2026-09-19T15:53:32+00:00,consent-service,6,10,cpu:
2026-09-19T15:53:32+00:00,exam-service,2,10,cpu:
2026-09-19T15:53:32+00:00,history-service,10,10,cpu:
2026-09-19T15:53:32+00:00,lab-service,2,10,cpu:
2026-09-19T15:53:32+00:00,notification-service,2,10,cpu:
2026-09-19T15:53:32+00:00,patient-service,10,10,cpu:
2026-09-19T15:53:32+00:00,result-service,7,10,cpu:
2026-09-19T15:53:32+00:00,triage-service,2,10,cpu:
2026-09-19T15:53:37+00:00,audit-service,2,10,cpu:
2026-09-19T15:53:37+00:00,auth-service,2,10,cpu:
2026-09-19T15:53:37+00:00,consent-service,6,10,cpu:
2026-09-19T15:53:37+00:00,exam-service,2,10,cpu:
2026-09-19T15:53:37+00:00,history-service,10,10,cpu:
2026-09-19T15:53:37+00:00,lab-service,2,10,cpu:
2026-09-19T15:53:37+00:00,notification-service,2,10,cpu:
2026-09-19T15:53:37+00:00,patient-service,10,10,cpu:
2026-09-19T15:53:37+00:00,result-service,7,10,cpu:
2026-09-19T15:53:37+00:00,triage-service,2,10,cpu:
2026-09-19T15:53:45+00:00,audit-service,2,10,cpu:
2026-09-19T15:53:45+00:00,auth-service,2,10,cpu:
2026-09-19T15:53:45+00:00,consent-service,6,10,cpu:
2026-09-19T15:53:45+00:00,exam-service,2,10,cpu:
2026-09-19T15:53:45+00:00,history-service,10,10,cpu:
2026-09-19T15:53:45+00:00,lab-service,2,10,cpu:
2026-09-19T15:53:45+00:00,notification-service,2,10,cpu:
2026-09-19T15:53:45+00:00,patient-service,10,10,cpu:
2026-09-19T15:53:45+00:00,result-service,7,10,cpu:
2026-09-19T15:53:45+00:00,triage-service,2,10,cpu:
2026-09-19T15:53:51+00:00,audit-service,2,10,cpu:
2026-09-19T15:53:51+00:00,auth-service,2,10,cpu:
2026-09-19T15:53:51+00:00,consent-service,6,10,cpu:
2026-09-19T15:53:51+00:00,exam-service,2,10,cpu:
2026-09-19T15:53:51+00:00,history-service,10,10,cpu:
2026-09-19T15:53:51+00:00,lab-service,2,10,cpu:
2026-09-19T15:53:51+00:00,notification-service,2,10,cpu:
2026-09-19T15:53:51+00:00,patient-service,10,10,cpu:
2026-09-19T15:53:51+00:00,result-service,7,10,cpu:
2026-09-19T15:53:51+00:00,triage-service,2,10,cpu:
2026-09-19T15:53:56+00:00,audit-service,2,10,cpu:
2026-09-19T15:53:56+00:00,auth-service,2,10,cpu:
2026-09-19T15:53:56+00:00,consent-service,5,10,cpu:
2026-09-19T15:53:56+00:00,exam-service,2,10,cpu:
2026-09-19T15:53:56+00:00,history-service,10,10,cpu:
2026-09-19T15:53:56+00:00,lab-service,2,10,cpu:
2026-09-19T15:53:56+00:00,notification-service,2,10,cpu:
2026-09-19T15:53:56+00:00,patient-service,6,10,cpu:
2026-09-19T15:53:56+00:00,result-service,3,10,cpu:
2026-09-19T15:53:56+00:00,triage-service,2,10,cpu:
2026-09-19T15:54:05+00:00,audit-service,2,10,cpu:
2026-09-19T15:54:05+00:00,auth-service,2,10,cpu:
2026-09-19T15:54:05+00:00,consent-service,5,10,cpu:
2026-09-19T15:54:05+00:00,exam-service,2,10,cpu:
2026-09-19T15:54:05+00:00,history-service,10,10,cpu:
2026-09-19T15:54:05+00:00,lab-service,2,10,cpu:
2026-09-19T15:54:05+00:00,notification-service,2,10,cpu:
2026-09-19T15:54:05+00:00,patient-service,6,10,cpu:
2026-09-19T15:54:05+00:00,result-service,3,10,cpu:
2026-09-19T15:54:05+00:00,triage-service,2,10,cpu:
2026-09-19T15:54:10+00:00,audit-service,2,10,cpu:
2026-09-19T15:54:10+00:00,auth-service,2,10,cpu:
2026-09-19T15:54:10+00:00,consent-service,4,10,cpu:
2026-09-19T15:54:10+00:00,exam-service,2,10,cpu:
2026-09-19T15:54:10+00:00,history-service,8,10,cpu:
2026-09-19T15:54:10+00:00,lab-service,2,10,cpu:
2026-09-19T15:54:10+00:00,notification-service,2,10,cpu:
2026-09-19T15:54:10+00:00,patient-service,4,10,cpu:
2026-09-19T15:54:10+00:00,result-service,3,10,cpu:
2026-09-19T15:54:10+00:00,triage-service,2,10,cpu:
2026-09-19T15:54:16+00:00,audit-service,2,10,cpu:
2026-09-19T15:54:16+00:00,auth-service,2,10,cpu:
2026-09-19T15:54:16+00:00,consent-service,4,10,cpu:
2026-09-19T15:54:16+00:00,exam-service,2,10,cpu:
2026-09-19T15:54:16+00:00,history-service,8,10,cpu:
2026-09-19T15:54:16+00:00,lab-service,2,10,cpu:
2026-09-19T15:54:16+00:00,notification-service,2,10,cpu:
2026-09-19T15:54:16+00:00,patient-service,4,10,cpu:
2026-09-19T15:54:16+00:00,result-service,3,10,cpu:
2026-09-19T15:54:16+00:00,triage-service,2,10,cpu:
2026-09-19T15:54:26+00:00,audit-service,2,10,cpu:
2026-09-19T15:54:26+00:00,auth-service,2,10,cpu:
2026-09-19T15:54:26+00:00,consent-service,3,10,cpu:
2026-09-19T15:54:26+00:00,exam-service,2,10,cpu:
2026-09-19T15:54:26+00:00,history-service,7,10,cpu:
2026-09-19T15:54:26+00:00,lab-service,2,10,cpu:
2026-09-19T15:54:26+00:00,notification-service,2,10,cpu:
2026-09-19T15:54:26+00:00,patient-service,4,10,cpu:
2026-09-19T15:54:26+00:00,result-service,2,10,cpu:
2026-09-19T15:54:26+00:00,triage-service,2,10,cpu:
2026-09-19T15:54:31+00:00,audit-service,2,10,cpu:
2026-09-19T15:54:31+00:00,auth-service,2,10,cpu:
2026-09-19T15:54:31+00:00,consent-service,3,10,cpu:
2026-09-19T15:54:31+00:00,exam-service,2,10,cpu:
2026-09-19T15:54:31+00:00,history-service,7,10,cpu:
2026-09-19T15:54:31+00:00,lab-service,2,10,cpu:
2026-09-19T15:54:31+00:00,notification-service,2,10,cpu:
2026-09-19T15:54:31+00:00,patient-service,4,10,cpu:
2026-09-19T15:54:31+00:00,result-service,2,10,cpu:
2026-09-19T15:54:31+00:00,triage-service,2,10,cpu:
2026-09-19T15:54:37+00:00,audit-service,2,10,cpu:
2026-09-19T15:54:37+00:00,auth-service,2,10,cpu:
2026-09-19T15:54:37+00:00,consent-service,3,10,cpu:
2026-09-19T15:54:37+00:00,exam-service,2,10,cpu:
2026-09-19T15:54:37+00:00,history-service,7,10,cpu:
2026-09-19T15:54:37+00:00,lab-service,2,10,cpu:
2026-09-19T15:54:37+00:00,notification-service,2,10,cpu:
2026-09-19T15:54:37+00:00,patient-service,4,10,cpu:
2026-09-19T15:54:37+00:00,result-service,2,10,cpu:
2026-09-19T15:54:37+00:00,triage-service,2,10,cpu:
2026-09-19T15:54:46+00:00,audit-service,2,10,cpu:
2026-09-19T15:54:46+00:00,auth-service,2,10,cpu:
2026-09-19T15:54:46+00:00,consent-service,3,10,cpu:
2026-09-19T15:54:46+00:00,exam-service,2,10,cpu:
2026-09-19T15:54:46+00:00,history-service,6,10,cpu:
2026-09-19T15:54:46+00:00,lab-service,2,10,cpu:
2026-09-19T15:54:46+00:00,notification-service,2,10,cpu:
2026-09-19T15:54:46+00:00,patient-service,3,10,cpu:
2026-09-19T15:54:46+00:00,result-service,2,10,cpu:
2026-09-19T15:54:46+00:00,triage-service,2,10,cpu:
2026-09-19T15:54:51+00:00,audit-service,2,10,cpu:
2026-09-19T15:54:51+00:00,auth-service,2,10,cpu:
2026-09-19T15:54:51+00:00,consent-service,3,10,cpu:
2026-09-19T15:54:51+00:00,exam-service,2,10,cpu:
2026-09-19T15:54:51+00:00,history-service,6,10,cpu:
2026-09-19T15:54:51+00:00,lab-service,2,10,cpu:
2026-09-19T15:54:51+00:00,notification-service,2,10,cpu:
2026-09-19T15:54:51+00:00,patient-service,3,10,cpu:
2026-09-19T15:54:51+00:00,result-service,2,10,cpu:
2026-09-19T15:54:51+00:00,triage-service,2,10,cpu:
2026-09-19T15:54:57+00:00,audit-service,2,10,cpu:
2026-09-19T15:54:57+00:00,auth-service,2,10,cpu:
2026-09-19T15:54:57+00:00,consent-service,2,10,cpu:
2026-09-19T15:54:57+00:00,exam-service,2,10,cpu:
2026-09-19T15:54:57+00:00,history-service,4,10,cpu:
2026-09-19T15:54:57+00:00,lab-service,2,10,cpu:
2026-09-19T15:54:57+00:00,notification-service,2,10,cpu:
2026-09-19T15:54:57+00:00,patient-service,2,10,cpu:
2026-09-19T15:54:57+00:00,result-service,2,10,cpu:
2026-09-19T15:54:57+00:00,triage-service,2,10,cpu:
2026-09-19T15:55:06+00:00,audit-service,2,10,cpu:
2026-09-19T15:55:06+00:00,auth-service,2,10,cpu:
2026-09-19T15:55:06+00:00,consent-service,2,10,cpu:
2026-09-19T15:55:06+00:00,exam-service,2,10,cpu:
2026-09-19T15:55:06+00:00,history-service,4,10,cpu:
2026-09-19T15:55:06+00:00,lab-service,2,10,cpu:
2026-09-19T15:55:06+00:00,notification-service,2,10,cpu:
2026-09-19T15:55:06+00:00,patient-service,2,10,cpu:
2026-09-19T15:55:06+00:00,result-service,2,10,cpu:
2026-09-19T15:55:06+00:00,triage-service,2,10,cpu:
2026-09-19T15:55:13+00:00,audit-service,2,10,cpu:
2026-09-19T15:55:13+00:00,auth-service,2,10,cpu:
2026-09-19T15:55:13+00:00,consent-service,2,10,cpu:
2026-09-19T15:55:13+00:00,exam-service,2,10,cpu:
2026-09-19T15:55:13+00:00,history-service,4,10,cpu:
2026-09-19T15:55:13+00:00,lab-service,2,10,cpu:
2026-09-19T15:55:13+00:00,notification-service,2,10,cpu:
2026-09-19T15:55:13+00:00,patient-service,2,10,cpu:
2026-09-19T15:55:13+00:00,result-service,2,10,cpu:
2026-09-19T15:55:13+00:00,triage-service,2,10,cpu:
2026-09-19T15:55:19+00:00,audit-service,2,10,cpu:
2026-09-19T15:55:19+00:00,auth-service,2,10,cpu:
2026-09-19T15:55:19+00:00,consent-service,2,10,cpu:
2026-09-19T15:55:19+00:00,exam-service,2,10,cpu:
2026-09-19T15:55:19+00:00,history-service,4,10,cpu:
2026-09-19T15:55:19+00:00,lab-service,2,10,cpu:
2026-09-19T15:55:19+00:00,notification-service,2,10,cpu:
2026-09-19T15:55:19+00:00,patient-service,2,10,cpu:
2026-09-19T15:55:19+00:00,result-service,2,10,cpu:
2026-09-19T15:55:19+00:00,triage-service,2,10,cpu:
2026-09-19T15:55:29+00:00,audit-service,2,10,cpu:
2026-09-19T15:55:29+00:00,auth-service,2,10,cpu:
2026-09-19T15:55:29+00:00,consent-service,3,10,cpu:
2026-09-19T15:55:29+00:00,exam-service,2,10,cpu:
2026-09-19T15:55:29+00:00,history-service,6,10,cpu:
2026-09-19T15:55:29+00:00,lab-service,2,10,cpu:
2026-09-19T15:55:29+00:00,notification-service,2,10,cpu:
2026-09-19T15:55:29+00:00,patient-service,2,10,cpu:
2026-09-19T15:55:29+00:00,result-service,2,10,cpu:
2026-09-19T15:55:29+00:00,triage-service,2,10,cpu:
2026-09-19T15:55:35+00:00,audit-service,2,10,cpu:
2026-09-19T15:55:35+00:00,auth-service,2,10,cpu:
2026-09-19T15:55:35+00:00,consent-service,3,10,cpu:
2026-09-19T15:55:35+00:00,exam-service,2,10,cpu:
2026-09-19T15:55:35+00:00,history-service,6,10,cpu:
2026-09-19T15:55:35+00:00,lab-service,2,10,cpu:
2026-09-19T15:55:35+00:00,notification-service,2,10,cpu:
2026-09-19T15:55:35+00:00,patient-service,2,10,cpu:
2026-09-19T15:55:35+00:00,result-service,2,10,cpu:
2026-09-19T15:55:35+00:00,triage-service,2,10,cpu:
2026-09-19T15:55:42+00:00,audit-service,2,10,cpu:
2026-09-19T15:55:42+00:00,auth-service,2,10,cpu:
2026-09-19T15:55:42+00:00,consent-service,4,10,cpu:
2026-09-19T15:55:42+00:00,exam-service,2,10,cpu:
2026-09-19T15:55:42+00:00,history-service,7,10,cpu:
2026-09-19T15:55:42+00:00,lab-service,2,10,cpu:
2026-09-19T15:55:42+00:00,notification-service,2,10,cpu:
2026-09-19T15:55:42+00:00,patient-service,4,10,cpu:
2026-09-19T15:55:42+00:00,result-service,2,10,cpu:
2026-09-19T15:55:42+00:00,triage-service,2,10,cpu:
2026-09-19T15:55:51+00:00,audit-service,2,10,cpu:
2026-09-19T15:55:51+00:00,auth-service,2,10,cpu:
2026-09-19T15:55:51+00:00,consent-service,4,10,cpu:
2026-09-19T15:55:51+00:00,exam-service,2,10,cpu:
2026-09-19T15:55:51+00:00,history-service,7,10,cpu:
2026-09-19T15:55:51+00:00,lab-service,2,10,cpu:
2026-09-19T15:55:51+00:00,notification-service,2,10,cpu:
2026-09-19T15:55:51+00:00,patient-service,4,10,cpu:
2026-09-19T15:55:51+00:00,result-service,2,10,cpu:
2026-09-19T15:55:51+00:00,triage-service,2,10,cpu:
2026-09-19T15:55:58+00:00,audit-service,2,10,cpu:
2026-09-19T15:55:58+00:00,auth-service,2,10,cpu:
2026-09-19T15:55:58+00:00,consent-service,5,10,cpu:
2026-09-19T15:55:58+00:00,exam-service,2,10,cpu:
2026-09-19T15:55:58+00:00,history-service,9,10,cpu:
2026-09-19T15:55:58+00:00,lab-service,2,10,cpu:
2026-09-19T15:55:58+00:00,notification-service,2,10,cpu:
2026-09-19T15:55:58+00:00,patient-service,4,10,cpu:
2026-09-19T15:55:58+00:00,result-service,3,10,cpu:
2026-09-19T15:55:58+00:00,triage-service,2,10,cpu:
2026-09-19T15:56:04+00:00,audit-service,2,10,cpu:
2026-09-19T15:56:04+00:00,auth-service,2,10,cpu:
2026-09-19T15:56:04+00:00,consent-service,5,10,cpu:
2026-09-19T15:56:04+00:00,exam-service,2,10,cpu:
2026-09-19T15:56:04+00:00,history-service,9,10,cpu:
2026-09-19T15:56:04+00:00,lab-service,2,10,cpu:
2026-09-19T15:56:04+00:00,notification-service,2,10,cpu:
2026-09-19T15:56:04+00:00,patient-service,4,10,cpu:
2026-09-19T15:56:04+00:00,result-service,3,10,cpu:
2026-09-19T15:56:04+00:00,triage-service,2,10,cpu:
2026-09-19T15:56:15+00:00,audit-service,2,10,cpu:
2026-09-19T15:56:15+00:00,auth-service,2,10,cpu:
2026-09-19T15:56:15+00:00,consent-service,5,10,cpu:
2026-09-19T15:56:15+00:00,exam-service,2,10,cpu:
2026-09-19T15:56:15+00:00,history-service,10,10,cpu:
2026-09-19T15:56:15+00:00,lab-service,2,10,cpu:
2026-09-19T15:56:15+00:00,notification-service,2,10,cpu:
2026-09-19T15:56:15+00:00,patient-service,5,10,cpu:
2026-09-19T15:56:15+00:00,result-service,3,10,cpu:
2026-09-19T15:56:15+00:00,triage-service,2,10,cpu:
2026-09-19T15:56:21+00:00,audit-service,2,10,cpu:
2026-09-19T15:56:21+00:00,auth-service,2,10,cpu:
2026-09-19T15:56:21+00:00,consent-service,5,10,cpu:
2026-09-19T15:56:21+00:00,exam-service,2,10,cpu:
2026-09-19T15:56:21+00:00,history-service,10,10,cpu:
2026-09-19T15:56:21+00:00,lab-service,2,10,cpu:
2026-09-19T15:56:21+00:00,notification-service,2,10,cpu:
2026-09-19T15:56:21+00:00,patient-service,5,10,cpu:
2026-09-19T15:56:21+00:00,result-service,3,10,cpu:
2026-09-19T15:56:21+00:00,triage-service,2,10,cpu:
2026-09-19T15:56:27+00:00,audit-service,2,10,cpu:
2026-09-19T15:56:27+00:00,auth-service,2,10,cpu:
2026-09-19T15:56:27+00:00,consent-service,5,10,cpu:
2026-09-19T15:56:27+00:00,exam-service,2,10,cpu:
2026-09-19T15:56:27+00:00,history-service,10,10,cpu:
2026-09-19T15:56:27+00:00,lab-service,2,10,cpu:
2026-09-19T15:56:27+00:00,notification-service,2,10,cpu:
2026-09-19T15:56:27+00:00,patient-service,5,10,cpu:
2026-09-19T15:56:27+00:00,result-service,3,10,cpu:
2026-09-19T15:56:27+00:00,triage-service,2,10,cpu:
2026-09-19T15:56:37+00:00,audit-service,2,10,cpu:
2026-09-19T15:56:37+00:00,auth-service,2,10,cpu:
2026-09-19T15:56:37+00:00,consent-service,5,10,cpu:
2026-09-19T15:56:37+00:00,exam-service,2,10,cpu:
2026-09-19T15:56:37+00:00,history-service,10,10,cpu:
2026-09-19T15:56:37+00:00,lab-service,2,10,cpu:
2026-09-19T15:56:37+00:00,notification-service,2,10,cpu:
2026-09-19T15:56:37+00:00,patient-service,5,10,cpu:
2026-09-19T15:56:37+00:00,result-service,3,10,cpu:
2026-09-19T15:56:37+00:00,triage-service,2,10,cpu:
2026-09-19T15:56:44+00:00,audit-service,2,10,cpu:
2026-09-19T15:56:44+00:00,auth-service,2,10,cpu:
2026-09-19T15:56:44+00:00,consent-service,5,10,cpu:
2026-09-19T15:56:44+00:00,exam-service,2,10,cpu:
2026-09-19T15:56:44+00:00,history-service,10,10,cpu:
2026-09-19T15:56:44+00:00,lab-service,2,10,cpu:
2026-09-19T15:56:44+00:00,notification-service,2,10,cpu:
2026-09-19T15:56:44+00:00,patient-service,5,10,cpu:
2026-09-19T15:56:44+00:00,result-service,3,10,cpu:
2026-09-19T15:56:44+00:00,triage-service,2,10,cpu:
2026-09-19T15:56:50+00:00,audit-service,2,10,cpu:
2026-09-19T15:56:50+00:00,auth-service,2,10,cpu:
2026-09-19T15:56:50+00:00,consent-service,5,10,cpu:
2026-09-19T15:56:50+00:00,exam-service,2,10,cpu:
2026-09-19T15:56:50+00:00,history-service,10,10,cpu:
2026-09-19T15:56:50+00:00,lab-service,2,10,cpu:
2026-09-19T15:56:50+00:00,notification-service,2,10,cpu:
2026-09-19T15:56:50+00:00,patient-service,5,10,cpu:
2026-09-19T15:56:50+00:00,result-service,3,10,cpu:
2026-09-19T15:56:50+00:00,triage-service,2,10,cpu:
2026-09-19T15:57:00+00:00,audit-service,2,10,cpu:
2026-09-19T15:57:00+00:00,auth-service,2,10,cpu:
2026-09-19T15:57:00+00:00,consent-service,10,10,cpu:
2026-09-19T15:57:00+00:00,exam-service,2,10,cpu:
2026-09-19T15:57:00+00:00,history-service,10,10,cpu:
2026-09-19T15:57:00+00:00,lab-service,2,10,cpu:
2026-09-19T15:57:00+00:00,notification-service,2,10,cpu:
2026-09-19T15:57:00+00:00,patient-service,10,10,cpu:
2026-09-19T15:57:00+00:00,result-service,3,10,cpu:
2026-09-19T15:57:00+00:00,triage-service,2,10,cpu:
2026-09-19T15:57:06+00:00,audit-service,2,10,cpu:
2026-09-19T15:57:06+00:00,auth-service,2,10,cpu:
2026-09-19T15:57:06+00:00,consent-service,10,10,cpu:
2026-09-19T15:57:06+00:00,exam-service,2,10,cpu:
2026-09-19T15:57:06+00:00,history-service,10,10,cpu:
2026-09-19T15:57:06+00:00,lab-service,2,10,cpu:
2026-09-19T15:57:06+00:00,notification-service,2,10,cpu:
2026-09-19T15:57:06+00:00,patient-service,10,10,cpu:
2026-09-19T15:57:06+00:00,result-service,3,10,cpu:
2026-09-19T15:57:06+00:00,triage-service,2,10,cpu:
2026-09-19T15:57:11+00:00,audit-service,2,10,cpu:
2026-09-19T15:57:11+00:00,auth-service,2,10,cpu:
2026-09-19T15:57:11+00:00,consent-service,10,10,cpu:
2026-09-19T15:57:11+00:00,exam-service,2,10,cpu:
2026-09-19T15:57:11+00:00,history-service,10,10,cpu:
2026-09-19T15:57:11+00:00,lab-service,2,10,cpu:
2026-09-19T15:57:11+00:00,notification-service,2,10,cpu:
2026-09-19T15:57:11+00:00,patient-service,10,10,cpu:
2026-09-19T15:57:11+00:00,result-service,3,10,cpu:
2026-09-19T15:57:11+00:00,triage-service,2,10,cpu:
2026-09-19T15:57:22+00:00,audit-service,2,10,cpu:
2026-09-19T15:57:22+00:00,auth-service,2,10,cpu:
2026-09-19T15:57:22+00:00,consent-service,10,10,cpu:
2026-09-19T15:57:22+00:00,exam-service,2,10,cpu:
2026-09-19T15:57:22+00:00,history-service,10,10,cpu:
2026-09-19T15:57:22+00:00,lab-service,2,10,cpu:
2026-09-19T15:57:22+00:00,notification-service,2,10,cpu:
2026-09-19T15:57:22+00:00,patient-service,10,10,cpu:
2026-09-19T15:57:22+00:00,result-service,3,10,cpu:
2026-09-19T15:57:22+00:00,triage-service,2,10,cpu:
2026-09-19T15:57:28+00:00,audit-service,2,10,cpu:
2026-09-19T15:57:28+00:00,auth-service,2,10,cpu:
2026-09-19T15:57:28+00:00,consent-service,10,10,cpu:
2026-09-19T15:57:28+00:00,exam-service,2,10,cpu:
2026-09-19T15:57:28+00:00,history-service,10,10,cpu:
2026-09-19T15:57:28+00:00,lab-service,2,10,cpu:
2026-09-19T15:57:28+00:00,notification-service,2,10,cpu:
2026-09-19T15:57:28+00:00,patient-service,10,10,cpu:
2026-09-19T15:57:28+00:00,result-service,6,10,cpu:
2026-09-19T15:57:28+00:00,triage-service,2,10,cpu:
2026-09-19T15:57:34+00:00,audit-service,2,10,cpu:
2026-09-19T15:57:34+00:00,auth-service,2,10,cpu:
2026-09-19T15:57:34+00:00,consent-service,10,10,cpu:
2026-09-19T15:57:34+00:00,exam-service,2,10,cpu:
2026-09-19T15:57:34+00:00,history-service,10,10,cpu:
2026-09-19T15:57:34+00:00,lab-service,2,10,cpu:
2026-09-19T15:57:34+00:00,notification-service,2,10,cpu:
2026-09-19T15:57:34+00:00,patient-service,10,10,cpu:
2026-09-19T15:57:34+00:00,result-service,6,10,cpu:
2026-09-19T15:57:34+00:00,triage-service,2,10,cpu:
2026-09-19T15:57:44+00:00,audit-service,2,10,cpu:
2026-09-19T15:57:44+00:00,auth-service,2,10,cpu:
2026-09-19T15:57:44+00:00,consent-service,10,10,cpu:
2026-09-19T15:57:44+00:00,exam-service,2,10,cpu:
2026-09-19T15:57:44+00:00,history-service,10,10,cpu:
2026-09-19T15:57:44+00:00,lab-service,2,10,cpu:
2026-09-19T15:57:44+00:00,notification-service,2,10,cpu:
2026-09-19T15:57:44+00:00,patient-service,10,10,cpu:
2026-09-19T15:57:44+00:00,result-service,6,10,cpu:
2026-09-19T15:57:44+00:00,triage-service,2,10,cpu:
2026-09-19T15:57:50+00:00,audit-service,2,10,cpu:
2026-09-19T15:57:50+00:00,auth-service,2,10,cpu:
2026-09-19T15:57:50+00:00,consent-service,10,10,cpu:
2026-09-19T15:57:50+00:00,exam-service,2,10,cpu:
2026-09-19T15:57:50+00:00,history-service,10,10,cpu:
2026-09-19T15:57:50+00:00,lab-service,2,10,cpu:
2026-09-19T15:57:50+00:00,notification-service,2,10,cpu:
2026-09-19T15:57:50+00:00,patient-service,10,10,cpu:
2026-09-19T15:57:50+00:00,result-service,6,10,cpu:
2026-09-19T15:57:50+00:00,triage-service,2,10,cpu:
2026-09-19T15:57:56+00:00,audit-service,2,10,cpu:
2026-09-19T15:57:56+00:00,auth-service,2,10,cpu:
2026-09-19T15:57:56+00:00,consent-service,10,10,cpu:
2026-09-19T15:57:56+00:00,exam-service,2,10,cpu:
2026-09-19T15:57:56+00:00,history-service,10,10,cpu:
2026-09-19T15:57:56+00:00,lab-service,2,10,cpu:
2026-09-19T15:57:56+00:00,notification-service,2,10,cpu:
2026-09-19T15:57:56+00:00,patient-service,10,10,cpu:
2026-09-19T15:57:56+00:00,result-service,6,10,cpu:
2026-09-19T15:57:56+00:00,triage-service,2,10,cpu:
2026-09-19T15:58:06+00:00,audit-service,2,10,cpu:
2026-09-19T15:58:06+00:00,auth-service,2,10,cpu:
2026-09-19T15:58:06+00:00,consent-service,10,10,cpu:
2026-09-19T15:58:06+00:00,exam-service,2,10,cpu:
2026-09-19T15:58:06+00:00,history-service,10,10,cpu:
2026-09-19T15:58:06+00:00,lab-service,2,10,cpu:
2026-09-19T15:58:06+00:00,notification-service,2,10,cpu:
2026-09-19T15:58:06+00:00,patient-service,10,10,cpu:
2026-09-19T15:58:06+00:00,result-service,6,10,cpu:
2026-09-19T15:58:06+00:00,triage-service,2,10,cpu:
2026-09-19T15:58:12+00:00,audit-service,2,10,cpu:
2026-09-19T15:58:12+00:00,auth-service,2,10,cpu:
2026-09-19T15:58:12+00:00,consent-service,10,10,cpu:
2026-09-19T15:58:12+00:00,exam-service,2,10,cpu:
2026-09-19T15:58:12+00:00,history-service,10,10,cpu:
2026-09-19T15:58:12+00:00,lab-service,2,10,cpu:
2026-09-19T15:58:12+00:00,notification-service,2,10,cpu:
2026-09-19T15:58:12+00:00,patient-service,10,10,cpu:
2026-09-19T15:58:12+00:00,result-service,6,10,cpu:
2026-09-19T15:58:12+00:00,triage-service,2,10,cpu:
2026-09-19T15:58:18+00:00,audit-service,2,10,cpu:
2026-09-19T15:58:18+00:00,auth-service,2,10,cpu:
2026-09-19T15:58:18+00:00,consent-service,10,10,cpu:
2026-09-19T15:58:18+00:00,exam-service,2,10,cpu:
2026-09-19T15:58:18+00:00,history-service,10,10,cpu:
2026-09-19T15:58:18+00:00,lab-service,2,10,cpu:
2026-09-19T15:58:18+00:00,notification-service,2,10,cpu:
2026-09-19T15:58:18+00:00,patient-service,10,10,cpu:
2026-09-19T15:58:18+00:00,result-service,6,10,cpu:
2026-09-19T15:58:18+00:00,triage-service,2,10,cpu:
2026-09-19T15:58:28+00:00,audit-service,2,10,cpu:
2026-09-19T15:58:28+00:00,auth-service,2,10,cpu:
2026-09-19T15:58:28+00:00,consent-service,10,10,cpu:
2026-09-19T15:58:28+00:00,exam-service,2,10,cpu:
2026-09-19T15:58:28+00:00,history-service,10,10,cpu:
2026-09-19T15:58:28+00:00,lab-service,2,10,cpu:
2026-09-19T15:58:28+00:00,notification-service,2,10,cpu:
2026-09-19T15:58:28+00:00,patient-service,10,10,cpu:
2026-09-19T15:58:28+00:00,result-service,6,10,cpu:
2026-09-19T15:58:28+00:00,triage-service,2,10,cpu:
2026-09-19T15:58:34+00:00,audit-service,2,10,cpu:
2026-09-19T15:58:34+00:00,auth-service,2,10,cpu:
2026-09-19T15:58:34+00:00,consent-service,10,10,cpu:
2026-09-19T15:58:34+00:00,exam-service,2,10,cpu:
2026-09-19T15:58:34+00:00,history-service,10,10,cpu:
2026-09-19T15:58:34+00:00,lab-service,2,10,cpu:
2026-09-19T15:58:34+00:00,notification-service,2,10,cpu:
2026-09-19T15:58:34+00:00,patient-service,10,10,cpu:
2026-09-19T15:58:34+00:00,result-service,6,10,cpu:
2026-09-19T15:58:34+00:00,triage-service,2,10,cpu:
2026-09-19T15:58:41+00:00,audit-service,2,10,cpu:
2026-09-19T15:58:41+00:00,auth-service,2,10,cpu:
2026-09-19T15:58:41+00:00,consent-service,10,10,cpu:
2026-09-19T15:58:41+00:00,exam-service,2,10,cpu:
2026-09-19T15:58:41+00:00,history-service,10,10,cpu:
2026-09-19T15:58:41+00:00,lab-service,2,10,cpu:
2026-09-19T15:58:41+00:00,notification-service,2,10,cpu:
2026-09-19T15:58:41+00:00,patient-service,10,10,cpu:
2026-09-19T15:58:41+00:00,result-service,6,10,cpu:
2026-09-19T15:58:41+00:00,triage-service,2,10,cpu:
2026-09-19T15:58:50+00:00,audit-service,2,10,cpu:
2026-09-19T15:58:50+00:00,auth-service,2,10,cpu:
2026-09-19T15:58:50+00:00,consent-service,10,10,cpu:
2026-09-19T15:58:50+00:00,exam-service,2,10,cpu:
2026-09-19T15:58:50+00:00,history-service,10,10,cpu:
2026-09-19T15:58:50+00:00,lab-service,2,10,cpu:
2026-09-19T15:58:50+00:00,notification-service,2,10,cpu:
2026-09-19T15:58:50+00:00,patient-service,10,10,cpu:
2026-09-19T15:58:50+00:00,result-service,6,10,cpu:
2026-09-19T15:58:50+00:00,triage-service,2,10,cpu:
2026-09-19T15:58:56+00:00,audit-service,2,10,cpu:
2026-09-19T15:58:56+00:00,auth-service,2,10,cpu:
2026-09-19T15:58:56+00:00,consent-service,10,10,cpu:
2026-09-19T15:58:56+00:00,exam-service,2,10,cpu:
2026-09-19T15:58:56+00:00,history-service,10,10,cpu:
2026-09-19T15:58:56+00:00,lab-service,2,10,cpu:
2026-09-19T15:58:56+00:00,notification-service,2,10,cpu:
2026-09-19T15:58:56+00:00,patient-service,10,10,cpu:
2026-09-19T15:58:56+00:00,result-service,6,10,cpu:
2026-09-19T15:58:56+00:00,triage-service,2,10,cpu:
2026-09-19T15:59:03+00:00,audit-service,2,10,cpu:
2026-09-19T15:59:03+00:00,auth-service,2,10,cpu:
2026-09-19T15:59:03+00:00,consent-service,10,10,cpu:
2026-09-19T15:59:03+00:00,exam-service,2,10,cpu:
2026-09-19T15:59:03+00:00,history-service,10,10,cpu:
2026-09-19T15:59:03+00:00,lab-service,2,10,cpu:
2026-09-19T15:59:03+00:00,notification-service,2,10,cpu:
2026-09-19T15:59:03+00:00,patient-service,10,10,cpu:
2026-09-19T15:59:03+00:00,result-service,6,10,cpu:
2026-09-19T15:59:03+00:00,triage-service,2,10,cpu:
2026-09-19T15:59:12+00:00,audit-service,2,10,cpu:
2026-09-19T15:59:12+00:00,auth-service,2,10,cpu:
2026-09-19T15:59:12+00:00,consent-service,10,10,cpu:
2026-09-19T15:59:12+00:00,exam-service,2,10,cpu:
2026-09-19T15:59:12+00:00,history-service,10,10,cpu:
2026-09-19T15:59:12+00:00,lab-service,2,10,cpu:
2026-09-19T15:59:12+00:00,notification-service,2,10,cpu:
2026-09-19T15:59:12+00:00,patient-service,10,10,cpu:
2026-09-19T15:59:12+00:00,result-service,6,10,cpu:
2026-09-19T15:59:12+00:00,triage-service,2,10,cpu:
2026-09-19T15:59:17+00:00,audit-service,2,10,cpu:
2026-09-19T15:59:17+00:00,auth-service,2,10,cpu:
2026-09-19T15:59:17+00:00,consent-service,10,10,cpu:
2026-09-19T15:59:17+00:00,exam-service,2,10,cpu:
2026-09-19T15:59:17+00:00,history-service,10,10,cpu:
2026-09-19T15:59:17+00:00,lab-service,2,10,cpu:
2026-09-19T15:59:17+00:00,notification-service,2,10,cpu:
2026-09-19T15:59:17+00:00,patient-service,10,10,cpu:
2026-09-19T15:59:17+00:00,result-service,6,10,cpu:
2026-09-19T15:59:17+00:00,triage-service,2,10,cpu:
2026-09-19T15:59:24+00:00,audit-service,2,10,cpu:
2026-09-19T15:59:24+00:00,auth-service,2,10,cpu:
2026-09-19T15:59:24+00:00,consent-service,10,10,cpu:
2026-09-19T15:59:24+00:00,exam-service,2,10,cpu:
2026-09-19T15:59:24+00:00,history-service,10,10,cpu:
2026-09-19T15:59:24+00:00,lab-service,2,10,cpu:
2026-09-19T15:59:24+00:00,notification-service,2,10,cpu:
2026-09-19T15:59:24+00:00,patient-service,10,10,cpu:
2026-09-19T15:59:24+00:00,result-service,6,10,cpu:
2026-09-19T15:59:24+00:00,triage-service,2,10,cpu:
2026-09-19T15:59:32+00:00,audit-service,2,10,cpu:
2026-09-19T15:59:32+00:00,auth-service,2,10,cpu:
2026-09-19T15:59:32+00:00,consent-service,10,10,cpu:
2026-09-19T15:59:32+00:00,exam-service,2,10,cpu:
2026-09-19T15:59:32+00:00,history-service,10,10,cpu:
2026-09-19T15:59:32+00:00,lab-service,2,10,cpu:
2026-09-19T15:59:32+00:00,notification-service,2,10,cpu:
2026-09-19T15:59:32+00:00,patient-service,10,10,cpu:
2026-09-19T15:59:32+00:00,result-service,6,10,cpu:
2026-09-19T15:59:32+00:00,triage-service,2,10,cpu:
2026-09-19T15:59:38+00:00,audit-service,2,10,cpu:
2026-09-19T15:59:38+00:00,auth-service,2,10,cpu:
2026-09-19T15:59:38+00:00,consent-service,10,10,cpu:
2026-09-19T15:59:38+00:00,exam-service,2,10,cpu:
2026-09-19T15:59:38+00:00,history-service,10,10,cpu:
2026-09-19T15:59:38+00:00,lab-service,2,10,cpu:
2026-09-19T15:59:38+00:00,notification-service,2,10,cpu:
2026-09-19T15:59:38+00:00,patient-service,10,10,cpu:
2026-09-19T15:59:38+00:00,result-service,6,10,cpu:
2026-09-19T15:59:38+00:00,triage-service,2,10,cpu:
2026-09-19T15:59:44+00:00,audit-service,2,10,cpu:
2026-09-19T15:59:44+00:00,auth-service,2,10,cpu:
2026-09-19T15:59:44+00:00,consent-service,10,10,cpu:
2026-09-19T15:59:44+00:00,exam-service,2,10,cpu:
2026-09-19T15:59:44+00:00,history-service,10,10,cpu:
2026-09-19T15:59:44+00:00,lab-service,2,10,cpu:
2026-09-19T15:59:44+00:00,notification-service,2,10,cpu:
2026-09-19T15:59:44+00:00,patient-service,10,10,cpu:
2026-09-19T15:59:44+00:00,result-service,6,10,cpu:
2026-09-19T15:59:44+00:00,triage-service,2,10,cpu:
2026-09-19T15:59:54+00:00,audit-service,2,10,cpu:
2026-09-19T15:59:54+00:00,auth-service,2,10,cpu:
2026-09-19T15:59:54+00:00,consent-service,10,10,cpu:
2026-09-19T15:59:54+00:00,exam-service,2,10,cpu:
2026-09-19T15:59:54+00:00,history-service,10,10,cpu:
2026-09-19T15:59:54+00:00,lab-service,2,10,cpu:
2026-09-19T15:59:54+00:00,notification-service,2,10,cpu:
2026-09-19T15:59:54+00:00,patient-service,10,10,cpu:
2026-09-19T15:59:54+00:00,result-service,6,10,cpu:
2026-09-19T15:59:54+00:00,triage-service,2,10,cpu:
2026-09-19T16:00:00+00:00,audit-service,2,10,cpu:
2026-09-19T16:00:00+00:00,auth-service,2,10,cpu:
2026-09-19T16:00:00+00:00,consent-service,10,10,cpu:
2026-09-19T16:00:00+00:00,exam-service,2,10,cpu:
2026-09-19T16:00:00+00:00,history-service,10,10,cpu:
2026-09-19T16:00:00+00:00,lab-service,2,10,cpu:
2026-09-19T16:00:00+00:00,notification-service,2,10,cpu:
2026-09-19T16:00:00+00:00,patient-service,10,10,cpu:
2026-09-19T16:00:00+00:00,result-service,6,10,cpu:
2026-09-19T16:00:00+00:00,triage-service,2,10,cpu:
2026-09-19T16:00:06+00:00,audit-service,2,10,cpu:
2026-09-19T16:00:06+00:00,auth-service,2,10,cpu:
2026-09-19T16:00:06+00:00,consent-service,10,10,cpu:
2026-09-19T16:00:06+00:00,exam-service,2,10,cpu:
2026-09-19T16:00:06+00:00,history-service,10,10,cpu:
2026-09-19T16:00:06+00:00,lab-service,2,10,cpu:
2026-09-19T16:00:06+00:00,notification-service,2,10,cpu:
2026-09-19T16:00:06+00:00,patient-service,10,10,cpu:
2026-09-19T16:00:06+00:00,result-service,6,10,cpu:
2026-09-19T16:00:06+00:00,triage-service,2,10,cpu:
2026-09-19T16:00:15+00:00,audit-service,2,10,cpu:
2026-09-19T16:00:15+00:00,auth-service,2,10,cpu:
2026-09-19T16:00:15+00:00,consent-service,10,10,cpu:
2026-09-19T16:00:15+00:00,exam-service,2,10,cpu:
2026-09-19T16:00:15+00:00,history-service,10,10,cpu:
2026-09-19T16:00:15+00:00,lab-service,2,10,cpu:
2026-09-19T16:00:15+00:00,notification-service,2,10,cpu:
2026-09-19T16:00:15+00:00,patient-service,10,10,cpu:
2026-09-19T16:00:15+00:00,result-service,6,10,cpu:
2026-09-19T16:00:15+00:00,triage-service,2,10,cpu:
2026-09-19T16:00:21+00:00,audit-service,2,10,cpu:
2026-09-19T16:00:21+00:00,auth-service,2,10,cpu:
2026-09-19T16:00:21+00:00,consent-service,10,10,cpu:
2026-09-19T16:00:21+00:00,exam-service,2,10,cpu:
2026-09-19T16:00:21+00:00,history-service,10,10,cpu:
2026-09-19T16:00:21+00:00,lab-service,2,10,cpu:
2026-09-19T16:00:21+00:00,notification-service,2,10,cpu:
2026-09-19T16:00:21+00:00,patient-service,10,10,cpu:
2026-09-19T16:00:21+00:00,result-service,6,10,cpu:
2026-09-19T16:00:21+00:00,triage-service,2,10,cpu:
2026-09-19T16:00:28+00:00,audit-service,2,10,cpu:
2026-09-19T16:00:28+00:00,auth-service,2,10,cpu:
2026-09-19T16:00:28+00:00,consent-service,10,10,cpu:
2026-09-19T16:00:28+00:00,exam-service,2,10,cpu:
2026-09-19T16:00:28+00:00,history-service,10,10,cpu:
2026-09-19T16:00:28+00:00,lab-service,2,10,cpu:
2026-09-19T16:00:28+00:00,notification-service,2,10,cpu:
2026-09-19T16:00:28+00:00,patient-service,10,10,cpu:
2026-09-19T16:00:28+00:00,result-service,6,10,cpu:
2026-09-19T16:00:28+00:00,triage-service,2,10,cpu:
2026-09-19T16:00:37+00:00,audit-service,2,10,cpu:
2026-09-19T16:00:37+00:00,auth-service,2,10,cpu:
2026-09-19T16:00:37+00:00,consent-service,10,10,cpu:
2026-09-19T16:00:37+00:00,exam-service,2,10,cpu:
2026-09-19T16:00:37+00:00,history-service,10,10,cpu:
2026-09-19T16:00:37+00:00,lab-service,2,10,cpu:
2026-09-19T16:00:37+00:00,notification-service,2,10,cpu:
2026-09-19T16:00:37+00:00,patient-service,10,10,cpu:
2026-09-19T16:00:37+00:00,result-service,6,10,cpu:
2026-09-19T16:00:37+00:00,triage-service,2,10,cpu:
2026-09-19T16:00:43+00:00,audit-service,2,10,cpu:
2026-09-19T16:00:43+00:00,auth-service,2,10,cpu:
2026-09-19T16:00:43+00:00,consent-service,10,10,cpu:
2026-09-19T16:00:43+00:00,exam-service,2,10,cpu:
2026-09-19T16:00:43+00:00,history-service,10,10,cpu:
2026-09-19T16:00:43+00:00,lab-service,2,10,cpu:
2026-09-19T16:00:43+00:00,notification-service,2,10,cpu:
2026-09-19T16:00:43+00:00,patient-service,10,10,cpu:
2026-09-19T16:00:43+00:00,result-service,6,10,cpu:
2026-09-19T16:00:43+00:00,triage-service,2,10,cpu:
2026-09-19T16:00:48+00:00,audit-service,2,10,cpu:
2026-09-19T16:00:48+00:00,auth-service,2,10,cpu:
2026-09-19T16:00:48+00:00,consent-service,10,10,cpu:
2026-09-19T16:00:48+00:00,exam-service,2,10,cpu:
2026-09-19T16:00:48+00:00,history-service,10,10,cpu:
2026-09-19T16:00:48+00:00,lab-service,2,10,cpu:
2026-09-19T16:00:48+00:00,notification-service,2,10,cpu:
2026-09-19T16:00:48+00:00,patient-service,10,10,cpu:
2026-09-19T16:00:48+00:00,result-service,6,10,cpu:
2026-09-19T16:00:48+00:00,triage-service,2,10,cpu:
2026-09-19T16:00:57+00:00,audit-service,2,10,cpu:
2026-09-19T16:00:57+00:00,auth-service,2,10,cpu:
2026-09-19T16:00:57+00:00,consent-service,10,10,cpu:
2026-09-19T16:00:57+00:00,exam-service,2,10,cpu:
2026-09-19T16:00:57+00:00,history-service,10,10,cpu:
2026-09-19T16:00:57+00:00,lab-service,2,10,cpu:
2026-09-19T16:00:57+00:00,notification-service,2,10,cpu:
2026-09-19T16:00:57+00:00,patient-service,10,10,cpu:
2026-09-19T16:00:57+00:00,result-service,6,10,cpu:
2026-09-19T16:00:57+00:00,triage-service,2,10,cpu:
2026-09-19T16:01:03+00:00,audit-service,2,10,cpu:
2026-09-19T16:01:03+00:00,auth-service,2,10,cpu:
2026-09-19T16:01:03+00:00,consent-service,10,10,cpu:
2026-09-19T16:01:03+00:00,exam-service,2,10,cpu:
2026-09-19T16:01:03+00:00,history-service,10,10,cpu:
2026-09-19T16:01:03+00:00,lab-service,2,10,cpu:
2026-09-19T16:01:03+00:00,notification-service,2,10,cpu:
2026-09-19T16:01:03+00:00,patient-service,10,10,cpu:
2026-09-19T16:01:03+00:00,result-service,6,10,cpu:
2026-09-19T16:01:03+00:00,triage-service,2,10,cpu:
2026-09-19T16:01:08+00:00,audit-service,2,10,cpu:
2026-09-19T16:01:08+00:00,auth-service,2,10,cpu:
2026-09-19T16:01:08+00:00,consent-service,10,10,cpu:
2026-09-19T16:01:08+00:00,exam-service,2,10,cpu:
2026-09-19T16:01:08+00:00,history-service,10,10,cpu:
2026-09-19T16:01:08+00:00,lab-service,2,10,cpu:
2026-09-19T16:01:08+00:00,notification-service,2,10,cpu:
2026-09-19T16:01:08+00:00,patient-service,10,10,cpu:
2026-09-19T16:01:08+00:00,result-service,6,10,cpu:
2026-09-19T16:01:08+00:00,triage-service,2,10,cpu:
2026-09-19T16:01:17+00:00,audit-service,2,10,cpu:
2026-09-19T16:01:17+00:00,auth-service,2,10,cpu:
2026-09-19T16:01:17+00:00,consent-service,10,10,cpu:
2026-09-19T16:01:17+00:00,exam-service,2,10,cpu:
2026-09-19T16:01:17+00:00,history-service,10,10,cpu:
2026-09-19T16:01:17+00:00,lab-service,2,10,cpu:
2026-09-19T16:01:17+00:00,notification-service,2,10,cpu:
2026-09-19T16:01:17+00:00,patient-service,10,10,cpu:
2026-09-19T16:01:17+00:00,result-service,6,10,cpu:
2026-09-19T16:01:17+00:00,triage-service,2,10,cpu:
2026-09-19T16:01:22+00:00,audit-service,2,10,cpu:
2026-09-19T16:01:22+00:00,auth-service,2,10,cpu:
2026-09-19T16:01:22+00:00,consent-service,10,10,cpu:
2026-09-19T16:01:22+00:00,exam-service,2,10,cpu:
2026-09-19T16:01:22+00:00,history-service,10,10,cpu:
2026-09-19T16:01:22+00:00,lab-service,2,10,cpu:
2026-09-19T16:01:22+00:00,notification-service,2,10,cpu:
2026-09-19T16:01:22+00:00,patient-service,10,10,cpu:
2026-09-19T16:01:22+00:00,result-service,6,10,cpu:
2026-09-19T16:01:22+00:00,triage-service,2,10,cpu:
2026-09-19T16:01:28+00:00,audit-service,2,10,cpu:
2026-09-19T16:01:28+00:00,auth-service,2,10,cpu:
2026-09-19T16:01:28+00:00,consent-service,10,10,cpu:
2026-09-19T16:01:28+00:00,exam-service,2,10,cpu:
2026-09-19T16:01:28+00:00,history-service,10,10,cpu:
2026-09-19T16:01:28+00:00,lab-service,2,10,cpu:
2026-09-19T16:01:28+00:00,notification-service,2,10,cpu:
2026-09-19T16:01:28+00:00,patient-service,10,10,cpu:
2026-09-19T16:01:28+00:00,result-service,6,10,cpu:
2026-09-19T16:01:28+00:00,triage-service,2,10,cpu:
2026-09-19T16:01:36+00:00,audit-service,2,10,cpu:
2026-09-19T16:01:36+00:00,auth-service,2,10,cpu:
2026-09-19T16:01:36+00:00,consent-service,10,10,cpu:
2026-09-19T16:01:36+00:00,exam-service,2,10,cpu:
2026-09-19T16:01:36+00:00,history-service,10,10,cpu:
2026-09-19T16:01:36+00:00,lab-service,2,10,cpu:
2026-09-19T16:01:36+00:00,notification-service,2,10,cpu:
2026-09-19T16:01:36+00:00,patient-service,10,10,cpu:
2026-09-19T16:01:36+00:00,result-service,6,10,cpu:
2026-09-19T16:01:36+00:00,triage-service,2,10,cpu:
2026-09-19T16:01:42+00:00,audit-service,2,10,cpu:
2026-09-19T16:01:42+00:00,auth-service,2,10,cpu:
2026-09-19T16:01:42+00:00,consent-service,10,10,cpu:
2026-09-19T16:01:42+00:00,exam-service,2,10,cpu:
2026-09-19T16:01:42+00:00,history-service,10,10,cpu:
2026-09-19T16:01:42+00:00,lab-service,2,10,cpu:
2026-09-19T16:01:42+00:00,notification-service,2,10,cpu:
2026-09-19T16:01:42+00:00,patient-service,10,10,cpu:
2026-09-19T16:01:42+00:00,result-service,6,10,cpu:
2026-09-19T16:01:42+00:00,triage-service,2,10,cpu:
2026-09-19T16:01:47+00:00,audit-service,2,10,cpu:
2026-09-19T16:01:47+00:00,auth-service,2,10,cpu:
2026-09-19T16:01:47+00:00,consent-service,10,10,cpu:
2026-09-19T16:01:47+00:00,exam-service,2,10,cpu:
2026-09-19T16:01:47+00:00,history-service,10,10,cpu:
2026-09-19T16:01:47+00:00,lab-service,2,10,cpu:
2026-09-19T16:01:47+00:00,notification-service,2,10,cpu:
2026-09-19T16:01:47+00:00,patient-service,10,10,cpu:
2026-09-19T16:01:47+00:00,result-service,6,10,cpu:
2026-09-19T16:01:47+00:00,triage-service,2,10,cpu:
2026-09-19T16:01:55+00:00,audit-service,2,10,cpu:
2026-09-19T16:01:55+00:00,auth-service,2,10,cpu:
2026-09-19T16:01:55+00:00,consent-service,10,10,cpu:
2026-09-19T16:01:55+00:00,exam-service,2,10,cpu:
2026-09-19T16:01:55+00:00,history-service,10,10,cpu:
2026-09-19T16:01:55+00:00,lab-service,2,10,cpu:
2026-09-19T16:01:55+00:00,notification-service,2,10,cpu:
2026-09-19T16:01:55+00:00,patient-service,10,10,cpu:
2026-09-19T16:01:55+00:00,result-service,6,10,cpu:
2026-09-19T16:01:55+00:00,triage-service,2,10,cpu:
2026-09-19T16:02:02+00:00,audit-service,2,10,cpu:
2026-09-19T16:02:02+00:00,auth-service,2,10,cpu:
2026-09-19T16:02:02+00:00,consent-service,10,10,cpu:
2026-09-19T16:02:02+00:00,exam-service,2,10,cpu:
2026-09-19T16:02:02+00:00,history-service,10,10,cpu:
2026-09-19T16:02:02+00:00,lab-service,2,10,cpu:
2026-09-19T16:02:02+00:00,notification-service,2,10,cpu:
2026-09-19T16:02:02+00:00,patient-service,10,10,cpu:
2026-09-19T16:02:02+00:00,result-service,6,10,cpu:
2026-09-19T16:02:02+00:00,triage-service,2,10,cpu:
2026-09-19T16:02:07+00:00,audit-service,2,10,cpu:
2026-09-19T16:02:07+00:00,auth-service,2,10,cpu:
2026-09-19T16:02:07+00:00,consent-service,10,10,cpu:
2026-09-19T16:02:07+00:00,exam-service,2,10,cpu:
2026-09-19T16:02:07+00:00,history-service,10,10,cpu:
2026-09-19T16:02:07+00:00,lab-service,2,10,cpu:
2026-09-19T16:02:07+00:00,notification-service,2,10,cpu:
2026-09-19T16:02:07+00:00,patient-service,10,10,cpu:
2026-09-19T16:02:07+00:00,result-service,6,10,cpu:
2026-09-19T16:02:07+00:00,triage-service,2,10,cpu:
2026-09-19T16:02:15+00:00,audit-service,2,10,cpu:
2026-09-19T16:02:15+00:00,auth-service,2,10,cpu:
2026-09-19T16:02:15+00:00,consent-service,10,10,cpu:
2026-09-19T16:02:15+00:00,exam-service,2,10,cpu:
2026-09-19T16:02:15+00:00,history-service,10,10,cpu:
2026-09-19T16:02:15+00:00,lab-service,2,10,cpu:
2026-09-19T16:02:15+00:00,notification-service,2,10,cpu:
2026-09-19T16:02:15+00:00,patient-service,10,10,cpu:
2026-09-19T16:02:15+00:00,result-service,6,10,cpu:
2026-09-19T16:02:15+00:00,triage-service,2,10,cpu:
2026-09-19T16:02:20+00:00,audit-service,2,10,cpu:
2026-09-19T16:02:20+00:00,auth-service,2,10,cpu:
2026-09-19T16:02:20+00:00,consent-service,10,10,cpu:
2026-09-19T16:02:20+00:00,exam-service,2,10,cpu:
2026-09-19T16:02:20+00:00,history-service,10,10,cpu:
2026-09-19T16:02:20+00:00,lab-service,2,10,cpu:
2026-09-19T16:02:20+00:00,notification-service,2,10,cpu:
2026-09-19T16:02:20+00:00,patient-service,10,10,cpu:
2026-09-19T16:02:20+00:00,result-service,6,10,cpu:
2026-09-19T16:02:20+00:00,triage-service,2,10,cpu:
2026-09-19T16:02:26+00:00,audit-service,2,10,cpu:
2026-09-19T16:02:26+00:00,auth-service,2,10,cpu:
2026-09-19T16:02:26+00:00,consent-service,10,10,cpu:
2026-09-19T16:02:26+00:00,exam-service,2,10,cpu:
2026-09-19T16:02:26+00:00,history-service,10,10,cpu:
2026-09-19T16:02:26+00:00,lab-service,2,10,cpu:
2026-09-19T16:02:26+00:00,notification-service,2,10,cpu:
2026-09-19T16:02:26+00:00,patient-service,10,10,cpu:
2026-09-19T16:02:26+00:00,result-service,6,10,cpu:
2026-09-19T16:02:26+00:00,triage-service,2,10,cpu:
2026-09-19T16:02:34+00:00,audit-service,2,10,cpu:
2026-09-19T16:02:34+00:00,auth-service,2,10,cpu:
2026-09-19T16:02:34+00:00,consent-service,10,10,cpu:
2026-09-19T16:02:34+00:00,exam-service,2,10,cpu:
2026-09-19T16:02:34+00:00,history-service,10,10,cpu:
2026-09-19T16:02:34+00:00,lab-service,2,10,cpu:
2026-09-19T16:02:34+00:00,notification-service,2,10,cpu:
2026-09-19T16:02:34+00:00,patient-service,10,10,cpu:
2026-09-19T16:02:34+00:00,result-service,6,10,cpu:
2026-09-19T16:02:34+00:00,triage-service,2,10,cpu:
2026-09-19T16:02:40+00:00,audit-service,2,10,cpu:
2026-09-19T16:02:40+00:00,auth-service,2,10,cpu:
2026-09-19T16:02:40+00:00,consent-service,10,10,cpu:
2026-09-19T16:02:40+00:00,exam-service,2,10,cpu:
2026-09-19T16:02:40+00:00,history-service,10,10,cpu:
2026-09-19T16:02:40+00:00,lab-service,2,10,cpu:
2026-09-19T16:02:40+00:00,notification-service,2,10,cpu:
2026-09-19T16:02:40+00:00,patient-service,10,10,cpu:
2026-09-19T16:02:40+00:00,result-service,6,10,cpu:
2026-09-19T16:02:40+00:00,triage-service,2,10,cpu:
2026-09-19T16:02:46+00:00,audit-service,2,10,cpu:
2026-09-19T16:02:46+00:00,auth-service,2,10,cpu:
2026-09-19T16:02:46+00:00,consent-service,10,10,cpu:
2026-09-19T16:02:46+00:00,exam-service,2,10,cpu:
2026-09-19T16:02:46+00:00,history-service,10,10,cpu:
2026-09-19T16:02:46+00:00,lab-service,2,10,cpu:
2026-09-19T16:02:46+00:00,notification-service,2,10,cpu:
2026-09-19T16:02:46+00:00,patient-service,10,10,cpu:
2026-09-19T16:02:46+00:00,result-service,6,10,cpu:
2026-09-19T16:02:46+00:00,triage-service,2,10,cpu:
2026-09-19T16:02:53+00:00,audit-service,2,10,cpu:
2026-09-19T16:02:53+00:00,auth-service,2,10,cpu:
2026-09-19T16:02:53+00:00,consent-service,10,10,cpu:
2026-09-19T16:02:53+00:00,exam-service,2,10,cpu:
2026-09-19T16:02:53+00:00,history-service,10,10,cpu:
2026-09-19T16:02:53+00:00,lab-service,2,10,cpu:
2026-09-19T16:02:53+00:00,notification-service,2,10,cpu:
2026-09-19T16:02:53+00:00,patient-service,10,10,cpu:
2026-09-19T16:02:53+00:00,result-service,6,10,cpu:
2026-09-19T16:02:53+00:00,triage-service,2,10,cpu:
2026-09-19T16:02:59+00:00,audit-service,2,10,cpu:
2026-09-19T16:02:59+00:00,auth-service,2,10,cpu:
2026-09-19T16:02:59+00:00,consent-service,10,10,cpu:
2026-09-19T16:02:59+00:00,exam-service,2,10,cpu:
2026-09-19T16:02:59+00:00,history-service,10,10,cpu:
2026-09-19T16:02:59+00:00,lab-service,2,10,cpu:
2026-09-19T16:02:59+00:00,notification-service,2,10,cpu:
2026-09-19T16:02:59+00:00,patient-service,10,10,cpu:
2026-09-19T16:02:59+00:00,result-service,6,10,cpu:
2026-09-19T16:02:59+00:00,triage-service,2,10,cpu:
2026-09-19T16:03:04+00:00,audit-service,2,10,cpu:
2026-09-19T16:03:04+00:00,auth-service,2,10,cpu:
2026-09-19T16:03:04+00:00,consent-service,10,10,cpu:
2026-09-19T16:03:04+00:00,exam-service,2,10,cpu:
2026-09-19T16:03:04+00:00,history-service,10,10,cpu:
2026-09-19T16:03:04+00:00,lab-service,2,10,cpu:
2026-09-19T16:03:04+00:00,notification-service,2,10,cpu:
2026-09-19T16:03:04+00:00,patient-service,10,10,cpu:
2026-09-19T16:03:04+00:00,result-service,6,10,cpu:
2026-09-19T16:03:04+00:00,triage-service,2,10,cpu:
2026-09-19T16:03:12+00:00,audit-service,2,10,cpu:
2026-09-19T16:03:12+00:00,auth-service,2,10,cpu:
2026-09-19T16:03:12+00:00,consent-service,10,10,cpu:
2026-09-19T16:03:12+00:00,exam-service,2,10,cpu:
2026-09-19T16:03:12+00:00,history-service,10,10,cpu:
2026-09-19T16:03:12+00:00,lab-service,2,10,cpu:
2026-09-19T16:03:12+00:00,notification-service,2,10,cpu:
2026-09-19T16:03:12+00:00,patient-service,10,10,cpu:
2026-09-19T16:03:12+00:00,result-service,6,10,cpu:
2026-09-19T16:03:12+00:00,triage-service,2,10,cpu:
2026-09-19T16:03:19+00:00,audit-service,2,10,cpu:
2026-09-19T16:03:19+00:00,auth-service,2,10,cpu:
2026-09-19T16:03:19+00:00,consent-service,10,10,cpu:
2026-09-19T16:03:19+00:00,exam-service,2,10,cpu:
2026-09-19T16:03:19+00:00,history-service,10,10,cpu:
2026-09-19T16:03:19+00:00,lab-service,2,10,cpu:
2026-09-19T16:03:19+00:00,notification-service,2,10,cpu:
2026-09-19T16:03:19+00:00,patient-service,10,10,cpu:
2026-09-19T16:03:19+00:00,result-service,6,10,cpu:
2026-09-19T16:03:19+00:00,triage-service,2,10,cpu:
2026-09-19T16:03:25+00:00,audit-service,2,10,cpu:
2026-09-19T16:03:25+00:00,auth-service,2,10,cpu:
2026-09-19T16:03:25+00:00,consent-service,10,10,cpu:
2026-09-19T16:03:25+00:00,exam-service,2,10,cpu:
2026-09-19T16:03:25+00:00,history-service,10,10,cpu:
2026-09-19T16:03:25+00:00,lab-service,2,10,cpu:
2026-09-19T16:03:25+00:00,notification-service,2,10,cpu:
2026-09-19T16:03:25+00:00,patient-service,10,10,cpu:
2026-09-19T16:03:25+00:00,result-service,6,10,cpu:
2026-09-19T16:03:25+00:00,triage-service,2,10,cpu:
2026-09-19T16:03:33+00:00,audit-service,2,10,cpu:
2026-09-19T16:03:33+00:00,auth-service,2,10,cpu:
2026-09-19T16:03:33+00:00,consent-service,10,10,cpu:
2026-09-19T16:03:33+00:00,exam-service,2,10,cpu:
2026-09-19T16:03:33+00:00,history-service,10,10,cpu:
2026-09-19T16:03:33+00:00,lab-service,2,10,cpu:
2026-09-19T16:03:33+00:00,notification-service,2,10,cpu:
2026-09-19T16:03:33+00:00,patient-service,10,10,cpu:
2026-09-19T16:03:33+00:00,result-service,6,10,cpu:
2026-09-19T16:03:33+00:00,triage-service,2,10,cpu:
2026-09-19T16:03:39+00:00,audit-service,2,10,cpu:
2026-09-19T16:03:39+00:00,auth-service,2,10,cpu:
2026-09-19T16:03:39+00:00,consent-service,10,10,cpu:
2026-09-19T16:03:39+00:00,exam-service,2,10,cpu:
2026-09-19T16:03:39+00:00,history-service,10,10,cpu:
2026-09-19T16:03:39+00:00,lab-service,2,10,cpu:
2026-09-19T16:03:39+00:00,notification-service,2,10,cpu:
2026-09-19T16:03:39+00:00,patient-service,10,10,cpu:
2026-09-19T16:03:39+00:00,result-service,6,10,cpu:
2026-09-19T16:03:39+00:00,triage-service,2,10,cpu:
2026-09-19T16:03:45+00:00,audit-service,2,10,cpu:
2026-09-19T16:03:45+00:00,auth-service,2,10,cpu:
2026-09-19T16:03:45+00:00,consent-service,10,10,cpu:
2026-09-19T16:03:45+00:00,exam-service,2,10,cpu:
2026-09-19T16:03:45+00:00,history-service,10,10,cpu:
2026-09-19T16:03:45+00:00,lab-service,2,10,cpu:
2026-09-19T16:03:45+00:00,notification-service,2,10,cpu:
2026-09-19T16:03:45+00:00,patient-service,10,10,cpu:
2026-09-19T16:03:45+00:00,result-service,6,10,cpu:
2026-09-19T16:03:45+00:00,triage-service,2,10,cpu:
2026-09-19T16:03:53+00:00,audit-service,2,10,cpu:
2026-09-19T16:03:53+00:00,auth-service,2,10,cpu:
2026-09-19T16:03:53+00:00,consent-service,10,10,cpu:
2026-09-19T16:03:53+00:00,exam-service,2,10,cpu:
2026-09-19T16:03:53+00:00,history-service,10,10,cpu:
2026-09-19T16:03:53+00:00,lab-service,2,10,cpu:
2026-09-19T16:03:53+00:00,notification-service,2,10,cpu:
2026-09-19T16:03:53+00:00,patient-service,10,10,cpu:
2026-09-19T16:03:53+00:00,result-service,6,10,cpu:
2026-09-19T16:03:53+00:00,triage-service,2,10,cpu:
2026-09-19T16:03:59+00:00,audit-service,2,10,cpu:
2026-09-19T16:03:59+00:00,auth-service,2,10,cpu:
2026-09-19T16:03:59+00:00,consent-service,10,10,cpu:
2026-09-19T16:03:59+00:00,exam-service,2,10,cpu:
2026-09-19T16:03:59+00:00,history-service,10,10,cpu:
2026-09-19T16:03:59+00:00,lab-service,2,10,cpu:
2026-09-19T16:03:59+00:00,notification-service,2,10,cpu:
2026-09-19T16:03:59+00:00,patient-service,10,10,cpu:
2026-09-19T16:03:59+00:00,result-service,6,10,cpu:
2026-09-19T16:03:59+00:00,triage-service,2,10,cpu:
2026-09-19T16:04:05+00:00,audit-service,2,10,cpu:
2026-09-19T16:04:05+00:00,auth-service,2,10,cpu:
2026-09-19T16:04:05+00:00,consent-service,10,10,cpu:
2026-09-19T16:04:05+00:00,exam-service,2,10,cpu:
2026-09-19T16:04:05+00:00,history-service,10,10,cpu:
2026-09-19T16:04:05+00:00,lab-service,2,10,cpu:
2026-09-19T16:04:05+00:00,notification-service,2,10,cpu:
2026-09-19T16:04:05+00:00,patient-service,10,10,cpu:
2026-09-19T16:04:05+00:00,result-service,6,10,cpu:
2026-09-19T16:04:05+00:00,triage-service,2,10,cpu:
2026-09-19T16:04:13+00:00,audit-service,2,10,cpu:
2026-09-19T16:04:13+00:00,auth-service,2,10,cpu:
2026-09-19T16:04:13+00:00,consent-service,10,10,cpu:
2026-09-19T16:04:13+00:00,exam-service,2,10,cpu:
2026-09-19T16:04:13+00:00,history-service,10,10,cpu:
2026-09-19T16:04:13+00:00,lab-service,2,10,cpu:
2026-09-19T16:04:13+00:00,notification-service,2,10,cpu:
2026-09-19T16:04:13+00:00,patient-service,10,10,cpu:
2026-09-19T16:04:13+00:00,result-service,6,10,cpu:
2026-09-19T16:04:13+00:00,triage-service,2,10,cpu:
2026-09-19T16:04:19+00:00,audit-service,2,10,cpu:
2026-09-19T16:04:19+00:00,auth-service,2,10,cpu:
2026-09-19T16:04:19+00:00,consent-service,10,10,cpu:
2026-09-19T16:04:19+00:00,exam-service,2,10,cpu:
2026-09-19T16:04:19+00:00,history-service,10,10,cpu:
2026-09-19T16:04:19+00:00,lab-service,2,10,cpu:
2026-09-19T16:04:19+00:00,notification-service,2,10,cpu:
2026-09-19T16:04:19+00:00,patient-service,10,10,cpu:
2026-09-19T16:04:19+00:00,result-service,6,10,cpu:
2026-09-19T16:04:19+00:00,triage-service,2,10,cpu:
2026-09-19T16:04:25+00:00,audit-service,2,10,cpu:
2026-09-19T16:04:25+00:00,auth-service,2,10,cpu:
2026-09-19T16:04:25+00:00,consent-service,10,10,cpu:
2026-09-19T16:04:25+00:00,exam-service,2,10,cpu:
2026-09-19T16:04:25+00:00,history-service,10,10,cpu:
2026-09-19T16:04:25+00:00,lab-service,2,10,cpu:
2026-09-19T16:04:25+00:00,notification-service,2,10,cpu:
2026-09-19T16:04:25+00:00,patient-service,10,10,cpu:
2026-09-19T16:04:25+00:00,result-service,6,10,cpu:
2026-09-19T16:04:25+00:00,triage-service,2,10,cpu:
2026-09-19T16:04:33+00:00,audit-service,2,10,cpu:
2026-09-19T16:04:33+00:00,auth-service,2,10,cpu:
2026-09-19T16:04:33+00:00,consent-service,10,10,cpu:
2026-09-19T16:04:33+00:00,exam-service,2,10,cpu:
2026-09-19T16:04:33+00:00,history-service,10,10,cpu:
2026-09-19T16:04:33+00:00,lab-service,2,10,cpu:
2026-09-19T16:04:33+00:00,notification-service,2,10,cpu:
2026-09-19T16:04:33+00:00,patient-service,10,10,cpu:
2026-09-19T16:04:33+00:00,result-service,6,10,cpu:
2026-09-19T16:04:33+00:00,triage-service,2,10,cpu:
2026-09-19T16:04:40+00:00,audit-service,2,10,cpu:
2026-09-19T16:04:40+00:00,auth-service,2,10,cpu:
2026-09-19T16:04:40+00:00,consent-service,10,10,cpu:
2026-09-19T16:04:40+00:00,exam-service,2,10,cpu:
2026-09-19T16:04:40+00:00,history-service,10,10,cpu:
2026-09-19T16:04:40+00:00,lab-service,2,10,cpu:
2026-09-19T16:04:40+00:00,notification-service,2,10,cpu:
2026-09-19T16:04:40+00:00,patient-service,10,10,cpu:
2026-09-19T16:04:40+00:00,result-service,6,10,cpu:
2026-09-19T16:04:40+00:00,triage-service,2,10,cpu:
2026-09-19T16:04:45+00:00,audit-service,2,10,cpu:
2026-09-19T16:04:45+00:00,auth-service,2,10,cpu:
2026-09-19T16:04:45+00:00,consent-service,10,10,cpu:
2026-09-19T16:04:45+00:00,exam-service,2,10,cpu:
2026-09-19T16:04:45+00:00,history-service,10,10,cpu:
2026-09-19T16:04:45+00:00,lab-service,2,10,cpu:
2026-09-19T16:04:45+00:00,notification-service,2,10,cpu:
2026-09-19T16:04:45+00:00,patient-service,10,10,cpu:
2026-09-19T16:04:45+00:00,result-service,6,10,cpu:
2026-09-19T16:04:45+00:00,triage-service,2,10,cpu:
2026-09-19T16:04:53+00:00,audit-service,2,10,cpu:
2026-09-19T16:04:53+00:00,auth-service,2,10,cpu:
2026-09-19T16:04:53+00:00,consent-service,10,10,cpu:
2026-09-19T16:04:53+00:00,exam-service,2,10,cpu:
2026-09-19T16:04:53+00:00,history-service,10,10,cpu:
2026-09-19T16:04:53+00:00,lab-service,2,10,cpu:
2026-09-19T16:04:53+00:00,notification-service,2,10,cpu:
2026-09-19T16:04:53+00:00,patient-service,10,10,cpu:
2026-09-19T16:04:53+00:00,result-service,6,10,cpu:
2026-09-19T16:04:53+00:00,triage-service,2,10,cpu:
2026-09-19T16:04:59+00:00,audit-service,2,10,cpu:
2026-09-19T16:04:59+00:00,auth-service,2,10,cpu:
2026-09-19T16:04:59+00:00,consent-service,10,10,cpu:
2026-09-19T16:04:59+00:00,exam-service,2,10,cpu:
2026-09-19T16:04:59+00:00,history-service,10,10,cpu:
2026-09-19T16:04:59+00:00,lab-service,2,10,cpu:
2026-09-19T16:04:59+00:00,notification-service,2,10,cpu:
2026-09-19T16:04:59+00:00,patient-service,10,10,cpu:
2026-09-19T16:04:59+00:00,result-service,6,10,cpu:
2026-09-19T16:04:59+00:00,triage-service,2,10,cpu:
2026-09-19T16:05:05+00:00,audit-service,2,10,cpu:
2026-09-19T16:05:05+00:00,auth-service,2,10,cpu:
2026-09-19T16:05:05+00:00,consent-service,10,10,cpu:
2026-09-19T16:05:05+00:00,exam-service,2,10,cpu:
2026-09-19T16:05:05+00:00,history-service,10,10,cpu:
2026-09-19T16:05:05+00:00,lab-service,2,10,cpu:
2026-09-19T16:05:05+00:00,notification-service,2,10,cpu:
2026-09-19T16:05:05+00:00,patient-service,10,10,cpu:
2026-09-19T16:05:05+00:00,result-service,6,10,cpu:
2026-09-19T16:05:05+00:00,triage-service,2,10,cpu:
2026-09-19T16:05:13+00:00,audit-service,2,10,cpu:
2026-09-19T16:05:13+00:00,auth-service,2,10,cpu:
2026-09-19T16:05:13+00:00,consent-service,10,10,cpu:
2026-09-19T16:05:13+00:00,exam-service,2,10,cpu:
2026-09-19T16:05:13+00:00,history-service,10,10,cpu:
2026-09-19T16:05:13+00:00,lab-service,2,10,cpu:
2026-09-19T16:05:13+00:00,notification-service,2,10,cpu:
2026-09-19T16:05:13+00:00,patient-service,10,10,cpu:
2026-09-19T16:05:13+00:00,result-service,6,10,cpu:
2026-09-19T16:05:13+00:00,triage-service,2,10,cpu:
2026-09-19T16:05:19+00:00,audit-service,2,10,cpu:
2026-09-19T16:05:19+00:00,auth-service,2,10,cpu:
2026-09-19T16:05:19+00:00,consent-service,10,10,cpu:
2026-09-19T16:05:19+00:00,exam-service,2,10,cpu:
2026-09-19T16:05:19+00:00,history-service,10,10,cpu:
2026-09-19T16:05:19+00:00,lab-service,2,10,cpu:
2026-09-19T16:05:19+00:00,notification-service,2,10,cpu:
2026-09-19T16:05:19+00:00,patient-service,10,10,cpu:
2026-09-19T16:05:19+00:00,result-service,6,10,cpu:
2026-09-19T16:05:19+00:00,triage-service,2,10,cpu:
2026-09-19T16:05:25+00:00,audit-service,2,10,cpu:
2026-09-19T16:05:25+00:00,auth-service,2,10,cpu:
2026-09-19T16:05:25+00:00,consent-service,10,10,cpu:
2026-09-19T16:05:25+00:00,exam-service,2,10,cpu:
2026-09-19T16:05:25+00:00,history-service,10,10,cpu:
2026-09-19T16:05:25+00:00,lab-service,2,10,cpu:
2026-09-19T16:05:25+00:00,notification-service,2,10,cpu:
2026-09-19T16:05:25+00:00,patient-service,10,10,cpu:
2026-09-19T16:05:25+00:00,result-service,6,10,cpu:
2026-09-19T16:05:25+00:00,triage-service,2,10,cpu:
2026-09-19T16:05:33+00:00,audit-service,2,10,cpu:
2026-09-19T16:05:33+00:00,auth-service,2,10,cpu:
2026-09-19T16:05:33+00:00,consent-service,10,10,cpu:
2026-09-19T16:05:33+00:00,exam-service,2,10,cpu:
2026-09-19T16:05:33+00:00,history-service,10,10,cpu:
2026-09-19T16:05:33+00:00,lab-service,2,10,cpu:
2026-09-19T16:05:33+00:00,notification-service,2,10,cpu:
2026-09-19T16:05:33+00:00,patient-service,10,10,cpu:
2026-09-19T16:05:33+00:00,result-service,6,10,cpu:
2026-09-19T16:05:33+00:00,triage-service,2,10,cpu:
2026-09-19T16:05:39+00:00,audit-service,2,10,cpu:
2026-09-19T16:05:39+00:00,auth-service,2,10,cpu:
2026-09-19T16:05:39+00:00,consent-service,10,10,cpu:
2026-09-19T16:05:39+00:00,exam-service,2,10,cpu:
2026-09-19T16:05:39+00:00,history-service,10,10,cpu:
2026-09-19T16:05:39+00:00,lab-service,2,10,cpu:
2026-09-19T16:05:39+00:00,notification-service,2,10,cpu:
2026-09-19T16:05:39+00:00,patient-service,10,10,cpu:
2026-09-19T16:05:39+00:00,result-service,6,10,cpu:
2026-09-19T16:05:39+00:00,triage-service,2,10,cpu:
2026-09-19T16:05:44+00:00,audit-service,2,10,cpu:
2026-09-19T16:05:44+00:00,auth-service,2,10,cpu:
2026-09-19T16:05:44+00:00,consent-service,10,10,cpu:
2026-09-19T16:05:44+00:00,exam-service,2,10,cpu:
2026-09-19T16:05:44+00:00,history-service,10,10,cpu:
2026-09-19T16:05:44+00:00,lab-service,2,10,cpu:
2026-09-19T16:05:44+00:00,notification-service,2,10,cpu:
2026-09-19T16:05:44+00:00,patient-service,6,10,cpu:
2026-09-19T16:05:44+00:00,result-service,6,10,cpu:
2026-09-19T16:05:44+00:00,triage-service,2,10,cpu:
2026-09-19T16:05:53+00:00,audit-service,2,10,cpu:
2026-09-19T16:05:53+00:00,auth-service,2,10,cpu:
2026-09-19T16:05:53+00:00,consent-service,10,10,cpu:
2026-09-19T16:05:53+00:00,exam-service,2,10,cpu:
2026-09-19T16:05:53+00:00,history-service,10,10,cpu:
2026-09-19T16:05:53+00:00,lab-service,2,10,cpu:
2026-09-19T16:05:53+00:00,notification-service,2,10,cpu:
2026-09-19T16:05:53+00:00,patient-service,6,10,cpu:
2026-09-19T16:05:53+00:00,result-service,6,10,cpu:
2026-09-19T16:05:53+00:00,triage-service,2,10,cpu:
2026-09-19T16:05:59+00:00,audit-service,2,10,cpu:
2026-09-19T16:05:59+00:00,auth-service,2,10,cpu:
2026-09-19T16:05:59+00:00,consent-service,5,10,cpu:
2026-09-19T16:05:59+00:00,exam-service,2,10,cpu:
2026-09-19T16:05:59+00:00,history-service,10,10,cpu:
2026-09-19T16:05:59+00:00,lab-service,2,10,cpu:
2026-09-19T16:05:59+00:00,notification-service,2,10,cpu:
2026-09-19T16:05:59+00:00,patient-service,6,10,cpu:
2026-09-19T16:05:59+00:00,result-service,6,10,cpu:
2026-09-19T16:05:59+00:00,triage-service,2,10,cpu:
2026-09-19T16:06:05+00:00,audit-service,2,10,cpu:
2026-09-19T16:06:05+00:00,auth-service,2,10,cpu:
2026-09-19T16:06:05+00:00,consent-service,5,10,cpu:
2026-09-19T16:06:05+00:00,exam-service,2,10,cpu:
2026-09-19T16:06:05+00:00,history-service,10,10,cpu:
2026-09-19T16:06:05+00:00,lab-service,2,10,cpu:
2026-09-19T16:06:05+00:00,notification-service,2,10,cpu:
2026-09-19T16:06:05+00:00,patient-service,6,10,cpu:
2026-09-19T16:06:05+00:00,result-service,6,10,cpu:
2026-09-19T16:06:05+00:00,triage-service,2,10,cpu:
2026-09-19T16:06:17+00:00,audit-service,2,10,cpu:
2026-09-19T16:06:17+00:00,auth-service,2,10,cpu:
2026-09-19T16:06:17+00:00,consent-service,4,10,cpu:
2026-09-19T16:06:17+00:00,exam-service,2,10,cpu:
2026-09-19T16:06:17+00:00,history-service,9,10,cpu:
2026-09-19T16:06:17+00:00,lab-service,2,10,cpu:
2026-09-19T16:06:17+00:00,notification-service,2,10,cpu:
2026-09-19T16:06:17+00:00,patient-service,5,10,cpu:
2026-09-19T16:06:17+00:00,result-service,3,10,cpu:
2026-09-19T16:06:17+00:00,triage-service,2,10,cpu:
2026-09-19T16:06:24+00:00,audit-service,2,10,cpu:
2026-09-19T16:06:24+00:00,auth-service,2,10,cpu:
2026-09-19T16:06:24+00:00,consent-service,4,10,cpu:
2026-09-19T16:06:24+00:00,exam-service,2,10,cpu:
2026-09-19T16:06:24+00:00,history-service,9,10,cpu:
2026-09-19T16:06:24+00:00,lab-service,2,10,cpu:
2026-09-19T16:06:24+00:00,notification-service,2,10,cpu:
2026-09-19T16:06:24+00:00,patient-service,5,10,cpu:
2026-09-19T16:06:24+00:00,result-service,3,10,cpu:
2026-09-19T16:06:24+00:00,triage-service,2,10,cpu:
2026-09-19T16:06:30+00:00,audit-service,2,10,cpu:
2026-09-19T16:06:30+00:00,auth-service,2,10,cpu:
2026-09-19T16:06:30+00:00,consent-service,5,10,cpu:
2026-09-19T16:06:30+00:00,exam-service,2,10,cpu:
2026-09-19T16:06:30+00:00,history-service,10,10,cpu:
2026-09-19T16:06:30+00:00,lab-service,2,10,cpu:
2026-09-19T16:06:30+00:00,notification-service,2,10,cpu:
2026-09-19T16:06:30+00:00,patient-service,5,10,cpu:
2026-09-19T16:06:30+00:00,result-service,4,10,cpu:
2026-09-19T16:06:30+00:00,triage-service,2,10,cpu:
2026-09-19T16:06:43+00:00,audit-service,2,10,cpu:
2026-09-19T16:06:43+00:00,auth-service,2,10,cpu:
2026-09-19T16:06:43+00:00,consent-service,10,10,cpu:
2026-09-19T16:06:43+00:00,exam-service,2,10,cpu:
2026-09-19T16:06:43+00:00,history-service,10,10,cpu:
2026-09-19T16:06:43+00:00,lab-service,2,10,cpu:
2026-09-19T16:06:43+00:00,notification-service,2,10,cpu:
2026-09-19T16:06:43+00:00,patient-service,10,10,cpu:
2026-09-19T16:06:43+00:00,result-service,7,10,cpu:
2026-09-19T16:06:43+00:00,triage-service,2,10,cpu:
2026-09-19T16:06:49+00:00,audit-service,2,10,cpu:
2026-09-19T16:06:49+00:00,auth-service,2,10,cpu:
2026-09-19T16:06:49+00:00,consent-service,10,10,cpu:
2026-09-19T16:06:49+00:00,exam-service,2,10,cpu:
2026-09-19T16:06:49+00:00,history-service,10,10,cpu:
2026-09-19T16:06:49+00:00,lab-service,2,10,cpu:
2026-09-19T16:06:49+00:00,notification-service,2,10,cpu:
2026-09-19T16:06:49+00:00,patient-service,10,10,cpu:
2026-09-19T16:06:49+00:00,result-service,7,10,cpu:
2026-09-19T16:06:49+00:00,triage-service,2,10,cpu:
2026-09-19T16:06:56+00:00,audit-service,2,10,cpu:
2026-09-19T16:06:56+00:00,auth-service,2,10,cpu:
2026-09-19T16:06:56+00:00,consent-service,10,10,cpu:
2026-09-19T16:06:56+00:00,exam-service,2,10,cpu:
2026-09-19T16:06:56+00:00,history-service,10,10,cpu:
2026-09-19T16:06:56+00:00,lab-service,2,10,cpu:
2026-09-19T16:06:56+00:00,notification-service,2,10,cpu:
2026-09-19T16:06:56+00:00,patient-service,10,10,cpu:
2026-09-19T16:06:56+00:00,result-service,7,10,cpu:
2026-09-19T16:06:56+00:00,triage-service,2,10,cpu:
2026-09-19T16:07:07+00:00,audit-service,2,10,cpu:
2026-09-19T16:07:07+00:00,auth-service,2,10,cpu:
2026-09-19T16:07:07+00:00,consent-service,10,10,cpu:
2026-09-19T16:07:07+00:00,exam-service,2,10,cpu:
2026-09-19T16:07:07+00:00,history-service,10,10,cpu:
2026-09-19T16:07:07+00:00,lab-service,2,10,cpu:
2026-09-19T16:07:07+00:00,notification-service,2,10,cpu:
2026-09-19T16:07:07+00:00,patient-service,10,10,cpu:
2026-09-19T16:07:07+00:00,result-service,7,10,cpu:
2026-09-19T16:07:07+00:00,triage-service,2,10,cpu:
2026-09-19T16:07:15+00:00,audit-service,2,10,cpu:
2026-09-19T16:07:15+00:00,auth-service,2,10,cpu:
2026-09-19T16:07:15+00:00,consent-service,10,10,cpu:
2026-09-19T16:07:15+00:00,exam-service,2,10,cpu:
2026-09-19T16:07:15+00:00,history-service,10,10,cpu:
2026-09-19T16:07:15+00:00,lab-service,2,10,cpu:
2026-09-19T16:07:15+00:00,notification-service,2,10,cpu:
2026-09-19T16:07:15+00:00,patient-service,10,10,cpu:
2026-09-19T16:07:15+00:00,result-service,7,10,cpu:
2026-09-19T16:07:15+00:00,triage-service,2,10,cpu:
2026-09-19T16:07:22+00:00,audit-service,2,10,cpu:
2026-09-19T16:07:22+00:00,auth-service,2,10,cpu:
2026-09-19T16:07:22+00:00,consent-service,10,10,cpu:
2026-09-19T16:07:22+00:00,exam-service,2,10,cpu:
2026-09-19T16:07:22+00:00,history-service,10,10,cpu:
2026-09-19T16:07:22+00:00,lab-service,2,10,cpu:
2026-09-19T16:07:22+00:00,notification-service,2,10,cpu:
2026-09-19T16:07:22+00:00,patient-service,10,10,cpu:
2026-09-19T16:07:22+00:00,result-service,7,10,cpu:
2026-09-19T16:07:22+00:00,triage-service,2,10,cpu:
2026-09-19T16:07:37+00:00,audit-service,2,10,cpu:
2026-09-19T16:07:37+00:00,auth-service,2,10,cpu:
2026-09-19T16:07:37+00:00,consent-service,10,10,cpu:
2026-09-19T16:07:37+00:00,exam-service,2,10,cpu:
2026-09-19T16:07:37+00:00,history-service,10,10,cpu:
2026-09-19T16:07:37+00:00,lab-service,2,10,cpu:
2026-09-19T16:07:37+00:00,notification-service,2,10,cpu:
2026-09-19T16:07:37+00:00,patient-service,10,10,cpu:
2026-09-19T16:07:37+00:00,result-service,8,10,cpu:
2026-09-19T16:07:37+00:00,triage-service,2,10,cpu:
2026-09-19T16:07:43+00:00,audit-service,2,10,cpu:
2026-09-19T16:07:43+00:00,auth-service,2,10,cpu:
2026-09-19T16:07:43+00:00,consent-service,10,10,cpu:
2026-09-19T16:07:43+00:00,exam-service,2,10,cpu:
2026-09-19T16:07:43+00:00,history-service,10,10,cpu:
2026-09-19T16:07:43+00:00,lab-service,2,10,cpu:
2026-09-19T16:07:43+00:00,notification-service,2,10,cpu:
2026-09-19T16:07:43+00:00,patient-service,10,10,cpu:
2026-09-19T16:07:43+00:00,result-service,8,10,cpu:
2026-09-19T16:07:43+00:00,triage-service,2,10,cpu:
2026-09-19T16:07:49+00:00,audit-service,2,10,cpu:
2026-09-19T16:07:49+00:00,auth-service,2,10,cpu:
2026-09-19T16:07:49+00:00,consent-service,10,10,cpu:
2026-09-19T16:07:49+00:00,exam-service,2,10,cpu:
2026-09-19T16:07:49+00:00,history-service,10,10,cpu:
2026-09-19T16:07:49+00:00,lab-service,2,10,cpu:
2026-09-19T16:07:49+00:00,notification-service,2,10,cpu:
2026-09-19T16:07:49+00:00,patient-service,10,10,cpu:
2026-09-19T16:07:49+00:00,result-service,8,10,cpu:
2026-09-19T16:07:49+00:00,triage-service,2,10,cpu:
2026-09-19T16:08:01+00:00,audit-service,2,10,cpu:
2026-09-19T16:08:01+00:00,auth-service,2,10,cpu:
2026-09-19T16:08:01+00:00,consent-service,10,10,cpu:
2026-09-19T16:08:01+00:00,exam-service,2,10,cpu:
2026-09-19T16:08:01+00:00,history-service,10,10,cpu:
2026-09-19T16:08:01+00:00,lab-service,2,10,cpu:
2026-09-19T16:08:01+00:00,notification-service,2,10,cpu:
2026-09-19T16:08:01+00:00,patient-service,10,10,cpu:
2026-09-19T16:08:01+00:00,result-service,8,10,cpu:
2026-09-19T16:08:01+00:00,triage-service,2,10,cpu:
2026-09-19T16:08:08+00:00,audit-service,2,10,cpu:
2026-09-19T16:08:08+00:00,auth-service,2,10,cpu:
2026-09-19T16:08:08+00:00,consent-service,10,10,cpu:
2026-09-19T16:08:08+00:00,exam-service,2,10,cpu:
2026-09-19T16:08:08+00:00,history-service,10,10,cpu:
2026-09-19T16:08:08+00:00,lab-service,2,10,cpu:
2026-09-19T16:08:08+00:00,notification-service,2,10,cpu:
2026-09-19T16:08:08+00:00,patient-service,10,10,cpu:
2026-09-19T16:08:08+00:00,result-service,8,10,cpu:
2026-09-19T16:08:08+00:00,triage-service,2,10,cpu:
2026-09-19T16:08:15+00:00,audit-service,2,10,cpu:
2026-09-19T16:08:15+00:00,auth-service,2,10,cpu:
2026-09-19T16:08:15+00:00,consent-service,10,10,cpu:
2026-09-19T16:08:15+00:00,exam-service,2,10,cpu:
2026-09-19T16:08:15+00:00,history-service,10,10,cpu:
2026-09-19T16:08:15+00:00,lab-service,2,10,cpu:
2026-09-19T16:08:15+00:00,notification-service,2,10,cpu:
2026-09-19T16:08:15+00:00,patient-service,10,10,cpu:
2026-09-19T16:08:15+00:00,result-service,10,10,cpu:
2026-09-19T16:08:15+00:00,triage-service,2,10,cpu:
2026-09-19T16:08:30+00:00,audit-service,2,10,cpu:
2026-09-19T16:08:30+00:00,auth-service,2,10,cpu:
2026-09-19T16:08:30+00:00,consent-service,10,10,cpu:
2026-09-19T16:08:30+00:00,exam-service,2,10,cpu:
2026-09-19T16:08:30+00:00,history-service,10,10,cpu:
2026-09-19T16:08:30+00:00,lab-service,2,10,cpu:
2026-09-19T16:08:30+00:00,notification-service,2,10,cpu:
2026-09-19T16:08:30+00:00,patient-service,10,10,cpu:
2026-09-19T16:08:30+00:00,result-service,10,10,cpu:
2026-09-19T16:08:30+00:00,triage-service,2,10,cpu:
2026-09-19T16:08:37+00:00,audit-service,2,10,cpu:
2026-09-19T16:08:37+00:00,auth-service,2,10,cpu:
2026-09-19T16:08:37+00:00,consent-service,10,10,cpu:
2026-09-19T16:08:37+00:00,exam-service,2,10,cpu:
2026-09-19T16:08:37+00:00,history-service,10,10,cpu:
2026-09-19T16:08:37+00:00,lab-service,2,10,cpu:
2026-09-19T16:08:37+00:00,notification-service,2,10,cpu:
2026-09-19T16:08:37+00:00,patient-service,10,10,cpu:
2026-09-19T16:08:37+00:00,result-service,10,10,cpu:
2026-09-19T16:08:37+00:00,triage-service,2,10,cpu:
2026-09-19T16:08:44+00:00,audit-service,2,10,cpu:
2026-09-19T16:08:44+00:00,auth-service,2,10,cpu:
2026-09-19T16:08:44+00:00,consent-service,10,10,cpu:
2026-09-19T16:08:44+00:00,exam-service,2,10,cpu:
2026-09-19T16:08:44+00:00,history-service,10,10,cpu:
2026-09-19T16:08:44+00:00,lab-service,2,10,cpu:
2026-09-19T16:08:44+00:00,notification-service,2,10,cpu:
2026-09-19T16:08:44+00:00,patient-service,10,10,cpu:
2026-09-19T16:08:44+00:00,result-service,10,10,cpu:
2026-09-19T16:08:44+00:00,triage-service,2,10,cpu:
2026-09-19T16:08:56+00:00,audit-service,2,10,cpu:
2026-09-19T16:08:56+00:00,auth-service,2,10,cpu:
2026-09-19T16:08:56+00:00,consent-service,10,10,cpu:
2026-09-19T16:08:56+00:00,exam-service,2,10,cpu:
2026-09-19T16:08:56+00:00,history-service,10,10,cpu:
2026-09-19T16:08:56+00:00,lab-service,2,10,cpu:
2026-09-19T16:08:56+00:00,notification-service,2,10,cpu:
2026-09-19T16:08:56+00:00,patient-service,10,10,cpu:
2026-09-19T16:08:56+00:00,result-service,10,10,cpu:
2026-09-19T16:08:56+00:00,triage-service,2,10,cpu:
2026-09-19T16:09:03+00:00,audit-service,2,10,cpu:
2026-09-19T16:09:03+00:00,auth-service,2,10,cpu:
2026-09-19T16:09:03+00:00,consent-service,10,10,cpu:
2026-09-19T16:09:03+00:00,exam-service,2,10,cpu:
2026-09-19T16:09:03+00:00,history-service,10,10,cpu:
2026-09-19T16:09:03+00:00,lab-service,2,10,cpu:
2026-09-19T16:09:03+00:00,notification-service,2,10,cpu:
2026-09-19T16:09:03+00:00,patient-service,10,10,cpu:
2026-09-19T16:09:03+00:00,result-service,10,10,cpu:
2026-09-19T16:09:03+00:00,triage-service,2,10,cpu:
2026-09-19T16:09:09+00:00,audit-service,2,10,cpu:
2026-09-19T16:09:09+00:00,auth-service,2,10,cpu:
2026-09-19T16:09:09+00:00,consent-service,10,10,cpu:
2026-09-19T16:09:09+00:00,exam-service,2,10,cpu:
2026-09-19T16:09:09+00:00,history-service,10,10,cpu:
2026-09-19T16:09:09+00:00,lab-service,2,10,cpu:
2026-09-19T16:09:09+00:00,notification-service,2,10,cpu:
2026-09-19T16:09:09+00:00,patient-service,10,10,cpu:
2026-09-19T16:09:09+00:00,result-service,10,10,cpu:
2026-09-19T16:09:09+00:00,triage-service,2,10,cpu:
2026-09-19T16:09:22+00:00,audit-service,2,10,cpu:
2026-09-19T16:09:22+00:00,auth-service,2,10,cpu:
2026-09-19T16:09:22+00:00,consent-service,10,10,cpu:
2026-09-19T16:09:22+00:00,exam-service,2,10,cpu:
2026-09-19T16:09:22+00:00,history-service,10,10,cpu:
2026-09-19T16:09:22+00:00,lab-service,2,10,cpu:
2026-09-19T16:09:22+00:00,notification-service,2,10,cpu:
2026-09-19T16:09:22+00:00,patient-service,10,10,cpu:
2026-09-19T16:09:22+00:00,result-service,10,10,cpu:
2026-09-19T16:09:22+00:00,triage-service,2,10,cpu:
2026-09-19T16:09:29+00:00,audit-service,2,10,cpu:
2026-09-19T16:09:29+00:00,auth-service,2,10,cpu:
2026-09-19T16:09:29+00:00,consent-service,10,10,cpu:
2026-09-19T16:09:29+00:00,exam-service,2,10,cpu:
2026-09-19T16:09:29+00:00,history-service,10,10,cpu:
2026-09-19T16:09:29+00:00,lab-service,2,10,cpu:
2026-09-19T16:09:29+00:00,notification-service,2,10,cpu:
2026-09-19T16:09:29+00:00,patient-service,10,10,cpu:
2026-09-19T16:09:29+00:00,result-service,10,10,cpu:
2026-09-19T16:09:29+00:00,triage-service,2,10,cpu:
2026-09-19T16:09:35+00:00,audit-service,2,10,cpu:
2026-09-19T16:09:35+00:00,auth-service,2,10,cpu:
2026-09-19T16:09:35+00:00,consent-service,10,10,cpu:
2026-09-19T16:09:35+00:00,exam-service,2,10,cpu:
2026-09-19T16:09:35+00:00,history-service,10,10,cpu:
2026-09-19T16:09:35+00:00,lab-service,2,10,cpu:
2026-09-19T16:09:35+00:00,notification-service,2,10,cpu:
2026-09-19T16:09:35+00:00,patient-service,10,10,cpu:
2026-09-19T16:09:35+00:00,result-service,10,10,cpu:
2026-09-19T16:09:35+00:00,triage-service,2,10,cpu:
2026-09-19T16:09:48+00:00,audit-service,2,10,cpu:
2026-09-19T16:09:48+00:00,auth-service,2,10,cpu:
2026-09-19T16:09:48+00:00,consent-service,10,10,cpu:
2026-09-19T16:09:48+00:00,exam-service,2,10,cpu:
2026-09-19T16:09:48+00:00,history-service,10,10,cpu:
2026-09-19T16:09:48+00:00,lab-service,2,10,cpu:
2026-09-19T16:09:48+00:00,notification-service,2,10,cpu:
2026-09-19T16:09:48+00:00,patient-service,10,10,cpu:
2026-09-19T16:09:48+00:00,result-service,10,10,cpu:
2026-09-19T16:09:48+00:00,triage-service,2,10,cpu:
2026-09-19T16:09:54+00:00,audit-service,2,10,cpu:
2026-09-19T16:09:54+00:00,auth-service,2,10,cpu:
2026-09-19T16:09:54+00:00,consent-service,10,10,cpu:
2026-09-19T16:09:54+00:00,exam-service,2,10,cpu:
2026-09-19T16:09:54+00:00,history-service,10,10,cpu:
2026-09-19T16:09:54+00:00,lab-service,2,10,cpu:
2026-09-19T16:09:54+00:00,notification-service,2,10,cpu:
2026-09-19T16:09:54+00:00,patient-service,10,10,cpu:
2026-09-19T16:09:54+00:00,result-service,10,10,cpu:
2026-09-19T16:09:54+00:00,triage-service,2,10,cpu:
2026-09-19T16:10:00+00:00,audit-service,2,10,cpu:
2026-09-19T16:10:00+00:00,auth-service,2,10,cpu:
2026-09-19T16:10:00+00:00,consent-service,10,10,cpu:
2026-09-19T16:10:00+00:00,exam-service,2,10,cpu:
2026-09-19T16:10:00+00:00,history-service,10,10,cpu:
2026-09-19T16:10:00+00:00,lab-service,2,10,cpu:
2026-09-19T16:10:00+00:00,notification-service,2,10,cpu:
2026-09-19T16:10:00+00:00,patient-service,10,10,cpu:
2026-09-19T16:10:00+00:00,result-service,10,10,cpu:
2026-09-19T16:10:00+00:00,triage-service,2,10,cpu:
2026-09-19T16:10:14+00:00,audit-service,2,10,cpu:
2026-09-19T16:10:14+00:00,auth-service,2,10,cpu:
2026-09-19T16:10:14+00:00,consent-service,10,10,cpu:
2026-09-19T16:10:14+00:00,exam-service,2,10,cpu:
2026-09-19T16:10:14+00:00,history-service,10,10,cpu:
2026-09-19T16:10:14+00:00,lab-service,2,10,cpu:
2026-09-19T16:10:14+00:00,notification-service,2,10,cpu:
2026-09-19T16:10:14+00:00,patient-service,10,10,cpu:
2026-09-19T16:10:14+00:00,result-service,10,10,cpu:
2026-09-19T16:10:14+00:00,triage-service,2,10,cpu:
2026-09-19T16:10:22+00:00,audit-service,2,10,cpu:
2026-09-19T16:10:22+00:00,auth-service,2,10,cpu:
2026-09-19T16:10:22+00:00,consent-service,10,10,cpu:
2026-09-19T16:10:22+00:00,exam-service,2,10,cpu:
2026-09-19T16:10:22+00:00,history-service,10,10,cpu:
2026-09-19T16:10:22+00:00,lab-service,2,10,cpu:
2026-09-19T16:10:22+00:00,notification-service,2,10,cpu:
2026-09-19T16:10:22+00:00,patient-service,10,10,cpu:
2026-09-19T16:10:22+00:00,result-service,10,10,cpu:
2026-09-19T16:10:22+00:00,triage-service,2,10,cpu:
2026-09-19T16:10:29+00:00,audit-service,2,10,cpu:
2026-09-19T16:10:29+00:00,auth-service,2,10,cpu:
2026-09-19T16:10:29+00:00,consent-service,10,10,cpu:
2026-09-19T16:10:29+00:00,exam-service,2,10,cpu:
2026-09-19T16:10:29+00:00,history-service,10,10,cpu:
2026-09-19T16:10:29+00:00,lab-service,2,10,cpu:
2026-09-19T16:10:29+00:00,notification-service,2,10,cpu:
2026-09-19T16:10:29+00:00,patient-service,10,10,cpu:
2026-09-19T16:10:29+00:00,result-service,10,10,cpu:
2026-09-19T16:10:29+00:00,triage-service,2,10,cpu:
2026-09-19T16:10:42+00:00,audit-service,2,10,cpu:
2026-09-19T16:10:42+00:00,auth-service,2,10,cpu:
2026-09-19T16:10:42+00:00,consent-service,10,10,cpu:
2026-09-19T16:10:42+00:00,exam-service,2,10,cpu:
2026-09-19T16:10:42+00:00,history-service,10,10,cpu:
2026-09-19T16:10:42+00:00,lab-service,2,10,cpu:
2026-09-19T16:10:42+00:00,notification-service,2,10,cpu:
2026-09-19T16:10:42+00:00,patient-service,10,10,cpu:
2026-09-19T16:10:42+00:00,result-service,10,10,cpu:
2026-09-19T16:10:42+00:00,triage-service,2,10,cpu:
2026-09-19T16:10:48+00:00,audit-service,2,10,cpu:
2026-09-19T16:10:48+00:00,auth-service,2,10,cpu:
2026-09-19T16:10:48+00:00,consent-service,10,10,cpu:
2026-09-19T16:10:48+00:00,exam-service,2,10,cpu:
2026-09-19T16:10:48+00:00,history-service,10,10,cpu:
2026-09-19T16:10:48+00:00,lab-service,2,10,cpu:
2026-09-19T16:10:48+00:00,notification-service,2,10,cpu:
2026-09-19T16:10:48+00:00,patient-service,10,10,cpu:
2026-09-19T16:10:48+00:00,result-service,10,10,cpu:
2026-09-19T16:10:48+00:00,triage-service,2,10,cpu:
2026-09-19T16:10:55+00:00,audit-service,2,10,cpu:
2026-09-19T16:10:55+00:00,auth-service,2,10,cpu:
2026-09-19T16:10:55+00:00,consent-service,10,10,cpu:
2026-09-19T16:10:55+00:00,exam-service,2,10,cpu:
2026-09-19T16:10:55+00:00,history-service,10,10,cpu:
2026-09-19T16:10:55+00:00,lab-service,2,10,cpu:
2026-09-19T16:10:55+00:00,notification-service,2,10,cpu:
2026-09-19T16:10:55+00:00,patient-service,10,10,cpu:
2026-09-19T16:10:55+00:00,result-service,10,10,cpu:
2026-09-19T16:10:55+00:00,triage-service,2,10,cpu:
2026-09-19T16:11:08+00:00,audit-service,2,10,cpu:
2026-09-19T16:11:08+00:00,auth-service,2,10,cpu:
2026-09-19T16:11:08+00:00,consent-service,10,10,cpu:
2026-09-19T16:11:08+00:00,exam-service,2,10,cpu:
2026-09-19T16:11:08+00:00,history-service,10,10,cpu:
2026-09-19T16:11:08+00:00,lab-service,2,10,cpu:
2026-09-19T16:11:08+00:00,notification-service,2,10,cpu:
2026-09-19T16:11:08+00:00,patient-service,10,10,cpu:
2026-09-19T16:11:08+00:00,result-service,10,10,cpu:
2026-09-19T16:11:08+00:00,triage-service,2,10,cpu:
2026-09-19T16:11:15+00:00,audit-service,2,10,cpu:
2026-09-19T16:11:15+00:00,auth-service,2,10,cpu:
2026-09-19T16:11:15+00:00,consent-service,10,10,cpu:
2026-09-19T16:11:15+00:00,exam-service,2,10,cpu:
2026-09-19T16:11:15+00:00,history-service,10,10,cpu:
2026-09-19T16:11:15+00:00,lab-service,2,10,cpu:
2026-09-19T16:11:15+00:00,notification-service,2,10,cpu:
2026-09-19T16:11:15+00:00,patient-service,10,10,cpu:
2026-09-19T16:11:15+00:00,result-service,10,10,cpu:
2026-09-19T16:11:15+00:00,triage-service,2,10,cpu:
2026-09-19T16:11:23+00:00,audit-service,2,10,cpu:
2026-09-19T16:11:23+00:00,auth-service,2,10,cpu:
2026-09-19T16:11:23+00:00,consent-service,10,10,cpu:
2026-09-19T16:11:23+00:00,exam-service,2,10,cpu:
2026-09-19T16:11:23+00:00,history-service,10,10,cpu:
2026-09-19T16:11:23+00:00,lab-service,2,10,cpu:
2026-09-19T16:11:23+00:00,notification-service,2,10,cpu:
2026-09-19T16:11:23+00:00,patient-service,10,10,cpu:
2026-09-19T16:11:23+00:00,result-service,10,10,cpu:
2026-09-19T16:11:23+00:00,triage-service,2,10,cpu:
2026-09-19T16:11:36+00:00,audit-service,2,10,cpu:
2026-09-19T16:11:36+00:00,auth-service,2,10,cpu:
2026-09-19T16:11:36+00:00,consent-service,10,10,cpu:
2026-09-19T16:11:36+00:00,exam-service,2,10,cpu:
2026-09-19T16:11:36+00:00,history-service,10,10,cpu:
2026-09-19T16:11:36+00:00,lab-service,2,10,cpu:
2026-09-19T16:11:36+00:00,notification-service,2,10,cpu:
2026-09-19T16:11:36+00:00,patient-service,10,10,cpu:
2026-09-19T16:11:36+00:00,result-service,10,10,cpu:
2026-09-19T16:11:36+00:00,triage-service,2,10,cpu:
2026-09-19T16:11:42+00:00,audit-service,2,10,cpu:
2026-09-19T16:11:42+00:00,auth-service,2,10,cpu:
2026-09-19T16:11:42+00:00,consent-service,10,10,cpu:
2026-09-19T16:11:42+00:00,exam-service,2,10,cpu:
2026-09-19T16:11:42+00:00,history-service,10,10,cpu:
2026-09-19T16:11:42+00:00,lab-service,2,10,cpu:
2026-09-19T16:11:42+00:00,notification-service,2,10,cpu:
2026-09-19T16:11:42+00:00,patient-service,10,10,cpu:
2026-09-19T16:11:42+00:00,result-service,10,10,cpu:
2026-09-19T16:11:42+00:00,triage-service,2,10,cpu:
2026-09-19T16:11:49+00:00,audit-service,2,10,cpu:
2026-09-19T16:11:49+00:00,auth-service,2,10,cpu:
2026-09-19T16:11:49+00:00,consent-service,10,10,cpu:
2026-09-19T16:11:49+00:00,exam-service,2,10,cpu:
2026-09-19T16:11:49+00:00,history-service,10,10,cpu:
2026-09-19T16:11:49+00:00,lab-service,2,10,cpu:
2026-09-19T16:11:49+00:00,notification-service,2,10,cpu:
2026-09-19T16:11:49+00:00,patient-service,10,10,cpu:
2026-09-19T16:11:49+00:00,result-service,10,10,cpu:
2026-09-19T16:11:49+00:00,triage-service,2,10,cpu:
2026-09-19T16:12:03+00:00,audit-service,2,10,cpu:
2026-09-19T16:12:03+00:00,auth-service,2,10,cpu:
2026-09-19T16:12:03+00:00,consent-service,10,10,cpu:
2026-09-19T16:12:03+00:00,exam-service,2,10,cpu:
2026-09-19T16:12:03+00:00,history-service,10,10,cpu:
2026-09-19T16:12:03+00:00,lab-service,2,10,cpu:
2026-09-19T16:12:03+00:00,notification-service,2,10,cpu:
2026-09-19T16:12:03+00:00,patient-service,10,10,cpu:
2026-09-19T16:12:03+00:00,result-service,10,10,cpu:
2026-09-19T16:12:03+00:00,triage-service,2,10,cpu:
2026-09-19T16:12:09+00:00,audit-service,2,10,cpu:
2026-09-19T16:12:09+00:00,auth-service,2,10,cpu:
2026-09-19T16:12:09+00:00,consent-service,10,10,cpu:
2026-09-19T16:12:09+00:00,exam-service,2,10,cpu:
2026-09-19T16:12:09+00:00,history-service,10,10,cpu:
2026-09-19T16:12:09+00:00,lab-service,2,10,cpu:
2026-09-19T16:12:09+00:00,notification-service,2,10,cpu:
2026-09-19T16:12:09+00:00,patient-service,10,10,cpu:
2026-09-19T16:12:09+00:00,result-service,10,10,cpu:
2026-09-19T16:12:09+00:00,triage-service,2,10,cpu:
2026-09-19T16:12:16+00:00,audit-service,2,10,cpu:
2026-09-19T16:12:16+00:00,auth-service,2,10,cpu:
2026-09-19T16:12:16+00:00,consent-service,10,10,cpu:
2026-09-19T16:12:16+00:00,exam-service,2,10,cpu:
2026-09-19T16:12:16+00:00,history-service,10,10,cpu:
2026-09-19T16:12:16+00:00,lab-service,2,10,cpu:
2026-09-19T16:12:16+00:00,notification-service,2,10,cpu:
2026-09-19T16:12:16+00:00,patient-service,10,10,cpu:
2026-09-19T16:12:16+00:00,result-service,10,10,cpu:
2026-09-19T16:12:16+00:00,triage-service,2,10,cpu:
2026-09-19T16:12:28+00:00,audit-service,2,10,cpu:
2026-09-19T16:12:28+00:00,auth-service,2,10,cpu:
2026-09-19T16:12:28+00:00,consent-service,10,10,cpu:
2026-09-19T16:12:28+00:00,exam-service,2,10,cpu:
2026-09-19T16:12:28+00:00,history-service,10,10,cpu:
2026-09-19T16:12:28+00:00,lab-service,2,10,cpu:
2026-09-19T16:12:28+00:00,notification-service,2,10,cpu:
2026-09-19T16:12:28+00:00,patient-service,10,10,cpu:
2026-09-19T16:12:28+00:00,result-service,10,10,cpu:
2026-09-19T16:12:28+00:00,triage-service,2,10,cpu:
2026-09-19T16:12:35+00:00,audit-service,2,10,cpu:
2026-09-19T16:12:35+00:00,auth-service,2,10,cpu:
2026-09-19T16:12:35+00:00,consent-service,10,10,cpu:
2026-09-19T16:12:35+00:00,exam-service,2,10,cpu:
2026-09-19T16:12:35+00:00,history-service,10,10,cpu:
2026-09-19T16:12:35+00:00,lab-service,2,10,cpu:
2026-09-19T16:12:35+00:00,notification-service,2,10,cpu:
2026-09-19T16:12:35+00:00,patient-service,10,10,cpu:
2026-09-19T16:12:35+00:00,result-service,10,10,cpu:
2026-09-19T16:12:35+00:00,triage-service,2,10,cpu:
2026-09-19T16:12:41+00:00,audit-service,2,10,cpu:
2026-09-19T16:12:41+00:00,auth-service,2,10,cpu:
2026-09-19T16:12:41+00:00,consent-service,10,10,cpu:
2026-09-19T16:12:41+00:00,exam-service,2,10,cpu:
2026-09-19T16:12:41+00:00,history-service,10,10,cpu:
2026-09-19T16:12:41+00:00,lab-service,2,10,cpu:
2026-09-19T16:12:41+00:00,notification-service,2,10,cpu:
2026-09-19T16:12:41+00:00,patient-service,10,10,cpu:
2026-09-19T16:12:41+00:00,result-service,10,10,cpu:
2026-09-19T16:12:41+00:00,triage-service,2,10,cpu:
2026-09-19T16:12:54+00:00,audit-service,2,10,cpu:
2026-09-19T16:12:54+00:00,auth-service,2,10,cpu:
2026-09-19T16:12:54+00:00,consent-service,10,10,cpu:
2026-09-19T16:12:54+00:00,exam-service,2,10,cpu:
2026-09-19T16:12:54+00:00,history-service,10,10,cpu:
2026-09-19T16:12:54+00:00,lab-service,2,10,cpu:
2026-09-19T16:12:54+00:00,notification-service,2,10,cpu:
2026-09-19T16:12:54+00:00,patient-service,10,10,cpu:
2026-09-19T16:12:54+00:00,result-service,10,10,cpu:
2026-09-19T16:12:54+00:00,triage-service,2,10,cpu:
2026-09-19T16:13:00+00:00,audit-service,2,10,cpu:
2026-09-19T16:13:00+00:00,auth-service,2,10,cpu:
2026-09-19T16:13:00+00:00,consent-service,10,10,cpu:
2026-09-19T16:13:00+00:00,exam-service,2,10,cpu:
2026-09-19T16:13:00+00:00,history-service,10,10,cpu:
2026-09-19T16:13:00+00:00,lab-service,2,10,cpu:
2026-09-19T16:13:00+00:00,notification-service,2,10,cpu:
2026-09-19T16:13:00+00:00,patient-service,10,10,cpu:
2026-09-19T16:13:00+00:00,result-service,10,10,cpu:
2026-09-19T16:13:00+00:00,triage-service,2,10,cpu:
2026-09-19T16:13:07+00:00,audit-service,2,10,cpu:
2026-09-19T16:13:07+00:00,auth-service,2,10,cpu:
2026-09-19T16:13:07+00:00,consent-service,10,10,cpu:
2026-09-19T16:13:07+00:00,exam-service,2,10,cpu:
2026-09-19T16:13:07+00:00,history-service,10,10,cpu:
2026-09-19T16:13:07+00:00,lab-service,2,10,cpu:
2026-09-19T16:13:07+00:00,notification-service,2,10,cpu:
2026-09-19T16:13:07+00:00,patient-service,10,10,cpu:
2026-09-19T16:13:07+00:00,result-service,10,10,cpu:
2026-09-19T16:13:07+00:00,triage-service,2,10,cpu:
2026-09-19T16:13:19+00:00,audit-service,2,10,cpu:
2026-09-19T16:13:19+00:00,auth-service,2,10,cpu:
2026-09-19T16:13:19+00:00,consent-service,10,10,cpu:
2026-09-19T16:13:19+00:00,exam-service,2,10,cpu:
2026-09-19T16:13:19+00:00,history-service,10,10,cpu:
2026-09-19T16:13:19+00:00,lab-service,2,10,cpu:
2026-09-19T16:13:19+00:00,notification-service,2,10,cpu:
2026-09-19T16:13:19+00:00,patient-service,10,10,cpu:
2026-09-19T16:13:19+00:00,result-service,10,10,cpu:
2026-09-19T16:13:19+00:00,triage-service,2,10,cpu:
2026-09-19T16:13:26+00:00,audit-service,2,10,cpu:
2026-09-19T16:13:26+00:00,auth-service,2,10,cpu:
2026-09-19T16:13:26+00:00,consent-service,10,10,cpu:
2026-09-19T16:13:26+00:00,exam-service,2,10,cpu:
2026-09-19T16:13:26+00:00,history-service,10,10,cpu:
2026-09-19T16:13:26+00:00,lab-service,2,10,cpu:
2026-09-19T16:13:26+00:00,notification-service,2,10,cpu:
2026-09-19T16:13:26+00:00,patient-service,10,10,cpu:
2026-09-19T16:13:26+00:00,result-service,10,10,cpu:
2026-09-19T16:13:26+00:00,triage-service,2,10,cpu:
2026-09-19T16:13:32+00:00,audit-service,2,10,cpu:
2026-09-19T16:13:32+00:00,auth-service,2,10,cpu:
2026-09-19T16:13:32+00:00,consent-service,10,10,cpu:
2026-09-19T16:13:32+00:00,exam-service,2,10,cpu:
2026-09-19T16:13:32+00:00,history-service,10,10,cpu:
2026-09-19T16:13:32+00:00,lab-service,2,10,cpu:
2026-09-19T16:13:32+00:00,notification-service,2,10,cpu:
2026-09-19T16:13:32+00:00,patient-service,10,10,cpu:
2026-09-19T16:13:32+00:00,result-service,10,10,cpu:
2026-09-19T16:13:32+00:00,triage-service,2,10,cpu:
2026-09-19T16:13:44+00:00,audit-service,2,10,cpu:
2026-09-19T16:13:44+00:00,auth-service,2,10,cpu:
2026-09-19T16:13:44+00:00,consent-service,10,10,cpu:
2026-09-19T16:13:44+00:00,exam-service,2,10,cpu:
2026-09-19T16:13:44+00:00,history-service,10,10,cpu:
2026-09-19T16:13:44+00:00,lab-service,2,10,cpu:
2026-09-19T16:13:44+00:00,notification-service,2,10,cpu:
2026-09-19T16:13:44+00:00,patient-service,10,10,cpu:
2026-09-19T16:13:44+00:00,result-service,10,10,cpu:
2026-09-19T16:13:44+00:00,triage-service,2,10,cpu:
2026-09-19T16:13:51+00:00,audit-service,2,10,cpu:
2026-09-19T16:13:51+00:00,auth-service,2,10,cpu:
2026-09-19T16:13:51+00:00,consent-service,10,10,cpu:
2026-09-19T16:13:51+00:00,exam-service,2,10,cpu:
2026-09-19T16:13:51+00:00,history-service,10,10,cpu:
2026-09-19T16:13:51+00:00,lab-service,2,10,cpu:
2026-09-19T16:13:51+00:00,notification-service,2,10,cpu:
2026-09-19T16:13:51+00:00,patient-service,10,10,cpu:
2026-09-19T16:13:51+00:00,result-service,10,10,cpu:
2026-09-19T16:13:51+00:00,triage-service,2,10,cpu:
2026-09-19T16:13:57+00:00,audit-service,2,10,cpu:
2026-09-19T16:13:57+00:00,auth-service,2,10,cpu:
2026-09-19T16:13:57+00:00,consent-service,10,10,cpu:
2026-09-19T16:13:57+00:00,exam-service,2,10,cpu:
2026-09-19T16:13:57+00:00,history-service,10,10,cpu:
2026-09-19T16:13:57+00:00,lab-service,2,10,cpu:
2026-09-19T16:13:57+00:00,notification-service,2,10,cpu:
2026-09-19T16:13:57+00:00,patient-service,10,10,cpu:
2026-09-19T16:13:57+00:00,result-service,10,10,cpu:
2026-09-19T16:13:57+00:00,triage-service,2,10,cpu:
2026-09-19T16:14:05+00:00,audit-service,2,10,cpu:
2026-09-19T16:14:05+00:00,auth-service,2,10,cpu:
2026-09-19T16:14:05+00:00,consent-service,10,10,cpu:
2026-09-19T16:14:05+00:00,exam-service,2,10,cpu:
2026-09-19T16:14:05+00:00,history-service,10,10,cpu:
2026-09-19T16:14:05+00:00,lab-service,2,10,cpu:
2026-09-19T16:14:05+00:00,notification-service,2,10,cpu:
2026-09-19T16:14:05+00:00,patient-service,10,10,cpu:
2026-09-19T16:14:05+00:00,result-service,10,10,cpu:
2026-09-19T16:14:05+00:00,triage-service,2,10,cpu:
2026-09-19T16:14:11+00:00,audit-service,2,10,cpu:
2026-09-19T16:14:11+00:00,auth-service,2,10,cpu:
2026-09-19T16:14:11+00:00,consent-service,10,10,cpu:
2026-09-19T16:14:11+00:00,exam-service,2,10,cpu:
2026-09-19T16:14:11+00:00,history-service,10,10,cpu:
2026-09-19T16:14:11+00:00,lab-service,2,10,cpu:
2026-09-19T16:14:11+00:00,notification-service,2,10,cpu:
2026-09-19T16:14:11+00:00,patient-service,10,10,cpu:
2026-09-19T16:14:11+00:00,result-service,10,10,cpu:
2026-09-19T16:14:11+00:00,triage-service,2,10,cpu:
2026-09-19T16:14:17+00:00,audit-service,2,10,cpu:
2026-09-19T16:14:17+00:00,auth-service,2,10,cpu:
2026-09-19T16:14:17+00:00,consent-service,10,10,cpu:
2026-09-19T16:14:17+00:00,exam-service,2,10,cpu:
2026-09-19T16:14:17+00:00,history-service,10,10,cpu:
2026-09-19T16:14:17+00:00,lab-service,2,10,cpu:
2026-09-19T16:14:17+00:00,notification-service,2,10,cpu:
2026-09-19T16:14:17+00:00,patient-service,10,10,cpu:
2026-09-19T16:14:17+00:00,result-service,10,10,cpu:
2026-09-19T16:14:17+00:00,triage-service,2,10,cpu:
2026-09-19T16:14:25+00:00,audit-service,2,10,cpu:
2026-09-19T16:14:25+00:00,auth-service,2,10,cpu:
2026-09-19T16:14:25+00:00,consent-service,10,10,cpu:
2026-09-19T16:14:25+00:00,exam-service,2,10,cpu:
2026-09-19T16:14:25+00:00,history-service,10,10,cpu:
2026-09-19T16:14:25+00:00,lab-service,2,10,cpu:
2026-09-19T16:14:25+00:00,notification-service,2,10,cpu:
2026-09-19T16:14:25+00:00,patient-service,10,10,cpu:
2026-09-19T16:14:25+00:00,result-service,10,10,cpu:
2026-09-19T16:14:25+00:00,triage-service,2,10,cpu:
2026-09-19T16:14:31+00:00,audit-service,2,10,cpu:
2026-09-19T16:14:31+00:00,auth-service,2,10,cpu:
2026-09-19T16:14:31+00:00,consent-service,10,10,cpu:
2026-09-19T16:14:31+00:00,exam-service,2,10,cpu:
2026-09-19T16:14:31+00:00,history-service,10,10,cpu:
2026-09-19T16:14:31+00:00,lab-service,2,10,cpu:
2026-09-19T16:14:31+00:00,notification-service,2,10,cpu:
2026-09-19T16:14:31+00:00,patient-service,10,10,cpu:
2026-09-19T16:14:31+00:00,result-service,10,10,cpu:
2026-09-19T16:14:31+00:00,triage-service,2,10,cpu:
2026-09-19T16:14:36+00:00,audit-service,2,10,cpu:
2026-09-19T16:14:36+00:00,auth-service,2,10,cpu:
2026-09-19T16:14:36+00:00,consent-service,10,10,cpu:
2026-09-19T16:14:36+00:00,exam-service,2,10,cpu:
2026-09-19T16:14:36+00:00,history-service,10,10,cpu:
2026-09-19T16:14:36+00:00,lab-service,2,10,cpu:
2026-09-19T16:14:36+00:00,notification-service,2,10,cpu:
2026-09-19T16:14:36+00:00,patient-service,10,10,cpu:
2026-09-19T16:14:36+00:00,result-service,10,10,cpu:
2026-09-19T16:14:36+00:00,triage-service,2,10,cpu:
2026-09-19T16:14:44+00:00,audit-service,2,10,cpu:
2026-09-19T16:14:44+00:00,auth-service,2,10,cpu:
2026-09-19T16:14:44+00:00,consent-service,10,10,cpu:
2026-09-19T16:14:44+00:00,exam-service,2,10,cpu:
2026-09-19T16:14:44+00:00,history-service,10,10,cpu:
2026-09-19T16:14:44+00:00,lab-service,2,10,cpu:
2026-09-19T16:14:44+00:00,notification-service,2,10,cpu:
2026-09-19T16:14:44+00:00,patient-service,10,10,cpu:
2026-09-19T16:14:44+00:00,result-service,10,10,cpu:
2026-09-19T16:14:44+00:00,triage-service,2,10,cpu:
2026-09-19T16:14:50+00:00,audit-service,2,10,cpu:
2026-09-19T16:14:50+00:00,auth-service,2,10,cpu:
2026-09-19T16:14:50+00:00,consent-service,10,10,cpu:
2026-09-19T16:14:50+00:00,exam-service,2,10,cpu:
2026-09-19T16:14:50+00:00,history-service,10,10,cpu:
2026-09-19T16:14:50+00:00,lab-service,2,10,cpu:
2026-09-19T16:14:50+00:00,notification-service,2,10,cpu:
2026-09-19T16:14:50+00:00,patient-service,10,10,cpu:
2026-09-19T16:14:50+00:00,result-service,10,10,cpu:
2026-09-19T16:14:50+00:00,triage-service,2,10,cpu:
2026-09-19T16:14:55+00:00,audit-service,2,10,cpu:
2026-09-19T16:14:55+00:00,auth-service,2,10,cpu:
2026-09-19T16:14:55+00:00,consent-service,10,10,cpu:
2026-09-19T16:14:55+00:00,exam-service,2,10,cpu:
2026-09-19T16:14:55+00:00,history-service,10,10,cpu:
2026-09-19T16:14:55+00:00,lab-service,2,10,cpu:
2026-09-19T16:14:55+00:00,notification-service,2,10,cpu:
2026-09-19T16:14:55+00:00,patient-service,10,10,cpu:
2026-09-19T16:14:55+00:00,result-service,10,10,cpu:
2026-09-19T16:14:55+00:00,triage-service,2,10,cpu:
2026-09-19T16:15:03+00:00,audit-service,2,10,cpu:
2026-09-19T16:15:03+00:00,auth-service,2,10,cpu:
2026-09-19T16:15:03+00:00,consent-service,10,10,cpu:
2026-09-19T16:15:03+00:00,exam-service,2,10,cpu:
2026-09-19T16:15:03+00:00,history-service,10,10,cpu:
2026-09-19T16:15:03+00:00,lab-service,2,10,cpu:
2026-09-19T16:15:03+00:00,notification-service,2,10,cpu:
2026-09-19T16:15:03+00:00,patient-service,10,10,cpu:
2026-09-19T16:15:03+00:00,result-service,10,10,cpu:
2026-09-19T16:15:03+00:00,triage-service,2,10,cpu:
2026-09-19T16:15:09+00:00,audit-service,2,10,cpu:
2026-09-19T16:15:09+00:00,auth-service,2,10,cpu:
2026-09-19T16:15:09+00:00,consent-service,10,10,cpu:
2026-09-19T16:15:09+00:00,exam-service,2,10,cpu:
2026-09-19T16:15:09+00:00,history-service,10,10,cpu:
2026-09-19T16:15:09+00:00,lab-service,2,10,cpu:
2026-09-19T16:15:09+00:00,notification-service,2,10,cpu:
2026-09-19T16:15:09+00:00,patient-service,10,10,cpu:
2026-09-19T16:15:09+00:00,result-service,10,10,cpu:
2026-09-19T16:15:09+00:00,triage-service,2,10,cpu:
2026-09-19T16:15:15+00:00,audit-service,2,10,cpu:
2026-09-19T16:15:15+00:00,auth-service,2,10,cpu:
2026-09-19T16:15:15+00:00,consent-service,10,10,cpu:
2026-09-19T16:15:15+00:00,exam-service,2,10,cpu:
2026-09-19T16:15:15+00:00,history-service,10,10,cpu:
2026-09-19T16:15:15+00:00,lab-service,2,10,cpu:
2026-09-19T16:15:15+00:00,notification-service,2,10,cpu:
2026-09-19T16:15:15+00:00,patient-service,10,10,cpu:
2026-09-19T16:15:15+00:00,result-service,10,10,cpu:
2026-09-19T16:15:15+00:00,triage-service,2,10,cpu:
2026-09-19T16:15:23+00:00,audit-service,2,10,cpu:
2026-09-19T16:15:23+00:00,auth-service,2,10,cpu:
2026-09-19T16:15:23+00:00,consent-service,10,10,cpu:
2026-09-19T16:15:23+00:00,exam-service,2,10,cpu:
2026-09-19T16:15:23+00:00,history-service,10,10,cpu:
2026-09-19T16:15:23+00:00,lab-service,2,10,cpu:
2026-09-19T16:15:23+00:00,notification-service,2,10,cpu:
2026-09-19T16:15:23+00:00,patient-service,10,10,cpu:
2026-09-19T16:15:23+00:00,result-service,10,10,cpu:
2026-09-19T16:15:23+00:00,triage-service,2,10,cpu:
2026-09-19T16:15:28+00:00,audit-service,2,10,cpu:
2026-09-19T16:15:28+00:00,auth-service,2,10,cpu:
2026-09-19T16:15:28+00:00,consent-service,10,10,cpu:
2026-09-19T16:15:28+00:00,exam-service,2,10,cpu:
2026-09-19T16:15:28+00:00,history-service,10,10,cpu:
2026-09-19T16:15:28+00:00,lab-service,2,10,cpu:
2026-09-19T16:15:28+00:00,notification-service,2,10,cpu:
2026-09-19T16:15:28+00:00,patient-service,10,10,cpu:
2026-09-19T16:15:28+00:00,result-service,10,10,cpu:
2026-09-19T16:15:28+00:00,triage-service,2,10,cpu:
2026-09-19T16:15:34+00:00,audit-service,2,10,cpu:
2026-09-19T16:15:34+00:00,auth-service,2,10,cpu:
2026-09-19T16:15:34+00:00,consent-service,10,10,cpu:
2026-09-19T16:15:34+00:00,exam-service,2,10,cpu:
2026-09-19T16:15:34+00:00,history-service,10,10,cpu:
2026-09-19T16:15:34+00:00,lab-service,2,10,cpu:
2026-09-19T16:15:34+00:00,notification-service,2,10,cpu:
2026-09-19T16:15:34+00:00,patient-service,10,10,cpu:
2026-09-19T16:15:34+00:00,result-service,10,10,cpu:
2026-09-19T16:15:34+00:00,triage-service,2,10,cpu:
2026-09-19T16:15:42+00:00,audit-service,2,10,cpu:
2026-09-19T16:15:42+00:00,auth-service,2,10,cpu:
2026-09-19T16:15:42+00:00,consent-service,10,10,cpu:
2026-09-19T16:15:42+00:00,exam-service,2,10,cpu:
2026-09-19T16:15:42+00:00,history-service,10,10,cpu:
2026-09-19T16:15:42+00:00,lab-service,2,10,cpu:
2026-09-19T16:15:42+00:00,notification-service,2,10,cpu:
2026-09-19T16:15:42+00:00,patient-service,10,10,cpu:
2026-09-19T16:15:42+00:00,result-service,10,10,cpu:
2026-09-19T16:15:42+00:00,triage-service,2,10,cpu:
2026-09-19T16:15:47+00:00,audit-service,2,10,cpu:
2026-09-19T16:15:47+00:00,auth-service,2,10,cpu:
2026-09-19T16:15:47+00:00,consent-service,10,10,cpu:
2026-09-19T16:15:47+00:00,exam-service,2,10,cpu:
2026-09-19T16:15:47+00:00,history-service,10,10,cpu:
2026-09-19T16:15:47+00:00,lab-service,2,10,cpu:
2026-09-19T16:15:47+00:00,notification-service,2,10,cpu:
2026-09-19T16:15:47+00:00,patient-service,10,10,cpu:
2026-09-19T16:15:47+00:00,result-service,10,10,cpu:
2026-09-19T16:15:47+00:00,triage-service,2,10,cpu:
2026-09-19T16:15:53+00:00,audit-service,2,10,cpu:
2026-09-19T16:15:53+00:00,auth-service,2,10,cpu:
2026-09-19T16:15:53+00:00,consent-service,10,10,cpu:
2026-09-19T16:15:53+00:00,exam-service,2,10,cpu:
2026-09-19T16:15:53+00:00,history-service,10,10,cpu:
2026-09-19T16:15:53+00:00,lab-service,2,10,cpu:
2026-09-19T16:15:53+00:00,notification-service,2,10,cpu:
2026-09-19T16:15:53+00:00,patient-service,10,10,cpu:
2026-09-19T16:15:53+00:00,result-service,10,10,cpu:
2026-09-19T16:15:53+00:00,triage-service,2,10,cpu:
2026-09-19T16:16:01+00:00,audit-service,2,10,cpu:
2026-09-19T16:16:01+00:00,auth-service,2,10,cpu:
2026-09-19T16:16:01+00:00,consent-service,10,10,cpu:
2026-09-19T16:16:01+00:00,exam-service,2,10,cpu:
2026-09-19T16:16:01+00:00,history-service,10,10,cpu:
2026-09-19T16:16:01+00:00,lab-service,2,10,cpu:
2026-09-19T16:16:01+00:00,notification-service,2,10,cpu:
2026-09-19T16:16:01+00:00,patient-service,10,10,cpu:
2026-09-19T16:16:01+00:00,result-service,10,10,cpu:
2026-09-19T16:16:01+00:00,triage-service,2,10,cpu:
2026-09-19T16:16:06+00:00,audit-service,2,10,cpu:
2026-09-19T16:16:06+00:00,auth-service,2,10,cpu:
2026-09-19T16:16:06+00:00,consent-service,10,10,cpu:
2026-09-19T16:16:06+00:00,exam-service,2,10,cpu:
2026-09-19T16:16:06+00:00,history-service,10,10,cpu:
2026-09-19T16:16:06+00:00,lab-service,2,10,cpu:
2026-09-19T16:16:06+00:00,notification-service,2,10,cpu:
2026-09-19T16:16:06+00:00,patient-service,10,10,cpu:
2026-09-19T16:16:06+00:00,result-service,10,10,cpu:
2026-09-19T16:16:06+00:00,triage-service,2,10,cpu:
2026-09-19T16:16:13+00:00,audit-service,2,10,cpu:
2026-09-19T16:16:13+00:00,auth-service,2,10,cpu:
2026-09-19T16:16:13+00:00,consent-service,10,10,cpu:
2026-09-19T16:16:13+00:00,exam-service,2,10,cpu:
2026-09-19T16:16:13+00:00,history-service,10,10,cpu:
2026-09-19T16:16:13+00:00,lab-service,2,10,cpu:
2026-09-19T16:16:13+00:00,notification-service,2,10,cpu:
2026-09-19T16:16:13+00:00,patient-service,10,10,cpu:
2026-09-19T16:16:13+00:00,result-service,10,10,cpu:
2026-09-19T16:16:13+00:00,triage-service,2,10,cpu:
2026-09-19T16:16:21+00:00,audit-service,2,10,cpu:
2026-09-19T16:16:21+00:00,auth-service,2,10,cpu:
2026-09-19T16:16:21+00:00,consent-service,10,10,cpu:
2026-09-19T16:16:21+00:00,exam-service,2,10,cpu:
2026-09-19T16:16:21+00:00,history-service,10,10,cpu:
2026-09-19T16:16:21+00:00,lab-service,2,10,cpu:
2026-09-19T16:16:21+00:00,notification-service,2,10,cpu:
2026-09-19T16:16:21+00:00,patient-service,10,10,cpu:
2026-09-19T16:16:21+00:00,result-service,10,10,cpu:
2026-09-19T16:16:21+00:00,triage-service,2,10,cpu:
2026-09-19T16:16:27+00:00,audit-service,2,10,cpu:
2026-09-19T16:16:27+00:00,auth-service,2,10,cpu:
2026-09-19T16:16:27+00:00,consent-service,10,10,cpu:
2026-09-19T16:16:27+00:00,exam-service,2,10,cpu:
2026-09-19T16:16:27+00:00,history-service,10,10,cpu:
2026-09-19T16:16:27+00:00,lab-service,2,10,cpu:
2026-09-19T16:16:27+00:00,notification-service,2,10,cpu:
2026-09-19T16:16:27+00:00,patient-service,10,10,cpu:
2026-09-19T16:16:27+00:00,result-service,10,10,cpu:
2026-09-19T16:16:27+00:00,triage-service,2,10,cpu:
2026-09-19T16:16:33+00:00,audit-service,2,10,cpu:
2026-09-19T16:16:33+00:00,auth-service,2,10,cpu:
2026-09-19T16:16:33+00:00,consent-service,10,10,cpu:
2026-09-19T16:16:33+00:00,exam-service,2,10,cpu:
2026-09-19T16:16:33+00:00,history-service,10,10,cpu:
2026-09-19T16:16:33+00:00,lab-service,2,10,cpu:
2026-09-19T16:16:33+00:00,notification-service,2,10,cpu:
2026-09-19T16:16:33+00:00,patient-service,10,10,cpu:
2026-09-19T16:16:33+00:00,result-service,10,10,cpu:
2026-09-19T16:16:33+00:00,triage-service,2,10,cpu:
2026-09-19T16:16:41+00:00,audit-service,2,10,cpu:
2026-09-19T16:16:41+00:00,auth-service,2,10,cpu:
2026-09-19T16:16:41+00:00,consent-service,10,10,cpu:
2026-09-19T16:16:41+00:00,exam-service,2,10,cpu:
2026-09-19T16:16:41+00:00,history-service,10,10,cpu:
2026-09-19T16:16:41+00:00,lab-service,2,10,cpu:
2026-09-19T16:16:41+00:00,notification-service,2,10,cpu:
2026-09-19T16:16:41+00:00,patient-service,10,10,cpu:
2026-09-19T16:16:41+00:00,result-service,10,10,cpu:
2026-09-19T16:16:41+00:00,triage-service,2,10,cpu:
2026-09-19T16:16:47+00:00,audit-service,2,10,cpu:
2026-09-19T16:16:47+00:00,auth-service,2,10,cpu:
2026-09-19T16:16:47+00:00,consent-service,10,10,cpu:
2026-09-19T16:16:47+00:00,exam-service,2,10,cpu:
2026-09-19T16:16:47+00:00,history-service,10,10,cpu:
2026-09-19T16:16:47+00:00,lab-service,2,10,cpu:
2026-09-19T16:16:47+00:00,notification-service,2,10,cpu:
2026-09-19T16:16:47+00:00,patient-service,10,10,cpu:
2026-09-19T16:16:47+00:00,result-service,10,10,cpu:
2026-09-19T16:16:47+00:00,triage-service,2,10,cpu:
2026-09-19T16:16:54+00:00,audit-service,2,10,cpu:
2026-09-19T16:16:54+00:00,auth-service,2,10,cpu:
2026-09-19T16:16:54+00:00,consent-service,10,10,cpu:
2026-09-19T16:16:54+00:00,exam-service,2,10,cpu:
2026-09-19T16:16:54+00:00,history-service,10,10,cpu:
2026-09-19T16:16:54+00:00,lab-service,2,10,cpu:
2026-09-19T16:16:54+00:00,notification-service,2,10,cpu:
2026-09-19T16:16:54+00:00,patient-service,10,10,cpu:
2026-09-19T16:16:54+00:00,result-service,10,10,cpu:
2026-09-19T16:16:54+00:00,triage-service,2,10,cpu:
2026-09-19T16:17:01+00:00,audit-service,2,10,cpu:
2026-09-19T16:17:01+00:00,auth-service,2,10,cpu:
2026-09-19T16:17:01+00:00,consent-service,10,10,cpu:
2026-09-19T16:17:01+00:00,exam-service,2,10,cpu:
2026-09-19T16:17:01+00:00,history-service,10,10,cpu:
2026-09-19T16:17:01+00:00,lab-service,2,10,cpu:
2026-09-19T16:17:01+00:00,notification-service,2,10,cpu:
2026-09-19T16:17:01+00:00,patient-service,10,10,cpu:
2026-09-19T16:17:01+00:00,result-service,10,10,cpu:
2026-09-19T16:17:01+00:00,triage-service,2,10,cpu:
2026-09-19T16:17:08+00:00,audit-service,2,10,cpu:
2026-09-19T16:17:08+00:00,auth-service,2,10,cpu:
2026-09-19T16:17:08+00:00,consent-service,10,10,cpu:
2026-09-19T16:17:08+00:00,exam-service,2,10,cpu:
2026-09-19T16:17:08+00:00,history-service,10,10,cpu:
2026-09-19T16:17:08+00:00,lab-service,2,10,cpu:
2026-09-19T16:17:08+00:00,notification-service,2,10,cpu:
2026-09-19T16:17:08+00:00,patient-service,10,10,cpu:
2026-09-19T16:17:08+00:00,result-service,10,10,cpu:
2026-09-19T16:17:08+00:00,triage-service,2,10,cpu:
2026-09-19T16:17:14+00:00,audit-service,2,10,cpu:
2026-09-19T16:17:14+00:00,auth-service,2,10,cpu:
2026-09-19T16:17:14+00:00,consent-service,10,10,cpu:
2026-09-19T16:17:14+00:00,exam-service,2,10,cpu:
2026-09-19T16:17:14+00:00,history-service,10,10,cpu:
2026-09-19T16:17:14+00:00,lab-service,2,10,cpu:
2026-09-19T16:17:14+00:00,notification-service,2,10,cpu:
2026-09-19T16:17:14+00:00,patient-service,10,10,cpu:
2026-09-19T16:17:14+00:00,result-service,10,10,cpu:
2026-09-19T16:17:14+00:00,triage-service,2,10,cpu:
2026-09-19T16:17:21+00:00,audit-service,2,10,cpu:
2026-09-19T16:17:21+00:00,auth-service,2,10,cpu:
2026-09-19T16:17:21+00:00,consent-service,10,10,cpu:
2026-09-19T16:17:21+00:00,exam-service,2,10,cpu:
2026-09-19T16:17:21+00:00,history-service,10,10,cpu:
2026-09-19T16:17:21+00:00,lab-service,2,10,cpu:
2026-09-19T16:17:21+00:00,notification-service,2,10,cpu:
2026-09-19T16:17:21+00:00,patient-service,10,10,cpu:
2026-09-19T16:17:21+00:00,result-service,10,10,cpu:
2026-09-19T16:17:21+00:00,triage-service,2,10,cpu:
2026-09-19T16:17:27+00:00,audit-service,2,10,cpu:
2026-09-19T16:17:27+00:00,auth-service,2,10,cpu:
2026-09-19T16:17:27+00:00,consent-service,10,10,cpu:
2026-09-19T16:17:27+00:00,exam-service,2,10,cpu:
2026-09-19T16:17:27+00:00,history-service,10,10,cpu:
2026-09-19T16:17:27+00:00,lab-service,2,10,cpu:
2026-09-19T16:17:27+00:00,notification-service,2,10,cpu:
2026-09-19T16:17:27+00:00,patient-service,10,10,cpu:
2026-09-19T16:17:27+00:00,result-service,10,10,cpu:
2026-09-19T16:17:27+00:00,triage-service,2,10,cpu:
2026-09-19T16:17:33+00:00,audit-service,2,10,cpu:
2026-09-19T16:17:33+00:00,auth-service,2,10,cpu:
2026-09-19T16:17:33+00:00,consent-service,10,10,cpu:
2026-09-19T16:17:33+00:00,exam-service,2,10,cpu:
2026-09-19T16:17:33+00:00,history-service,10,10,cpu:
2026-09-19T16:17:33+00:00,lab-service,2,10,cpu:
2026-09-19T16:17:33+00:00,notification-service,2,10,cpu:
2026-09-19T16:17:33+00:00,patient-service,10,10,cpu:
2026-09-19T16:17:33+00:00,result-service,10,10,cpu:
2026-09-19T16:17:33+00:00,triage-service,2,10,cpu:
2026-09-19T16:17:42+00:00,audit-service,2,10,cpu:
2026-09-19T16:17:42+00:00,auth-service,2,10,cpu:
2026-09-19T16:17:42+00:00,consent-service,10,10,cpu:
2026-09-19T16:17:42+00:00,exam-service,2,10,cpu:
2026-09-19T16:17:42+00:00,history-service,10,10,cpu:
2026-09-19T16:17:42+00:00,lab-service,2,10,cpu:
2026-09-19T16:17:42+00:00,notification-service,2,10,cpu:
2026-09-19T16:17:42+00:00,patient-service,10,10,cpu:
2026-09-19T16:17:42+00:00,result-service,10,10,cpu:
2026-09-19T16:17:42+00:00,triage-service,2,10,cpu:
2026-09-19T16:17:48+00:00,audit-service,2,10,cpu:
2026-09-19T16:17:48+00:00,auth-service,2,10,cpu:
2026-09-19T16:17:48+00:00,consent-service,10,10,cpu:
2026-09-19T16:17:48+00:00,exam-service,2,10,cpu:
2026-09-19T16:17:48+00:00,history-service,10,10,cpu:
2026-09-19T16:17:48+00:00,lab-service,2,10,cpu:
2026-09-19T16:17:48+00:00,notification-service,2,10,cpu:
2026-09-19T16:17:48+00:00,patient-service,10,10,cpu:
2026-09-19T16:17:48+00:00,result-service,10,10,cpu:
2026-09-19T16:17:48+00:00,triage-service,2,10,cpu:
2026-09-19T16:17:53+00:00,audit-service,2,10,cpu:
2026-09-19T16:17:53+00:00,auth-service,2,10,cpu:
2026-09-19T16:17:53+00:00,consent-service,10,10,cpu:
2026-09-19T16:17:53+00:00,exam-service,2,10,cpu:
2026-09-19T16:17:53+00:00,history-service,10,10,cpu:
2026-09-19T16:17:53+00:00,lab-service,2,10,cpu:
2026-09-19T16:17:53+00:00,notification-service,2,10,cpu:
2026-09-19T16:17:53+00:00,patient-service,10,10,cpu:
2026-09-19T16:17:53+00:00,result-service,10,10,cpu:
2026-09-19T16:17:53+00:00,triage-service,2,10,cpu:
2026-09-19T16:18:03+00:00,audit-service,2,10,cpu:
2026-09-19T16:18:03+00:00,auth-service,2,10,cpu:
2026-09-19T16:18:03+00:00,consent-service,10,10,cpu:
2026-09-19T16:18:03+00:00,exam-service,2,10,cpu:
2026-09-19T16:18:03+00:00,history-service,10,10,cpu:
2026-09-19T16:18:03+00:00,lab-service,2,10,cpu:
2026-09-19T16:18:03+00:00,notification-service,2,10,cpu:
2026-09-19T16:18:03+00:00,patient-service,10,10,cpu:
2026-09-19T16:18:03+00:00,result-service,10,10,cpu:
2026-09-19T16:18:03+00:00,triage-service,2,10,cpu:
2026-09-19T16:18:09+00:00,audit-service,2,10,cpu:
2026-09-19T16:18:09+00:00,auth-service,2,10,cpu:
2026-09-19T16:18:09+00:00,consent-service,10,10,cpu:
2026-09-19T16:18:09+00:00,exam-service,2,10,cpu:
2026-09-19T16:18:09+00:00,history-service,10,10,cpu:
2026-09-19T16:18:09+00:00,lab-service,2,10,cpu:
2026-09-19T16:18:09+00:00,notification-service,2,10,cpu:
2026-09-19T16:18:09+00:00,patient-service,10,10,cpu:
2026-09-19T16:18:09+00:00,result-service,10,10,cpu:
2026-09-19T16:18:09+00:00,triage-service,2,10,cpu:
2026-09-19T16:18:15+00:00,audit-service,2,10,cpu:
2026-09-19T16:18:15+00:00,auth-service,2,10,cpu:
2026-09-19T16:18:15+00:00,consent-service,10,10,cpu:
2026-09-19T16:18:15+00:00,exam-service,2,10,cpu:
2026-09-19T16:18:15+00:00,history-service,10,10,cpu:
2026-09-19T16:18:15+00:00,lab-service,2,10,cpu:
2026-09-19T16:18:15+00:00,notification-service,2,10,cpu:
2026-09-19T16:18:15+00:00,patient-service,10,10,cpu:
2026-09-19T16:18:15+00:00,result-service,10,10,cpu:
2026-09-19T16:18:15+00:00,triage-service,2,10,cpu:
2026-09-19T16:18:26+00:00,audit-service,2,10,cpu:
2026-09-19T16:18:26+00:00,auth-service,2,10,cpu:
2026-09-19T16:18:26+00:00,consent-service,10,10,cpu:
2026-09-19T16:18:26+00:00,exam-service,2,10,cpu:
2026-09-19T16:18:26+00:00,history-service,10,10,cpu:
2026-09-19T16:18:26+00:00,lab-service,2,10,cpu:
2026-09-19T16:18:26+00:00,notification-service,2,10,cpu:
2026-09-19T16:18:26+00:00,patient-service,10,10,cpu:
2026-09-19T16:18:26+00:00,result-service,10,10,cpu:
2026-09-19T16:18:26+00:00,triage-service,2,10,cpu:
2026-09-19T16:18:33+00:00,audit-service,2,10,cpu:
2026-09-19T16:18:33+00:00,auth-service,2,10,cpu:
2026-09-19T16:18:33+00:00,consent-service,10,10,cpu:
2026-09-19T16:18:33+00:00,exam-service,2,10,cpu:
2026-09-19T16:18:33+00:00,history-service,10,10,cpu:
2026-09-19T16:18:33+00:00,lab-service,2,10,cpu:
2026-09-19T16:18:33+00:00,notification-service,2,10,cpu:
2026-09-19T16:18:33+00:00,patient-service,10,10,cpu:
2026-09-19T16:18:33+00:00,result-service,10,10,cpu:
2026-09-19T16:18:33+00:00,triage-service,2,10,cpu:
2026-09-19T16:18:39+00:00,audit-service,2,10,cpu:
2026-09-19T16:18:39+00:00,auth-service,2,10,cpu:
2026-09-19T16:18:39+00:00,consent-service,10,10,cpu:
2026-09-19T16:18:39+00:00,exam-service,2,10,cpu:
2026-09-19T16:18:39+00:00,history-service,10,10,cpu:
2026-09-19T16:18:39+00:00,lab-service,2,10,cpu:
2026-09-19T16:18:39+00:00,notification-service,2,10,cpu:
2026-09-19T16:18:39+00:00,patient-service,10,10,cpu:
2026-09-19T16:18:39+00:00,result-service,10,10,cpu:
2026-09-19T16:18:39+00:00,triage-service,2,10,cpu:
2026-09-19T16:18:50+00:00,audit-service,2,10,cpu:
2026-09-19T16:18:50+00:00,auth-service,2,10,cpu:
2026-09-19T16:18:50+00:00,consent-service,10,10,cpu:
2026-09-19T16:18:50+00:00,exam-service,2,10,cpu:
2026-09-19T16:18:50+00:00,history-service,10,10,cpu:
2026-09-19T16:18:50+00:00,lab-service,2,10,cpu:
2026-09-19T16:18:50+00:00,notification-service,2,10,cpu:
2026-09-19T16:18:50+00:00,patient-service,10,10,cpu:
2026-09-19T16:18:50+00:00,result-service,10,10,cpu:
2026-09-19T16:18:50+00:00,triage-service,2,10,cpu:
2026-09-19T16:18:56+00:00,audit-service,2,10,cpu:
2026-09-19T16:18:56+00:00,auth-service,2,10,cpu:
2026-09-19T16:18:56+00:00,consent-service,10,10,cpu:
2026-09-19T16:18:56+00:00,exam-service,2,10,cpu:
2026-09-19T16:18:56+00:00,history-service,10,10,cpu:
2026-09-19T16:18:56+00:00,lab-service,2,10,cpu:
2026-09-19T16:18:56+00:00,notification-service,2,10,cpu:
2026-09-19T16:18:56+00:00,patient-service,10,10,cpu:
2026-09-19T16:18:56+00:00,result-service,10,10,cpu:
2026-09-19T16:18:56+00:00,triage-service,2,10,cpu:
2026-09-19T16:19:02+00:00,audit-service,2,10,cpu:
2026-09-19T16:19:02+00:00,auth-service,2,10,cpu:
2026-09-19T16:19:02+00:00,consent-service,10,10,cpu:
2026-09-19T16:19:02+00:00,exam-service,2,10,cpu:
2026-09-19T16:19:02+00:00,history-service,10,10,cpu:
2026-09-19T16:19:02+00:00,lab-service,2,10,cpu:
2026-09-19T16:19:02+00:00,notification-service,2,10,cpu:
2026-09-19T16:19:02+00:00,patient-service,10,10,cpu:
2026-09-19T16:19:02+00:00,result-service,10,10,cpu:
2026-09-19T16:19:02+00:00,triage-service,2,10,cpu:
2026-09-19T16:19:15+00:00,audit-service,2,10,cpu:
2026-09-19T16:19:15+00:00,auth-service,2,10,cpu:
2026-09-19T16:19:15+00:00,consent-service,10,10,cpu:
2026-09-19T16:19:15+00:00,exam-service,2,10,cpu:
2026-09-19T16:19:15+00:00,history-service,10,10,cpu:
2026-09-19T16:19:15+00:00,lab-service,2,10,cpu:
2026-09-19T16:19:15+00:00,notification-service,2,10,cpu:
2026-09-19T16:19:15+00:00,patient-service,10,10,cpu:
2026-09-19T16:19:15+00:00,result-service,10,10,cpu:
2026-09-19T16:19:15+00:00,triage-service,2,10,cpu:
2026-09-19T16:19:21+00:00,audit-service,2,10,cpu:
2026-09-19T16:19:21+00:00,auth-service,2,10,cpu:
2026-09-19T16:19:21+00:00,consent-service,10,10,cpu:
2026-09-19T16:19:21+00:00,exam-service,2,10,cpu:
2026-09-19T16:19:21+00:00,history-service,10,10,cpu:
2026-09-19T16:19:21+00:00,lab-service,2,10,cpu:
2026-09-19T16:19:21+00:00,notification-service,2,10,cpu:
2026-09-19T16:19:21+00:00,patient-service,10,10,cpu:
2026-09-19T16:19:21+00:00,result-service,10,10,cpu:
2026-09-19T16:19:21+00:00,triage-service,2,10,cpu:
2026-09-19T16:19:28+00:00,audit-service,2,10,cpu:
2026-09-19T16:19:28+00:00,auth-service,2,10,cpu:
2026-09-19T16:19:28+00:00,consent-service,10,10,cpu:
2026-09-19T16:19:28+00:00,exam-service,2,10,cpu:
2026-09-19T16:19:28+00:00,history-service,10,10,cpu:
2026-09-19T16:19:28+00:00,lab-service,2,10,cpu:
2026-09-19T16:19:28+00:00,notification-service,2,10,cpu:
2026-09-19T16:19:28+00:00,patient-service,10,10,cpu:
2026-09-19T16:19:28+00:00,result-service,10,10,cpu:
2026-09-19T16:19:28+00:00,triage-service,2,10,cpu:
2026-09-19T16:19:40+00:00,audit-service,2,10,cpu:
2026-09-19T16:19:40+00:00,auth-service,2,10,cpu:
2026-09-19T16:19:40+00:00,consent-service,10,10,cpu:
2026-09-19T16:19:40+00:00,exam-service,2,10,cpu:
2026-09-19T16:19:40+00:00,history-service,10,10,cpu:
2026-09-19T16:19:40+00:00,lab-service,2,10,cpu:
2026-09-19T16:19:40+00:00,notification-service,2,10,cpu:
2026-09-19T16:19:40+00:00,patient-service,10,10,cpu:
2026-09-19T16:19:40+00:00,result-service,10,10,cpu:
2026-09-19T16:19:40+00:00,triage-service,2,10,cpu:
2026-09-19T16:19:47+00:00,audit-service,2,10,cpu:
2026-09-19T16:19:47+00:00,auth-service,2,10,cpu:
2026-09-19T16:19:47+00:00,consent-service,10,10,cpu:
2026-09-19T16:19:47+00:00,exam-service,2,10,cpu:
2026-09-19T16:19:47+00:00,history-service,10,10,cpu:
2026-09-19T16:19:47+00:00,lab-service,2,10,cpu:
2026-09-19T16:19:47+00:00,notification-service,2,10,cpu:
2026-09-19T16:19:47+00:00,patient-service,10,10,cpu:
2026-09-19T16:19:47+00:00,result-service,10,10,cpu:
2026-09-19T16:19:47+00:00,triage-service,2,10,cpu:
2026-09-19T16:19:53+00:00,audit-service,2,10,cpu:
2026-09-19T16:19:53+00:00,auth-service,2,10,cpu:
2026-09-19T16:19:53+00:00,consent-service,10,10,cpu:
2026-09-19T16:19:53+00:00,exam-service,2,10,cpu:
2026-09-19T16:19:53+00:00,history-service,10,10,cpu:
2026-09-19T16:19:53+00:00,lab-service,2,10,cpu:
2026-09-19T16:19:53+00:00,notification-service,2,10,cpu:
2026-09-19T16:19:53+00:00,patient-service,10,10,cpu:
2026-09-19T16:19:53+00:00,result-service,10,10,cpu:
2026-09-19T16:19:53+00:00,triage-service,2,10,cpu:
2026-09-19T16:20:05+00:00,audit-service,2,10,cpu:
2026-09-19T16:20:05+00:00,auth-service,2,10,cpu:
2026-09-19T16:20:05+00:00,consent-service,10,10,cpu:
2026-09-19T16:20:05+00:00,exam-service,2,10,cpu:
2026-09-19T16:20:05+00:00,history-service,10,10,cpu:
2026-09-19T16:20:05+00:00,lab-service,2,10,cpu:
2026-09-19T16:20:05+00:00,notification-service,2,10,cpu:
2026-09-19T16:20:05+00:00,patient-service,10,10,cpu:
2026-09-19T16:20:05+00:00,result-service,10,10,cpu:
2026-09-19T16:20:05+00:00,triage-service,2,10,cpu:
2026-09-19T16:20:12+00:00,audit-service,2,10,cpu:
2026-09-19T16:20:12+00:00,auth-service,2,10,cpu:
2026-09-19T16:20:12+00:00,consent-service,10,10,cpu:
2026-09-19T16:20:12+00:00,exam-service,2,10,cpu:
2026-09-19T16:20:12+00:00,history-service,10,10,cpu:
2026-09-19T16:20:12+00:00,lab-service,2,10,cpu:
2026-09-19T16:20:12+00:00,notification-service,2,10,cpu:
2026-09-19T16:20:12+00:00,patient-service,10,10,cpu:
2026-09-19T16:20:12+00:00,result-service,10,10,cpu:
2026-09-19T16:20:12+00:00,triage-service,2,10,cpu:
2026-09-19T16:20:18+00:00,audit-service,2,10,cpu:
2026-09-19T16:20:18+00:00,auth-service,2,10,cpu:
2026-09-19T16:20:18+00:00,consent-service,10,10,cpu:
2026-09-19T16:20:18+00:00,exam-service,2,10,cpu:
2026-09-19T16:20:18+00:00,history-service,10,10,cpu:
2026-09-19T16:20:18+00:00,lab-service,2,10,cpu:
2026-09-19T16:20:18+00:00,notification-service,2,10,cpu:
2026-09-19T16:20:18+00:00,patient-service,10,10,cpu:
2026-09-19T16:20:18+00:00,result-service,10,10,cpu:
2026-09-19T16:20:18+00:00,triage-service,2,10,cpu:
2026-09-19T16:20:31+00:00,audit-service,2,10,cpu:
2026-09-19T16:20:31+00:00,auth-service,2,10,cpu:
2026-09-19T16:20:31+00:00,consent-service,10,10,cpu:
2026-09-19T16:20:31+00:00,exam-service,2,10,cpu:
2026-09-19T16:20:31+00:00,history-service,10,10,cpu:
2026-09-19T16:20:31+00:00,lab-service,2,10,cpu:
2026-09-19T16:20:31+00:00,notification-service,2,10,cpu:
2026-09-19T16:20:31+00:00,patient-service,10,10,cpu:
2026-09-19T16:20:31+00:00,result-service,10,10,cpu:
2026-09-19T16:20:31+00:00,triage-service,2,10,cpu:
2026-09-19T16:20:38+00:00,audit-service,2,10,cpu:
2026-09-19T16:20:38+00:00,auth-service,2,10,cpu:
2026-09-19T16:20:38+00:00,consent-service,10,10,cpu:
2026-09-19T16:20:38+00:00,exam-service,2,10,cpu:
2026-09-19T16:20:38+00:00,history-service,10,10,cpu:
2026-09-19T16:20:38+00:00,lab-service,2,10,cpu:
2026-09-19T16:20:38+00:00,notification-service,2,10,cpu:
2026-09-19T16:20:38+00:00,patient-service,10,10,cpu:
2026-09-19T16:20:38+00:00,result-service,10,10,cpu:
2026-09-19T16:20:38+00:00,triage-service,2,10,cpu:
2026-09-19T16:20:44+00:00,audit-service,2,10,cpu:
2026-09-19T16:20:44+00:00,auth-service,2,10,cpu:
2026-09-19T16:20:44+00:00,consent-service,10,10,cpu:
2026-09-19T16:20:44+00:00,exam-service,2,10,cpu:
2026-09-19T16:20:44+00:00,history-service,10,10,cpu:
2026-09-19T16:20:44+00:00,lab-service,2,10,cpu:
2026-09-19T16:20:44+00:00,notification-service,2,10,cpu:
2026-09-19T16:20:44+00:00,patient-service,10,10,cpu:
2026-09-19T16:20:44+00:00,result-service,10,10,cpu:
2026-09-19T16:20:44+00:00,triage-service,2,10,cpu:
2026-09-19T16:20:57+00:00,audit-service,2,10,cpu:
2026-09-19T16:20:57+00:00,auth-service,2,10,cpu:
2026-09-19T16:20:57+00:00,consent-service,10,10,cpu:
2026-09-19T16:20:57+00:00,exam-service,2,10,cpu:
2026-09-19T16:20:57+00:00,history-service,10,10,cpu:
2026-09-19T16:20:57+00:00,lab-service,2,10,cpu:
2026-09-19T16:20:57+00:00,notification-service,2,10,cpu:
2026-09-19T16:20:57+00:00,patient-service,10,10,cpu:
2026-09-19T16:20:57+00:00,result-service,10,10,cpu:
2026-09-19T16:20:57+00:00,triage-service,2,10,cpu:
2026-09-19T16:21:03+00:00,audit-service,2,10,cpu:
2026-09-19T16:21:03+00:00,auth-service,2,10,cpu:
2026-09-19T16:21:03+00:00,consent-service,10,10,cpu:
2026-09-19T16:21:03+00:00,exam-service,2,10,cpu:
2026-09-19T16:21:03+00:00,history-service,10,10,cpu:
2026-09-19T16:21:03+00:00,lab-service,2,10,cpu:
2026-09-19T16:21:03+00:00,notification-service,2,10,cpu:
2026-09-19T16:21:03+00:00,patient-service,10,10,cpu:
2026-09-19T16:21:03+00:00,result-service,10,10,cpu:
2026-09-19T16:21:03+00:00,triage-service,2,10,cpu:
2026-09-19T16:21:09+00:00,audit-service,2,10,cpu:
2026-09-19T16:21:09+00:00,auth-service,2,10,cpu:
2026-09-19T16:21:09+00:00,consent-service,10,10,cpu:
2026-09-19T16:21:09+00:00,exam-service,2,10,cpu:
2026-09-19T16:21:09+00:00,history-service,10,10,cpu:
2026-09-19T16:21:09+00:00,lab-service,2,10,cpu:
2026-09-19T16:21:09+00:00,notification-service,2,10,cpu:
2026-09-19T16:21:09+00:00,patient-service,10,10,cpu:
2026-09-19T16:21:09+00:00,result-service,10,10,cpu:
2026-09-19T16:21:09+00:00,triage-service,2,10,cpu:
2026-09-19T16:21:21+00:00,audit-service,2,10,cpu:
2026-09-19T16:21:21+00:00,auth-service,2,10,cpu:
2026-09-19T16:21:21+00:00,consent-service,10,10,cpu:
2026-09-19T16:21:21+00:00,exam-service,2,10,cpu:
2026-09-19T16:21:21+00:00,history-service,10,10,cpu:
2026-09-19T16:21:21+00:00,lab-service,2,10,cpu:
2026-09-19T16:21:21+00:00,notification-service,2,10,cpu:
2026-09-19T16:21:21+00:00,patient-service,10,10,cpu:
2026-09-19T16:21:21+00:00,result-service,10,10,cpu:
2026-09-19T16:21:21+00:00,triage-service,2,10,cpu:
2026-09-19T16:21:27+00:00,audit-service,2,10,cpu:
2026-09-19T16:21:27+00:00,auth-service,2,10,cpu:
2026-09-19T16:21:27+00:00,consent-service,10,10,cpu:
2026-09-19T16:21:27+00:00,exam-service,2,10,cpu:
2026-09-19T16:21:27+00:00,history-service,10,10,cpu:
2026-09-19T16:21:27+00:00,lab-service,2,10,cpu:
2026-09-19T16:21:27+00:00,notification-service,2,10,cpu:
2026-09-19T16:21:27+00:00,patient-service,10,10,cpu:
2026-09-19T16:21:27+00:00,result-service,10,10,cpu:
2026-09-19T16:21:27+00:00,triage-service,2,10,cpu:
2026-09-19T16:21:34+00:00,audit-service,2,10,cpu:
2026-09-19T16:21:34+00:00,auth-service,2,10,cpu:
2026-09-19T16:21:34+00:00,consent-service,10,10,cpu:
2026-09-19T16:21:34+00:00,exam-service,2,10,cpu:
2026-09-19T16:21:34+00:00,history-service,10,10,cpu:
2026-09-19T16:21:34+00:00,lab-service,2,10,cpu:
2026-09-19T16:21:34+00:00,notification-service,2,10,cpu:
2026-09-19T16:21:34+00:00,patient-service,10,10,cpu:
2026-09-19T16:21:34+00:00,result-service,10,10,cpu:
2026-09-19T16:21:34+00:00,triage-service,2,10,cpu:
2026-09-19T16:21:46+00:00,audit-service,2,10,cpu:
2026-09-19T16:21:46+00:00,auth-service,2,10,cpu:
2026-09-19T16:21:46+00:00,consent-service,10,10,cpu:
2026-09-19T16:21:46+00:00,exam-service,2,10,cpu:
2026-09-19T16:21:46+00:00,history-service,10,10,cpu:
2026-09-19T16:21:46+00:00,lab-service,2,10,cpu:
2026-09-19T16:21:46+00:00,notification-service,2,10,cpu:
2026-09-19T16:21:46+00:00,patient-service,10,10,cpu:
2026-09-19T16:21:46+00:00,result-service,10,10,cpu:
2026-09-19T16:21:46+00:00,triage-service,2,10,cpu:
2026-09-19T16:21:53+00:00,audit-service,2,10,cpu:
2026-09-19T16:21:53+00:00,auth-service,2,10,cpu:
2026-09-19T16:21:53+00:00,consent-service,10,10,cpu:
2026-09-19T16:21:53+00:00,exam-service,2,10,cpu:
2026-09-19T16:21:53+00:00,history-service,10,10,cpu:
2026-09-19T16:21:53+00:00,lab-service,2,10,cpu:
2026-09-19T16:21:53+00:00,notification-service,2,10,cpu:
2026-09-19T16:21:53+00:00,patient-service,10,10,cpu:
2026-09-19T16:21:53+00:00,result-service,10,10,cpu:
2026-09-19T16:21:53+00:00,triage-service,2,10,cpu:
2026-09-19T16:22:00+00:00,audit-service,2,10,cpu:
2026-09-19T16:22:00+00:00,auth-service,2,10,cpu:
2026-09-19T16:22:00+00:00,consent-service,10,10,cpu:
2026-09-19T16:22:00+00:00,exam-service,2,10,cpu:
2026-09-19T16:22:00+00:00,history-service,10,10,cpu:
2026-09-19T16:22:00+00:00,lab-service,2,10,cpu:
2026-09-19T16:22:00+00:00,notification-service,2,10,cpu:
2026-09-19T16:22:00+00:00,patient-service,10,10,cpu:
2026-09-19T16:22:00+00:00,result-service,10,10,cpu:
2026-09-19T16:22:00+00:00,triage-service,2,10,cpu:
2026-09-19T16:22:13+00:00,audit-service,2,10,cpu:
2026-09-19T16:22:13+00:00,auth-service,2,10,cpu:
2026-09-19T16:22:13+00:00,consent-service,10,10,cpu:
2026-09-19T16:22:13+00:00,exam-service,2,10,cpu:
2026-09-19T16:22:13+00:00,history-service,10,10,cpu:
2026-09-19T16:22:13+00:00,lab-service,2,10,cpu:
2026-09-19T16:22:13+00:00,notification-service,2,10,cpu:
2026-09-19T16:22:13+00:00,patient-service,10,10,cpu:
2026-09-19T16:22:13+00:00,result-service,10,10,cpu:
2026-09-19T16:22:13+00:00,triage-service,2,10,cpu:
2026-09-19T16:22:20+00:00,audit-service,2,10,cpu:
2026-09-19T16:22:20+00:00,auth-service,2,10,cpu:
2026-09-19T16:22:20+00:00,consent-service,10,10,cpu:
2026-09-19T16:22:20+00:00,exam-service,2,10,cpu:
2026-09-19T16:22:20+00:00,history-service,10,10,cpu:
2026-09-19T16:22:20+00:00,lab-service,2,10,cpu:
2026-09-19T16:22:20+00:00,notification-service,2,10,cpu:
2026-09-19T16:22:20+00:00,patient-service,10,10,cpu:
2026-09-19T16:22:20+00:00,result-service,10,10,cpu:
2026-09-19T16:22:20+00:00,triage-service,2,10,cpu:
2026-09-19T16:22:26+00:00,audit-service,2,10,cpu:
2026-09-19T16:22:26+00:00,auth-service,2,10,cpu:
2026-09-19T16:22:26+00:00,consent-service,10,10,cpu:
2026-09-19T16:22:26+00:00,exam-service,2,10,cpu:
2026-09-19T16:22:26+00:00,history-service,10,10,cpu:
2026-09-19T16:22:26+00:00,lab-service,2,10,cpu:
2026-09-19T16:22:26+00:00,notification-service,2,10,cpu:
2026-09-19T16:22:26+00:00,patient-service,10,10,cpu:
2026-09-19T16:22:26+00:00,result-service,10,10,cpu:
2026-09-19T16:22:26+00:00,triage-service,2,10,cpu:
2026-09-19T16:22:39+00:00,audit-service,2,10,cpu:
2026-09-19T16:22:39+00:00,auth-service,2,10,cpu:
2026-09-19T16:22:39+00:00,consent-service,10,10,cpu:
2026-09-19T16:22:39+00:00,exam-service,2,10,cpu:
2026-09-19T16:22:39+00:00,history-service,10,10,cpu:
2026-09-19T16:22:39+00:00,lab-service,2,10,cpu:
2026-09-19T16:22:39+00:00,notification-service,2,10,cpu:
2026-09-19T16:22:39+00:00,patient-service,10,10,cpu:
2026-09-19T16:22:39+00:00,result-service,10,10,cpu:
2026-09-19T16:22:39+00:00,triage-service,2,10,cpu:
2026-09-19T16:22:46+00:00,audit-service,2,10,cpu:
2026-09-19T16:22:46+00:00,auth-service,2,10,cpu:
2026-09-19T16:22:46+00:00,consent-service,10,10,cpu:
2026-09-19T16:22:46+00:00,exam-service,2,10,cpu:
2026-09-19T16:22:46+00:00,history-service,10,10,cpu:
2026-09-19T16:22:46+00:00,lab-service,2,10,cpu:
2026-09-19T16:22:46+00:00,notification-service,2,10,cpu:
2026-09-19T16:22:46+00:00,patient-service,10,10,cpu:
2026-09-19T16:22:46+00:00,result-service,10,10,cpu:
2026-09-19T16:22:46+00:00,triage-service,2,10,cpu:
2026-09-19T16:22:54+00:00,audit-service,2,10,cpu:
2026-09-19T16:22:54+00:00,auth-service,2,10,cpu:
2026-09-19T16:22:54+00:00,consent-service,10,10,cpu:
2026-09-19T16:22:54+00:00,exam-service,2,10,cpu:
2026-09-19T16:22:54+00:00,history-service,10,10,cpu:
2026-09-19T16:22:54+00:00,lab-service,2,10,cpu:
2026-09-19T16:22:54+00:00,notification-service,2,10,cpu:
2026-09-19T16:22:54+00:00,patient-service,10,10,cpu:
2026-09-19T16:22:54+00:00,result-service,10,10,cpu:
2026-09-19T16:22:54+00:00,triage-service,2,10,cpu:
2026-09-19T16:23:07+00:00,audit-service,2,10,cpu:
2026-09-19T16:23:07+00:00,auth-service,2,10,cpu:
2026-09-19T16:23:07+00:00,consent-service,10,10,cpu:
2026-09-19T16:23:07+00:00,exam-service,2,10,cpu:
2026-09-19T16:23:07+00:00,history-service,10,10,cpu:
2026-09-19T16:23:07+00:00,lab-service,2,10,cpu:
2026-09-19T16:23:07+00:00,notification-service,2,10,cpu:
2026-09-19T16:23:07+00:00,patient-service,10,10,cpu:
2026-09-19T16:23:07+00:00,result-service,10,10,cpu:
2026-09-19T16:23:07+00:00,triage-service,2,10,cpu:
2026-09-19T16:23:14+00:00,audit-service,2,10,cpu:
2026-09-19T16:23:14+00:00,auth-service,2,10,cpu:
2026-09-19T16:23:14+00:00,consent-service,10,10,cpu:
2026-09-19T16:23:14+00:00,exam-service,2,10,cpu:
2026-09-19T16:23:14+00:00,history-service,10,10,cpu:
2026-09-19T16:23:14+00:00,lab-service,2,10,cpu:
2026-09-19T16:23:14+00:00,notification-service,2,10,cpu:
2026-09-19T16:23:14+00:00,patient-service,10,10,cpu:
2026-09-19T16:23:14+00:00,result-service,10,10,cpu:
2026-09-19T16:23:14+00:00,triage-service,2,10,cpu:
2026-09-19T16:23:21+00:00,audit-service,2,10,cpu:
2026-09-19T16:23:21+00:00,auth-service,2,10,cpu:
2026-09-19T16:23:21+00:00,consent-service,10,10,cpu:
2026-09-19T16:23:21+00:00,exam-service,2,10,cpu:
2026-09-19T16:23:21+00:00,history-service,10,10,cpu:
2026-09-19T16:23:21+00:00,lab-service,2,10,cpu:
2026-09-19T16:23:21+00:00,notification-service,2,10,cpu:
2026-09-19T16:23:21+00:00,patient-service,10,10,cpu:
2026-09-19T16:23:21+00:00,result-service,10,10,cpu:
2026-09-19T16:23:21+00:00,triage-service,2,10,cpu:
2026-09-19T16:23:33+00:00,audit-service,2,10,cpu:
2026-09-19T16:23:33+00:00,auth-service,2,10,cpu:
2026-09-19T16:23:33+00:00,consent-service,10,10,cpu:
2026-09-19T16:23:33+00:00,exam-service,2,10,cpu:
2026-09-19T16:23:33+00:00,history-service,10,10,cpu:
2026-09-19T16:23:33+00:00,lab-service,2,10,cpu:
2026-09-19T16:23:33+00:00,notification-service,2,10,cpu:
2026-09-19T16:23:33+00:00,patient-service,10,10,cpu:
2026-09-19T16:23:33+00:00,result-service,10,10,cpu:
2026-09-19T16:23:33+00:00,triage-service,2,10,cpu:
2026-09-19T16:23:40+00:00,audit-service,2,10,cpu:
2026-09-19T16:23:40+00:00,auth-service,2,10,cpu:
2026-09-19T16:23:40+00:00,consent-service,10,10,cpu:
2026-09-19T16:23:40+00:00,exam-service,2,10,cpu:
2026-09-19T16:23:40+00:00,history-service,10,10,cpu:
2026-09-19T16:23:40+00:00,lab-service,2,10,cpu:
2026-09-19T16:23:40+00:00,notification-service,2,10,cpu:
2026-09-19T16:23:40+00:00,patient-service,10,10,cpu:
2026-09-19T16:23:40+00:00,result-service,10,10,cpu:
2026-09-19T16:23:40+00:00,triage-service,2,10,cpu:
2026-09-19T16:23:46+00:00,audit-service,2,10,cpu:
2026-09-19T16:23:46+00:00,auth-service,2,10,cpu:
2026-09-19T16:23:46+00:00,consent-service,10,10,cpu:
2026-09-19T16:23:46+00:00,exam-service,2,10,cpu:
2026-09-19T16:23:46+00:00,history-service,10,10,cpu:
2026-09-19T16:23:46+00:00,lab-service,2,10,cpu:
2026-09-19T16:23:46+00:00,notification-service,2,10,cpu:
2026-09-19T16:23:46+00:00,patient-service,10,10,cpu:
2026-09-19T16:23:46+00:00,result-service,10,10,cpu:
2026-09-19T16:23:46+00:00,triage-service,2,10,cpu:
2026-09-19T16:23:58+00:00,audit-service,2,10,cpu:
2026-09-19T16:23:58+00:00,auth-service,2,10,cpu:
2026-09-19T16:23:58+00:00,consent-service,10,10,cpu:
2026-09-19T16:23:58+00:00,exam-service,2,10,cpu:
2026-09-19T16:23:58+00:00,history-service,10,10,cpu:
2026-09-19T16:23:58+00:00,lab-service,2,10,cpu:
2026-09-19T16:23:58+00:00,notification-service,2,10,cpu:
2026-09-19T16:23:58+00:00,patient-service,10,10,cpu:
2026-09-19T16:23:58+00:00,result-service,10,10,cpu:
2026-09-19T16:23:58+00:00,triage-service,2,10,cpu:
2026-09-19T16:24:05+00:00,audit-service,2,10,cpu:
2026-09-19T16:24:05+00:00,auth-service,2,10,cpu:
2026-09-19T16:24:05+00:00,consent-service,10,10,cpu:
2026-09-19T16:24:05+00:00,exam-service,2,10,cpu:
2026-09-19T16:24:05+00:00,history-service,10,10,cpu:
2026-09-19T16:24:05+00:00,lab-service,2,10,cpu:
2026-09-19T16:24:05+00:00,notification-service,2,10,cpu:
2026-09-19T16:24:05+00:00,patient-service,10,10,cpu:
2026-09-19T16:24:05+00:00,result-service,10,10,cpu:
2026-09-19T16:24:05+00:00,triage-service,2,10,cpu:
2026-09-19T16:24:12+00:00,audit-service,2,10,cpu:
2026-09-19T16:24:12+00:00,auth-service,2,10,cpu:
2026-09-19T16:24:12+00:00,consent-service,10,10,cpu:
2026-09-19T16:24:12+00:00,exam-service,2,10,cpu:
2026-09-19T16:24:12+00:00,history-service,10,10,cpu:
2026-09-19T16:24:12+00:00,lab-service,2,10,cpu:
2026-09-19T16:24:12+00:00,notification-service,2,10,cpu:
2026-09-19T16:24:12+00:00,patient-service,10,10,cpu:
2026-09-19T16:24:12+00:00,result-service,10,10,cpu:
2026-09-19T16:24:12+00:00,triage-service,2,10,cpu:
2026-09-19T16:24:24+00:00,audit-service,2,10,cpu:
2026-09-19T16:24:24+00:00,auth-service,2,10,cpu:
2026-09-19T16:24:24+00:00,consent-service,10,10,cpu:
2026-09-19T16:24:24+00:00,exam-service,2,10,cpu:
2026-09-19T16:24:24+00:00,history-service,10,10,cpu:
2026-09-19T16:24:24+00:00,lab-service,2,10,cpu:
2026-09-19T16:24:24+00:00,notification-service,2,10,cpu:
2026-09-19T16:24:24+00:00,patient-service,10,10,cpu:
2026-09-19T16:24:24+00:00,result-service,10,10,cpu:
2026-09-19T16:24:24+00:00,triage-service,2,10,cpu:
2026-09-19T16:24:31+00:00,audit-service,2,10,cpu:
2026-09-19T16:24:31+00:00,auth-service,2,10,cpu:
2026-09-19T16:24:31+00:00,consent-service,10,10,cpu:
2026-09-19T16:24:31+00:00,exam-service,2,10,cpu:
2026-09-19T16:24:31+00:00,history-service,10,10,cpu:
2026-09-19T16:24:31+00:00,lab-service,2,10,cpu:
2026-09-19T16:24:31+00:00,notification-service,2,10,cpu:
2026-09-19T16:24:31+00:00,patient-service,10,10,cpu:
2026-09-19T16:24:31+00:00,result-service,10,10,cpu:
2026-09-19T16:24:31+00:00,triage-service,2,10,cpu:
2026-09-19T16:24:38+00:00,audit-service,2,10,cpu:
2026-09-19T16:24:38+00:00,auth-service,2,10,cpu:
2026-09-19T16:24:38+00:00,consent-service,10,10,cpu:
2026-09-19T16:24:38+00:00,exam-service,2,10,cpu:
2026-09-19T16:24:38+00:00,history-service,10,10,cpu:
2026-09-19T16:24:38+00:00,lab-service,2,10,cpu:
2026-09-19T16:24:38+00:00,notification-service,2,10,cpu:
2026-09-19T16:24:38+00:00,patient-service,10,10,cpu:
2026-09-19T16:24:38+00:00,result-service,10,10,cpu:
2026-09-19T16:24:38+00:00,triage-service,2,10,cpu:
2026-09-19T16:24:51+00:00,audit-service,2,10,cpu:
2026-09-19T16:24:51+00:00,auth-service,2,10,cpu:
2026-09-19T16:24:51+00:00,consent-service,10,10,cpu:
2026-09-19T16:24:51+00:00,exam-service,2,10,cpu:
2026-09-19T16:24:51+00:00,history-service,10,10,cpu:
2026-09-19T16:24:51+00:00,lab-service,2,10,cpu:
2026-09-19T16:24:51+00:00,notification-service,2,10,cpu:
2026-09-19T16:24:51+00:00,patient-service,10,10,cpu:
2026-09-19T16:24:51+00:00,result-service,10,10,cpu:
2026-09-19T16:24:51+00:00,triage-service,2,10,cpu:
2026-09-19T16:24:57+00:00,audit-service,2,10,cpu:
2026-09-19T16:24:57+00:00,auth-service,2,10,cpu:
2026-09-19T16:24:57+00:00,consent-service,10,10,cpu:
2026-09-19T16:24:57+00:00,exam-service,2,10,cpu:
2026-09-19T16:24:57+00:00,history-service,10,10,cpu:
2026-09-19T16:24:57+00:00,lab-service,2,10,cpu:
2026-09-19T16:24:57+00:00,notification-service,2,10,cpu:
2026-09-19T16:24:57+00:00,patient-service,10,10,cpu:
2026-09-19T16:24:57+00:00,result-service,10,10,cpu:
2026-09-19T16:24:57+00:00,triage-service,2,10,cpu:
2026-09-19T16:25:04+00:00,audit-service,2,10,cpu:
2026-09-19T16:25:04+00:00,auth-service,2,10,cpu:
2026-09-19T16:25:04+00:00,consent-service,10,10,cpu:
2026-09-19T16:25:04+00:00,exam-service,2,10,cpu:
2026-09-19T16:25:04+00:00,history-service,10,10,cpu:
2026-09-19T16:25:04+00:00,lab-service,2,10,cpu:
2026-09-19T16:25:04+00:00,notification-service,2,10,cpu:
2026-09-19T16:25:04+00:00,patient-service,10,10,cpu:
2026-09-19T16:25:04+00:00,result-service,10,10,cpu:
2026-09-19T16:25:04+00:00,triage-service,2,10,cpu:
2026-09-19T16:25:17+00:00,audit-service,2,10,cpu:
2026-09-19T16:25:17+00:00,auth-service,2,10,cpu:
2026-09-19T16:25:17+00:00,consent-service,10,10,cpu:
2026-09-19T16:25:17+00:00,exam-service,2,10,cpu:
2026-09-19T16:25:17+00:00,history-service,10,10,cpu:
2026-09-19T16:25:17+00:00,lab-service,2,10,cpu:
2026-09-19T16:25:17+00:00,notification-service,2,10,cpu:
2026-09-19T16:25:17+00:00,patient-service,10,10,cpu:
2026-09-19T16:25:17+00:00,result-service,10,10,cpu:
2026-09-19T16:25:17+00:00,triage-service,2,10,cpu:
2026-09-19T16:25:23+00:00,audit-service,2,10,cpu:
2026-09-19T16:25:23+00:00,auth-service,2,10,cpu:
2026-09-19T16:25:23+00:00,consent-service,10,10,cpu:
2026-09-19T16:25:23+00:00,exam-service,2,10,cpu:
2026-09-19T16:25:23+00:00,history-service,10,10,cpu:
2026-09-19T16:25:23+00:00,lab-service,2,10,cpu:
2026-09-19T16:25:23+00:00,notification-service,2,10,cpu:
2026-09-19T16:25:23+00:00,patient-service,10,10,cpu:
2026-09-19T16:25:23+00:00,result-service,10,10,cpu:
2026-09-19T16:25:23+00:00,triage-service,2,10,cpu:
2026-09-19T16:25:29+00:00,audit-service,2,10,cpu:
2026-09-19T16:25:29+00:00,auth-service,2,10,cpu:
2026-09-19T16:25:29+00:00,consent-service,10,10,cpu:
2026-09-19T16:25:29+00:00,exam-service,2,10,cpu:
2026-09-19T16:25:29+00:00,history-service,10,10,cpu:
2026-09-19T16:25:29+00:00,lab-service,2,10,cpu:
2026-09-19T16:25:29+00:00,notification-service,2,10,cpu:
2026-09-19T16:25:29+00:00,patient-service,10,10,cpu:
2026-09-19T16:25:29+00:00,result-service,10,10,cpu:
2026-09-19T16:25:29+00:00,triage-service,2,10,cpu:
2026-09-19T16:25:40+00:00,audit-service,2,10,cpu:
2026-09-19T16:25:40+00:00,auth-service,2,10,cpu:
2026-09-19T16:25:40+00:00,consent-service,10,10,cpu:
2026-09-19T16:25:40+00:00,exam-service,2,10,cpu:
2026-09-19T16:25:40+00:00,history-service,10,10,cpu:
2026-09-19T16:25:40+00:00,lab-service,2,10,cpu:
2026-09-19T16:25:40+00:00,notification-service,2,10,cpu:
2026-09-19T16:25:40+00:00,patient-service,10,10,cpu:
2026-09-19T16:25:40+00:00,result-service,10,10,cpu:
2026-09-19T16:25:40+00:00,triage-service,2,10,cpu:
2026-09-19T16:25:46+00:00,audit-service,2,10,cpu:
2026-09-19T16:25:46+00:00,auth-service,2,10,cpu:
2026-09-19T16:25:46+00:00,consent-service,10,10,cpu:
2026-09-19T16:25:46+00:00,exam-service,2,10,cpu:
2026-09-19T16:25:46+00:00,history-service,10,10,cpu:
2026-09-19T16:25:46+00:00,lab-service,2,10,cpu:
2026-09-19T16:25:46+00:00,notification-service,2,10,cpu:
2026-09-19T16:25:46+00:00,patient-service,10,10,cpu:
2026-09-19T16:25:46+00:00,result-service,10,10,cpu:
2026-09-19T16:25:46+00:00,triage-service,2,10,cpu:
2026-09-19T16:25:52+00:00,audit-service,2,10,cpu:
2026-09-19T16:25:52+00:00,auth-service,2,10,cpu:
2026-09-19T16:25:52+00:00,consent-service,10,10,cpu:
2026-09-19T16:25:52+00:00,exam-service,2,10,cpu:
2026-09-19T16:25:52+00:00,history-service,10,10,cpu:
2026-09-19T16:25:52+00:00,lab-service,2,10,cpu:
2026-09-19T16:25:52+00:00,notification-service,2,10,cpu:
2026-09-19T16:25:52+00:00,patient-service,10,10,cpu:
2026-09-19T16:25:52+00:00,result-service,10,10,cpu:
2026-09-19T16:25:52+00:00,triage-service,2,10,cpu:
2026-09-19T16:26:02+00:00,audit-service,2,10,cpu:
2026-09-19T16:26:02+00:00,auth-service,2,10,cpu:
2026-09-19T16:26:02+00:00,consent-service,10,10,cpu:
2026-09-19T16:26:02+00:00,exam-service,2,10,cpu:
2026-09-19T16:26:02+00:00,history-service,10,10,cpu:
2026-09-19T16:26:02+00:00,lab-service,2,10,cpu:
2026-09-19T16:26:02+00:00,notification-service,2,10,cpu:
2026-09-19T16:26:02+00:00,patient-service,10,10,cpu:
2026-09-19T16:26:02+00:00,result-service,10,10,cpu:
2026-09-19T16:26:02+00:00,triage-service,2,10,cpu:
2026-09-19T16:26:08+00:00,audit-service,2,10,cpu:
2026-09-19T16:26:08+00:00,auth-service,2,10,cpu:
2026-09-19T16:26:08+00:00,consent-service,10,10,cpu:
2026-09-19T16:26:08+00:00,exam-service,2,10,cpu:
2026-09-19T16:26:08+00:00,history-service,10,10,cpu:
2026-09-19T16:26:08+00:00,lab-service,2,10,cpu:
2026-09-19T16:26:08+00:00,notification-service,2,10,cpu:
2026-09-19T16:26:08+00:00,patient-service,10,10,cpu:
2026-09-19T16:26:08+00:00,result-service,10,10,cpu:
2026-09-19T16:26:08+00:00,triage-service,2,10,cpu:
2026-09-19T16:26:14+00:00,audit-service,2,10,cpu:
2026-09-19T16:26:14+00:00,auth-service,2,10,cpu:
2026-09-19T16:26:14+00:00,consent-service,10,10,cpu:
2026-09-19T16:26:14+00:00,exam-service,2,10,cpu:
2026-09-19T16:26:14+00:00,history-service,10,10,cpu:
2026-09-19T16:26:14+00:00,lab-service,2,10,cpu:
2026-09-19T16:26:14+00:00,notification-service,2,10,cpu:
2026-09-19T16:26:14+00:00,patient-service,10,10,cpu:
2026-09-19T16:26:14+00:00,result-service,10,10,cpu:
2026-09-19T16:26:14+00:00,triage-service,2,10,cpu:
2026-09-19T16:26:22+00:00,audit-service,2,10,cpu:
2026-09-19T16:26:22+00:00,auth-service,2,10,cpu:
2026-09-19T16:26:22+00:00,consent-service,10,10,cpu:
2026-09-19T16:26:22+00:00,exam-service,2,10,cpu:
2026-09-19T16:26:22+00:00,history-service,10,10,cpu:
2026-09-19T16:26:22+00:00,lab-service,2,10,cpu:
2026-09-19T16:26:22+00:00,notification-service,2,10,cpu:
2026-09-19T16:26:22+00:00,patient-service,10,10,cpu:
2026-09-19T16:26:22+00:00,result-service,10,10,cpu:
2026-09-19T16:26:22+00:00,triage-service,2,10,cpu:
2026-09-19T16:26:28+00:00,audit-service,2,10,cpu:
2026-09-19T16:26:28+00:00,auth-service,2,10,cpu:
2026-09-19T16:26:28+00:00,consent-service,10,10,cpu:
2026-09-19T16:26:28+00:00,exam-service,2,10,cpu:
2026-09-19T16:26:28+00:00,history-service,10,10,cpu:
2026-09-19T16:26:28+00:00,lab-service,2,10,cpu:
2026-09-19T16:26:28+00:00,notification-service,2,10,cpu:
2026-09-19T16:26:28+00:00,patient-service,10,10,cpu:
2026-09-19T16:26:28+00:00,result-service,10,10,cpu:
2026-09-19T16:26:28+00:00,triage-service,2,10,cpu:
2026-09-19T16:26:34+00:00,audit-service,2,10,cpu:
2026-09-19T16:26:34+00:00,auth-service,2,10,cpu:
2026-09-19T16:26:34+00:00,consent-service,10,10,cpu:
2026-09-19T16:26:34+00:00,exam-service,2,10,cpu:
2026-09-19T16:26:34+00:00,history-service,10,10,cpu:
2026-09-19T16:26:34+00:00,lab-service,2,10,cpu:
2026-09-19T16:26:34+00:00,notification-service,2,10,cpu:
2026-09-19T16:26:34+00:00,patient-service,10,10,cpu:
2026-09-19T16:26:34+00:00,result-service,10,10,cpu:
2026-09-19T16:26:34+00:00,triage-service,2,10,cpu:
2026-09-19T16:26:42+00:00,audit-service,2,10,cpu:
2026-09-19T16:26:42+00:00,auth-service,2,10,cpu:
2026-09-19T16:26:42+00:00,consent-service,10,10,cpu:
2026-09-19T16:26:42+00:00,exam-service,2,10,cpu:
2026-09-19T16:26:42+00:00,history-service,10,10,cpu:
2026-09-19T16:26:42+00:00,lab-service,2,10,cpu:
2026-09-19T16:26:42+00:00,notification-service,2,10,cpu:
2026-09-19T16:26:42+00:00,patient-service,10,10,cpu:
2026-09-19T16:26:42+00:00,result-service,10,10,cpu:
2026-09-19T16:26:42+00:00,triage-service,2,10,cpu:
2026-09-19T16:26:48+00:00,audit-service,2,10,cpu:
2026-09-19T16:26:48+00:00,auth-service,2,10,cpu:
2026-09-19T16:26:48+00:00,consent-service,10,10,cpu:
2026-09-19T16:26:48+00:00,exam-service,2,10,cpu:
2026-09-19T16:26:48+00:00,history-service,10,10,cpu:
2026-09-19T16:26:48+00:00,lab-service,2,10,cpu:
2026-09-19T16:26:48+00:00,notification-service,2,10,cpu:
2026-09-19T16:26:48+00:00,patient-service,10,10,cpu:
2026-09-19T16:26:48+00:00,result-service,10,10,cpu:
2026-09-19T16:26:48+00:00,triage-service,2,10,cpu:
2026-09-19T16:26:53+00:00,audit-service,2,10,cpu:
2026-09-19T16:26:53+00:00,auth-service,2,10,cpu:
2026-09-19T16:26:53+00:00,consent-service,10,10,cpu:
2026-09-19T16:26:53+00:00,exam-service,2,10,cpu:
2026-09-19T16:26:53+00:00,history-service,10,10,cpu:
2026-09-19T16:26:53+00:00,lab-service,2,10,cpu:
2026-09-19T16:26:53+00:00,notification-service,2,10,cpu:
2026-09-19T16:26:53+00:00,patient-service,10,10,cpu:
2026-09-19T16:26:53+00:00,result-service,10,10,cpu:
2026-09-19T16:26:53+00:00,triage-service,2,10,cpu:
2026-09-19T16:27:01+00:00,audit-service,2,10,cpu:
2026-09-19T16:27:01+00:00,auth-service,2,10,cpu:
2026-09-19T16:27:01+00:00,consent-service,10,10,cpu:
2026-09-19T16:27:01+00:00,exam-service,2,10,cpu:
2026-09-19T16:27:01+00:00,history-service,10,10,cpu:
2026-09-19T16:27:01+00:00,lab-service,2,10,cpu:
2026-09-19T16:27:01+00:00,notification-service,2,10,cpu:
2026-09-19T16:27:01+00:00,patient-service,10,10,cpu:
2026-09-19T16:27:01+00:00,result-service,10,10,cpu:
2026-09-19T16:27:01+00:00,triage-service,2,10,cpu:
2026-09-19T16:27:06+00:00,audit-service,2,10,cpu:
2026-09-19T16:27:06+00:00,auth-service,2,10,cpu:
2026-09-19T16:27:06+00:00,consent-service,10,10,cpu:
2026-09-19T16:27:06+00:00,exam-service,2,10,cpu:
2026-09-19T16:27:06+00:00,history-service,10,10,cpu:
2026-09-19T16:27:06+00:00,lab-service,2,10,cpu:
2026-09-19T16:27:06+00:00,notification-service,2,10,cpu:
2026-09-19T16:27:06+00:00,patient-service,10,10,cpu:
2026-09-19T16:27:06+00:00,result-service,10,10,cpu:
2026-09-19T16:27:06+00:00,triage-service,2,10,cpu:
2026-09-19T16:27:12+00:00,audit-service,2,10,cpu:
2026-09-19T16:27:12+00:00,auth-service,2,10,cpu:
2026-09-19T16:27:12+00:00,consent-service,10,10,cpu:
2026-09-19T16:27:12+00:00,exam-service,2,10,cpu:
2026-09-19T16:27:12+00:00,history-service,10,10,cpu:
2026-09-19T16:27:12+00:00,lab-service,2,10,cpu:
2026-09-19T16:27:12+00:00,notification-service,2,10,cpu:
2026-09-19T16:27:12+00:00,patient-service,10,10,cpu:
2026-09-19T16:27:12+00:00,result-service,10,10,cpu:
2026-09-19T16:27:12+00:00,triage-service,2,10,cpu:
2026-09-19T16:27:20+00:00,audit-service,2,10,cpu:
2026-09-19T16:27:20+00:00,auth-service,2,10,cpu:
2026-09-19T16:27:20+00:00,consent-service,10,10,cpu:
2026-09-19T16:27:20+00:00,exam-service,2,10,cpu:
2026-09-19T16:27:20+00:00,history-service,10,10,cpu:
2026-09-19T16:27:20+00:00,lab-service,2,10,cpu:
2026-09-19T16:27:20+00:00,notification-service,2,10,cpu:
2026-09-19T16:27:20+00:00,patient-service,10,10,cpu:
2026-09-19T16:27:20+00:00,result-service,10,10,cpu:
2026-09-19T16:27:20+00:00,triage-service,2,10,cpu:
2026-09-19T16:27:26+00:00,audit-service,2,10,cpu:
2026-09-19T16:27:26+00:00,auth-service,2,10,cpu:
2026-09-19T16:27:26+00:00,consent-service,10,10,cpu:
2026-09-19T16:27:26+00:00,exam-service,2,10,cpu:
2026-09-19T16:27:26+00:00,history-service,10,10,cpu:
2026-09-19T16:27:26+00:00,lab-service,2,10,cpu:
2026-09-19T16:27:26+00:00,notification-service,2,10,cpu:
2026-09-19T16:27:26+00:00,patient-service,10,10,cpu:
2026-09-19T16:27:26+00:00,result-service,10,10,cpu:
2026-09-19T16:27:26+00:00,triage-service,2,10,cpu:
2026-09-19T16:27:32+00:00,audit-service,2,10,cpu:
2026-09-19T16:27:32+00:00,auth-service,2,10,cpu:
2026-09-19T16:27:32+00:00,consent-service,10,10,cpu:
2026-09-19T16:27:32+00:00,exam-service,2,10,cpu:
2026-09-19T16:27:32+00:00,history-service,10,10,cpu:
2026-09-19T16:27:32+00:00,lab-service,2,10,cpu:
2026-09-19T16:27:32+00:00,notification-service,2,10,cpu:
2026-09-19T16:27:32+00:00,patient-service,10,10,cpu:
2026-09-19T16:27:32+00:00,result-service,10,10,cpu:
2026-09-19T16:27:32+00:00,triage-service,2,10,cpu:
2026-09-19T16:27:40+00:00,audit-service,2,10,cpu:
2026-09-19T16:27:40+00:00,auth-service,2,10,cpu:
2026-09-19T16:27:40+00:00,consent-service,10,10,cpu:
2026-09-19T16:27:40+00:00,exam-service,2,10,cpu:
2026-09-19T16:27:40+00:00,history-service,10,10,cpu:
2026-09-19T16:27:40+00:00,lab-service,2,10,cpu:
2026-09-19T16:27:40+00:00,notification-service,2,10,cpu:
2026-09-19T16:27:40+00:00,patient-service,10,10,cpu:
2026-09-19T16:27:40+00:00,result-service,10,10,cpu:
2026-09-19T16:27:40+00:00,triage-service,2,10,cpu:
2026-09-19T16:27:46+00:00,audit-service,2,10,cpu:
2026-09-19T16:27:46+00:00,auth-service,2,10,cpu:
2026-09-19T16:27:46+00:00,consent-service,10,10,cpu:
2026-09-19T16:27:46+00:00,exam-service,2,10,cpu:
2026-09-19T16:27:46+00:00,history-service,10,10,cpu:
2026-09-19T16:27:46+00:00,lab-service,2,10,cpu:
2026-09-19T16:27:46+00:00,notification-service,2,10,cpu:
2026-09-19T16:27:46+00:00,patient-service,10,10,cpu:
2026-09-19T16:27:46+00:00,result-service,10,10,cpu:
2026-09-19T16:27:46+00:00,triage-service,2,10,cpu:
2026-09-19T16:27:52+00:00,audit-service,2,10,cpu:
2026-09-19T16:27:52+00:00,auth-service,2,10,cpu:
2026-09-19T16:27:52+00:00,consent-service,10,10,cpu:
2026-09-19T16:27:52+00:00,exam-service,2,10,cpu:
2026-09-19T16:27:52+00:00,history-service,10,10,cpu:
2026-09-19T16:27:52+00:00,lab-service,2,10,cpu:
2026-09-19T16:27:52+00:00,notification-service,2,10,cpu:
2026-09-19T16:27:52+00:00,patient-service,10,10,cpu:
2026-09-19T16:27:52+00:00,result-service,10,10,cpu:
2026-09-19T16:27:52+00:00,triage-service,2,10,cpu:
2026-09-19T16:28:00+00:00,audit-service,2,10,cpu:
2026-09-19T16:28:00+00:00,auth-service,2,10,cpu:
2026-09-19T16:28:00+00:00,consent-service,10,10,cpu:
2026-09-19T16:28:00+00:00,exam-service,2,10,cpu:
2026-09-19T16:28:00+00:00,history-service,10,10,cpu:
2026-09-19T16:28:00+00:00,lab-service,2,10,cpu:
2026-09-19T16:28:00+00:00,notification-service,2,10,cpu:
2026-09-19T16:28:00+00:00,patient-service,10,10,cpu:
2026-09-19T16:28:00+00:00,result-service,10,10,cpu:
2026-09-19T16:28:00+00:00,triage-service,2,10,cpu:
2026-09-19T16:28:06+00:00,audit-service,2,10,cpu:
2026-09-19T16:28:06+00:00,auth-service,2,10,cpu:
2026-09-19T16:28:06+00:00,consent-service,10,10,cpu:
2026-09-19T16:28:06+00:00,exam-service,2,10,cpu:
2026-09-19T16:28:06+00:00,history-service,10,10,cpu:
2026-09-19T16:28:06+00:00,lab-service,2,10,cpu:
2026-09-19T16:28:06+00:00,notification-service,2,10,cpu:
2026-09-19T16:28:06+00:00,patient-service,10,10,cpu:
2026-09-19T16:28:06+00:00,result-service,10,10,cpu:
2026-09-19T16:28:06+00:00,triage-service,2,10,cpu:
2026-09-19T16:28:12+00:00,audit-service,2,10,cpu:
2026-09-19T16:28:12+00:00,auth-service,2,10,cpu:
2026-09-19T16:28:12+00:00,consent-service,10,10,cpu:
2026-09-19T16:28:12+00:00,exam-service,2,10,cpu:
2026-09-19T16:28:12+00:00,history-service,10,10,cpu:
2026-09-19T16:28:12+00:00,lab-service,2,10,cpu:
2026-09-19T16:28:12+00:00,notification-service,2,10,cpu:
2026-09-19T16:28:12+00:00,patient-service,10,10,cpu:
2026-09-19T16:28:12+00:00,result-service,10,10,cpu:
2026-09-19T16:28:12+00:00,triage-service,2,10,cpu:
2026-09-19T16:28:20+00:00,audit-service,2,10,cpu:
2026-09-19T16:28:20+00:00,auth-service,2,10,cpu:
2026-09-19T16:28:20+00:00,consent-service,10,10,cpu:
2026-09-19T16:28:20+00:00,exam-service,2,10,cpu:
2026-09-19T16:28:20+00:00,history-service,10,10,cpu:
2026-09-19T16:28:20+00:00,lab-service,2,10,cpu:
2026-09-19T16:28:20+00:00,notification-service,2,10,cpu:
2026-09-19T16:28:20+00:00,patient-service,10,10,cpu:
2026-09-19T16:28:20+00:00,result-service,10,10,cpu:
2026-09-19T16:28:20+00:00,triage-service,2,10,cpu:
2026-09-19T16:28:25+00:00,audit-service,2,10,cpu:
2026-09-19T16:28:25+00:00,auth-service,2,10,cpu:
2026-09-19T16:28:25+00:00,consent-service,10,10,cpu:
2026-09-19T16:28:25+00:00,exam-service,2,10,cpu:
2026-09-19T16:28:25+00:00,history-service,10,10,cpu:
2026-09-19T16:28:25+00:00,lab-service,2,10,cpu:
2026-09-19T16:28:25+00:00,notification-service,2,10,cpu:
2026-09-19T16:28:25+00:00,patient-service,10,10,cpu:
2026-09-19T16:28:25+00:00,result-service,10,10,cpu:
2026-09-19T16:28:25+00:00,triage-service,2,10,cpu:
2026-09-19T16:28:31+00:00,audit-service,2,10,cpu:
2026-09-19T16:28:31+00:00,auth-service,2,10,cpu:
2026-09-19T16:28:31+00:00,consent-service,10,10,cpu:
2026-09-19T16:28:31+00:00,exam-service,2,10,cpu:
2026-09-19T16:28:31+00:00,history-service,10,10,cpu:
2026-09-19T16:28:31+00:00,lab-service,2,10,cpu:
2026-09-19T16:28:31+00:00,notification-service,2,10,cpu:
2026-09-19T16:28:31+00:00,patient-service,10,10,cpu:
2026-09-19T16:28:31+00:00,result-service,10,10,cpu:
2026-09-19T16:28:31+00:00,triage-service,2,10,cpu:
2026-09-19T16:28:39+00:00,audit-service,2,10,cpu:
2026-09-19T16:28:39+00:00,auth-service,2,10,cpu:
2026-09-19T16:28:39+00:00,consent-service,10,10,cpu:
2026-09-19T16:28:39+00:00,exam-service,2,10,cpu:
2026-09-19T16:28:39+00:00,history-service,10,10,cpu:
2026-09-19T16:28:39+00:00,lab-service,2,10,cpu:
2026-09-19T16:28:39+00:00,notification-service,2,10,cpu:
2026-09-19T16:28:39+00:00,patient-service,10,10,cpu:
2026-09-19T16:28:39+00:00,result-service,10,10,cpu:
2026-09-19T16:28:39+00:00,triage-service,2,10,cpu:
2026-09-19T16:28:45+00:00,audit-service,2,10,cpu:
2026-09-19T16:28:45+00:00,auth-service,2,10,cpu:
2026-09-19T16:28:45+00:00,consent-service,10,10,cpu:
2026-09-19T16:28:45+00:00,exam-service,2,10,cpu:
2026-09-19T16:28:45+00:00,history-service,10,10,cpu:
2026-09-19T16:28:45+00:00,lab-service,2,10,cpu:
2026-09-19T16:28:45+00:00,notification-service,2,10,cpu:
2026-09-19T16:28:45+00:00,patient-service,10,10,cpu:
2026-09-19T16:28:45+00:00,result-service,10,10,cpu:
2026-09-19T16:28:45+00:00,triage-service,2,10,cpu:
2026-09-19T16:28:51+00:00,audit-service,2,10,cpu:
2026-09-19T16:28:51+00:00,auth-service,2,10,cpu:
2026-09-19T16:28:51+00:00,consent-service,10,10,cpu:
2026-09-19T16:28:51+00:00,exam-service,2,10,cpu:
2026-09-19T16:28:51+00:00,history-service,10,10,cpu:
2026-09-19T16:28:51+00:00,lab-service,2,10,cpu:
2026-09-19T16:28:51+00:00,notification-service,2,10,cpu:
2026-09-19T16:28:51+00:00,patient-service,10,10,cpu:
2026-09-19T16:28:51+00:00,result-service,10,10,cpu:
2026-09-19T16:28:51+00:00,triage-service,2,10,cpu:
2026-09-19T16:29:00+00:00,audit-service,2,10,cpu:
2026-09-19T16:29:00+00:00,auth-service,2,10,cpu:
2026-09-19T16:29:00+00:00,consent-service,10,10,cpu:
2026-09-19T16:29:00+00:00,exam-service,2,10,cpu:
2026-09-19T16:29:00+00:00,history-service,10,10,cpu:
2026-09-19T16:29:00+00:00,lab-service,2,10,cpu:
2026-09-19T16:29:00+00:00,notification-service,2,10,cpu:
2026-09-19T16:29:00+00:00,patient-service,10,10,cpu:
2026-09-19T16:29:00+00:00,result-service,10,10,cpu:
2026-09-19T16:29:00+00:00,triage-service,2,10,cpu:
2026-09-19T16:29:06+00:00,audit-service,2,10,cpu:
2026-09-19T16:29:06+00:00,auth-service,2,10,cpu:
2026-09-19T16:29:06+00:00,consent-service,10,10,cpu:
2026-09-19T16:29:06+00:00,exam-service,2,10,cpu:
2026-09-19T16:29:06+00:00,history-service,10,10,cpu:
2026-09-19T16:29:06+00:00,lab-service,2,10,cpu:
2026-09-19T16:29:06+00:00,notification-service,2,10,cpu:
2026-09-19T16:29:06+00:00,patient-service,10,10,cpu:
2026-09-19T16:29:06+00:00,result-service,10,10,cpu:
2026-09-19T16:29:06+00:00,triage-service,2,10,cpu:
2026-09-19T16:29:12+00:00,audit-service,2,10,cpu:
2026-09-19T16:29:12+00:00,auth-service,2,10,cpu:
2026-09-19T16:29:12+00:00,consent-service,10,10,cpu:
2026-09-19T16:29:12+00:00,exam-service,2,10,cpu:
2026-09-19T16:29:12+00:00,history-service,10,10,cpu:
2026-09-19T16:29:12+00:00,lab-service,2,10,cpu:
2026-09-19T16:29:12+00:00,notification-service,2,10,cpu:
2026-09-19T16:29:12+00:00,patient-service,10,10,cpu:
2026-09-19T16:29:12+00:00,result-service,10,10,cpu:
2026-09-19T16:29:12+00:00,triage-service,2,10,cpu:
2026-09-19T16:29:20+00:00,audit-service,2,10,cpu:
2026-09-19T16:29:20+00:00,auth-service,2,10,cpu:
2026-09-19T16:29:20+00:00,consent-service,10,10,cpu:
2026-09-19T16:29:20+00:00,exam-service,2,10,cpu:
2026-09-19T16:29:20+00:00,history-service,10,10,cpu:
2026-09-19T16:29:20+00:00,lab-service,2,10,cpu:
2026-09-19T16:29:20+00:00,notification-service,2,10,cpu:
2026-09-19T16:29:20+00:00,patient-service,10,10,cpu:
2026-09-19T16:29:20+00:00,result-service,10,10,cpu:
2026-09-19T16:29:20+00:00,triage-service,2,10,cpu:
2026-09-19T16:29:26+00:00,audit-service,2,10,cpu:
2026-09-19T16:29:26+00:00,auth-service,2,10,cpu:
2026-09-19T16:29:26+00:00,consent-service,10,10,cpu:
2026-09-19T16:29:26+00:00,exam-service,2,10,cpu:
2026-09-19T16:29:26+00:00,history-service,10,10,cpu:
2026-09-19T16:29:26+00:00,lab-service,2,10,cpu:
2026-09-19T16:29:26+00:00,notification-service,2,10,cpu:
2026-09-19T16:29:26+00:00,patient-service,10,10,cpu:
2026-09-19T16:29:26+00:00,result-service,10,10,cpu:
2026-09-19T16:29:26+00:00,triage-service,2,10,cpu:
2026-09-19T16:29:32+00:00,audit-service,2,10,cpu:
2026-09-19T16:29:32+00:00,auth-service,2,10,cpu:
2026-09-19T16:29:32+00:00,consent-service,10,10,cpu:
2026-09-19T16:29:32+00:00,exam-service,2,10,cpu:
2026-09-19T16:29:32+00:00,history-service,10,10,cpu:
2026-09-19T16:29:32+00:00,lab-service,2,10,cpu:
2026-09-19T16:29:32+00:00,notification-service,2,10,cpu:
2026-09-19T16:29:32+00:00,patient-service,10,10,cpu:
2026-09-19T16:29:32+00:00,result-service,10,10,cpu:
2026-09-19T16:29:32+00:00,triage-service,2,10,cpu:
2026-09-19T16:29:40+00:00,audit-service,2,10,cpu:
2026-09-19T16:29:40+00:00,auth-service,2,10,cpu:
2026-09-19T16:29:40+00:00,consent-service,10,10,cpu:
2026-09-19T16:29:40+00:00,exam-service,2,10,cpu:
2026-09-19T16:29:40+00:00,history-service,10,10,cpu:
2026-09-19T16:29:40+00:00,lab-service,2,10,cpu:
2026-09-19T16:29:40+00:00,notification-service,2,10,cpu:
2026-09-19T16:29:40+00:00,patient-service,10,10,cpu:
2026-09-19T16:29:40+00:00,result-service,10,10,cpu:
2026-09-19T16:29:40+00:00,triage-service,2,10,cpu:
2026-09-19T16:29:46+00:00,audit-service,2,10,cpu:
2026-09-19T16:29:46+00:00,auth-service,2,10,cpu:
2026-09-19T16:29:46+00:00,consent-service,10,10,cpu:
2026-09-19T16:29:46+00:00,exam-service,2,10,cpu:
2026-09-19T16:29:46+00:00,history-service,10,10,cpu:
2026-09-19T16:29:46+00:00,lab-service,2,10,cpu:
2026-09-19T16:29:46+00:00,notification-service,2,10,cpu:
2026-09-19T16:29:46+00:00,patient-service,10,10,cpu:
2026-09-19T16:29:46+00:00,result-service,10,10,cpu:
2026-09-19T16:29:46+00:00,triage-service,2,10,cpu:
2026-09-19T16:29:52+00:00,audit-service,2,10,cpu:
2026-09-19T16:29:52+00:00,auth-service,2,10,cpu:
2026-09-19T16:29:52+00:00,consent-service,10,10,cpu:
2026-09-19T16:29:52+00:00,exam-service,2,10,cpu:
2026-09-19T16:29:52+00:00,history-service,10,10,cpu:
2026-09-19T16:29:52+00:00,lab-service,2,10,cpu:
2026-09-19T16:29:52+00:00,notification-service,2,10,cpu:
2026-09-19T16:29:52+00:00,patient-service,10,10,cpu:
2026-09-19T16:29:52+00:00,result-service,10,10,cpu:
2026-09-19T16:29:52+00:00,triage-service,2,10,cpu:
2026-09-19T16:30:02+00:00,audit-service,2,10,cpu:
2026-09-19T16:30:02+00:00,auth-service,2,10,cpu:
2026-09-19T16:30:02+00:00,consent-service,10,10,cpu:
2026-09-19T16:30:02+00:00,exam-service,2,10,cpu:
2026-09-19T16:30:02+00:00,history-service,10,10,cpu:
2026-09-19T16:30:02+00:00,lab-service,2,10,cpu:
2026-09-19T16:30:02+00:00,notification-service,2,10,cpu:
2026-09-19T16:30:02+00:00,patient-service,10,10,cpu:
2026-09-19T16:30:02+00:00,result-service,10,10,cpu:
2026-09-19T16:30:02+00:00,triage-service,2,10,cpu:
2026-09-19T16:30:09+00:00,audit-service,2,10,cpu:
2026-09-19T16:30:09+00:00,auth-service,2,10,cpu:
2026-09-19T16:30:09+00:00,consent-service,10,10,cpu:
2026-09-19T16:30:09+00:00,exam-service,2,10,cpu:
2026-09-19T16:30:09+00:00,history-service,10,10,cpu:
2026-09-19T16:30:09+00:00,lab-service,2,10,cpu:
2026-09-19T16:30:09+00:00,notification-service,2,10,cpu:
2026-09-19T16:30:09+00:00,patient-service,10,10,cpu:
2026-09-19T16:30:09+00:00,result-service,10,10,cpu:
2026-09-19T16:30:09+00:00,triage-service,2,10,cpu:
2026-09-19T16:30:16+00:00,audit-service,3,10,cpu:
2026-09-19T16:30:16+00:00,auth-service,2,10,cpu:
2026-09-19T16:30:16+00:00,consent-service,10,10,cpu:
2026-09-19T16:30:16+00:00,exam-service,2,10,cpu:
2026-09-19T16:30:16+00:00,history-service,10,10,cpu:
2026-09-19T16:30:16+00:00,lab-service,2,10,cpu:
2026-09-19T16:30:16+00:00,notification-service,2,10,cpu:
2026-09-19T16:30:16+00:00,patient-service,10,10,cpu:
2026-09-19T16:30:16+00:00,result-service,10,10,cpu:
2026-09-19T16:30:16+00:00,triage-service,2,10,cpu:
2026-09-19T16:30:28+00:00,audit-service,3,10,cpu:
2026-09-19T16:30:28+00:00,auth-service,2,10,cpu:
2026-09-19T16:30:28+00:00,consent-service,10,10,cpu:
2026-09-19T16:30:28+00:00,exam-service,2,10,cpu:
2026-09-19T16:30:28+00:00,history-service,10,10,cpu:
2026-09-19T16:30:28+00:00,lab-service,2,10,cpu:
2026-09-19T16:30:28+00:00,notification-service,2,10,cpu:
2026-09-19T16:30:28+00:00,patient-service,10,10,cpu:
2026-09-19T16:30:28+00:00,result-service,10,10,cpu:
2026-09-19T16:30:28+00:00,triage-service,2,10,cpu:
2026-09-19T16:30:34+00:00,audit-service,3,10,cpu:
2026-09-19T16:30:34+00:00,auth-service,2,10,cpu:
2026-09-19T16:30:34+00:00,consent-service,10,10,cpu:
2026-09-19T16:30:34+00:00,exam-service,2,10,cpu:
2026-09-19T16:30:34+00:00,history-service,10,10,cpu:
2026-09-19T16:30:34+00:00,lab-service,2,10,cpu:
2026-09-19T16:30:34+00:00,notification-service,2,10,cpu:
2026-09-19T16:30:34+00:00,patient-service,10,10,cpu:
2026-09-19T16:30:34+00:00,result-service,10,10,cpu:
2026-09-19T16:30:34+00:00,triage-service,2,10,cpu:
2026-09-19T16:30:42+00:00,audit-service,3,10,cpu:
2026-09-19T16:30:42+00:00,auth-service,2,10,cpu:
2026-09-19T16:30:42+00:00,consent-service,10,10,cpu:
2026-09-19T16:30:42+00:00,exam-service,2,10,cpu:
2026-09-19T16:30:42+00:00,history-service,10,10,cpu:
2026-09-19T16:30:42+00:00,lab-service,2,10,cpu:
2026-09-19T16:30:42+00:00,notification-service,2,10,cpu:
2026-09-19T16:30:42+00:00,patient-service,10,10,cpu:
2026-09-19T16:30:42+00:00,result-service,10,10,cpu:
2026-09-19T16:30:42+00:00,triage-service,2,10,cpu:
2026-09-19T16:30:54+00:00,audit-service,3,10,cpu:
2026-09-19T16:30:54+00:00,auth-service,2,10,cpu:
2026-09-19T16:30:54+00:00,consent-service,10,10,cpu:
2026-09-19T16:30:54+00:00,exam-service,2,10,cpu:
2026-09-19T16:30:54+00:00,history-service,10,10,cpu:
2026-09-19T16:30:54+00:00,lab-service,2,10,cpu:
2026-09-19T16:30:54+00:00,notification-service,2,10,cpu:
2026-09-19T16:30:54+00:00,patient-service,10,10,cpu:
2026-09-19T16:30:54+00:00,result-service,10,10,cpu:
2026-09-19T16:30:54+00:00,triage-service,2,10,cpu:
2026-09-19T16:31:00+00:00,audit-service,3,10,cpu:
2026-09-19T16:31:00+00:00,auth-service,2,10,cpu:
2026-09-19T16:31:00+00:00,consent-service,10,10,cpu:
2026-09-19T16:31:00+00:00,exam-service,2,10,cpu:
2026-09-19T16:31:00+00:00,history-service,10,10,cpu:
2026-09-19T16:31:00+00:00,lab-service,2,10,cpu:
2026-09-19T16:31:00+00:00,notification-service,2,10,cpu:
2026-09-19T16:31:00+00:00,patient-service,10,10,cpu:
2026-09-19T16:31:00+00:00,result-service,10,10,cpu:
2026-09-19T16:31:00+00:00,triage-service,2,10,cpu:
2026-09-19T16:31:07+00:00,audit-service,3,10,cpu:
2026-09-19T16:31:07+00:00,auth-service,2,10,cpu:
2026-09-19T16:31:07+00:00,consent-service,10,10,cpu:
2026-09-19T16:31:07+00:00,exam-service,2,10,cpu:
2026-09-19T16:31:07+00:00,history-service,10,10,cpu:
2026-09-19T16:31:07+00:00,lab-service,2,10,cpu:
2026-09-19T16:31:07+00:00,notification-service,2,10,cpu:
2026-09-19T16:31:07+00:00,patient-service,10,10,cpu:
2026-09-19T16:31:07+00:00,result-service,10,10,cpu:
2026-09-19T16:31:07+00:00,triage-service,2,10,cpu:
2026-09-19T16:31:19+00:00,audit-service,3,10,cpu:
2026-09-19T16:31:19+00:00,auth-service,2,10,cpu:
2026-09-19T16:31:19+00:00,consent-service,10,10,cpu:
2026-09-19T16:31:19+00:00,exam-service,2,10,cpu:
2026-09-19T16:31:19+00:00,history-service,10,10,cpu:
2026-09-19T16:31:19+00:00,lab-service,2,10,cpu:
2026-09-19T16:31:19+00:00,notification-service,2,10,cpu:
2026-09-19T16:31:19+00:00,patient-service,10,10,cpu:
2026-09-19T16:31:19+00:00,result-service,10,10,cpu:
2026-09-19T16:31:19+00:00,triage-service,2,10,cpu:
2026-09-19T16:31:25+00:00,audit-service,3,10,cpu:
2026-09-19T16:31:25+00:00,auth-service,2,10,cpu:
2026-09-19T16:31:25+00:00,consent-service,10,10,cpu:
2026-09-19T16:31:25+00:00,exam-service,2,10,cpu:
2026-09-19T16:31:25+00:00,history-service,10,10,cpu:
2026-09-19T16:31:25+00:00,lab-service,2,10,cpu:
2026-09-19T16:31:25+00:00,notification-service,2,10,cpu:
2026-09-19T16:31:25+00:00,patient-service,10,10,cpu:
2026-09-19T16:31:25+00:00,result-service,10,10,cpu:
2026-09-19T16:31:25+00:00,triage-service,2,10,cpu:
2026-09-19T16:31:32+00:00,audit-service,3,10,cpu:
2026-09-19T16:31:32+00:00,auth-service,2,10,cpu:
2026-09-19T16:31:32+00:00,consent-service,10,10,cpu:
2026-09-19T16:31:32+00:00,exam-service,2,10,cpu:
2026-09-19T16:31:32+00:00,history-service,10,10,cpu:
2026-09-19T16:31:32+00:00,lab-service,2,10,cpu:
2026-09-19T16:31:32+00:00,notification-service,2,10,cpu:
2026-09-19T16:31:32+00:00,patient-service,10,10,cpu:
2026-09-19T16:31:32+00:00,result-service,10,10,cpu:
2026-09-19T16:31:32+00:00,triage-service,2,10,cpu:
2026-09-19T16:31:44+00:00,audit-service,3,10,cpu:
2026-09-19T16:31:44+00:00,auth-service,2,10,cpu:
2026-09-19T16:31:44+00:00,consent-service,10,10,cpu:
2026-09-19T16:31:44+00:00,exam-service,2,10,cpu:
2026-09-19T16:31:44+00:00,history-service,10,10,cpu:
2026-09-19T16:31:44+00:00,lab-service,2,10,cpu:
2026-09-19T16:31:44+00:00,notification-service,2,10,cpu:
2026-09-19T16:31:44+00:00,patient-service,10,10,cpu:
2026-09-19T16:31:44+00:00,result-service,10,10,cpu:
2026-09-19T16:31:44+00:00,triage-service,2,10,cpu:
2026-09-19T16:31:51+00:00,audit-service,3,10,cpu:
2026-09-19T16:31:51+00:00,auth-service,2,10,cpu:
2026-09-19T16:31:51+00:00,consent-service,10,10,cpu:
2026-09-19T16:31:51+00:00,exam-service,2,10,cpu:
2026-09-19T16:31:51+00:00,history-service,10,10,cpu:
2026-09-19T16:31:51+00:00,lab-service,2,10,cpu:
2026-09-19T16:31:51+00:00,notification-service,2,10,cpu:
2026-09-19T16:31:51+00:00,patient-service,10,10,cpu:
2026-09-19T16:31:51+00:00,result-service,10,10,cpu:
2026-09-19T16:31:51+00:00,triage-service,2,10,cpu:
2026-09-19T16:31:57+00:00,audit-service,3,10,cpu:
2026-09-19T16:31:57+00:00,auth-service,2,10,cpu:
2026-09-19T16:31:57+00:00,consent-service,10,10,cpu:
2026-09-19T16:31:57+00:00,exam-service,2,10,cpu:
2026-09-19T16:31:57+00:00,history-service,10,10,cpu:
2026-09-19T16:31:57+00:00,lab-service,2,10,cpu:
2026-09-19T16:31:57+00:00,notification-service,2,10,cpu:
2026-09-19T16:31:57+00:00,patient-service,10,10,cpu:
2026-09-19T16:31:57+00:00,result-service,10,10,cpu:
2026-09-19T16:31:57+00:00,triage-service,2,10,cpu:
2026-09-19T16:32:09+00:00,audit-service,3,10,cpu:
2026-09-19T16:32:09+00:00,auth-service,2,10,cpu:
2026-09-19T16:32:09+00:00,consent-service,10,10,cpu:
2026-09-19T16:32:09+00:00,exam-service,2,10,cpu:
2026-09-19T16:32:09+00:00,history-service,10,10,cpu:
2026-09-19T16:32:09+00:00,lab-service,2,10,cpu:
2026-09-19T16:32:09+00:00,notification-service,2,10,cpu:
2026-09-19T16:32:09+00:00,patient-service,10,10,cpu:
2026-09-19T16:32:09+00:00,result-service,10,10,cpu:
2026-09-19T16:32:09+00:00,triage-service,2,10,cpu:
2026-09-19T16:32:15+00:00,audit-service,3,10,cpu:
2026-09-19T16:32:15+00:00,auth-service,2,10,cpu:
2026-09-19T16:32:15+00:00,consent-service,10,10,cpu:
2026-09-19T16:32:15+00:00,exam-service,2,10,cpu:
2026-09-19T16:32:15+00:00,history-service,10,10,cpu:
2026-09-19T16:32:15+00:00,lab-service,2,10,cpu:
2026-09-19T16:32:15+00:00,notification-service,2,10,cpu:
2026-09-19T16:32:15+00:00,patient-service,10,10,cpu:
2026-09-19T16:32:15+00:00,result-service,10,10,cpu:
2026-09-19T16:32:15+00:00,triage-service,2,10,cpu:
2026-09-19T16:32:21+00:00,audit-service,3,10,cpu:
2026-09-19T16:32:21+00:00,auth-service,2,10,cpu:
2026-09-19T16:32:21+00:00,consent-service,10,10,cpu:
2026-09-19T16:32:21+00:00,exam-service,2,10,cpu:
2026-09-19T16:32:21+00:00,history-service,10,10,cpu:
2026-09-19T16:32:21+00:00,lab-service,2,10,cpu:
2026-09-19T16:32:21+00:00,notification-service,2,10,cpu:
2026-09-19T16:32:21+00:00,patient-service,10,10,cpu:
2026-09-19T16:32:21+00:00,result-service,10,10,cpu:
2026-09-19T16:32:21+00:00,triage-service,2,10,cpu:
2026-09-19T16:32:35+00:00,audit-service,3,10,cpu:
2026-09-19T16:32:35+00:00,auth-service,2,10,cpu:
2026-09-19T16:32:35+00:00,consent-service,10,10,cpu:
2026-09-19T16:32:35+00:00,exam-service,2,10,cpu:
2026-09-19T16:32:35+00:00,history-service,10,10,cpu:
2026-09-19T16:32:35+00:00,lab-service,2,10,cpu:
2026-09-19T16:32:35+00:00,notification-service,2,10,cpu:
2026-09-19T16:32:35+00:00,patient-service,10,10,cpu:
2026-09-19T16:32:35+00:00,result-service,10,10,cpu:
2026-09-19T16:32:35+00:00,triage-service,2,10,cpu:
2026-09-19T16:32:42+00:00,audit-service,3,10,cpu:
2026-09-19T16:32:42+00:00,auth-service,2,10,cpu:
2026-09-19T16:32:42+00:00,consent-service,10,10,cpu:
2026-09-19T16:32:42+00:00,exam-service,2,10,cpu:
2026-09-19T16:32:42+00:00,history-service,10,10,cpu:
2026-09-19T16:32:42+00:00,lab-service,2,10,cpu:
2026-09-19T16:32:42+00:00,notification-service,2,10,cpu:
2026-09-19T16:32:42+00:00,patient-service,10,10,cpu:
2026-09-19T16:32:42+00:00,result-service,10,10,cpu:
2026-09-19T16:32:42+00:00,triage-service,2,10,cpu:
2026-09-19T16:32:48+00:00,audit-service,3,10,cpu:
2026-09-19T16:32:48+00:00,auth-service,2,10,cpu:
2026-09-19T16:32:48+00:00,consent-service,10,10,cpu:
2026-09-19T16:32:48+00:00,exam-service,2,10,cpu:
2026-09-19T16:32:48+00:00,history-service,10,10,cpu:
2026-09-19T16:32:48+00:00,lab-service,2,10,cpu:
2026-09-19T16:32:48+00:00,notification-service,2,10,cpu:
2026-09-19T16:32:48+00:00,patient-service,10,10,cpu:
2026-09-19T16:32:48+00:00,result-service,10,10,cpu:
2026-09-19T16:32:48+00:00,triage-service,2,10,cpu:
2026-09-19T16:33:01+00:00,audit-service,3,10,cpu:
2026-09-19T16:33:01+00:00,auth-service,2,10,cpu:
2026-09-19T16:33:01+00:00,consent-service,10,10,cpu:
2026-09-19T16:33:01+00:00,exam-service,2,10,cpu:
2026-09-19T16:33:01+00:00,history-service,10,10,cpu:
2026-09-19T16:33:01+00:00,lab-service,2,10,cpu:
2026-09-19T16:33:01+00:00,notification-service,2,10,cpu:
2026-09-19T16:33:01+00:00,patient-service,10,10,cpu:
2026-09-19T16:33:01+00:00,result-service,10,10,cpu:
2026-09-19T16:33:01+00:00,triage-service,2,10,cpu:
2026-09-19T16:33:08+00:00,audit-service,3,10,cpu:
2026-09-19T16:33:08+00:00,auth-service,2,10,cpu:
2026-09-19T16:33:08+00:00,consent-service,10,10,cpu:
2026-09-19T16:33:08+00:00,exam-service,2,10,cpu:
2026-09-19T16:33:08+00:00,history-service,10,10,cpu:
2026-09-19T16:33:08+00:00,lab-service,2,10,cpu:
2026-09-19T16:33:08+00:00,notification-service,2,10,cpu:
2026-09-19T16:33:08+00:00,patient-service,10,10,cpu:
2026-09-19T16:33:08+00:00,result-service,10,10,cpu:
2026-09-19T16:33:08+00:00,triage-service,2,10,cpu:
2026-09-19T16:33:14+00:00,audit-service,3,10,cpu:
2026-09-19T16:33:14+00:00,auth-service,2,10,cpu:
2026-09-19T16:33:14+00:00,consent-service,10,10,cpu:
2026-09-19T16:33:14+00:00,exam-service,2,10,cpu:
2026-09-19T16:33:14+00:00,history-service,10,10,cpu:
2026-09-19T16:33:14+00:00,lab-service,2,10,cpu:
2026-09-19T16:33:14+00:00,notification-service,2,10,cpu:
2026-09-19T16:33:14+00:00,patient-service,10,10,cpu:
2026-09-19T16:33:14+00:00,result-service,10,10,cpu:
2026-09-19T16:33:14+00:00,triage-service,2,10,cpu:
2026-09-19T16:33:27+00:00,audit-service,3,10,cpu:
2026-09-19T16:33:27+00:00,auth-service,2,10,cpu:
2026-09-19T16:33:27+00:00,consent-service,10,10,cpu:
2026-09-19T16:33:27+00:00,exam-service,2,10,cpu:
2026-09-19T16:33:27+00:00,history-service,10,10,cpu:
2026-09-19T16:33:27+00:00,lab-service,2,10,cpu:
2026-09-19T16:33:27+00:00,notification-service,2,10,cpu:
2026-09-19T16:33:27+00:00,patient-service,10,10,cpu:
2026-09-19T16:33:27+00:00,result-service,10,10,cpu:
2026-09-19T16:33:27+00:00,triage-service,2,10,cpu:
2026-09-19T16:33:34+00:00,audit-service,3,10,cpu:
2026-09-19T16:33:34+00:00,auth-service,2,10,cpu:
2026-09-19T16:33:34+00:00,consent-service,10,10,cpu:
2026-09-19T16:33:34+00:00,exam-service,2,10,cpu:
2026-09-19T16:33:34+00:00,history-service,10,10,cpu:
2026-09-19T16:33:34+00:00,lab-service,2,10,cpu:
2026-09-19T16:33:34+00:00,notification-service,2,10,cpu:
2026-09-19T16:33:34+00:00,patient-service,10,10,cpu:
2026-09-19T16:33:34+00:00,result-service,10,10,cpu:
2026-09-19T16:33:34+00:00,triage-service,2,10,cpu:
2026-09-19T16:33:41+00:00,audit-service,3,10,cpu:
2026-09-19T16:33:41+00:00,auth-service,2,10,cpu:
2026-09-19T16:33:41+00:00,consent-service,10,10,cpu:
2026-09-19T16:33:41+00:00,exam-service,2,10,cpu:
2026-09-19T16:33:41+00:00,history-service,10,10,cpu:
2026-09-19T16:33:41+00:00,lab-service,2,10,cpu:
2026-09-19T16:33:41+00:00,notification-service,2,10,cpu:
2026-09-19T16:33:41+00:00,patient-service,10,10,cpu:
2026-09-19T16:33:41+00:00,result-service,10,10,cpu:
2026-09-19T16:33:41+00:00,triage-service,2,10,cpu:
2026-09-19T16:33:54+00:00,audit-service,3,10,cpu:
2026-09-19T16:33:54+00:00,auth-service,2,10,cpu:
2026-09-19T16:33:54+00:00,consent-service,10,10,cpu:
2026-09-19T16:33:54+00:00,exam-service,2,10,cpu:
2026-09-19T16:33:54+00:00,history-service,10,10,cpu:
2026-09-19T16:33:54+00:00,lab-service,2,10,cpu:
2026-09-19T16:33:54+00:00,notification-service,2,10,cpu:
2026-09-19T16:33:54+00:00,patient-service,10,10,cpu:
2026-09-19T16:33:54+00:00,result-service,10,10,cpu:
2026-09-19T16:33:54+00:00,triage-service,2,10,cpu:
2026-09-19T16:34:00+00:00,audit-service,3,10,cpu:
2026-09-19T16:34:00+00:00,auth-service,2,10,cpu:
2026-09-19T16:34:00+00:00,consent-service,10,10,cpu:
2026-09-19T16:34:00+00:00,exam-service,2,10,cpu:
2026-09-19T16:34:00+00:00,history-service,10,10,cpu:
2026-09-19T16:34:00+00:00,lab-service,2,10,cpu:
2026-09-19T16:34:00+00:00,notification-service,2,10,cpu:
2026-09-19T16:34:00+00:00,patient-service,10,10,cpu:
2026-09-19T16:34:00+00:00,result-service,10,10,cpu:
2026-09-19T16:34:00+00:00,triage-service,2,10,cpu:
2026-09-19T16:34:07+00:00,audit-service,3,10,cpu:
2026-09-19T16:34:07+00:00,auth-service,2,10,cpu:
2026-09-19T16:34:07+00:00,consent-service,10,10,cpu:
2026-09-19T16:34:07+00:00,exam-service,2,10,cpu:
2026-09-19T16:34:07+00:00,history-service,10,10,cpu:
2026-09-19T16:34:07+00:00,lab-service,2,10,cpu:
2026-09-19T16:34:07+00:00,notification-service,2,10,cpu:
2026-09-19T16:34:07+00:00,patient-service,10,10,cpu:
2026-09-19T16:34:07+00:00,result-service,10,10,cpu:
2026-09-19T16:34:07+00:00,triage-service,2,10,cpu:
2026-09-19T16:34:20+00:00,audit-service,3,10,cpu:
2026-09-19T16:34:20+00:00,auth-service,2,10,cpu:
2026-09-19T16:34:20+00:00,consent-service,10,10,cpu:
2026-09-19T16:34:20+00:00,exam-service,2,10,cpu:
2026-09-19T16:34:20+00:00,history-service,10,10,cpu:
2026-09-19T16:34:20+00:00,lab-service,2,10,cpu:
2026-09-19T16:34:20+00:00,notification-service,2,10,cpu:
2026-09-19T16:34:20+00:00,patient-service,10,10,cpu:
2026-09-19T16:34:20+00:00,result-service,10,10,cpu:
2026-09-19T16:34:20+00:00,triage-service,2,10,cpu:
2026-09-19T16:34:26+00:00,audit-service,3,10,cpu:
2026-09-19T16:34:26+00:00,auth-service,2,10,cpu:
2026-09-19T16:34:26+00:00,consent-service,10,10,cpu:
2026-09-19T16:34:26+00:00,exam-service,2,10,cpu:
2026-09-19T16:34:26+00:00,history-service,10,10,cpu:
2026-09-19T16:34:26+00:00,lab-service,2,10,cpu:
2026-09-19T16:34:26+00:00,notification-service,2,10,cpu:
2026-09-19T16:34:26+00:00,patient-service,10,10,cpu:
2026-09-19T16:34:26+00:00,result-service,10,10,cpu:
2026-09-19T16:34:26+00:00,triage-service,2,10,cpu:
2026-09-19T16:34:33+00:00,audit-service,3,10,cpu:
2026-09-19T16:34:33+00:00,auth-service,2,10,cpu:
2026-09-19T16:34:33+00:00,consent-service,10,10,cpu:
2026-09-19T16:34:33+00:00,exam-service,2,10,cpu:
2026-09-19T16:34:33+00:00,history-service,10,10,cpu:
2026-09-19T16:34:33+00:00,lab-service,2,10,cpu:
2026-09-19T16:34:33+00:00,notification-service,2,10,cpu:
2026-09-19T16:34:33+00:00,patient-service,10,10,cpu:
2026-09-19T16:34:33+00:00,result-service,10,10,cpu:
2026-09-19T16:34:33+00:00,triage-service,2,10,cpu:
2026-09-19T16:34:44+00:00,audit-service,3,10,cpu:
2026-09-19T16:34:44+00:00,auth-service,2,10,cpu:
2026-09-19T16:34:44+00:00,consent-service,10,10,cpu:
2026-09-19T16:34:44+00:00,exam-service,2,10,cpu:
2026-09-19T16:34:44+00:00,history-service,10,10,cpu:
2026-09-19T16:34:44+00:00,lab-service,2,10,cpu:
2026-09-19T16:34:44+00:00,notification-service,2,10,cpu:
2026-09-19T16:34:44+00:00,patient-service,10,10,cpu:
2026-09-19T16:34:44+00:00,result-service,10,10,cpu:
2026-09-19T16:34:44+00:00,triage-service,2,10,cpu:
2026-09-19T16:34:52+00:00,audit-service,3,10,cpu:
2026-09-19T16:34:52+00:00,auth-service,2,10,cpu:
2026-09-19T16:34:52+00:00,consent-service,10,10,cpu:
2026-09-19T16:34:52+00:00,exam-service,2,10,cpu:
2026-09-19T16:34:52+00:00,history-service,10,10,cpu:
2026-09-19T16:34:52+00:00,lab-service,2,10,cpu:
2026-09-19T16:34:52+00:00,notification-service,2,10,cpu:
2026-09-19T16:34:52+00:00,patient-service,10,10,cpu:
2026-09-19T16:34:52+00:00,result-service,10,10,cpu:
2026-09-19T16:34:52+00:00,triage-service,2,10,cpu:
2026-09-19T16:35:00+00:00,audit-service,3,10,cpu:
2026-09-19T16:35:00+00:00,auth-service,2,10,cpu:
2026-09-19T16:35:00+00:00,consent-service,10,10,cpu:
2026-09-19T16:35:00+00:00,exam-service,2,10,cpu:
2026-09-19T16:35:00+00:00,history-service,10,10,cpu:
2026-09-19T16:35:00+00:00,lab-service,2,10,cpu:
2026-09-19T16:35:00+00:00,notification-service,2,10,cpu:
2026-09-19T16:35:00+00:00,patient-service,10,10,cpu:
2026-09-19T16:35:00+00:00,result-service,10,10,cpu:
2026-09-19T16:35:00+00:00,triage-service,2,10,cpu:
2026-09-19T16:35:13+00:00,audit-service,3,10,cpu:
2026-09-19T16:35:13+00:00,auth-service,2,10,cpu:
2026-09-19T16:35:13+00:00,consent-service,10,10,cpu:
2026-09-19T16:35:13+00:00,exam-service,2,10,cpu:
2026-09-19T16:35:13+00:00,history-service,10,10,cpu:
2026-09-19T16:35:13+00:00,lab-service,2,10,cpu:
2026-09-19T16:35:13+00:00,notification-service,2,10,cpu:
2026-09-19T16:35:13+00:00,patient-service,10,10,cpu:
2026-09-19T16:35:13+00:00,result-service,10,10,cpu:
2026-09-19T16:35:13+00:00,triage-service,2,10,cpu:
2026-09-19T16:35:19+00:00,audit-service,3,10,cpu:
2026-09-19T16:35:19+00:00,auth-service,2,10,cpu:
2026-09-19T16:35:19+00:00,consent-service,10,10,cpu:
2026-09-19T16:35:19+00:00,exam-service,2,10,cpu:
2026-09-19T16:35:19+00:00,history-service,10,10,cpu:
2026-09-19T16:35:19+00:00,lab-service,2,10,cpu:
2026-09-19T16:35:19+00:00,notification-service,2,10,cpu:
2026-09-19T16:35:19+00:00,patient-service,10,10,cpu:
2026-09-19T16:35:19+00:00,result-service,10,10,cpu:
2026-09-19T16:35:19+00:00,triage-service,2,10,cpu:
2026-09-19T16:35:26+00:00,audit-service,3,10,cpu:
2026-09-19T16:35:26+00:00,auth-service,2,10,cpu:
2026-09-19T16:35:26+00:00,consent-service,10,10,cpu:
2026-09-19T16:35:26+00:00,exam-service,2,10,cpu:
2026-09-19T16:35:26+00:00,history-service,10,10,cpu:
2026-09-19T16:35:26+00:00,lab-service,2,10,cpu:
2026-09-19T16:35:26+00:00,notification-service,2,10,cpu:
2026-09-19T16:35:26+00:00,patient-service,10,10,cpu:
2026-09-19T16:35:26+00:00,result-service,10,10,cpu:
2026-09-19T16:35:26+00:00,triage-service,2,10,cpu:
2026-09-19T16:35:38+00:00,audit-service,2,10,cpu:
2026-09-19T16:35:38+00:00,auth-service,2,10,cpu:
2026-09-19T16:35:38+00:00,consent-service,10,10,cpu:
2026-09-19T16:35:38+00:00,exam-service,2,10,cpu:
2026-09-19T16:35:38+00:00,history-service,10,10,cpu:
2026-09-19T16:35:38+00:00,lab-service,2,10,cpu:
2026-09-19T16:35:38+00:00,notification-service,2,10,cpu:
2026-09-19T16:35:38+00:00,patient-service,10,10,cpu:
2026-09-19T16:35:38+00:00,result-service,10,10,cpu:
2026-09-19T16:35:38+00:00,triage-service,2,10,cpu:
2026-09-19T16:35:44+00:00,audit-service,2,10,cpu:
2026-09-19T16:35:44+00:00,auth-service,2,10,cpu:
2026-09-19T16:35:44+00:00,consent-service,10,10,cpu:
2026-09-19T16:35:44+00:00,exam-service,2,10,cpu:
2026-09-19T16:35:44+00:00,history-service,10,10,cpu:
2026-09-19T16:35:44+00:00,lab-service,2,10,cpu:
2026-09-19T16:35:44+00:00,notification-service,2,10,cpu:
2026-09-19T16:35:44+00:00,patient-service,10,10,cpu:
2026-09-19T16:35:44+00:00,result-service,10,10,cpu:
2026-09-19T16:35:44+00:00,triage-service,2,10,cpu:
2026-09-19T16:35:51+00:00,audit-service,2,10,cpu:
2026-09-19T16:35:51+00:00,auth-service,2,10,cpu:
2026-09-19T16:35:51+00:00,consent-service,10,10,cpu:
2026-09-19T16:35:51+00:00,exam-service,2,10,cpu:
2026-09-19T16:35:51+00:00,history-service,10,10,cpu:
2026-09-19T16:35:51+00:00,lab-service,2,10,cpu:
2026-09-19T16:35:51+00:00,notification-service,2,10,cpu:
2026-09-19T16:35:51+00:00,patient-service,10,10,cpu:
2026-09-19T16:35:51+00:00,result-service,10,10,cpu:
2026-09-19T16:35:51+00:00,triage-service,2,10,cpu:
2026-09-19T16:36:04+00:00,audit-service,2,10,cpu:
2026-09-19T16:36:04+00:00,auth-service,2,10,cpu:
2026-09-19T16:36:04+00:00,consent-service,10,10,cpu:
2026-09-19T16:36:04+00:00,exam-service,2,10,cpu:
2026-09-19T16:36:04+00:00,history-service,10,10,cpu:
2026-09-19T16:36:04+00:00,lab-service,2,10,cpu:
2026-09-19T16:36:04+00:00,notification-service,2,10,cpu:
2026-09-19T16:36:04+00:00,patient-service,10,10,cpu:
2026-09-19T16:36:04+00:00,result-service,10,10,cpu:
2026-09-19T16:36:04+00:00,triage-service,2,10,cpu:
2026-09-19T16:36:10+00:00,audit-service,2,10,cpu:
2026-09-19T16:36:10+00:00,auth-service,2,10,cpu:
2026-09-19T16:36:10+00:00,consent-service,10,10,cpu:
2026-09-19T16:36:10+00:00,exam-service,2,10,cpu:
2026-09-19T16:36:10+00:00,history-service,10,10,cpu:
2026-09-19T16:36:10+00:00,lab-service,2,10,cpu:
2026-09-19T16:36:10+00:00,notification-service,2,10,cpu:
2026-09-19T16:36:10+00:00,patient-service,10,10,cpu:
2026-09-19T16:36:10+00:00,result-service,10,10,cpu:
2026-09-19T16:36:10+00:00,triage-service,2,10,cpu:
2026-09-19T16:36:17+00:00,audit-service,2,10,cpu:
2026-09-19T16:36:17+00:00,auth-service,2,10,cpu:
2026-09-19T16:36:17+00:00,consent-service,10,10,cpu:
2026-09-19T16:36:17+00:00,exam-service,2,10,cpu:
2026-09-19T16:36:17+00:00,history-service,10,10,cpu:
2026-09-19T16:36:17+00:00,lab-service,2,10,cpu:
2026-09-19T16:36:17+00:00,notification-service,2,10,cpu:
2026-09-19T16:36:17+00:00,patient-service,10,10,cpu:
2026-09-19T16:36:17+00:00,result-service,10,10,cpu:
2026-09-19T16:36:17+00:00,triage-service,2,10,cpu:
2026-09-19T16:36:30+00:00,audit-service,2,10,cpu:
2026-09-19T16:36:30+00:00,auth-service,2,10,cpu:
2026-09-19T16:36:30+00:00,consent-service,10,10,cpu:
2026-09-19T16:36:30+00:00,exam-service,2,10,cpu:
2026-09-19T16:36:30+00:00,history-service,10,10,cpu:
2026-09-19T16:36:30+00:00,lab-service,2,10,cpu:
2026-09-19T16:36:30+00:00,notification-service,2,10,cpu:
2026-09-19T16:36:30+00:00,patient-service,10,10,cpu:
2026-09-19T16:36:30+00:00,result-service,10,10,cpu:
2026-09-19T16:36:30+00:00,triage-service,2,10,cpu:
2026-09-19T16:36:37+00:00,audit-service,2,10,cpu:
2026-09-19T16:36:37+00:00,auth-service,2,10,cpu:
2026-09-19T16:36:37+00:00,consent-service,10,10,cpu:
2026-09-19T16:36:37+00:00,exam-service,2,10,cpu:
2026-09-19T16:36:37+00:00,history-service,10,10,cpu:
2026-09-19T16:36:37+00:00,lab-service,2,10,cpu:
2026-09-19T16:36:37+00:00,notification-service,2,10,cpu:
2026-09-19T16:36:37+00:00,patient-service,10,10,cpu:
2026-09-19T16:36:37+00:00,result-service,10,10,cpu:
2026-09-19T16:36:37+00:00,triage-service,2,10,cpu:
2026-09-19T16:36:44+00:00,audit-service,2,10,cpu:
2026-09-19T16:36:44+00:00,auth-service,2,10,cpu:
2026-09-19T16:36:44+00:00,consent-service,10,10,cpu:
2026-09-19T16:36:44+00:00,exam-service,2,10,cpu:
2026-09-19T16:36:44+00:00,history-service,10,10,cpu:
2026-09-19T16:36:44+00:00,lab-service,2,10,cpu:
2026-09-19T16:36:44+00:00,notification-service,2,10,cpu:
2026-09-19T16:36:44+00:00,patient-service,10,10,cpu:
2026-09-19T16:36:44+00:00,result-service,10,10,cpu:
2026-09-19T16:36:44+00:00,triage-service,2,10,cpu:
2026-09-19T16:36:58+00:00,audit-service,2,10,cpu:
2026-09-19T16:36:58+00:00,auth-service,2,10,cpu:
2026-09-19T16:36:58+00:00,consent-service,10,10,cpu:
2026-09-19T16:36:58+00:00,exam-service,2,10,cpu:
2026-09-19T16:36:58+00:00,history-service,10,10,cpu:
2026-09-19T16:36:58+00:00,lab-service,2,10,cpu:
2026-09-19T16:36:58+00:00,notification-service,2,10,cpu:
2026-09-19T16:36:58+00:00,patient-service,10,10,cpu:
2026-09-19T16:36:58+00:00,result-service,10,10,cpu:
2026-09-19T16:36:58+00:00,triage-service,2,10,cpu:
2026-09-19T16:37:05+00:00,audit-service,2,10,cpu:
2026-09-19T16:37:05+00:00,auth-service,2,10,cpu:
2026-09-19T16:37:05+00:00,consent-service,10,10,cpu:
2026-09-19T16:37:05+00:00,exam-service,2,10,cpu:
2026-09-19T16:37:05+00:00,history-service,10,10,cpu:
2026-09-19T16:37:05+00:00,lab-service,2,10,cpu:
2026-09-19T16:37:05+00:00,notification-service,2,10,cpu:
2026-09-19T16:37:05+00:00,patient-service,10,10,cpu:
2026-09-19T16:37:05+00:00,result-service,10,10,cpu:
2026-09-19T16:37:05+00:00,triage-service,2,10,cpu:
2026-09-19T16:37:11+00:00,audit-service,2,10,cpu:
2026-09-19T16:37:11+00:00,auth-service,2,10,cpu:
2026-09-19T16:37:11+00:00,consent-service,10,10,cpu:
2026-09-19T16:37:11+00:00,exam-service,2,10,cpu:
2026-09-19T16:37:11+00:00,history-service,10,10,cpu:
2026-09-19T16:37:11+00:00,lab-service,2,10,cpu:
2026-09-19T16:37:11+00:00,notification-service,2,10,cpu:
2026-09-19T16:37:11+00:00,patient-service,10,10,cpu:
2026-09-19T16:37:11+00:00,result-service,10,10,cpu:
2026-09-19T16:37:11+00:00,triage-service,2,10,cpu:
2026-09-19T16:37:23+00:00,audit-service,2,10,cpu:
2026-09-19T16:37:23+00:00,auth-service,2,10,cpu:
2026-09-19T16:37:23+00:00,consent-service,10,10,cpu:
2026-09-19T16:37:23+00:00,exam-service,2,10,cpu:
2026-09-19T16:37:23+00:00,history-service,10,10,cpu:
2026-09-19T16:37:23+00:00,lab-service,2,10,cpu:
2026-09-19T16:37:23+00:00,notification-service,2,10,cpu:
2026-09-19T16:37:23+00:00,patient-service,10,10,cpu:
2026-09-19T16:37:23+00:00,result-service,10,10,cpu:
2026-09-19T16:37:23+00:00,triage-service,2,10,cpu:
2026-09-19T16:37:30+00:00,audit-service,2,10,cpu:
2026-09-19T16:37:30+00:00,auth-service,2,10,cpu:
2026-09-19T16:37:30+00:00,consent-service,10,10,cpu:
2026-09-19T16:37:30+00:00,exam-service,2,10,cpu:
2026-09-19T16:37:30+00:00,history-service,10,10,cpu:
2026-09-19T16:37:30+00:00,lab-service,2,10,cpu:
2026-09-19T16:37:30+00:00,notification-service,2,10,cpu:
2026-09-19T16:37:30+00:00,patient-service,10,10,cpu:
2026-09-19T16:37:30+00:00,result-service,10,10,cpu:
2026-09-19T16:37:30+00:00,triage-service,2,10,cpu:
2026-09-19T16:37:36+00:00,audit-service,2,10,cpu:
2026-09-19T16:37:36+00:00,auth-service,2,10,cpu:
2026-09-19T16:37:36+00:00,consent-service,10,10,cpu:
2026-09-19T16:37:36+00:00,exam-service,2,10,cpu:
2026-09-19T16:37:36+00:00,history-service,10,10,cpu:
2026-09-19T16:37:36+00:00,lab-service,2,10,cpu:
2026-09-19T16:37:36+00:00,notification-service,2,10,cpu:
2026-09-19T16:37:36+00:00,patient-service,10,10,cpu:
2026-09-19T16:37:36+00:00,result-service,10,10,cpu:
2026-09-19T16:37:36+00:00,triage-service,2,10,cpu:
2026-09-19T16:37:47+00:00,audit-service,2,10,cpu:
2026-09-19T16:37:47+00:00,auth-service,2,10,cpu:
2026-09-19T16:37:47+00:00,consent-service,10,10,cpu:
2026-09-19T16:37:47+00:00,exam-service,2,10,cpu:
2026-09-19T16:37:47+00:00,history-service,10,10,cpu:
2026-09-19T16:37:47+00:00,lab-service,2,10,cpu:
2026-09-19T16:37:47+00:00,notification-service,2,10,cpu:
2026-09-19T16:37:47+00:00,patient-service,10,10,cpu:
2026-09-19T16:37:47+00:00,result-service,10,10,cpu:
2026-09-19T16:37:47+00:00,triage-service,2,10,cpu:
2026-09-19T16:37:54+00:00,audit-service,2,10,cpu:
2026-09-19T16:37:54+00:00,auth-service,2,10,cpu:
2026-09-19T16:37:54+00:00,consent-service,10,10,cpu:
2026-09-19T16:37:54+00:00,exam-service,2,10,cpu:
2026-09-19T16:37:54+00:00,history-service,10,10,cpu:
2026-09-19T16:37:54+00:00,lab-service,2,10,cpu:
2026-09-19T16:37:54+00:00,notification-service,2,10,cpu:
2026-09-19T16:37:54+00:00,patient-service,10,10,cpu:
2026-09-19T16:37:54+00:00,result-service,10,10,cpu:
2026-09-19T16:37:54+00:00,triage-service,2,10,cpu:
2026-09-19T16:38:00+00:00,audit-service,2,10,cpu:
2026-09-19T16:38:00+00:00,auth-service,2,10,cpu:
2026-09-19T16:38:00+00:00,consent-service,10,10,cpu:
2026-09-19T16:38:00+00:00,exam-service,2,10,cpu:
2026-09-19T16:38:00+00:00,history-service,10,10,cpu:
2026-09-19T16:38:00+00:00,lab-service,2,10,cpu:
2026-09-19T16:38:00+00:00,notification-service,2,10,cpu:
2026-09-19T16:38:00+00:00,patient-service,10,10,cpu:
2026-09-19T16:38:00+00:00,result-service,10,10,cpu:
2026-09-19T16:38:00+00:00,triage-service,2,10,cpu:
2026-09-19T16:38:09+00:00,audit-service,2,10,cpu:
2026-09-19T16:38:09+00:00,auth-service,2,10,cpu:
2026-09-19T16:38:09+00:00,consent-service,10,10,cpu:
2026-09-19T16:38:09+00:00,exam-service,2,10,cpu:
2026-09-19T16:38:09+00:00,history-service,10,10,cpu:
2026-09-19T16:38:09+00:00,lab-service,2,10,cpu:
2026-09-19T16:38:09+00:00,notification-service,2,10,cpu:
2026-09-19T16:38:09+00:00,patient-service,10,10,cpu:
2026-09-19T16:38:09+00:00,result-service,10,10,cpu:
2026-09-19T16:38:09+00:00,triage-service,2,10,cpu:
2026-09-19T16:38:15+00:00,audit-service,2,10,cpu:
2026-09-19T16:38:15+00:00,auth-service,2,10,cpu:
2026-09-19T16:38:15+00:00,consent-service,10,10,cpu:
2026-09-19T16:38:15+00:00,exam-service,2,10,cpu:
2026-09-19T16:38:15+00:00,history-service,10,10,cpu:
2026-09-19T16:38:15+00:00,lab-service,2,10,cpu:
2026-09-19T16:38:15+00:00,notification-service,2,10,cpu:
2026-09-19T16:38:15+00:00,patient-service,10,10,cpu:
2026-09-19T16:38:15+00:00,result-service,10,10,cpu:
2026-09-19T16:38:15+00:00,triage-service,2,10,cpu:
2026-09-19T16:38:21+00:00,audit-service,2,10,cpu:
2026-09-19T16:38:21+00:00,auth-service,2,10,cpu:
2026-09-19T16:38:21+00:00,consent-service,10,10,cpu:
2026-09-19T16:38:21+00:00,exam-service,2,10,cpu:
2026-09-19T16:38:21+00:00,history-service,10,10,cpu:
2026-09-19T16:38:21+00:00,lab-service,2,10,cpu:
2026-09-19T16:38:21+00:00,notification-service,2,10,cpu:
2026-09-19T16:38:21+00:00,patient-service,10,10,cpu:
2026-09-19T16:38:21+00:00,result-service,10,10,cpu:
2026-09-19T16:38:21+00:00,triage-service,2,10,cpu:
2026-09-19T16:38:29+00:00,audit-service,2,10,cpu:
2026-09-19T16:38:29+00:00,auth-service,2,10,cpu:
2026-09-19T16:38:29+00:00,consent-service,10,10,cpu:
2026-09-19T16:38:29+00:00,exam-service,2,10,cpu:
2026-09-19T16:38:29+00:00,history-service,10,10,cpu:
2026-09-19T16:38:29+00:00,lab-service,2,10,cpu:
2026-09-19T16:38:29+00:00,notification-service,2,10,cpu:
2026-09-19T16:38:29+00:00,patient-service,10,10,cpu:
2026-09-19T16:38:29+00:00,result-service,10,10,cpu:
2026-09-19T16:38:29+00:00,triage-service,2,10,cpu:
2026-09-19T16:38:35+00:00,audit-service,2,10,cpu:
2026-09-19T16:38:35+00:00,auth-service,2,10,cpu:
2026-09-19T16:38:35+00:00,consent-service,10,10,cpu:
2026-09-19T16:38:35+00:00,exam-service,2,10,cpu:
2026-09-19T16:38:35+00:00,history-service,10,10,cpu:
2026-09-19T16:38:35+00:00,lab-service,2,10,cpu:
2026-09-19T16:38:35+00:00,notification-service,2,10,cpu:
2026-09-19T16:38:35+00:00,patient-service,10,10,cpu:
2026-09-19T16:38:35+00:00,result-service,10,10,cpu:
2026-09-19T16:38:35+00:00,triage-service,2,10,cpu:
2026-09-19T16:38:41+00:00,audit-service,2,10,cpu:
2026-09-19T16:38:41+00:00,auth-service,2,10,cpu:
2026-09-19T16:38:41+00:00,consent-service,10,10,cpu:
2026-09-19T16:38:41+00:00,exam-service,2,10,cpu:
2026-09-19T16:38:41+00:00,history-service,10,10,cpu:
2026-09-19T16:38:41+00:00,lab-service,2,10,cpu:
2026-09-19T16:38:41+00:00,notification-service,2,10,cpu:
2026-09-19T16:38:41+00:00,patient-service,10,10,cpu:
2026-09-19T16:38:41+00:00,result-service,10,10,cpu:
2026-09-19T16:38:41+00:00,triage-service,2,10,cpu:
2026-09-19T16:38:50+00:00,audit-service,2,10,cpu:
2026-09-19T16:38:50+00:00,auth-service,2,10,cpu:
2026-09-19T16:38:50+00:00,consent-service,10,10,cpu:
2026-09-19T16:38:50+00:00,exam-service,2,10,cpu:
2026-09-19T16:38:50+00:00,history-service,10,10,cpu:
2026-09-19T16:38:50+00:00,lab-service,2,10,cpu:
2026-09-19T16:38:50+00:00,notification-service,2,10,cpu:
2026-09-19T16:38:50+00:00,patient-service,10,10,cpu:
2026-09-19T16:38:50+00:00,result-service,10,10,cpu:
2026-09-19T16:38:50+00:00,triage-service,2,10,cpu:
2026-09-19T16:38:55+00:00,audit-service,2,10,cpu:
2026-09-19T16:38:55+00:00,auth-service,2,10,cpu:
2026-09-19T16:38:55+00:00,consent-service,10,10,cpu:
2026-09-19T16:38:55+00:00,exam-service,2,10,cpu:
2026-09-19T16:38:55+00:00,history-service,10,10,cpu:
2026-09-19T16:38:55+00:00,lab-service,2,10,cpu:
2026-09-19T16:38:55+00:00,notification-service,2,10,cpu:
2026-09-19T16:38:55+00:00,patient-service,10,10,cpu:
2026-09-19T16:38:55+00:00,result-service,10,10,cpu:
2026-09-19T16:38:55+00:00,triage-service,2,10,cpu:
2026-09-19T16:39:01+00:00,audit-service,2,10,cpu:
2026-09-19T16:39:01+00:00,auth-service,2,10,cpu:
2026-09-19T16:39:01+00:00,consent-service,10,10,cpu:
2026-09-19T16:39:01+00:00,exam-service,2,10,cpu:
2026-09-19T16:39:01+00:00,history-service,10,10,cpu:
2026-09-19T16:39:01+00:00,lab-service,2,10,cpu:
2026-09-19T16:39:01+00:00,notification-service,2,10,cpu:
2026-09-19T16:39:01+00:00,patient-service,10,10,cpu:
2026-09-19T16:39:01+00:00,result-service,10,10,cpu:
2026-09-19T16:39:01+00:00,triage-service,2,10,cpu:
2026-09-19T16:39:09+00:00,audit-service,2,10,cpu:
2026-09-19T16:39:09+00:00,auth-service,2,10,cpu:
2026-09-19T16:39:09+00:00,consent-service,10,10,cpu:
2026-09-19T16:39:09+00:00,exam-service,2,10,cpu:
2026-09-19T16:39:09+00:00,history-service,10,10,cpu:
2026-09-19T16:39:09+00:00,lab-service,2,10,cpu:
2026-09-19T16:39:09+00:00,notification-service,2,10,cpu:
2026-09-19T16:39:09+00:00,patient-service,10,10,cpu:
2026-09-19T16:39:09+00:00,result-service,10,10,cpu:
2026-09-19T16:39:09+00:00,triage-service,2,10,cpu:
2026-09-19T16:39:15+00:00,audit-service,2,10,cpu:
2026-09-19T16:39:15+00:00,auth-service,2,10,cpu:
2026-09-19T16:39:15+00:00,consent-service,10,10,cpu:
2026-09-19T16:39:15+00:00,exam-service,2,10,cpu:
2026-09-19T16:39:15+00:00,history-service,10,10,cpu:
2026-09-19T16:39:15+00:00,lab-service,2,10,cpu:
2026-09-19T16:39:15+00:00,notification-service,2,10,cpu:
2026-09-19T16:39:15+00:00,patient-service,10,10,cpu:
2026-09-19T16:39:15+00:00,result-service,10,10,cpu:
2026-09-19T16:39:15+00:00,triage-service,2,10,cpu:
2026-09-19T16:39:21+00:00,audit-service,2,10,cpu:
2026-09-19T16:39:21+00:00,auth-service,2,10,cpu:
2026-09-19T16:39:21+00:00,consent-service,10,10,cpu:
2026-09-19T16:39:21+00:00,exam-service,2,10,cpu:
2026-09-19T16:39:21+00:00,history-service,10,10,cpu:
2026-09-19T16:39:21+00:00,lab-service,2,10,cpu:
2026-09-19T16:39:21+00:00,notification-service,2,10,cpu:
2026-09-19T16:39:21+00:00,patient-service,10,10,cpu:
2026-09-19T16:39:21+00:00,result-service,10,10,cpu:
2026-09-19T16:39:21+00:00,triage-service,2,10,cpu:
2026-09-19T16:39:29+00:00,audit-service,2,10,cpu:
2026-09-19T16:39:29+00:00,auth-service,2,10,cpu:
2026-09-19T16:39:29+00:00,consent-service,10,10,cpu:
2026-09-19T16:39:29+00:00,exam-service,2,10,cpu:
2026-09-19T16:39:29+00:00,history-service,10,10,cpu:
2026-09-19T16:39:29+00:00,lab-service,2,10,cpu:
2026-09-19T16:39:29+00:00,notification-service,2,10,cpu:
2026-09-19T16:39:29+00:00,patient-service,10,10,cpu:
2026-09-19T16:39:29+00:00,result-service,10,10,cpu:
2026-09-19T16:39:29+00:00,triage-service,2,10,cpu:
2026-09-19T16:39:34+00:00,audit-service,2,10,cpu:
2026-09-19T16:39:34+00:00,auth-service,2,10,cpu:
2026-09-19T16:39:34+00:00,consent-service,10,10,cpu:
2026-09-19T16:39:34+00:00,exam-service,2,10,cpu:
2026-09-19T16:39:34+00:00,history-service,10,10,cpu:
2026-09-19T16:39:34+00:00,lab-service,2,10,cpu:
2026-09-19T16:39:34+00:00,notification-service,2,10,cpu:
2026-09-19T16:39:34+00:00,patient-service,10,10,cpu:
2026-09-19T16:39:34+00:00,result-service,10,10,cpu:
2026-09-19T16:39:34+00:00,triage-service,2,10,cpu:
2026-09-19T16:39:41+00:00,audit-service,2,10,cpu:
2026-09-19T16:39:41+00:00,auth-service,2,10,cpu:
2026-09-19T16:39:41+00:00,consent-service,10,10,cpu:
2026-09-19T16:39:41+00:00,exam-service,2,10,cpu:
2026-09-19T16:39:41+00:00,history-service,10,10,cpu:
2026-09-19T16:39:41+00:00,lab-service,2,10,cpu:
2026-09-19T16:39:41+00:00,notification-service,2,10,cpu:
2026-09-19T16:39:41+00:00,patient-service,10,10,cpu:
2026-09-19T16:39:41+00:00,result-service,10,10,cpu:
2026-09-19T16:39:41+00:00,triage-service,2,10,cpu:
2026-09-19T16:39:50+00:00,audit-service,2,10,cpu:
2026-09-19T16:39:50+00:00,auth-service,2,10,cpu:
2026-09-19T16:39:50+00:00,consent-service,10,10,cpu:
2026-09-19T16:39:50+00:00,exam-service,2,10,cpu:
2026-09-19T16:39:50+00:00,history-service,10,10,cpu:
2026-09-19T16:39:50+00:00,lab-service,2,10,cpu:
2026-09-19T16:39:50+00:00,notification-service,2,10,cpu:
2026-09-19T16:39:50+00:00,patient-service,10,10,cpu:
2026-09-19T16:39:50+00:00,result-service,10,10,cpu:
2026-09-19T16:39:50+00:00,triage-service,2,10,cpu:
2026-09-19T16:39:55+00:00,audit-service,2,10,cpu:
2026-09-19T16:39:55+00:00,auth-service,2,10,cpu:
2026-09-19T16:39:55+00:00,consent-service,10,10,cpu:
2026-09-19T16:39:55+00:00,exam-service,2,10,cpu:
2026-09-19T16:39:55+00:00,history-service,10,10,cpu:
2026-09-19T16:39:55+00:00,lab-service,2,10,cpu:
2026-09-19T16:39:55+00:00,notification-service,2,10,cpu:
2026-09-19T16:39:55+00:00,patient-service,10,10,cpu:
2026-09-19T16:39:55+00:00,result-service,10,10,cpu:
2026-09-19T16:39:55+00:00,triage-service,2,10,cpu:
2026-09-19T16:40:01+00:00,audit-service,2,10,cpu:
2026-09-19T16:40:01+00:00,auth-service,2,10,cpu:
2026-09-19T16:40:01+00:00,consent-service,10,10,cpu:
2026-09-19T16:40:01+00:00,exam-service,2,10,cpu:
2026-09-19T16:40:01+00:00,history-service,10,10,cpu:
2026-09-19T16:40:01+00:00,lab-service,2,10,cpu:
2026-09-19T16:40:01+00:00,notification-service,2,10,cpu:
2026-09-19T16:40:01+00:00,patient-service,10,10,cpu:
2026-09-19T16:40:01+00:00,result-service,10,10,cpu:
2026-09-19T16:40:01+00:00,triage-service,2,10,cpu:
2026-09-19T16:40:09+00:00,audit-service,2,10,cpu:
2026-09-19T16:40:09+00:00,auth-service,2,10,cpu:
2026-09-19T16:40:09+00:00,consent-service,10,10,cpu:
2026-09-19T16:40:09+00:00,exam-service,2,10,cpu:
2026-09-19T16:40:09+00:00,history-service,10,10,cpu:
2026-09-19T16:40:09+00:00,lab-service,2,10,cpu:
2026-09-19T16:40:09+00:00,notification-service,2,10,cpu:
2026-09-19T16:40:09+00:00,patient-service,10,10,cpu:
2026-09-19T16:40:09+00:00,result-service,10,10,cpu:
2026-09-19T16:40:09+00:00,triage-service,2,10,cpu:
2026-09-19T16:40:15+00:00,audit-service,2,10,cpu:
2026-09-19T16:40:15+00:00,auth-service,2,10,cpu:
2026-09-19T16:40:15+00:00,consent-service,10,10,cpu:
2026-09-19T16:40:15+00:00,exam-service,2,10,cpu:
2026-09-19T16:40:15+00:00,history-service,10,10,cpu:
2026-09-19T16:40:15+00:00,lab-service,2,10,cpu:
2026-09-19T16:40:15+00:00,notification-service,2,10,cpu:
2026-09-19T16:40:15+00:00,patient-service,10,10,cpu:
2026-09-19T16:40:15+00:00,result-service,10,10,cpu:
2026-09-19T16:40:15+00:00,triage-service,2,10,cpu:
2026-09-19T16:40:21+00:00,audit-service,2,10,cpu:
2026-09-19T16:40:21+00:00,auth-service,2,10,cpu:
2026-09-19T16:40:21+00:00,consent-service,10,10,cpu:
2026-09-19T16:40:21+00:00,exam-service,2,10,cpu:
2026-09-19T16:40:21+00:00,history-service,10,10,cpu:
2026-09-19T16:40:21+00:00,lab-service,2,10,cpu:
2026-09-19T16:40:21+00:00,notification-service,2,10,cpu:
2026-09-19T16:40:21+00:00,patient-service,10,10,cpu:
2026-09-19T16:40:21+00:00,result-service,10,10,cpu:
2026-09-19T16:40:21+00:00,triage-service,2,10,cpu:
2026-09-19T16:40:29+00:00,audit-service,2,10,cpu:
2026-09-19T16:40:29+00:00,auth-service,2,10,cpu:
2026-09-19T16:40:29+00:00,consent-service,10,10,cpu:
2026-09-19T16:40:29+00:00,exam-service,2,10,cpu:
2026-09-19T16:40:29+00:00,history-service,10,10,cpu:
2026-09-19T16:40:29+00:00,lab-service,2,10,cpu:
2026-09-19T16:40:29+00:00,notification-service,2,10,cpu:
2026-09-19T16:40:29+00:00,patient-service,10,10,cpu:
2026-09-19T16:40:29+00:00,result-service,10,10,cpu:
2026-09-19T16:40:29+00:00,triage-service,2,10,cpu:
2026-09-19T16:40:35+00:00,audit-service,2,10,cpu:
2026-09-19T16:40:35+00:00,auth-service,2,10,cpu:
2026-09-19T16:40:35+00:00,consent-service,10,10,cpu:
2026-09-19T16:40:35+00:00,exam-service,2,10,cpu:
2026-09-19T16:40:35+00:00,history-service,10,10,cpu:
2026-09-19T16:40:35+00:00,lab-service,2,10,cpu:
2026-09-19T16:40:35+00:00,notification-service,2,10,cpu:
2026-09-19T16:40:35+00:00,patient-service,10,10,cpu:
2026-09-19T16:40:35+00:00,result-service,10,10,cpu:
2026-09-19T16:40:35+00:00,triage-service,2,10,cpu:
2026-09-19T16:40:41+00:00,audit-service,2,10,cpu:
2026-09-19T16:40:41+00:00,auth-service,2,10,cpu:
2026-09-19T16:40:41+00:00,consent-service,10,10,cpu:
2026-09-19T16:40:41+00:00,exam-service,2,10,cpu:
2026-09-19T16:40:41+00:00,history-service,10,10,cpu:
2026-09-19T16:40:41+00:00,lab-service,2,10,cpu:
2026-09-19T16:40:41+00:00,notification-service,2,10,cpu:
2026-09-19T16:40:41+00:00,patient-service,10,10,cpu:
2026-09-19T16:40:41+00:00,result-service,10,10,cpu:
2026-09-19T16:40:41+00:00,triage-service,2,10,cpu:
2026-09-19T16:40:50+00:00,audit-service,2,10,cpu:
2026-09-19T16:40:50+00:00,auth-service,2,10,cpu:
2026-09-19T16:40:50+00:00,consent-service,10,10,cpu:
2026-09-19T16:40:50+00:00,exam-service,2,10,cpu:
2026-09-19T16:40:50+00:00,history-service,10,10,cpu:
2026-09-19T16:40:50+00:00,lab-service,2,10,cpu:
2026-09-19T16:40:50+00:00,notification-service,2,10,cpu:
2026-09-19T16:40:50+00:00,patient-service,10,10,cpu:
2026-09-19T16:40:50+00:00,result-service,10,10,cpu:
2026-09-19T16:40:50+00:00,triage-service,2,10,cpu:
2026-09-19T16:40:55+00:00,audit-service,2,10,cpu:
2026-09-19T16:40:55+00:00,auth-service,2,10,cpu:
2026-09-19T16:40:55+00:00,consent-service,10,10,cpu:
2026-09-19T16:40:55+00:00,exam-service,2,10,cpu:
2026-09-19T16:40:55+00:00,history-service,10,10,cpu:
2026-09-19T16:40:55+00:00,lab-service,2,10,cpu:
2026-09-19T16:40:55+00:00,notification-service,2,10,cpu:
2026-09-19T16:40:55+00:00,patient-service,10,10,cpu:
2026-09-19T16:40:55+00:00,result-service,10,10,cpu:
2026-09-19T16:40:55+00:00,triage-service,2,10,cpu:
2026-09-19T16:41:01+00:00,audit-service,2,10,cpu:
2026-09-19T16:41:01+00:00,auth-service,2,10,cpu:
2026-09-19T16:41:01+00:00,consent-service,10,10,cpu:
2026-09-19T16:41:01+00:00,exam-service,2,10,cpu:
2026-09-19T16:41:01+00:00,history-service,10,10,cpu:
2026-09-19T16:41:01+00:00,lab-service,2,10,cpu:
2026-09-19T16:41:01+00:00,notification-service,2,10,cpu:
2026-09-19T16:41:01+00:00,patient-service,10,10,cpu:
2026-09-19T16:41:01+00:00,result-service,10,10,cpu:
2026-09-19T16:41:01+00:00,triage-service,2,10,cpu:
2026-09-19T16:41:09+00:00,audit-service,2,10,cpu:
2026-09-19T16:41:09+00:00,auth-service,2,10,cpu:
2026-09-19T16:41:09+00:00,consent-service,10,10,cpu:
2026-09-19T16:41:09+00:00,exam-service,2,10,cpu:
2026-09-19T16:41:09+00:00,history-service,10,10,cpu:
2026-09-19T16:41:09+00:00,lab-service,2,10,cpu:
2026-09-19T16:41:09+00:00,notification-service,2,10,cpu:
2026-09-19T16:41:09+00:00,patient-service,10,10,cpu:
2026-09-19T16:41:09+00:00,result-service,10,10,cpu:
2026-09-19T16:41:09+00:00,triage-service,2,10,cpu:
2026-09-19T16:41:15+00:00,audit-service,2,10,cpu:
2026-09-19T16:41:15+00:00,auth-service,2,10,cpu:
2026-09-19T16:41:15+00:00,consent-service,10,10,cpu:
2026-09-19T16:41:15+00:00,exam-service,2,10,cpu:
2026-09-19T16:41:15+00:00,history-service,10,10,cpu:
2026-09-19T16:41:15+00:00,lab-service,2,10,cpu:
2026-09-19T16:41:15+00:00,notification-service,2,10,cpu:
2026-09-19T16:41:15+00:00,patient-service,10,10,cpu:
2026-09-19T16:41:15+00:00,result-service,10,10,cpu:
2026-09-19T16:41:15+00:00,triage-service,2,10,cpu:
2026-09-19T16:41:21+00:00,audit-service,2,10,cpu:
2026-09-19T16:41:21+00:00,auth-service,2,10,cpu:
2026-09-19T16:41:21+00:00,consent-service,10,10,cpu:
2026-09-19T16:41:21+00:00,exam-service,2,10,cpu:
2026-09-19T16:41:21+00:00,history-service,10,10,cpu:
2026-09-19T16:41:21+00:00,lab-service,2,10,cpu:
2026-09-19T16:41:21+00:00,notification-service,2,10,cpu:
2026-09-19T16:41:21+00:00,patient-service,10,10,cpu:
2026-09-19T16:41:21+00:00,result-service,10,10,cpu:
2026-09-19T16:41:21+00:00,triage-service,2,10,cpu:
2026-09-19T16:41:29+00:00,audit-service,2,10,cpu:
2026-09-19T16:41:29+00:00,auth-service,2,10,cpu:
2026-09-19T16:41:29+00:00,consent-service,10,10,cpu:
2026-09-19T16:41:29+00:00,exam-service,2,10,cpu:
2026-09-19T16:41:29+00:00,history-service,10,10,cpu:
2026-09-19T16:41:29+00:00,lab-service,2,10,cpu:
2026-09-19T16:41:29+00:00,notification-service,2,10,cpu:
2026-09-19T16:41:29+00:00,patient-service,10,10,cpu:
2026-09-19T16:41:29+00:00,result-service,10,10,cpu:
2026-09-19T16:41:29+00:00,triage-service,2,10,cpu:
2026-09-19T16:41:35+00:00,audit-service,2,10,cpu:
2026-09-19T16:41:35+00:00,auth-service,2,10,cpu:
2026-09-19T16:41:35+00:00,consent-service,10,10,cpu:
2026-09-19T16:41:35+00:00,exam-service,2,10,cpu:
2026-09-19T16:41:35+00:00,history-service,10,10,cpu:
2026-09-19T16:41:35+00:00,lab-service,2,10,cpu:
2026-09-19T16:41:35+00:00,notification-service,2,10,cpu:
2026-09-19T16:41:35+00:00,patient-service,10,10,cpu:
2026-09-19T16:41:35+00:00,result-service,10,10,cpu:
2026-09-19T16:41:35+00:00,triage-service,2,10,cpu:
2026-09-19T16:41:41+00:00,audit-service,2,10,cpu:
2026-09-19T16:41:41+00:00,auth-service,2,10,cpu:
2026-09-19T16:41:41+00:00,consent-service,10,10,cpu:
2026-09-19T16:41:41+00:00,exam-service,2,10,cpu:
2026-09-19T16:41:41+00:00,history-service,10,10,cpu:
2026-09-19T16:41:41+00:00,lab-service,2,10,cpu:
2026-09-19T16:41:41+00:00,notification-service,2,10,cpu:
2026-09-19T16:41:41+00:00,patient-service,10,10,cpu:
2026-09-19T16:41:41+00:00,result-service,10,10,cpu:
2026-09-19T16:41:41+00:00,triage-service,2,10,cpu:
2026-09-19T16:41:54+00:00,audit-service,2,10,cpu:
2026-09-19T16:41:54+00:00,auth-service,2,10,cpu:
2026-09-19T16:41:54+00:00,consent-service,10,10,cpu:
2026-09-19T16:41:54+00:00,exam-service,2,10,cpu:
2026-09-19T16:41:54+00:00,history-service,10,10,cpu:
2026-09-19T16:41:54+00:00,lab-service,2,10,cpu:
2026-09-19T16:41:54+00:00,notification-service,2,10,cpu:
2026-09-19T16:41:54+00:00,patient-service,10,10,cpu:
2026-09-19T16:41:54+00:00,result-service,10,10,cpu:
2026-09-19T16:41:54+00:00,triage-service,2,10,cpu:
2026-09-19T16:41:59+00:00,audit-service,2,10,cpu:
2026-09-19T16:41:59+00:00,auth-service,2,10,cpu:
2026-09-19T16:41:59+00:00,consent-service,10,10,cpu:
2026-09-19T16:41:59+00:00,exam-service,2,10,cpu:
2026-09-19T16:41:59+00:00,history-service,10,10,cpu:
2026-09-19T16:41:59+00:00,lab-service,2,10,cpu:
2026-09-19T16:41:59+00:00,notification-service,2,10,cpu:
2026-09-19T16:41:59+00:00,patient-service,10,10,cpu:
2026-09-19T16:41:59+00:00,result-service,10,10,cpu:
2026-09-19T16:41:59+00:00,triage-service,2,10,cpu:
2026-09-19T16:42:06+00:00,audit-service,2,10,cpu:
2026-09-19T16:42:06+00:00,auth-service,2,10,cpu:
2026-09-19T16:42:06+00:00,consent-service,10,10,cpu:
2026-09-19T16:42:06+00:00,exam-service,2,10,cpu:
2026-09-19T16:42:06+00:00,history-service,10,10,cpu:
2026-09-19T16:42:06+00:00,lab-service,2,10,cpu:
2026-09-19T16:42:06+00:00,notification-service,2,10,cpu:
2026-09-19T16:42:06+00:00,patient-service,10,10,cpu:
2026-09-19T16:42:06+00:00,result-service,10,10,cpu:
2026-09-19T16:42:06+00:00,triage-service,2,10,cpu:
2026-09-19T16:42:18+00:00,audit-service,2,10,cpu:
2026-09-19T16:42:18+00:00,auth-service,2,10,cpu:
2026-09-19T16:42:18+00:00,consent-service,10,10,cpu:
2026-09-19T16:42:18+00:00,exam-service,2,10,cpu:
2026-09-19T16:42:18+00:00,history-service,10,10,cpu:
2026-09-19T16:42:18+00:00,lab-service,2,10,cpu:
2026-09-19T16:42:18+00:00,notification-service,2,10,cpu:
2026-09-19T16:42:18+00:00,patient-service,10,10,cpu:
2026-09-19T16:42:18+00:00,result-service,10,10,cpu:
2026-09-19T16:42:18+00:00,triage-service,2,10,cpu:
2026-09-19T16:42:24+00:00,audit-service,2,10,cpu:
2026-09-19T16:42:24+00:00,auth-service,2,10,cpu:
2026-09-19T16:42:24+00:00,consent-service,10,10,cpu:
2026-09-19T16:42:24+00:00,exam-service,2,10,cpu:
2026-09-19T16:42:24+00:00,history-service,10,10,cpu:
2026-09-19T16:42:24+00:00,lab-service,2,10,cpu:
2026-09-19T16:42:24+00:00,notification-service,2,10,cpu:
2026-09-19T16:42:24+00:00,patient-service,10,10,cpu:
2026-09-19T16:42:24+00:00,result-service,10,10,cpu:
2026-09-19T16:42:24+00:00,triage-service,2,10,cpu:
2026-09-19T16:42:30+00:00,audit-service,2,10,cpu:
2026-09-19T16:42:30+00:00,auth-service,2,10,cpu:
2026-09-19T16:42:30+00:00,consent-service,10,10,cpu:
2026-09-19T16:42:30+00:00,exam-service,2,10,cpu:
2026-09-19T16:42:30+00:00,history-service,10,10,cpu:
2026-09-19T16:42:30+00:00,lab-service,2,10,cpu:
2026-09-19T16:42:30+00:00,notification-service,2,10,cpu:
2026-09-19T16:42:30+00:00,patient-service,10,10,cpu:
2026-09-19T16:42:30+00:00,result-service,10,10,cpu:
2026-09-19T16:42:30+00:00,triage-service,2,10,cpu:
2026-09-19T16:42:42+00:00,audit-service,2,10,cpu:
2026-09-19T16:42:42+00:00,auth-service,2,10,cpu:
2026-09-19T16:42:42+00:00,consent-service,10,10,cpu:
2026-09-19T16:42:42+00:00,exam-service,2,10,cpu:
2026-09-19T16:42:42+00:00,history-service,10,10,cpu:
2026-09-19T16:42:42+00:00,lab-service,2,10,cpu:
2026-09-19T16:42:42+00:00,notification-service,2,10,cpu:
2026-09-19T16:42:42+00:00,patient-service,10,10,cpu:
2026-09-19T16:42:42+00:00,result-service,10,10,cpu:
2026-09-19T16:42:42+00:00,triage-service,2,10,cpu:
2026-09-19T16:42:49+00:00,audit-service,2,10,cpu:
2026-09-19T16:42:49+00:00,auth-service,2,10,cpu:
2026-09-19T16:42:49+00:00,consent-service,10,10,cpu:
2026-09-19T16:42:49+00:00,exam-service,2,10,cpu:
2026-09-19T16:42:49+00:00,history-service,10,10,cpu:
2026-09-19T16:42:49+00:00,lab-service,2,10,cpu:
2026-09-19T16:42:49+00:00,notification-service,2,10,cpu:
2026-09-19T16:42:49+00:00,patient-service,10,10,cpu:
2026-09-19T16:42:49+00:00,result-service,10,10,cpu:
2026-09-19T16:42:49+00:00,triage-service,2,10,cpu:
2026-09-19T16:42:56+00:00,audit-service,2,10,cpu:
2026-09-19T16:42:56+00:00,auth-service,2,10,cpu:
2026-09-19T16:42:56+00:00,consent-service,10,10,cpu:
2026-09-19T16:42:56+00:00,exam-service,2,10,cpu:
2026-09-19T16:42:56+00:00,history-service,10,10,cpu:
2026-09-19T16:42:56+00:00,lab-service,2,10,cpu:
2026-09-19T16:42:56+00:00,notification-service,2,10,cpu:
2026-09-19T16:42:56+00:00,patient-service,10,10,cpu:
2026-09-19T16:42:56+00:00,result-service,10,10,cpu:
2026-09-19T16:42:56+00:00,triage-service,2,10,cpu:
2026-09-19T16:43:07+00:00,audit-service,2,10,cpu:
2026-09-19T16:43:07+00:00,auth-service,2,10,cpu:
2026-09-19T16:43:07+00:00,consent-service,10,10,cpu:
2026-09-19T16:43:07+00:00,exam-service,2,10,cpu:
2026-09-19T16:43:07+00:00,history-service,10,10,cpu:
2026-09-19T16:43:07+00:00,lab-service,2,10,cpu:
2026-09-19T16:43:07+00:00,notification-service,2,10,cpu:
2026-09-19T16:43:07+00:00,patient-service,10,10,cpu:
2026-09-19T16:43:07+00:00,result-service,10,10,cpu:
2026-09-19T16:43:07+00:00,triage-service,2,10,cpu:
2026-09-19T16:43:14+00:00,audit-service,2,10,cpu:
2026-09-19T16:43:14+00:00,auth-service,2,10,cpu:
2026-09-19T16:43:14+00:00,consent-service,10,10,cpu:
2026-09-19T16:43:14+00:00,exam-service,2,10,cpu:
2026-09-19T16:43:14+00:00,history-service,10,10,cpu:
2026-09-19T16:43:14+00:00,lab-service,2,10,cpu:
2026-09-19T16:43:14+00:00,notification-service,2,10,cpu:
2026-09-19T16:43:14+00:00,patient-service,10,10,cpu:
2026-09-19T16:43:14+00:00,result-service,10,10,cpu:
2026-09-19T16:43:14+00:00,triage-service,2,10,cpu:
2026-09-19T16:43:20+00:00,audit-service,2,10,cpu:
2026-09-19T16:43:20+00:00,auth-service,2,10,cpu:
2026-09-19T16:43:20+00:00,consent-service,10,10,cpu:
2026-09-19T16:43:20+00:00,exam-service,2,10,cpu:
2026-09-19T16:43:20+00:00,history-service,10,10,cpu:
2026-09-19T16:43:20+00:00,lab-service,2,10,cpu:
2026-09-19T16:43:20+00:00,notification-service,2,10,cpu:
2026-09-19T16:43:20+00:00,patient-service,10,10,cpu:
2026-09-19T16:43:20+00:00,result-service,10,10,cpu:
2026-09-19T16:43:20+00:00,triage-service,2,10,cpu:
2026-09-19T16:43:33+00:00,audit-service,2,10,cpu:
2026-09-19T16:43:33+00:00,auth-service,2,10,cpu:
2026-09-19T16:43:33+00:00,consent-service,10,10,cpu:
2026-09-19T16:43:33+00:00,exam-service,2,10,cpu:
2026-09-19T16:43:33+00:00,history-service,10,10,cpu:
2026-09-19T16:43:33+00:00,lab-service,2,10,cpu:
2026-09-19T16:43:33+00:00,notification-service,2,10,cpu:
2026-09-19T16:43:33+00:00,patient-service,10,10,cpu:
2026-09-19T16:43:33+00:00,result-service,10,10,cpu:
2026-09-19T16:43:33+00:00,triage-service,2,10,cpu:
2026-09-19T16:43:40+00:00,audit-service,2,10,cpu:
2026-09-19T16:43:40+00:00,auth-service,2,10,cpu:
2026-09-19T16:43:40+00:00,consent-service,10,10,cpu:
2026-09-19T16:43:40+00:00,exam-service,2,10,cpu:
2026-09-19T16:43:40+00:00,history-service,10,10,cpu:
2026-09-19T16:43:40+00:00,lab-service,2,10,cpu:
2026-09-19T16:43:40+00:00,notification-service,2,10,cpu:
2026-09-19T16:43:40+00:00,patient-service,10,10,cpu:
2026-09-19T16:43:40+00:00,result-service,10,10,cpu:
2026-09-19T16:43:40+00:00,triage-service,2,10,cpu:
2026-09-19T16:43:46+00:00,audit-service,2,10,cpu:
2026-09-19T16:43:46+00:00,auth-service,2,10,cpu:
2026-09-19T16:43:46+00:00,consent-service,10,10,cpu:
2026-09-19T16:43:46+00:00,exam-service,2,10,cpu:
2026-09-19T16:43:46+00:00,history-service,10,10,cpu:
2026-09-19T16:43:46+00:00,lab-service,2,10,cpu:
2026-09-19T16:43:46+00:00,notification-service,2,10,cpu:
2026-09-19T16:43:46+00:00,patient-service,10,10,cpu:
2026-09-19T16:43:46+00:00,result-service,10,10,cpu:
2026-09-19T16:43:46+00:00,triage-service,2,10,cpu:
2026-09-19T16:43:59+00:00,audit-service,2,10,cpu:
2026-09-19T16:43:59+00:00,auth-service,2,10,cpu:
2026-09-19T16:43:59+00:00,consent-service,10,10,cpu:
2026-09-19T16:43:59+00:00,exam-service,2,10,cpu:
2026-09-19T16:43:59+00:00,history-service,10,10,cpu:
2026-09-19T16:43:59+00:00,lab-service,2,10,cpu:
2026-09-19T16:43:59+00:00,notification-service,2,10,cpu:
2026-09-19T16:43:59+00:00,patient-service,10,10,cpu:
2026-09-19T16:43:59+00:00,result-service,10,10,cpu:
2026-09-19T16:43:59+00:00,triage-service,2,10,cpu:
2026-09-19T16:44:05+00:00,audit-service,2,10,cpu:
2026-09-19T16:44:05+00:00,auth-service,2,10,cpu:
2026-09-19T16:44:05+00:00,consent-service,10,10,cpu:
2026-09-19T16:44:05+00:00,exam-service,2,10,cpu:
2026-09-19T16:44:05+00:00,history-service,10,10,cpu:
2026-09-19T16:44:05+00:00,lab-service,2,10,cpu:
2026-09-19T16:44:05+00:00,notification-service,2,10,cpu:
2026-09-19T16:44:05+00:00,patient-service,10,10,cpu:
2026-09-19T16:44:05+00:00,result-service,10,10,cpu:
2026-09-19T16:44:05+00:00,triage-service,2,10,cpu:
2026-09-19T16:44:11+00:00,audit-service,2,10,cpu:
2026-09-19T16:44:11+00:00,auth-service,2,10,cpu:
2026-09-19T16:44:11+00:00,consent-service,10,10,cpu:
2026-09-19T16:44:11+00:00,exam-service,2,10,cpu:
2026-09-19T16:44:11+00:00,history-service,10,10,cpu:
2026-09-19T16:44:11+00:00,lab-service,2,10,cpu:
2026-09-19T16:44:11+00:00,notification-service,2,10,cpu:
2026-09-19T16:44:11+00:00,patient-service,10,10,cpu:
2026-09-19T16:44:11+00:00,result-service,10,10,cpu:
2026-09-19T16:44:11+00:00,triage-service,2,10,cpu:
2026-09-19T16:44:23+00:00,audit-service,2,10,cpu:
2026-09-19T16:44:23+00:00,auth-service,2,10,cpu:
2026-09-19T16:44:23+00:00,consent-service,10,10,cpu:
2026-09-19T16:44:23+00:00,exam-service,2,10,cpu:
2026-09-19T16:44:23+00:00,history-service,10,10,cpu:
2026-09-19T16:44:23+00:00,lab-service,2,10,cpu:
2026-09-19T16:44:23+00:00,notification-service,2,10,cpu:
2026-09-19T16:44:23+00:00,patient-service,10,10,cpu:
2026-09-19T16:44:23+00:00,result-service,10,10,cpu:
2026-09-19T16:44:23+00:00,triage-service,2,10,cpu:
2026-09-19T16:44:29+00:00,audit-service,2,10,cpu:
2026-09-19T16:44:29+00:00,auth-service,2,10,cpu:
2026-09-19T16:44:29+00:00,consent-service,10,10,cpu:
2026-09-19T16:44:29+00:00,exam-service,2,10,cpu:
2026-09-19T16:44:29+00:00,history-service,10,10,cpu:
2026-09-19T16:44:29+00:00,lab-service,2,10,cpu:
2026-09-19T16:44:29+00:00,notification-service,2,10,cpu:
2026-09-19T16:44:29+00:00,patient-service,10,10,cpu:
2026-09-19T16:44:29+00:00,result-service,10,10,cpu:
2026-09-19T16:44:29+00:00,triage-service,2,10,cpu:
2026-09-19T16:44:35+00:00,audit-service,2,10,cpu:
2026-09-19T16:44:35+00:00,auth-service,2,10,cpu:
2026-09-19T16:44:35+00:00,consent-service,10,10,cpu:
2026-09-19T16:44:35+00:00,exam-service,2,10,cpu:
2026-09-19T16:44:35+00:00,history-service,10,10,cpu:
2026-09-19T16:44:35+00:00,lab-service,2,10,cpu:
2026-09-19T16:44:35+00:00,notification-service,2,10,cpu:
2026-09-19T16:44:35+00:00,patient-service,10,10,cpu:
2026-09-19T16:44:35+00:00,result-service,10,10,cpu:
2026-09-19T16:44:35+00:00,triage-service,2,10,cpu:
2026-09-19T16:44:45+00:00,audit-service,2,10,cpu:
2026-09-19T16:44:45+00:00,auth-service,2,10,cpu:
2026-09-19T16:44:45+00:00,consent-service,10,10,cpu:
2026-09-19T16:44:45+00:00,exam-service,2,10,cpu:
2026-09-19T16:44:45+00:00,history-service,10,10,cpu:
2026-09-19T16:44:45+00:00,lab-service,2,10,cpu:
2026-09-19T16:44:45+00:00,notification-service,2,10,cpu:
2026-09-19T16:44:45+00:00,patient-service,10,10,cpu:
2026-09-19T16:44:45+00:00,result-service,10,10,cpu:
2026-09-19T16:44:45+00:00,triage-service,2,10,cpu:
2026-09-19T16:44:51+00:00,audit-service,2,10,cpu:
2026-09-19T16:44:51+00:00,auth-service,2,10,cpu:
2026-09-19T16:44:51+00:00,consent-service,10,10,cpu:
2026-09-19T16:44:51+00:00,exam-service,2,10,cpu:
2026-09-19T16:44:51+00:00,history-service,10,10,cpu:
2026-09-19T16:44:51+00:00,lab-service,2,10,cpu:
2026-09-19T16:44:51+00:00,notification-service,2,10,cpu:
2026-09-19T16:44:51+00:00,patient-service,10,10,cpu:
2026-09-19T16:44:51+00:00,result-service,10,10,cpu:
2026-09-19T16:44:51+00:00,triage-service,2,10,cpu:
2026-09-19T16:44:58+00:00,audit-service,2,10,cpu:
2026-09-19T16:44:58+00:00,auth-service,2,10,cpu:
2026-09-19T16:44:58+00:00,consent-service,10,10,cpu:
2026-09-19T16:44:58+00:00,exam-service,2,10,cpu:
2026-09-19T16:44:58+00:00,history-service,10,10,cpu:
2026-09-19T16:44:58+00:00,lab-service,2,10,cpu:
2026-09-19T16:44:58+00:00,notification-service,2,10,cpu:
2026-09-19T16:44:58+00:00,patient-service,10,10,cpu:
2026-09-19T16:44:58+00:00,result-service,10,10,cpu:
2026-09-19T16:44:58+00:00,triage-service,2,10,cpu:
2026-09-19T16:45:06+00:00,audit-service,2,10,cpu:
2026-09-19T16:45:06+00:00,auth-service,2,10,cpu:
2026-09-19T16:45:06+00:00,consent-service,10,10,cpu:
2026-09-19T16:45:06+00:00,exam-service,2,10,cpu:
2026-09-19T16:45:06+00:00,history-service,10,10,cpu:
2026-09-19T16:45:06+00:00,lab-service,2,10,cpu:
2026-09-19T16:45:06+00:00,notification-service,2,10,cpu:
2026-09-19T16:45:06+00:00,patient-service,10,10,cpu:
2026-09-19T16:45:06+00:00,result-service,10,10,cpu:
2026-09-19T16:45:06+00:00,triage-service,2,10,cpu:
2026-09-19T16:45:13+00:00,audit-service,2,10,cpu:
2026-09-19T16:45:13+00:00,auth-service,2,10,cpu:
2026-09-19T16:45:13+00:00,consent-service,10,10,cpu:
2026-09-19T16:45:13+00:00,exam-service,2,10,cpu:
2026-09-19T16:45:13+00:00,history-service,10,10,cpu:
2026-09-19T16:45:13+00:00,lab-service,2,10,cpu:
2026-09-19T16:45:13+00:00,notification-service,2,10,cpu:
2026-09-19T16:45:13+00:00,patient-service,10,10,cpu:
2026-09-19T16:45:13+00:00,result-service,10,10,cpu:
2026-09-19T16:45:13+00:00,triage-service,2,10,cpu:
2026-09-19T16:45:19+00:00,audit-service,2,10,cpu:
2026-09-19T16:45:19+00:00,auth-service,2,10,cpu:
2026-09-19T16:45:19+00:00,consent-service,10,10,cpu:
2026-09-19T16:45:19+00:00,exam-service,2,10,cpu:
2026-09-19T16:45:19+00:00,history-service,10,10,cpu:
2026-09-19T16:45:19+00:00,lab-service,2,10,cpu:
2026-09-19T16:45:19+00:00,notification-service,2,10,cpu:
2026-09-19T16:45:19+00:00,patient-service,10,10,cpu:
2026-09-19T16:45:19+00:00,result-service,10,10,cpu:
2026-09-19T16:45:19+00:00,triage-service,2,10,cpu:
2026-09-19T16:45:30+00:00,audit-service,2,10,cpu:
2026-09-19T16:45:30+00:00,auth-service,2,10,cpu:
2026-09-19T16:45:30+00:00,consent-service,10,10,cpu:
2026-09-19T16:45:30+00:00,exam-service,2,10,cpu:
2026-09-19T16:45:30+00:00,history-service,10,10,cpu:
2026-09-19T16:45:30+00:00,lab-service,2,10,cpu:
2026-09-19T16:45:30+00:00,notification-service,2,10,cpu:
2026-09-19T16:45:30+00:00,patient-service,10,10,cpu:
2026-09-19T16:45:30+00:00,result-service,10,10,cpu:
2026-09-19T16:45:30+00:00,triage-service,2,10,cpu:
2026-09-19T16:45:37+00:00,audit-service,2,10,cpu:
2026-09-19T16:45:37+00:00,auth-service,2,10,cpu:
2026-09-19T16:45:37+00:00,consent-service,10,10,cpu:
2026-09-19T16:45:37+00:00,exam-service,2,10,cpu:
2026-09-19T16:45:37+00:00,history-service,10,10,cpu:
2026-09-19T16:45:37+00:00,lab-service,2,10,cpu:
2026-09-19T16:45:37+00:00,notification-service,2,10,cpu:
2026-09-19T16:45:37+00:00,patient-service,10,10,cpu:
2026-09-19T16:45:37+00:00,result-service,10,10,cpu:
2026-09-19T16:45:37+00:00,triage-service,2,10,cpu:
2026-09-19T16:45:43+00:00,audit-service,2,10,cpu:
2026-09-19T16:45:43+00:00,auth-service,2,10,cpu:
2026-09-19T16:45:43+00:00,consent-service,10,10,cpu:
2026-09-19T16:45:43+00:00,exam-service,2,10,cpu:
2026-09-19T16:45:43+00:00,history-service,10,10,cpu:
2026-09-19T16:45:43+00:00,lab-service,2,10,cpu:
2026-09-19T16:45:43+00:00,notification-service,2,10,cpu:
2026-09-19T16:45:43+00:00,patient-service,10,10,cpu:
2026-09-19T16:45:43+00:00,result-service,10,10,cpu:
2026-09-19T16:45:43+00:00,triage-service,2,10,cpu:
2026-09-19T16:45:55+00:00,audit-service,2,10,cpu:
2026-09-19T16:45:55+00:00,auth-service,2,10,cpu:
2026-09-19T16:45:55+00:00,consent-service,10,10,cpu:
2026-09-19T16:45:55+00:00,exam-service,2,10,cpu:
2026-09-19T16:45:55+00:00,history-service,10,10,cpu:
2026-09-19T16:45:55+00:00,lab-service,2,10,cpu:
2026-09-19T16:45:55+00:00,notification-service,2,10,cpu:
2026-09-19T16:45:55+00:00,patient-service,10,10,cpu:
2026-09-19T16:45:55+00:00,result-service,10,10,cpu:
2026-09-19T16:45:55+00:00,triage-service,2,10,cpu:
2026-09-19T16:46:01+00:00,audit-service,2,10,cpu:
2026-09-19T16:46:01+00:00,auth-service,2,10,cpu:
2026-09-19T16:46:01+00:00,consent-service,10,10,cpu:
2026-09-19T16:46:01+00:00,exam-service,2,10,cpu:
2026-09-19T16:46:01+00:00,history-service,10,10,cpu:
2026-09-19T16:46:01+00:00,lab-service,2,10,cpu:
2026-09-19T16:46:01+00:00,notification-service,2,10,cpu:
2026-09-19T16:46:01+00:00,patient-service,10,10,cpu:
2026-09-19T16:46:01+00:00,result-service,10,10,cpu:
2026-09-19T16:46:01+00:00,triage-service,2,10,cpu:
2026-09-19T16:46:08+00:00,audit-service,2,10,cpu:
2026-09-19T16:46:08+00:00,auth-service,2,10,cpu:
2026-09-19T16:46:08+00:00,consent-service,10,10,cpu:
2026-09-19T16:46:08+00:00,exam-service,2,10,cpu:
2026-09-19T16:46:08+00:00,history-service,10,10,cpu:
2026-09-19T16:46:08+00:00,lab-service,2,10,cpu:
2026-09-19T16:46:08+00:00,notification-service,2,10,cpu:
2026-09-19T16:46:08+00:00,patient-service,10,10,cpu:
2026-09-19T16:46:08+00:00,result-service,10,10,cpu:
2026-09-19T16:46:08+00:00,triage-service,2,10,cpu:
2026-09-19T16:46:19+00:00,audit-service,2,10,cpu:
2026-09-19T16:46:19+00:00,auth-service,2,10,cpu:
2026-09-19T16:46:19+00:00,consent-service,10,10,cpu:
2026-09-19T16:46:19+00:00,exam-service,2,10,cpu:
2026-09-19T16:46:19+00:00,history-service,10,10,cpu:
2026-09-19T16:46:19+00:00,lab-service,2,10,cpu:
2026-09-19T16:46:19+00:00,notification-service,2,10,cpu:
2026-09-19T16:46:19+00:00,patient-service,10,10,cpu:
2026-09-19T16:46:19+00:00,result-service,10,10,cpu:
2026-09-19T16:46:19+00:00,triage-service,2,10,cpu:
2026-09-19T16:46:25+00:00,audit-service,2,10,cpu:
2026-09-19T16:46:25+00:00,auth-service,2,10,cpu:
2026-09-19T16:46:25+00:00,consent-service,10,10,cpu:
2026-09-19T16:46:25+00:00,exam-service,2,10,cpu:
2026-09-19T16:46:25+00:00,history-service,10,10,cpu:
2026-09-19T16:46:25+00:00,lab-service,2,10,cpu:
2026-09-19T16:46:25+00:00,notification-service,2,10,cpu:
2026-09-19T16:46:25+00:00,patient-service,10,10,cpu:
2026-09-19T16:46:25+00:00,result-service,10,10,cpu:
2026-09-19T16:46:25+00:00,triage-service,2,10,cpu:
2026-09-19T16:46:32+00:00,audit-service,2,10,cpu:
2026-09-19T16:46:32+00:00,auth-service,2,10,cpu:
2026-09-19T16:46:32+00:00,consent-service,10,10,cpu:
2026-09-19T16:46:32+00:00,exam-service,2,10,cpu:
2026-09-19T16:46:32+00:00,history-service,10,10,cpu:
2026-09-19T16:46:32+00:00,lab-service,2,10,cpu:
2026-09-19T16:46:32+00:00,notification-service,2,10,cpu:
2026-09-19T16:46:32+00:00,patient-service,10,10,cpu:
2026-09-19T16:46:32+00:00,result-service,10,10,cpu:
2026-09-19T16:46:32+00:00,triage-service,2,10,cpu:
2026-09-19T16:46:44+00:00,audit-service,2,10,cpu:
2026-09-19T16:46:44+00:00,auth-service,2,10,cpu:
2026-09-19T16:46:44+00:00,consent-service,10,10,cpu:
2026-09-19T16:46:44+00:00,exam-service,2,10,cpu:
2026-09-19T16:46:44+00:00,history-service,10,10,cpu:
2026-09-19T16:46:44+00:00,lab-service,2,10,cpu:
2026-09-19T16:46:44+00:00,notification-service,2,10,cpu:
2026-09-19T16:46:44+00:00,patient-service,10,10,cpu:
2026-09-19T16:46:44+00:00,result-service,10,10,cpu:
2026-09-19T16:46:44+00:00,triage-service,2,10,cpu:
2026-09-19T16:46:50+00:00,audit-service,2,10,cpu:
2026-09-19T16:46:50+00:00,auth-service,2,10,cpu:
2026-09-19T16:46:50+00:00,consent-service,10,10,cpu:
2026-09-19T16:46:50+00:00,exam-service,2,10,cpu:
2026-09-19T16:46:50+00:00,history-service,10,10,cpu:
2026-09-19T16:46:50+00:00,lab-service,2,10,cpu:
2026-09-19T16:46:50+00:00,notification-service,2,10,cpu:
2026-09-19T16:46:50+00:00,patient-service,10,10,cpu:
2026-09-19T16:46:50+00:00,result-service,10,10,cpu:
2026-09-19T16:46:50+00:00,triage-service,2,10,cpu:
2026-09-19T16:46:56+00:00,audit-service,2,10,cpu:
2026-09-19T16:46:56+00:00,auth-service,2,10,cpu:
2026-09-19T16:46:56+00:00,consent-service,10,10,cpu:
2026-09-19T16:46:56+00:00,exam-service,2,10,cpu:
2026-09-19T16:46:56+00:00,history-service,10,10,cpu:
2026-09-19T16:46:56+00:00,lab-service,2,10,cpu:
2026-09-19T16:46:56+00:00,notification-service,2,10,cpu:
2026-09-19T16:46:56+00:00,patient-service,10,10,cpu:
2026-09-19T16:46:56+00:00,result-service,10,10,cpu:
2026-09-19T16:46:56+00:00,triage-service,2,10,cpu:
2026-09-19T16:47:09+00:00,audit-service,2,10,cpu:
2026-09-19T16:47:09+00:00,auth-service,2,10,cpu:
2026-09-19T16:47:09+00:00,consent-service,10,10,cpu:
2026-09-19T16:47:09+00:00,exam-service,2,10,cpu:
2026-09-19T16:47:09+00:00,history-service,10,10,cpu:
2026-09-19T16:47:09+00:00,lab-service,2,10,cpu:
2026-09-19T16:47:09+00:00,notification-service,2,10,cpu:
2026-09-19T16:47:09+00:00,patient-service,10,10,cpu:
2026-09-19T16:47:09+00:00,result-service,10,10,cpu:
2026-09-19T16:47:09+00:00,triage-service,2,10,cpu:
2026-09-19T16:47:15+00:00,audit-service,2,10,cpu:
2026-09-19T16:47:15+00:00,auth-service,2,10,cpu:
2026-09-19T16:47:15+00:00,consent-service,10,10,cpu:
2026-09-19T16:47:15+00:00,exam-service,2,10,cpu:
2026-09-19T16:47:15+00:00,history-service,10,10,cpu:
2026-09-19T16:47:15+00:00,lab-service,2,10,cpu:
2026-09-19T16:47:15+00:00,notification-service,2,10,cpu:
2026-09-19T16:47:15+00:00,patient-service,10,10,cpu:
2026-09-19T16:47:15+00:00,result-service,10,10,cpu:
2026-09-19T16:47:15+00:00,triage-service,2,10,cpu:
2026-09-19T16:47:21+00:00,audit-service,2,10,cpu:
2026-09-19T16:47:21+00:00,auth-service,2,10,cpu:
2026-09-19T16:47:21+00:00,consent-service,10,10,cpu:
2026-09-19T16:47:21+00:00,exam-service,2,10,cpu:
2026-09-19T16:47:21+00:00,history-service,10,10,cpu:
2026-09-19T16:47:21+00:00,lab-service,2,10,cpu:
2026-09-19T16:47:21+00:00,notification-service,2,10,cpu:
2026-09-19T16:47:21+00:00,patient-service,10,10,cpu:
2026-09-19T16:47:21+00:00,result-service,10,10,cpu:
2026-09-19T16:47:21+00:00,triage-service,2,10,cpu:
2026-09-19T16:47:34+00:00,audit-service,2,10,cpu:
2026-09-19T16:47:34+00:00,auth-service,2,10,cpu:
2026-09-19T16:47:34+00:00,consent-service,10,10,cpu:
2026-09-19T16:47:34+00:00,exam-service,2,10,cpu:
2026-09-19T16:47:34+00:00,history-service,10,10,cpu:
2026-09-19T16:47:34+00:00,lab-service,2,10,cpu:
2026-09-19T16:47:34+00:00,notification-service,2,10,cpu:
2026-09-19T16:47:34+00:00,patient-service,10,10,cpu:
2026-09-19T16:47:34+00:00,result-service,10,10,cpu:
2026-09-19T16:47:34+00:00,triage-service,2,10,cpu:
2026-09-19T16:47:40+00:00,audit-service,2,10,cpu:
2026-09-19T16:47:40+00:00,auth-service,2,10,cpu:
2026-09-19T16:47:40+00:00,consent-service,10,10,cpu:
2026-09-19T16:47:40+00:00,exam-service,2,10,cpu:
2026-09-19T16:47:40+00:00,history-service,10,10,cpu:
2026-09-19T16:47:40+00:00,lab-service,2,10,cpu:
2026-09-19T16:47:40+00:00,notification-service,2,10,cpu:
2026-09-19T16:47:40+00:00,patient-service,10,10,cpu:
2026-09-19T16:47:40+00:00,result-service,10,10,cpu:
2026-09-19T16:47:40+00:00,triage-service,2,10,cpu:
2026-09-19T16:47:46+00:00,audit-service,2,10,cpu:
2026-09-19T16:47:46+00:00,auth-service,2,10,cpu:
2026-09-19T16:47:46+00:00,consent-service,10,10,cpu:
2026-09-19T16:47:46+00:00,exam-service,2,10,cpu:
2026-09-19T16:47:46+00:00,history-service,10,10,cpu:
2026-09-19T16:47:46+00:00,lab-service,2,10,cpu:
2026-09-19T16:47:46+00:00,notification-service,2,10,cpu:
2026-09-19T16:47:46+00:00,patient-service,10,10,cpu:
2026-09-19T16:47:46+00:00,result-service,10,10,cpu:
2026-09-19T16:47:46+00:00,triage-service,2,10,cpu:
2026-09-19T16:47:58+00:00,audit-service,2,10,cpu:
2026-09-19T16:47:58+00:00,auth-service,2,10,cpu:
2026-09-19T16:47:58+00:00,consent-service,10,10,cpu:
2026-09-19T16:47:58+00:00,exam-service,2,10,cpu:
2026-09-19T16:47:58+00:00,history-service,10,10,cpu:
2026-09-19T16:47:58+00:00,lab-service,2,10,cpu:
2026-09-19T16:47:58+00:00,notification-service,2,10,cpu:
2026-09-19T16:47:58+00:00,patient-service,10,10,cpu:
2026-09-19T16:47:58+00:00,result-service,10,10,cpu:
2026-09-19T16:47:58+00:00,triage-service,2,10,cpu:
2026-09-19T16:48:05+00:00,audit-service,2,10,cpu:
2026-09-19T16:48:05+00:00,auth-service,2,10,cpu:
2026-09-19T16:48:05+00:00,consent-service,10,10,cpu:
2026-09-19T16:48:05+00:00,exam-service,2,10,cpu:
2026-09-19T16:48:05+00:00,history-service,10,10,cpu:
2026-09-19T16:48:05+00:00,lab-service,2,10,cpu:
2026-09-19T16:48:05+00:00,notification-service,2,10,cpu:
2026-09-19T16:48:05+00:00,patient-service,10,10,cpu:
2026-09-19T16:48:05+00:00,result-service,10,10,cpu:
2026-09-19T16:48:05+00:00,triage-service,2,10,cpu:
2026-09-19T16:48:11+00:00,audit-service,2,10,cpu:
2026-09-19T16:48:11+00:00,auth-service,2,10,cpu:
2026-09-19T16:48:11+00:00,consent-service,10,10,cpu:
2026-09-19T16:48:11+00:00,exam-service,2,10,cpu:
2026-09-19T16:48:11+00:00,history-service,10,10,cpu:
2026-09-19T16:48:11+00:00,lab-service,2,10,cpu:
2026-09-19T16:48:11+00:00,notification-service,2,10,cpu:
2026-09-19T16:48:11+00:00,patient-service,10,10,cpu:
2026-09-19T16:48:11+00:00,result-service,10,10,cpu:
2026-09-19T16:48:11+00:00,triage-service,2,10,cpu:
2026-09-19T16:48:18+00:00,audit-service,2,10,cpu:
2026-09-19T16:48:18+00:00,auth-service,2,10,cpu:
2026-09-19T16:48:18+00:00,consent-service,10,10,cpu:
2026-09-19T16:48:18+00:00,exam-service,2,10,cpu:
2026-09-19T16:48:18+00:00,history-service,10,10,cpu:
2026-09-19T16:48:18+00:00,lab-service,2,10,cpu:
2026-09-19T16:48:18+00:00,notification-service,2,10,cpu:
2026-09-19T16:48:18+00:00,patient-service,10,10,cpu:
2026-09-19T16:48:18+00:00,result-service,10,10,cpu:
2026-09-19T16:48:18+00:00,triage-service,2,10,cpu:
2026-09-19T16:48:24+00:00,audit-service,2,10,cpu:
2026-09-19T16:48:24+00:00,auth-service,2,10,cpu:
2026-09-19T16:48:24+00:00,consent-service,10,10,cpu:
2026-09-19T16:48:24+00:00,exam-service,2,10,cpu:
2026-09-19T16:48:24+00:00,history-service,10,10,cpu:
2026-09-19T16:48:24+00:00,lab-service,2,10,cpu:
2026-09-19T16:48:24+00:00,notification-service,2,10,cpu:
2026-09-19T16:48:24+00:00,patient-service,10,10,cpu:
2026-09-19T16:48:24+00:00,result-service,10,10,cpu:
2026-09-19T16:48:24+00:00,triage-service,2,10,cpu:
2026-09-19T16:48:30+00:00,audit-service,2,10,cpu:
2026-09-19T16:48:30+00:00,auth-service,2,10,cpu:
2026-09-19T16:48:30+00:00,consent-service,10,10,cpu:
2026-09-19T16:48:30+00:00,exam-service,2,10,cpu:
2026-09-19T16:48:30+00:00,history-service,10,10,cpu:
2026-09-19T16:48:30+00:00,lab-service,2,10,cpu:
2026-09-19T16:48:30+00:00,notification-service,2,10,cpu:
2026-09-19T16:48:30+00:00,patient-service,10,10,cpu:
2026-09-19T16:48:30+00:00,result-service,10,10,cpu:
2026-09-19T16:48:30+00:00,triage-service,2,10,cpu:
2026-09-19T16:48:38+00:00,audit-service,2,10,cpu:
2026-09-19T16:48:38+00:00,auth-service,2,10,cpu:
2026-09-19T16:48:38+00:00,consent-service,10,10,cpu:
2026-09-19T16:48:38+00:00,exam-service,2,10,cpu:
2026-09-19T16:48:38+00:00,history-service,10,10,cpu:
2026-09-19T16:48:38+00:00,lab-service,2,10,cpu:
2026-09-19T16:48:38+00:00,notification-service,2,10,cpu:
2026-09-19T16:48:38+00:00,patient-service,10,10,cpu:
2026-09-19T16:48:38+00:00,result-service,10,10,cpu:
2026-09-19T16:48:38+00:00,triage-service,2,10,cpu:
2026-09-19T16:48:44+00:00,audit-service,2,10,cpu:
2026-09-19T16:48:44+00:00,auth-service,2,10,cpu:
2026-09-19T16:48:44+00:00,consent-service,10,10,cpu:
2026-09-19T16:48:44+00:00,exam-service,2,10,cpu:
2026-09-19T16:48:44+00:00,history-service,10,10,cpu:
2026-09-19T16:48:44+00:00,lab-service,2,10,cpu:
2026-09-19T16:48:44+00:00,notification-service,2,10,cpu:
2026-09-19T16:48:44+00:00,patient-service,10,10,cpu:
2026-09-19T16:48:44+00:00,result-service,10,10,cpu:
2026-09-19T16:48:44+00:00,triage-service,2,10,cpu:
2026-09-19T16:48:50+00:00,audit-service,2,10,cpu:
2026-09-19T16:48:50+00:00,auth-service,2,10,cpu:
2026-09-19T16:48:50+00:00,consent-service,10,10,cpu:
2026-09-19T16:48:50+00:00,exam-service,2,10,cpu:
2026-09-19T16:48:50+00:00,history-service,10,10,cpu:
2026-09-19T16:48:50+00:00,lab-service,2,10,cpu:
2026-09-19T16:48:50+00:00,notification-service,2,10,cpu:
2026-09-19T16:48:50+00:00,patient-service,10,10,cpu:
2026-09-19T16:48:50+00:00,result-service,10,10,cpu:
2026-09-19T16:48:50+00:00,triage-service,2,10,cpu:
2026-09-19T16:49:02+00:00,audit-service,2,10,cpu:
2026-09-19T16:49:02+00:00,auth-service,2,10,cpu:
2026-09-19T16:49:02+00:00,consent-service,10,10,cpu:
2026-09-19T16:49:02+00:00,exam-service,2,10,cpu:
2026-09-19T16:49:02+00:00,history-service,10,10,cpu:
2026-09-19T16:49:02+00:00,lab-service,2,10,cpu:
2026-09-19T16:49:02+00:00,notification-service,2,10,cpu:
2026-09-19T16:49:02+00:00,patient-service,10,10,cpu:
2026-09-19T16:49:02+00:00,result-service,10,10,cpu:
2026-09-19T16:49:02+00:00,triage-service,2,10,cpu:
2026-09-19T16:49:08+00:00,audit-service,2,10,cpu:
2026-09-19T16:49:08+00:00,auth-service,2,10,cpu:
2026-09-19T16:49:08+00:00,consent-service,10,10,cpu:
2026-09-19T16:49:08+00:00,exam-service,2,10,cpu:
2026-09-19T16:49:08+00:00,history-service,10,10,cpu:
2026-09-19T16:49:08+00:00,lab-service,2,10,cpu:
2026-09-19T16:49:08+00:00,notification-service,2,10,cpu:
2026-09-19T16:49:08+00:00,patient-service,10,10,cpu:
2026-09-19T16:49:08+00:00,result-service,10,10,cpu:
2026-09-19T16:49:08+00:00,triage-service,2,10,cpu:
2026-09-19T16:49:15+00:00,audit-service,2,10,cpu:
2026-09-19T16:49:15+00:00,auth-service,2,10,cpu:
2026-09-19T16:49:15+00:00,consent-service,10,10,cpu:
2026-09-19T16:49:15+00:00,exam-service,2,10,cpu:
2026-09-19T16:49:15+00:00,history-service,10,10,cpu:
2026-09-19T16:49:15+00:00,lab-service,2,10,cpu:
2026-09-19T16:49:15+00:00,notification-service,2,10,cpu:
2026-09-19T16:49:15+00:00,patient-service,10,10,cpu:
2026-09-19T16:49:15+00:00,result-service,10,10,cpu:
2026-09-19T16:49:15+00:00,triage-service,2,10,cpu:
2026-09-19T16:49:27+00:00,audit-service,2,10,cpu:
2026-09-19T16:49:27+00:00,auth-service,2,10,cpu:
2026-09-19T16:49:27+00:00,consent-service,10,10,cpu:
2026-09-19T16:49:27+00:00,exam-service,2,10,cpu:
2026-09-19T16:49:27+00:00,history-service,10,10,cpu:
2026-09-19T16:49:27+00:00,lab-service,2,10,cpu:
2026-09-19T16:49:27+00:00,notification-service,2,10,cpu:
2026-09-19T16:49:27+00:00,patient-service,10,10,cpu:
2026-09-19T16:49:27+00:00,result-service,10,10,cpu:
2026-09-19T16:49:27+00:00,triage-service,2,10,cpu:
2026-09-19T16:49:33+00:00,audit-service,2,10,cpu:
2026-09-19T16:49:33+00:00,auth-service,2,10,cpu:
2026-09-19T16:49:33+00:00,consent-service,10,10,cpu:
2026-09-19T16:49:33+00:00,exam-service,2,10,cpu:
2026-09-19T16:49:33+00:00,history-service,10,10,cpu:
2026-09-19T16:49:33+00:00,lab-service,2,10,cpu:
2026-09-19T16:49:33+00:00,notification-service,2,10,cpu:
2026-09-19T16:49:33+00:00,patient-service,10,10,cpu:
2026-09-19T16:49:33+00:00,result-service,10,10,cpu:
2026-09-19T16:49:33+00:00,triage-service,2,10,cpu:
2026-09-19T16:49:39+00:00,audit-service,2,10,cpu:
2026-09-19T16:49:39+00:00,auth-service,2,10,cpu:
2026-09-19T16:49:39+00:00,consent-service,10,10,cpu:
2026-09-19T16:49:39+00:00,exam-service,2,10,cpu:
2026-09-19T16:49:39+00:00,history-service,10,10,cpu:
2026-09-19T16:49:39+00:00,lab-service,2,10,cpu:
2026-09-19T16:49:39+00:00,notification-service,2,10,cpu:
2026-09-19T16:49:39+00:00,patient-service,10,10,cpu:
2026-09-19T16:49:39+00:00,result-service,10,10,cpu:
2026-09-19T16:49:39+00:00,triage-service,2,10,cpu:
2026-09-19T16:49:50+00:00,audit-service,2,10,cpu:
2026-09-19T16:49:50+00:00,auth-service,2,10,cpu:
2026-09-19T16:49:50+00:00,consent-service,10,10,cpu:
2026-09-19T16:49:50+00:00,exam-service,2,10,cpu:
2026-09-19T16:49:50+00:00,history-service,10,10,cpu:
2026-09-19T16:49:50+00:00,lab-service,2,10,cpu:
2026-09-19T16:49:50+00:00,notification-service,2,10,cpu:
2026-09-19T16:49:50+00:00,patient-service,10,10,cpu:
2026-09-19T16:49:50+00:00,result-service,10,10,cpu:
2026-09-19T16:49:50+00:00,triage-service,2,10,cpu:
2026-09-19T16:49:57+00:00,audit-service,2,10,cpu:
2026-09-19T16:49:57+00:00,auth-service,2,10,cpu:
2026-09-19T16:49:57+00:00,consent-service,10,10,cpu:
2026-09-19T16:49:57+00:00,exam-service,2,10,cpu:
2026-09-19T16:49:57+00:00,history-service,10,10,cpu:
2026-09-19T16:49:57+00:00,lab-service,2,10,cpu:
2026-09-19T16:49:57+00:00,notification-service,2,10,cpu:
2026-09-19T16:49:57+00:00,patient-service,10,10,cpu:
2026-09-19T16:49:57+00:00,result-service,10,10,cpu:
2026-09-19T16:49:57+00:00,triage-service,2,10,cpu:
2026-09-19T16:50:03+00:00,audit-service,2,10,cpu:
2026-09-19T16:50:03+00:00,auth-service,2,10,cpu:
2026-09-19T16:50:03+00:00,consent-service,10,10,cpu:
2026-09-19T16:50:03+00:00,exam-service,2,10,cpu:
2026-09-19T16:50:03+00:00,history-service,10,10,cpu:
2026-09-19T16:50:03+00:00,lab-service,2,10,cpu:
2026-09-19T16:50:03+00:00,notification-service,2,10,cpu:
2026-09-19T16:50:03+00:00,patient-service,10,10,cpu:
2026-09-19T16:50:03+00:00,result-service,10,10,cpu:
2026-09-19T16:50:03+00:00,triage-service,2,10,cpu:
2026-09-19T16:50:14+00:00,audit-service,2,10,cpu:
2026-09-19T16:50:14+00:00,auth-service,2,10,cpu:
2026-09-19T16:50:14+00:00,consent-service,10,10,cpu:
2026-09-19T16:50:14+00:00,exam-service,2,10,cpu:
2026-09-19T16:50:14+00:00,history-service,10,10,cpu:
2026-09-19T16:50:14+00:00,lab-service,2,10,cpu:
2026-09-19T16:50:14+00:00,notification-service,2,10,cpu:
2026-09-19T16:50:14+00:00,patient-service,10,10,cpu:
2026-09-19T16:50:14+00:00,result-service,10,10,cpu:
2026-09-19T16:50:14+00:00,triage-service,2,10,cpu:
2026-09-19T16:50:22+00:00,audit-service,2,10,cpu:
2026-09-19T16:50:22+00:00,auth-service,2,10,cpu:
2026-09-19T16:50:22+00:00,consent-service,10,10,cpu:
2026-09-19T16:50:22+00:00,exam-service,2,10,cpu:
2026-09-19T16:50:22+00:00,history-service,10,10,cpu:
2026-09-19T16:50:22+00:00,lab-service,2,10,cpu:
2026-09-19T16:50:22+00:00,notification-service,2,10,cpu:
2026-09-19T16:50:22+00:00,patient-service,10,10,cpu:
2026-09-19T16:50:22+00:00,result-service,10,10,cpu:
2026-09-19T16:50:22+00:00,triage-service,2,10,cpu:
2026-09-19T16:50:29+00:00,audit-service,2,10,cpu:
2026-09-19T16:50:29+00:00,auth-service,2,10,cpu:
2026-09-19T16:50:29+00:00,consent-service,10,10,cpu:
2026-09-19T16:50:29+00:00,exam-service,2,10,cpu:
2026-09-19T16:50:29+00:00,history-service,10,10,cpu:
2026-09-19T16:50:29+00:00,lab-service,2,10,cpu:
2026-09-19T16:50:29+00:00,notification-service,2,10,cpu:
2026-09-19T16:50:29+00:00,patient-service,10,10,cpu:
2026-09-19T16:50:29+00:00,result-service,10,10,cpu:
2026-09-19T16:50:29+00:00,triage-service,2,10,cpu:
2026-09-19T16:50:42+00:00,audit-service,2,10,cpu:
2026-09-19T16:50:42+00:00,auth-service,2,10,cpu:
2026-09-19T16:50:42+00:00,consent-service,10,10,cpu:
2026-09-19T16:50:42+00:00,exam-service,2,10,cpu:
2026-09-19T16:50:42+00:00,history-service,10,10,cpu:
2026-09-19T16:50:42+00:00,lab-service,2,10,cpu:
2026-09-19T16:50:42+00:00,notification-service,2,10,cpu:
2026-09-19T16:50:42+00:00,patient-service,10,10,cpu:
2026-09-19T16:50:42+00:00,result-service,10,10,cpu:
2026-09-19T16:50:42+00:00,triage-service,2,10,cpu:
2026-09-19T16:50:49+00:00,audit-service,2,10,cpu:
2026-09-19T16:50:49+00:00,auth-service,2,10,cpu:
2026-09-19T16:50:49+00:00,consent-service,10,10,cpu:
2026-09-19T16:50:49+00:00,exam-service,2,10,cpu:
2026-09-19T16:50:49+00:00,history-service,10,10,cpu:
2026-09-19T16:50:49+00:00,lab-service,2,10,cpu:
2026-09-19T16:50:49+00:00,notification-service,2,10,cpu:
2026-09-19T16:50:49+00:00,patient-service,10,10,cpu:
2026-09-19T16:50:49+00:00,result-service,10,10,cpu:
2026-09-19T16:50:49+00:00,triage-service,2,10,cpu:
2026-09-19T16:50:55+00:00,audit-service,2,10,cpu:
2026-09-19T16:50:55+00:00,auth-service,2,10,cpu:
2026-09-19T16:50:55+00:00,consent-service,10,10,cpu:
2026-09-19T16:50:55+00:00,exam-service,2,10,cpu:
2026-09-19T16:50:55+00:00,history-service,10,10,cpu:
2026-09-19T16:50:55+00:00,lab-service,2,10,cpu:
2026-09-19T16:50:55+00:00,notification-service,2,10,cpu:
2026-09-19T16:50:55+00:00,patient-service,10,10,cpu:
2026-09-19T16:50:55+00:00,result-service,10,10,cpu:
2026-09-19T16:50:55+00:00,triage-service,2,10,cpu:
2026-09-19T16:51:06+00:00,audit-service,2,10,cpu:
2026-09-19T16:51:06+00:00,auth-service,2,10,cpu:
2026-09-19T16:51:06+00:00,consent-service,10,10,cpu:
2026-09-19T16:51:06+00:00,exam-service,2,10,cpu:
2026-09-19T16:51:06+00:00,history-service,10,10,cpu:
2026-09-19T16:51:06+00:00,lab-service,2,10,cpu:
2026-09-19T16:51:06+00:00,notification-service,2,10,cpu:
2026-09-19T16:51:06+00:00,patient-service,10,10,cpu:
2026-09-19T16:51:06+00:00,result-service,10,10,cpu:
2026-09-19T16:51:06+00:00,triage-service,2,10,cpu:
2026-09-19T16:51:13+00:00,audit-service,2,10,cpu:
2026-09-19T16:51:13+00:00,auth-service,2,10,cpu:
2026-09-19T16:51:13+00:00,consent-service,10,10,cpu:
2026-09-19T16:51:13+00:00,exam-service,2,10,cpu:
2026-09-19T16:51:13+00:00,history-service,10,10,cpu:
2026-09-19T16:51:13+00:00,lab-service,2,10,cpu:
2026-09-19T16:51:13+00:00,notification-service,2,10,cpu:
2026-09-19T16:51:13+00:00,patient-service,10,10,cpu:
2026-09-19T16:51:13+00:00,result-service,10,10,cpu:
2026-09-19T16:51:13+00:00,triage-service,2,10,cpu:
2026-09-19T16:51:19+00:00,audit-service,2,10,cpu:
2026-09-19T16:51:19+00:00,auth-service,2,10,cpu:
2026-09-19T16:51:19+00:00,consent-service,10,10,cpu:
2026-09-19T16:51:19+00:00,exam-service,2,10,cpu:
2026-09-19T16:51:19+00:00,history-service,10,10,cpu:
2026-09-19T16:51:19+00:00,lab-service,2,10,cpu:
2026-09-19T16:51:19+00:00,notification-service,2,10,cpu:
2026-09-19T16:51:19+00:00,patient-service,10,10,cpu:
2026-09-19T16:51:19+00:00,result-service,10,10,cpu:
2026-09-19T16:51:19+00:00,triage-service,2,10,cpu:
2026-09-19T16:51:31+00:00,audit-service,2,10,cpu:
2026-09-19T16:51:31+00:00,auth-service,2,10,cpu:
2026-09-19T16:51:31+00:00,consent-service,10,10,cpu:
2026-09-19T16:51:31+00:00,exam-service,2,10,cpu:
2026-09-19T16:51:31+00:00,history-service,10,10,cpu:
2026-09-19T16:51:31+00:00,lab-service,2,10,cpu:
2026-09-19T16:51:31+00:00,notification-service,2,10,cpu:
2026-09-19T16:51:31+00:00,patient-service,10,10,cpu:
2026-09-19T16:51:31+00:00,result-service,10,10,cpu:
2026-09-19T16:51:31+00:00,triage-service,2,10,cpu:
2026-09-19T16:51:37+00:00,audit-service,2,10,cpu:
2026-09-19T16:51:37+00:00,auth-service,2,10,cpu:
2026-09-19T16:51:37+00:00,consent-service,10,10,cpu:
2026-09-19T16:51:37+00:00,exam-service,2,10,cpu:
2026-09-19T16:51:37+00:00,history-service,10,10,cpu:
2026-09-19T16:51:37+00:00,lab-service,2,10,cpu:
2026-09-19T16:51:37+00:00,notification-service,2,10,cpu:
2026-09-19T16:51:37+00:00,patient-service,10,10,cpu:
2026-09-19T16:51:37+00:00,result-service,10,10,cpu:
2026-09-19T16:51:37+00:00,triage-service,2,10,cpu:
2026-09-19T16:51:44+00:00,audit-service,2,10,cpu:
2026-09-19T16:51:44+00:00,auth-service,2,10,cpu:
2026-09-19T16:51:44+00:00,consent-service,10,10,cpu:
2026-09-19T16:51:44+00:00,exam-service,2,10,cpu:
2026-09-19T16:51:44+00:00,history-service,10,10,cpu:
2026-09-19T16:51:44+00:00,lab-service,2,10,cpu:
2026-09-19T16:51:44+00:00,notification-service,2,10,cpu:
2026-09-19T16:51:44+00:00,patient-service,10,10,cpu:
2026-09-19T16:51:44+00:00,result-service,10,10,cpu:
2026-09-19T16:51:44+00:00,triage-service,2,10,cpu:
2026-09-19T16:51:52+00:00,audit-service,2,10,cpu:
2026-09-19T16:51:52+00:00,auth-service,2,10,cpu:
2026-09-19T16:51:52+00:00,consent-service,10,10,cpu:
2026-09-19T16:51:52+00:00,exam-service,2,10,cpu:
2026-09-19T16:51:52+00:00,history-service,10,10,cpu:
2026-09-19T16:51:52+00:00,lab-service,2,10,cpu:
2026-09-19T16:51:52+00:00,notification-service,2,10,cpu:
2026-09-19T16:51:52+00:00,patient-service,10,10,cpu:
2026-09-19T16:51:52+00:00,result-service,10,10,cpu:
2026-09-19T16:51:52+00:00,triage-service,2,10,cpu:
2026-09-19T16:51:57+00:00,audit-service,2,10,cpu:
2026-09-19T16:51:57+00:00,auth-service,2,10,cpu:
2026-09-19T16:51:57+00:00,consent-service,10,10,cpu:
2026-09-19T16:51:57+00:00,exam-service,2,10,cpu:
2026-09-19T16:51:57+00:00,history-service,10,10,cpu:
2026-09-19T16:51:57+00:00,lab-service,2,10,cpu:
2026-09-19T16:51:57+00:00,notification-service,2,10,cpu:
2026-09-19T16:51:57+00:00,patient-service,10,10,cpu:
2026-09-19T16:51:57+00:00,result-service,10,10,cpu:
2026-09-19T16:51:57+00:00,triage-service,2,10,cpu:
2026-09-19T16:52:03+00:00,audit-service,2,10,cpu:
2026-09-19T16:52:03+00:00,auth-service,2,10,cpu:
2026-09-19T16:52:03+00:00,consent-service,10,10,cpu:
2026-09-19T16:52:03+00:00,exam-service,2,10,cpu:
2026-09-19T16:52:03+00:00,history-service,10,10,cpu:
2026-09-19T16:52:03+00:00,lab-service,2,10,cpu:
2026-09-19T16:52:03+00:00,notification-service,2,10,cpu:
2026-09-19T16:52:03+00:00,patient-service,10,10,cpu:
2026-09-19T16:52:03+00:00,result-service,10,10,cpu:
2026-09-19T16:52:03+00:00,triage-service,2,10,cpu:
2026-09-19T16:52:11+00:00,audit-service,2,10,cpu:
2026-09-19T16:52:11+00:00,auth-service,2,10,cpu:
2026-09-19T16:52:11+00:00,consent-service,10,10,cpu:
2026-09-19T16:52:11+00:00,exam-service,2,10,cpu:
2026-09-19T16:52:11+00:00,history-service,10,10,cpu:
2026-09-19T16:52:11+00:00,lab-service,2,10,cpu:
2026-09-19T16:52:11+00:00,notification-service,2,10,cpu:
2026-09-19T16:52:11+00:00,patient-service,10,10,cpu:
2026-09-19T16:52:11+00:00,result-service,10,10,cpu:
2026-09-19T16:52:11+00:00,triage-service,2,10,cpu:
2026-09-19T16:52:17+00:00,audit-service,2,10,cpu:
2026-09-19T16:52:17+00:00,auth-service,2,10,cpu:
2026-09-19T16:52:17+00:00,consent-service,10,10,cpu:
2026-09-19T16:52:17+00:00,exam-service,2,10,cpu:
2026-09-19T16:52:17+00:00,history-service,10,10,cpu:
2026-09-19T16:52:17+00:00,lab-service,2,10,cpu:
2026-09-19T16:52:17+00:00,notification-service,2,10,cpu:
2026-09-19T16:52:17+00:00,patient-service,10,10,cpu:
2026-09-19T16:52:17+00:00,result-service,10,10,cpu:
2026-09-19T16:52:17+00:00,triage-service,2,10,cpu:
2026-09-19T16:52:23+00:00,audit-service,2,10,cpu:
2026-09-19T16:52:23+00:00,auth-service,2,10,cpu:
2026-09-19T16:52:23+00:00,consent-service,10,10,cpu:
2026-09-19T16:52:23+00:00,exam-service,2,10,cpu:
2026-09-19T16:52:23+00:00,history-service,10,10,cpu:
2026-09-19T16:52:23+00:00,lab-service,2,10,cpu:
2026-09-19T16:52:23+00:00,notification-service,2,10,cpu:
2026-09-19T16:52:23+00:00,patient-service,10,10,cpu:
2026-09-19T16:52:23+00:00,result-service,10,10,cpu:
2026-09-19T16:52:23+00:00,triage-service,2,10,cpu:
2026-09-19T16:52:34+00:00,audit-service,2,10,cpu:
2026-09-19T16:52:34+00:00,auth-service,2,10,cpu:
2026-09-19T16:52:34+00:00,consent-service,10,10,cpu:
2026-09-19T16:52:34+00:00,exam-service,2,10,cpu:
2026-09-19T16:52:34+00:00,history-service,10,10,cpu:
2026-09-19T16:52:34+00:00,lab-service,2,10,cpu:
2026-09-19T16:52:34+00:00,notification-service,2,10,cpu:
2026-09-19T16:52:34+00:00,patient-service,10,10,cpu:
2026-09-19T16:52:34+00:00,result-service,10,10,cpu:
2026-09-19T16:52:34+00:00,triage-service,2,10,cpu:
2026-09-19T16:52:40+00:00,audit-service,2,10,cpu:
2026-09-19T16:52:40+00:00,auth-service,2,10,cpu:
2026-09-19T16:52:40+00:00,consent-service,10,10,cpu:
2026-09-19T16:52:40+00:00,exam-service,2,10,cpu:
2026-09-19T16:52:40+00:00,history-service,10,10,cpu:
2026-09-19T16:52:40+00:00,lab-service,2,10,cpu:
2026-09-19T16:52:40+00:00,notification-service,2,10,cpu:
2026-09-19T16:52:40+00:00,patient-service,10,10,cpu:
2026-09-19T16:52:40+00:00,result-service,10,10,cpu:
2026-09-19T16:52:40+00:00,triage-service,2,10,cpu:
2026-09-19T16:52:46+00:00,audit-service,2,10,cpu:
2026-09-19T16:52:46+00:00,auth-service,2,10,cpu:
2026-09-19T16:52:46+00:00,consent-service,10,10,cpu:
2026-09-19T16:52:46+00:00,exam-service,2,10,cpu:
2026-09-19T16:52:46+00:00,history-service,10,10,cpu:
2026-09-19T16:52:46+00:00,lab-service,2,10,cpu:
2026-09-19T16:52:46+00:00,notification-service,3,10,cpu:
2026-09-19T16:52:46+00:00,patient-service,10,10,cpu:
2026-09-19T16:52:46+00:00,result-service,10,10,cpu:
2026-09-19T16:52:46+00:00,triage-service,2,10,cpu:
2026-09-19T16:52:55+00:00,audit-service,4,10,cpu:
2026-09-19T16:52:55+00:00,auth-service,2,10,cpu:
2026-09-19T16:52:55+00:00,consent-service,10,10,cpu:
2026-09-19T16:52:55+00:00,exam-service,2,10,cpu:
2026-09-19T16:52:55+00:00,history-service,10,10,cpu:
2026-09-19T16:52:55+00:00,lab-service,2,10,cpu:
2026-09-19T16:52:55+00:00,notification-service,3,10,cpu:
2026-09-19T16:52:55+00:00,patient-service,10,10,cpu:
2026-09-19T16:52:55+00:00,result-service,10,10,cpu:
2026-09-19T16:52:55+00:00,triage-service,3,10,cpu:
2026-09-19T16:53:01+00:00,audit-service,4,10,cpu:
2026-09-19T16:53:01+00:00,auth-service,2,10,cpu:
2026-09-19T16:53:01+00:00,consent-service,10,10,cpu:
2026-09-19T16:53:01+00:00,exam-service,2,10,cpu:
2026-09-19T16:53:01+00:00,history-service,10,10,cpu:
2026-09-19T16:53:01+00:00,lab-service,2,10,cpu:
2026-09-19T16:53:01+00:00,notification-service,5,10,cpu:
2026-09-19T16:53:01+00:00,patient-service,10,10,cpu:
2026-09-19T16:53:01+00:00,result-service,10,10,cpu:
2026-09-19T16:53:01+00:00,triage-service,3,10,cpu:
2026-09-19T16:53:06+00:00,audit-service,8,10,cpu:
2026-09-19T16:53:06+00:00,auth-service,2,10,cpu:
2026-09-19T16:53:06+00:00,consent-service,10,10,cpu:
2026-09-19T16:53:06+00:00,exam-service,2,10,cpu:
2026-09-19T16:53:06+00:00,history-service,10,10,cpu:
2026-09-19T16:53:06+00:00,lab-service,2,10,cpu:
2026-09-19T16:53:06+00:00,notification-service,5,10,cpu:
2026-09-19T16:53:06+00:00,patient-service,10,10,cpu:
2026-09-19T16:53:06+00:00,result-service,10,10,cpu:
2026-09-19T16:53:06+00:00,triage-service,5,10,cpu:
2026-09-19T16:53:15+00:00,audit-service,8,10,cpu:
2026-09-19T16:53:15+00:00,auth-service,2,10,cpu:
2026-09-19T16:53:15+00:00,consent-service,10,10,cpu:
2026-09-19T16:53:15+00:00,exam-service,2,10,cpu:
2026-09-19T16:53:15+00:00,history-service,10,10,cpu:
2026-09-19T16:53:15+00:00,lab-service,2,10,cpu:
2026-09-19T16:53:15+00:00,notification-service,5,10,cpu:
2026-09-19T16:53:15+00:00,patient-service,10,10,cpu:
2026-09-19T16:53:15+00:00,result-service,10,10,cpu:
2026-09-19T16:53:15+00:00,triage-service,5,10,cpu:
2026-09-19T16:53:21+00:00,audit-service,10,10,cpu:
2026-09-19T16:53:21+00:00,auth-service,2,10,cpu:
2026-09-19T16:53:21+00:00,consent-service,10,10,cpu:
2026-09-19T16:53:21+00:00,exam-service,2,10,cpu:
2026-09-19T16:53:21+00:00,history-service,10,10,cpu:
2026-09-19T16:53:21+00:00,lab-service,2,10,cpu:
2026-09-19T16:53:21+00:00,notification-service,5,10,cpu:
2026-09-19T16:53:21+00:00,patient-service,10,10,cpu:
2026-09-19T16:53:21+00:00,result-service,10,10,cpu:
2026-09-19T16:53:21+00:00,triage-service,5,10,cpu:
2026-09-19T16:53:28+00:00,audit-service,10,10,cpu:
2026-09-19T16:53:28+00:00,auth-service,2,10,cpu:
2026-09-19T16:53:28+00:00,consent-service,10,10,cpu:
2026-09-19T16:53:28+00:00,exam-service,2,10,cpu:
2026-09-19T16:53:28+00:00,history-service,10,10,cpu:
2026-09-19T16:53:28+00:00,lab-service,2,10,cpu:
2026-09-19T16:53:28+00:00,notification-service,5,10,cpu:
2026-09-19T16:53:28+00:00,patient-service,10,10,cpu:
2026-09-19T16:53:28+00:00,result-service,10,10,cpu:
2026-09-19T16:53:28+00:00,triage-service,5,10,cpu:
2026-09-19T16:53:37+00:00,audit-service,10,10,cpu:
2026-09-19T16:53:37+00:00,auth-service,2,10,cpu:
2026-09-19T16:53:37+00:00,consent-service,10,10,cpu:
2026-09-19T16:53:37+00:00,exam-service,2,10,cpu:
2026-09-19T16:53:37+00:00,history-service,10,10,cpu:
2026-09-19T16:53:37+00:00,lab-service,2,10,cpu:
2026-09-19T16:53:37+00:00,notification-service,5,10,cpu:
2026-09-19T16:53:37+00:00,patient-service,10,10,cpu:
2026-09-19T16:53:37+00:00,result-service,10,10,cpu:
2026-09-19T16:53:37+00:00,triage-service,5,10,cpu:
2026-09-19T16:53:43+00:00,audit-service,10,10,cpu:
2026-09-19T16:53:43+00:00,auth-service,2,10,cpu:
2026-09-19T16:53:43+00:00,consent-service,10,10,cpu:
2026-09-19T16:53:43+00:00,exam-service,2,10,cpu:
2026-09-19T16:53:43+00:00,history-service,10,10,cpu:
2026-09-19T16:53:43+00:00,lab-service,2,10,cpu:
2026-09-19T16:53:43+00:00,notification-service,5,10,cpu:
2026-09-19T16:53:43+00:00,patient-service,10,10,cpu:
2026-09-19T16:53:43+00:00,result-service,10,10,cpu:
2026-09-19T16:53:43+00:00,triage-service,5,10,cpu:
2026-09-19T16:53:49+00:00,audit-service,10,10,cpu:
2026-09-19T16:53:49+00:00,auth-service,2,10,cpu:
2026-09-19T16:53:49+00:00,consent-service,10,10,cpu:
2026-09-19T16:53:49+00:00,exam-service,2,10,cpu:
2026-09-19T16:53:49+00:00,history-service,10,10,cpu:
2026-09-19T16:53:49+00:00,lab-service,2,10,cpu:
2026-09-19T16:53:49+00:00,notification-service,5,10,cpu:
2026-09-19T16:53:49+00:00,patient-service,10,10,cpu:
2026-09-19T16:53:49+00:00,result-service,10,10,cpu:
2026-09-19T16:53:49+00:00,triage-service,5,10,cpu:
2026-09-19T16:53:58+00:00,audit-service,10,10,cpu:
2026-09-19T16:53:58+00:00,auth-service,2,10,cpu:
2026-09-19T16:53:58+00:00,consent-service,10,10,cpu:
2026-09-19T16:53:58+00:00,exam-service,2,10,cpu:
2026-09-19T16:53:58+00:00,history-service,10,10,cpu:
2026-09-19T16:53:58+00:00,lab-service,2,10,cpu:
2026-09-19T16:53:58+00:00,notification-service,5,10,cpu:
2026-09-19T16:53:58+00:00,patient-service,10,10,cpu:
2026-09-19T16:53:58+00:00,result-service,10,10,cpu:
2026-09-19T16:53:58+00:00,triage-service,5,10,cpu:
2026-09-19T16:54:04+00:00,audit-service,10,10,cpu:
2026-09-19T16:54:04+00:00,auth-service,2,10,cpu:
2026-09-19T16:54:04+00:00,consent-service,10,10,cpu:
2026-09-19T16:54:04+00:00,exam-service,2,10,cpu:
2026-09-19T16:54:04+00:00,history-service,10,10,cpu:
2026-09-19T16:54:04+00:00,lab-service,2,10,cpu:
2026-09-19T16:54:04+00:00,notification-service,5,10,cpu:
2026-09-19T16:54:04+00:00,patient-service,10,10,cpu:
2026-09-19T16:54:04+00:00,result-service,10,10,cpu:
2026-09-19T16:54:04+00:00,triage-service,5,10,cpu:
2026-09-19T16:54:11+00:00,audit-service,10,10,cpu:
2026-09-19T16:54:11+00:00,auth-service,2,10,cpu:
2026-09-19T16:54:11+00:00,consent-service,10,10,cpu:
2026-09-19T16:54:11+00:00,exam-service,2,10,cpu:
2026-09-19T16:54:11+00:00,history-service,10,10,cpu:
2026-09-19T16:54:11+00:00,lab-service,2,10,cpu:
2026-09-19T16:54:11+00:00,notification-service,5,10,cpu:
2026-09-19T16:54:11+00:00,patient-service,10,10,cpu:
2026-09-19T16:54:11+00:00,result-service,10,10,cpu:
2026-09-19T16:54:11+00:00,triage-service,5,10,cpu:
2026-09-19T16:54:20+00:00,audit-service,10,10,cpu:
2026-09-19T16:54:20+00:00,auth-service,2,10,cpu:
2026-09-19T16:54:20+00:00,consent-service,10,10,cpu:
2026-09-19T16:54:20+00:00,exam-service,2,10,cpu:
2026-09-19T16:54:20+00:00,history-service,10,10,cpu:
2026-09-19T16:54:20+00:00,lab-service,2,10,cpu:
2026-09-19T16:54:20+00:00,notification-service,5,10,cpu:
2026-09-19T16:54:20+00:00,patient-service,10,10,cpu:
2026-09-19T16:54:20+00:00,result-service,10,10,cpu:
2026-09-19T16:54:20+00:00,triage-service,5,10,cpu:
2026-09-19T16:54:25+00:00,audit-service,10,10,cpu:
2026-09-19T16:54:25+00:00,auth-service,2,10,cpu:
2026-09-19T16:54:25+00:00,consent-service,10,10,cpu:
2026-09-19T16:54:25+00:00,exam-service,2,10,cpu:
2026-09-19T16:54:25+00:00,history-service,10,10,cpu:
2026-09-19T16:54:25+00:00,lab-service,2,10,cpu:
2026-09-19T16:54:25+00:00,notification-service,5,10,cpu:
2026-09-19T16:54:25+00:00,patient-service,10,10,cpu:
2026-09-19T16:54:25+00:00,result-service,10,10,cpu:
2026-09-19T16:54:25+00:00,triage-service,5,10,cpu:
2026-09-19T16:54:31+00:00,audit-service,10,10,cpu:
2026-09-19T16:54:31+00:00,auth-service,2,10,cpu:
2026-09-19T16:54:31+00:00,consent-service,10,10,cpu:
2026-09-19T16:54:31+00:00,exam-service,2,10,cpu:
2026-09-19T16:54:31+00:00,history-service,10,10,cpu:
2026-09-19T16:54:31+00:00,lab-service,2,10,cpu:
2026-09-19T16:54:31+00:00,notification-service,5,10,cpu:
2026-09-19T16:54:31+00:00,patient-service,10,10,cpu:
2026-09-19T16:54:31+00:00,result-service,10,10,cpu:
2026-09-19T16:54:31+00:00,triage-service,5,10,cpu:
2026-09-19T16:54:40+00:00,audit-service,10,10,cpu:
2026-09-19T16:54:40+00:00,auth-service,2,10,cpu:
2026-09-19T16:54:40+00:00,consent-service,10,10,cpu:
2026-09-19T16:54:40+00:00,exam-service,2,10,cpu:
2026-09-19T16:54:40+00:00,history-service,10,10,cpu:
2026-09-19T16:54:40+00:00,lab-service,2,10,cpu:
2026-09-19T16:54:40+00:00,notification-service,5,10,cpu:
2026-09-19T16:54:40+00:00,patient-service,10,10,cpu:
2026-09-19T16:54:40+00:00,result-service,10,10,cpu:
2026-09-19T16:54:40+00:00,triage-service,5,10,cpu:
2026-09-19T16:54:46+00:00,audit-service,10,10,cpu:
2026-09-19T16:54:46+00:00,auth-service,2,10,cpu:
2026-09-19T16:54:46+00:00,consent-service,10,10,cpu:
2026-09-19T16:54:46+00:00,exam-service,2,10,cpu:
2026-09-19T16:54:46+00:00,history-service,10,10,cpu:
2026-09-19T16:54:46+00:00,lab-service,2,10,cpu:
2026-09-19T16:54:46+00:00,notification-service,5,10,cpu:
2026-09-19T16:54:46+00:00,patient-service,10,10,cpu:
2026-09-19T16:54:46+00:00,result-service,10,10,cpu:
2026-09-19T16:54:46+00:00,triage-service,5,10,cpu:
2026-09-19T16:54:52+00:00,audit-service,10,10,cpu:
2026-09-19T16:54:52+00:00,auth-service,2,10,cpu:
2026-09-19T16:54:52+00:00,consent-service,10,10,cpu:
2026-09-19T16:54:52+00:00,exam-service,2,10,cpu:
2026-09-19T16:54:52+00:00,history-service,10,10,cpu:
2026-09-19T16:54:52+00:00,lab-service,2,10,cpu:
2026-09-19T16:54:52+00:00,notification-service,5,10,cpu:
2026-09-19T16:54:52+00:00,patient-service,10,10,cpu:
2026-09-19T16:54:52+00:00,result-service,10,10,cpu:
2026-09-19T16:54:52+00:00,triage-service,5,10,cpu:
2026-09-19T16:55:01+00:00,audit-service,10,10,cpu:
2026-09-19T16:55:01+00:00,auth-service,2,10,cpu:
2026-09-19T16:55:01+00:00,consent-service,10,10,cpu:
2026-09-19T16:55:01+00:00,exam-service,2,10,cpu:
2026-09-19T16:55:01+00:00,history-service,10,10,cpu:
2026-09-19T16:55:01+00:00,lab-service,2,10,cpu:
2026-09-19T16:55:01+00:00,notification-service,5,10,cpu:
2026-09-19T16:55:01+00:00,patient-service,10,10,cpu:
2026-09-19T16:55:01+00:00,result-service,10,10,cpu:
2026-09-19T16:55:01+00:00,triage-service,5,10,cpu:
2026-09-19T16:55:07+00:00,audit-service,10,10,cpu:
2026-09-19T16:55:07+00:00,auth-service,2,10,cpu:
2026-09-19T16:55:07+00:00,consent-service,10,10,cpu:
2026-09-19T16:55:07+00:00,exam-service,2,10,cpu:
2026-09-19T16:55:07+00:00,history-service,10,10,cpu:
2026-09-19T16:55:07+00:00,lab-service,2,10,cpu:
2026-09-19T16:55:07+00:00,notification-service,5,10,cpu:
2026-09-19T16:55:07+00:00,patient-service,10,10,cpu:
2026-09-19T16:55:07+00:00,result-service,10,10,cpu:
2026-09-19T16:55:07+00:00,triage-service,5,10,cpu:
2026-09-19T16:55:13+00:00,audit-service,10,10,cpu:
2026-09-19T16:55:13+00:00,auth-service,2,10,cpu:
2026-09-19T16:55:13+00:00,consent-service,10,10,cpu:
2026-09-19T16:55:13+00:00,exam-service,2,10,cpu:
2026-09-19T16:55:13+00:00,history-service,10,10,cpu:
2026-09-19T16:55:13+00:00,lab-service,2,10,cpu:
2026-09-19T16:55:13+00:00,notification-service,5,10,cpu:
2026-09-19T16:55:13+00:00,patient-service,10,10,cpu:
2026-09-19T16:55:13+00:00,result-service,10,10,cpu:
2026-09-19T16:55:13+00:00,triage-service,5,10,cpu:
2026-09-19T16:55:21+00:00,audit-service,10,10,cpu:
2026-09-19T16:55:21+00:00,auth-service,2,10,cpu:
2026-09-19T16:55:21+00:00,consent-service,10,10,cpu:
2026-09-19T16:55:21+00:00,exam-service,2,10,cpu:
2026-09-19T16:55:21+00:00,history-service,10,10,cpu:
2026-09-19T16:55:21+00:00,lab-service,2,10,cpu:
2026-09-19T16:55:21+00:00,notification-service,5,10,cpu:
2026-09-19T16:55:21+00:00,patient-service,10,10,cpu:
2026-09-19T16:55:21+00:00,result-service,10,10,cpu:
2026-09-19T16:55:21+00:00,triage-service,5,10,cpu:
2026-09-19T16:55:26+00:00,audit-service,10,10,cpu:
2026-09-19T16:55:26+00:00,auth-service,2,10,cpu:
2026-09-19T16:55:26+00:00,consent-service,10,10,cpu:
2026-09-19T16:55:26+00:00,exam-service,2,10,cpu:
2026-09-19T16:55:26+00:00,history-service,10,10,cpu:
2026-09-19T16:55:26+00:00,lab-service,2,10,cpu:
2026-09-19T16:55:26+00:00,notification-service,5,10,cpu:
2026-09-19T16:55:26+00:00,patient-service,10,10,cpu:
2026-09-19T16:55:26+00:00,result-service,10,10,cpu:
2026-09-19T16:55:26+00:00,triage-service,5,10,cpu:
2026-09-19T16:55:32+00:00,audit-service,10,10,cpu:
2026-09-19T16:55:32+00:00,auth-service,2,10,cpu:
2026-09-19T16:55:32+00:00,consent-service,10,10,cpu:
2026-09-19T16:55:32+00:00,exam-service,2,10,cpu:
2026-09-19T16:55:32+00:00,history-service,10,10,cpu:
2026-09-19T16:55:32+00:00,lab-service,2,10,cpu:
2026-09-19T16:55:32+00:00,notification-service,5,10,cpu:
2026-09-19T16:55:32+00:00,patient-service,10,10,cpu:
2026-09-19T16:55:32+00:00,result-service,10,10,cpu:
2026-09-19T16:55:32+00:00,triage-service,5,10,cpu:
2026-09-19T16:55:40+00:00,audit-service,10,10,cpu:
2026-09-19T16:55:40+00:00,auth-service,2,10,cpu:
2026-09-19T16:55:40+00:00,consent-service,10,10,cpu:
2026-09-19T16:55:40+00:00,exam-service,2,10,cpu:
2026-09-19T16:55:40+00:00,history-service,10,10,cpu:
2026-09-19T16:55:40+00:00,lab-service,2,10,cpu:
2026-09-19T16:55:40+00:00,notification-service,5,10,cpu:
2026-09-19T16:55:40+00:00,patient-service,10,10,cpu:
2026-09-19T16:55:40+00:00,result-service,10,10,cpu:
2026-09-19T16:55:40+00:00,triage-service,5,10,cpu:
2026-09-19T16:55:46+00:00,audit-service,10,10,cpu:
2026-09-19T16:55:46+00:00,auth-service,2,10,cpu:
2026-09-19T16:55:46+00:00,consent-service,10,10,cpu:
2026-09-19T16:55:46+00:00,exam-service,2,10,cpu:
2026-09-19T16:55:46+00:00,history-service,10,10,cpu:
2026-09-19T16:55:46+00:00,lab-service,2,10,cpu:
2026-09-19T16:55:46+00:00,notification-service,5,10,cpu:
2026-09-19T16:55:46+00:00,patient-service,10,10,cpu:
2026-09-19T16:55:46+00:00,result-service,10,10,cpu:
2026-09-19T16:55:46+00:00,triage-service,5,10,cpu:
2026-09-19T16:55:52+00:00,audit-service,10,10,cpu:
2026-09-19T16:55:52+00:00,auth-service,2,10,cpu:
2026-09-19T16:55:52+00:00,consent-service,10,10,cpu:
2026-09-19T16:55:52+00:00,exam-service,2,10,cpu:
2026-09-19T16:55:52+00:00,history-service,10,10,cpu:
2026-09-19T16:55:52+00:00,lab-service,2,10,cpu:
2026-09-19T16:55:52+00:00,notification-service,5,10,cpu:
2026-09-19T16:55:52+00:00,patient-service,10,10,cpu:
2026-09-19T16:55:52+00:00,result-service,10,10,cpu:
2026-09-19T16:55:52+00:00,triage-service,5,10,cpu:
2026-09-19T16:56:01+00:00,audit-service,10,10,cpu:
2026-09-19T16:56:01+00:00,auth-service,2,10,cpu:
2026-09-19T16:56:01+00:00,consent-service,10,10,cpu:
2026-09-19T16:56:01+00:00,exam-service,2,10,cpu:
2026-09-19T16:56:01+00:00,history-service,10,10,cpu:
2026-09-19T16:56:01+00:00,lab-service,2,10,cpu:
2026-09-19T16:56:01+00:00,notification-service,5,10,cpu:
2026-09-19T16:56:01+00:00,patient-service,10,10,cpu:
2026-09-19T16:56:01+00:00,result-service,10,10,cpu:
2026-09-19T16:56:01+00:00,triage-service,5,10,cpu:
2026-09-19T16:56:07+00:00,audit-service,10,10,cpu:
2026-09-19T16:56:07+00:00,auth-service,2,10,cpu:
2026-09-19T16:56:07+00:00,consent-service,10,10,cpu:
2026-09-19T16:56:07+00:00,exam-service,2,10,cpu:
2026-09-19T16:56:07+00:00,history-service,10,10,cpu:
2026-09-19T16:56:07+00:00,lab-service,2,10,cpu:
2026-09-19T16:56:07+00:00,notification-service,5,10,cpu:
2026-09-19T16:56:07+00:00,patient-service,10,10,cpu:
2026-09-19T16:56:07+00:00,result-service,10,10,cpu:
2026-09-19T16:56:07+00:00,triage-service,5,10,cpu:
2026-09-19T16:56:16+00:00,audit-service,10,10,cpu:
2026-09-19T16:56:16+00:00,auth-service,2,10,cpu:
2026-09-19T16:56:16+00:00,consent-service,10,10,cpu:
2026-09-19T16:56:16+00:00,exam-service,2,10,cpu:
2026-09-19T16:56:16+00:00,history-service,10,10,cpu:
2026-09-19T16:56:16+00:00,lab-service,2,10,cpu:
2026-09-19T16:56:16+00:00,notification-service,5,10,cpu:
2026-09-19T16:56:16+00:00,patient-service,10,10,cpu:
2026-09-19T16:56:16+00:00,result-service,10,10,cpu:
2026-09-19T16:56:16+00:00,triage-service,5,10,cpu:
2026-09-19T16:56:32+00:00,audit-service,10,10,cpu:
2026-09-19T16:56:32+00:00,auth-service,2,10,cpu:
2026-09-19T16:56:32+00:00,consent-service,10,10,cpu:
2026-09-19T16:56:32+00:00,exam-service,2,10,cpu:
2026-09-19T16:56:32+00:00,history-service,10,10,cpu:
2026-09-19T16:56:32+00:00,lab-service,2,10,cpu:
2026-09-19T16:56:32+00:00,notification-service,5,10,cpu:
2026-09-19T16:56:32+00:00,patient-service,10,10,cpu:
2026-09-19T16:56:32+00:00,result-service,10,10,cpu:
2026-09-19T16:56:32+00:00,triage-service,5,10,cpu:
2026-09-19T16:56:38+00:00,audit-service,10,10,cpu:
2026-09-19T16:56:38+00:00,auth-service,2,10,cpu:
2026-09-19T16:56:38+00:00,consent-service,10,10,cpu:
2026-09-19T16:56:38+00:00,exam-service,2,10,cpu:
2026-09-19T16:56:38+00:00,history-service,10,10,cpu:
2026-09-19T16:56:38+00:00,lab-service,2,10,cpu:
2026-09-19T16:56:38+00:00,notification-service,5,10,cpu:
2026-09-19T16:56:38+00:00,patient-service,10,10,cpu:
2026-09-19T16:56:38+00:00,result-service,10,10,cpu:
2026-09-19T16:56:38+00:00,triage-service,5,10,cpu:
2026-09-19T16:56:44+00:00,audit-service,10,10,cpu:
2026-09-19T16:56:44+00:00,auth-service,2,10,cpu:
2026-09-19T16:56:44+00:00,consent-service,10,10,cpu:
2026-09-19T16:56:44+00:00,exam-service,2,10,cpu:
2026-09-19T16:56:44+00:00,history-service,10,10,cpu:
2026-09-19T16:56:44+00:00,lab-service,2,10,cpu:
2026-09-19T16:56:44+00:00,notification-service,5,10,cpu:
2026-09-19T16:56:44+00:00,patient-service,10,10,cpu:
2026-09-19T16:56:44+00:00,result-service,10,10,cpu:
2026-09-19T16:56:44+00:00,triage-service,5,10,cpu:
2026-09-19T16:56:54+00:00,audit-service,10,10,cpu:
2026-09-19T16:56:54+00:00,auth-service,2,10,cpu:
2026-09-19T16:56:54+00:00,consent-service,10,10,cpu:
2026-09-19T16:56:54+00:00,exam-service,2,10,cpu:
2026-09-19T16:56:54+00:00,history-service,10,10,cpu:
2026-09-19T16:56:54+00:00,lab-service,2,10,cpu:
2026-09-19T16:56:54+00:00,notification-service,5,10,cpu:
2026-09-19T16:56:54+00:00,patient-service,10,10,cpu:
2026-09-19T16:56:54+00:00,result-service,10,10,cpu:
2026-09-19T16:56:54+00:00,triage-service,5,10,cpu:
2026-09-19T16:57:01+00:00,audit-service,10,10,cpu:
2026-09-19T16:57:01+00:00,auth-service,2,10,cpu:
2026-09-19T16:57:01+00:00,consent-service,10,10,cpu:
2026-09-19T16:57:01+00:00,exam-service,2,10,cpu:
2026-09-19T16:57:01+00:00,history-service,10,10,cpu:
2026-09-19T16:57:01+00:00,lab-service,2,10,cpu:
2026-09-19T16:57:01+00:00,notification-service,5,10,cpu:
2026-09-19T16:57:01+00:00,patient-service,10,10,cpu:
2026-09-19T16:57:01+00:00,result-service,10,10,cpu:
2026-09-19T16:57:01+00:00,triage-service,5,10,cpu:
2026-09-19T16:57:06+00:00,audit-service,10,10,cpu:
2026-09-19T16:57:06+00:00,auth-service,2,10,cpu:
2026-09-19T16:57:06+00:00,consent-service,5,10,cpu:
2026-09-19T16:57:06+00:00,exam-service,2,10,cpu:
2026-09-19T16:57:06+00:00,history-service,10,10,cpu:
2026-09-19T16:57:06+00:00,lab-service,2,10,cpu:
2026-09-19T16:57:06+00:00,notification-service,5,10,cpu:
2026-09-19T16:57:06+00:00,patient-service,10,10,cpu:
2026-09-19T16:57:06+00:00,result-service,3,10,cpu:
2026-09-19T16:57:06+00:00,triage-service,5,10,cpu:
2026-09-19T16:57:17+00:00,audit-service,10,10,cpu:
2026-09-19T16:57:17+00:00,auth-service,2,10,cpu:
2026-09-19T16:57:17+00:00,consent-service,5,10,cpu:
2026-09-19T16:57:17+00:00,exam-service,2,10,cpu:
2026-09-19T16:57:17+00:00,history-service,10,10,cpu:
2026-09-19T16:57:17+00:00,lab-service,2,10,cpu:
2026-09-19T16:57:17+00:00,notification-service,5,10,cpu:
2026-09-19T16:57:17+00:00,patient-service,10,10,cpu:
2026-09-19T16:57:17+00:00,result-service,3,10,cpu:
2026-09-19T16:57:17+00:00,triage-service,5,10,cpu:
2026-09-19T16:57:23+00:00,audit-service,10,10,cpu:
2026-09-19T16:57:23+00:00,auth-service,2,10,cpu:
2026-09-19T16:57:23+00:00,consent-service,3,10,cpu:
2026-09-19T16:57:23+00:00,exam-service,2,10,cpu:
2026-09-19T16:57:23+00:00,history-service,10,10,cpu:
2026-09-19T16:57:23+00:00,lab-service,2,10,cpu:
2026-09-19T16:57:23+00:00,notification-service,5,10,cpu:
2026-09-19T16:57:23+00:00,patient-service,3,10,cpu:
2026-09-19T16:57:23+00:00,result-service,3,10,cpu:
2026-09-19T16:57:23+00:00,triage-service,5,10,cpu:
2026-09-19T16:57:30+00:00,audit-service,10,10,cpu:
2026-09-19T16:57:30+00:00,auth-service,2,10,cpu:
2026-09-19T16:57:30+00:00,consent-service,3,10,cpu:
2026-09-19T16:57:30+00:00,exam-service,2,10,cpu:
2026-09-19T16:57:30+00:00,history-service,10,10,cpu:
2026-09-19T16:57:30+00:00,lab-service,2,10,cpu:
2026-09-19T16:57:30+00:00,notification-service,5,10,cpu:
2026-09-19T16:57:30+00:00,patient-service,3,10,cpu:
2026-09-19T16:57:30+00:00,result-service,3,10,cpu:
2026-09-19T16:57:30+00:00,triage-service,5,10,cpu:
2026-09-19T16:57:40+00:00,audit-service,10,10,cpu:
2026-09-19T16:57:40+00:00,auth-service,2,10,cpu:
2026-09-19T16:57:40+00:00,consent-service,3,10,cpu:
2026-09-19T16:57:40+00:00,exam-service,2,10,cpu:
2026-09-19T16:57:40+00:00,history-service,10,10,cpu:
2026-09-19T16:57:40+00:00,lab-service,2,10,cpu:
2026-09-19T16:57:40+00:00,notification-service,5,10,cpu:
2026-09-19T16:57:40+00:00,patient-service,3,10,cpu:
2026-09-19T16:57:40+00:00,result-service,3,10,cpu:
2026-09-19T16:57:40+00:00,triage-service,5,10,cpu:
2026-09-19T16:57:45+00:00,audit-service,10,10,cpu:
2026-09-19T16:57:45+00:00,auth-service,2,10,cpu:
2026-09-19T16:57:45+00:00,consent-service,3,10,cpu:
2026-09-19T16:57:45+00:00,exam-service,2,10,cpu:
2026-09-19T16:57:45+00:00,history-service,10,10,cpu:
2026-09-19T16:57:45+00:00,lab-service,2,10,cpu:
2026-09-19T16:57:45+00:00,notification-service,5,10,cpu:
2026-09-19T16:57:45+00:00,patient-service,3,10,cpu:
2026-09-19T16:57:45+00:00,result-service,3,10,cpu:
2026-09-19T16:57:45+00:00,triage-service,5,10,cpu:
2026-09-19T16:57:51+00:00,audit-service,10,10,cpu:
2026-09-19T16:57:51+00:00,auth-service,2,10,cpu:
2026-09-19T16:57:51+00:00,consent-service,3,10,cpu:
2026-09-19T16:57:51+00:00,exam-service,2,10,cpu:
2026-09-19T16:57:51+00:00,history-service,10,10,cpu:
2026-09-19T16:57:51+00:00,lab-service,2,10,cpu:
2026-09-19T16:57:51+00:00,notification-service,5,10,cpu:
2026-09-19T16:57:51+00:00,patient-service,3,10,cpu:
2026-09-19T16:57:51+00:00,result-service,3,10,cpu:
2026-09-19T16:57:51+00:00,triage-service,5,10,cpu:
2026-09-19T16:58:01+00:00,audit-service,10,10,cpu:
2026-09-19T16:58:01+00:00,auth-service,2,10,cpu:
2026-09-19T16:58:01+00:00,consent-service,3,10,cpu:
2026-09-19T16:58:01+00:00,exam-service,2,10,cpu:
2026-09-19T16:58:01+00:00,history-service,10,10,cpu:
2026-09-19T16:58:01+00:00,lab-service,2,10,cpu:
2026-09-19T16:58:01+00:00,notification-service,5,10,cpu:
2026-09-19T16:58:01+00:00,patient-service,3,10,cpu:
2026-09-19T16:58:01+00:00,result-service,3,10,cpu:
2026-09-19T16:58:01+00:00,triage-service,5,10,cpu:
2026-09-19T16:58:07+00:00,audit-service,10,10,cpu:
2026-09-19T16:58:07+00:00,auth-service,2,10,cpu:
2026-09-19T16:58:07+00:00,consent-service,3,10,cpu:
2026-09-19T16:58:07+00:00,exam-service,2,10,cpu:
2026-09-19T16:58:07+00:00,history-service,10,10,cpu:
2026-09-19T16:58:07+00:00,lab-service,2,10,cpu:
2026-09-19T16:58:07+00:00,notification-service,5,10,cpu:
2026-09-19T16:58:07+00:00,patient-service,3,10,cpu:
2026-09-19T16:58:07+00:00,result-service,3,10,cpu:
2026-09-19T16:58:07+00:00,triage-service,5,10,cpu:
2026-09-19T16:58:13+00:00,audit-service,10,10,cpu:
2026-09-19T16:58:13+00:00,auth-service,2,10,cpu:
2026-09-19T16:58:13+00:00,consent-service,3,10,cpu:
2026-09-19T16:58:13+00:00,exam-service,2,10,cpu:
2026-09-19T16:58:13+00:00,history-service,10,10,cpu:
2026-09-19T16:58:13+00:00,lab-service,2,10,cpu:
2026-09-19T16:58:13+00:00,notification-service,5,10,cpu:
2026-09-19T16:58:13+00:00,patient-service,3,10,cpu:
2026-09-19T16:58:13+00:00,result-service,3,10,cpu:
2026-09-19T16:58:13+00:00,triage-service,5,10,cpu:
2026-09-19T16:58:22+00:00,audit-service,10,10,cpu:
2026-09-19T16:58:22+00:00,auth-service,2,10,cpu:
2026-09-19T16:58:22+00:00,consent-service,3,10,cpu:
2026-09-19T16:58:22+00:00,exam-service,2,10,cpu:
2026-09-19T16:58:22+00:00,history-service,10,10,cpu:
2026-09-19T16:58:22+00:00,lab-service,2,10,cpu:
2026-09-19T16:58:22+00:00,notification-service,5,10,cpu:
2026-09-19T16:58:22+00:00,patient-service,3,10,cpu:
2026-09-19T16:58:22+00:00,result-service,3,10,cpu:
2026-09-19T16:58:22+00:00,triage-service,5,10,cpu:
2026-09-19T16:58:29+00:00,audit-service,10,10,cpu:
2026-09-19T16:58:29+00:00,auth-service,2,10,cpu:
2026-09-19T16:58:29+00:00,consent-service,3,10,cpu:
2026-09-19T16:58:29+00:00,exam-service,2,10,cpu:
2026-09-19T16:58:29+00:00,history-service,10,10,cpu:
2026-09-19T16:58:29+00:00,lab-service,2,10,cpu:
2026-09-19T16:58:29+00:00,notification-service,5,10,cpu:
2026-09-19T16:58:29+00:00,patient-service,3,10,cpu:
2026-09-19T16:58:29+00:00,result-service,3,10,cpu:
2026-09-19T16:58:29+00:00,triage-service,5,10,cpu:
2026-09-19T16:58:34+00:00,audit-service,10,10,cpu:
2026-09-19T16:58:34+00:00,auth-service,2,10,cpu:
2026-09-19T16:58:34+00:00,consent-service,3,10,cpu:
2026-09-19T16:58:34+00:00,exam-service,2,10,cpu:
2026-09-19T16:58:34+00:00,history-service,10,10,cpu:
2026-09-19T16:58:34+00:00,lab-service,2,10,cpu:
2026-09-19T16:58:34+00:00,notification-service,5,10,cpu:
2026-09-19T16:58:34+00:00,patient-service,3,10,cpu:
2026-09-19T16:58:34+00:00,result-service,3,10,cpu:
2026-09-19T16:58:34+00:00,triage-service,5,10,cpu:
2026-09-19T16:58:43+00:00,audit-service,10,10,cpu:
2026-09-19T16:58:43+00:00,auth-service,2,10,cpu:
2026-09-19T16:58:43+00:00,consent-service,3,10,cpu:
2026-09-19T16:58:43+00:00,exam-service,2,10,cpu:
2026-09-19T16:58:43+00:00,history-service,10,10,cpu:
2026-09-19T16:58:43+00:00,lab-service,2,10,cpu:
2026-09-19T16:58:43+00:00,notification-service,5,10,cpu:
2026-09-19T16:58:43+00:00,patient-service,3,10,cpu:
2026-09-19T16:58:43+00:00,result-service,3,10,cpu:
2026-09-19T16:58:43+00:00,triage-service,5,10,cpu:
2026-09-19T16:58:49+00:00,audit-service,10,10,cpu:
2026-09-19T16:58:49+00:00,auth-service,2,10,cpu:
2026-09-19T16:58:49+00:00,consent-service,3,10,cpu:
2026-09-19T16:58:49+00:00,exam-service,2,10,cpu:
2026-09-19T16:58:49+00:00,history-service,10,10,cpu:
2026-09-19T16:58:49+00:00,lab-service,2,10,cpu:
2026-09-19T16:58:49+00:00,notification-service,5,10,cpu:
2026-09-19T16:58:49+00:00,patient-service,3,10,cpu:
2026-09-19T16:58:49+00:00,result-service,3,10,cpu:
2026-09-19T16:58:49+00:00,triage-service,5,10,cpu:
2026-09-19T16:58:56+00:00,audit-service,10,10,cpu:
2026-09-19T16:58:56+00:00,auth-service,2,10,cpu:
2026-09-19T16:58:56+00:00,consent-service,3,10,cpu:
2026-09-19T16:58:56+00:00,exam-service,2,10,cpu:
2026-09-19T16:58:56+00:00,history-service,10,10,cpu:
2026-09-19T16:58:56+00:00,lab-service,2,10,cpu:
2026-09-19T16:58:56+00:00,notification-service,5,10,cpu:
2026-09-19T16:58:56+00:00,patient-service,3,10,cpu:
2026-09-19T16:58:56+00:00,result-service,3,10,cpu:
2026-09-19T16:58:56+00:00,triage-service,5,10,cpu:
2026-09-19T16:59:04+00:00,audit-service,10,10,cpu:
2026-09-19T16:59:04+00:00,auth-service,2,10,cpu:
2026-09-19T16:59:04+00:00,consent-service,3,10,cpu:
2026-09-19T16:59:04+00:00,exam-service,2,10,cpu:
2026-09-19T16:59:04+00:00,history-service,10,10,cpu:
2026-09-19T16:59:04+00:00,lab-service,2,10,cpu:
2026-09-19T16:59:04+00:00,notification-service,5,10,cpu:
2026-09-19T16:59:04+00:00,patient-service,3,10,cpu:
2026-09-19T16:59:04+00:00,result-service,3,10,cpu:
2026-09-19T16:59:04+00:00,triage-service,5,10,cpu:
2026-09-19T16:59:09+00:00,audit-service,10,10,cpu:
2026-09-19T16:59:09+00:00,auth-service,2,10,cpu:
2026-09-19T16:59:09+00:00,consent-service,3,10,cpu:
2026-09-19T16:59:09+00:00,exam-service,2,10,cpu:
2026-09-19T16:59:09+00:00,history-service,10,10,cpu:
2026-09-19T16:59:09+00:00,lab-service,2,10,cpu:
2026-09-19T16:59:09+00:00,notification-service,5,10,cpu:
2026-09-19T16:59:09+00:00,patient-service,3,10,cpu:
2026-09-19T16:59:09+00:00,result-service,3,10,cpu:
2026-09-19T16:59:09+00:00,triage-service,5,10,cpu:
2026-09-19T16:59:15+00:00,audit-service,10,10,cpu:
2026-09-19T16:59:15+00:00,auth-service,2,10,cpu:
2026-09-19T16:59:15+00:00,consent-service,3,10,cpu:
2026-09-19T16:59:15+00:00,exam-service,2,10,cpu:
2026-09-19T16:59:15+00:00,history-service,10,10,cpu:
2026-09-19T16:59:15+00:00,lab-service,2,10,cpu:
2026-09-19T16:59:15+00:00,notification-service,5,10,cpu:
2026-09-19T16:59:15+00:00,patient-service,3,10,cpu:
2026-09-19T16:59:15+00:00,result-service,3,10,cpu:
2026-09-19T16:59:15+00:00,triage-service,5,10,cpu:
2026-09-19T16:59:24+00:00,audit-service,10,10,cpu:
2026-09-19T16:59:24+00:00,auth-service,2,10,cpu:
2026-09-19T16:59:24+00:00,consent-service,3,10,cpu:
2026-09-19T16:59:24+00:00,exam-service,2,10,cpu:
2026-09-19T16:59:24+00:00,history-service,10,10,cpu:
2026-09-19T16:59:24+00:00,lab-service,2,10,cpu:
2026-09-19T16:59:24+00:00,notification-service,5,10,cpu:
2026-09-19T16:59:24+00:00,patient-service,3,10,cpu:
2026-09-19T16:59:24+00:00,result-service,3,10,cpu:
2026-09-19T16:59:24+00:00,triage-service,5,10,cpu:
2026-09-19T16:59:29+00:00,audit-service,10,10,cpu:
2026-09-19T16:59:29+00:00,auth-service,2,10,cpu:
2026-09-19T16:59:29+00:00,consent-service,3,10,cpu:
2026-09-19T16:59:29+00:00,exam-service,2,10,cpu:
2026-09-19T16:59:29+00:00,history-service,10,10,cpu:
2026-09-19T16:59:29+00:00,lab-service,2,10,cpu:
2026-09-19T16:59:29+00:00,notification-service,5,10,cpu:
2026-09-19T16:59:29+00:00,patient-service,3,10,cpu:
2026-09-19T16:59:29+00:00,result-service,3,10,cpu:
2026-09-19T16:59:29+00:00,triage-service,5,10,cpu:
2026-09-19T16:59:35+00:00,audit-service,10,10,cpu:
2026-09-19T16:59:35+00:00,auth-service,2,10,cpu:
2026-09-19T16:59:35+00:00,consent-service,3,10,cpu:
2026-09-19T16:59:35+00:00,exam-service,2,10,cpu:
2026-09-19T16:59:35+00:00,history-service,10,10,cpu:
2026-09-19T16:59:35+00:00,lab-service,2,10,cpu:
2026-09-19T16:59:35+00:00,notification-service,5,10,cpu:
2026-09-19T16:59:35+00:00,patient-service,3,10,cpu:
2026-09-19T16:59:35+00:00,result-service,3,10,cpu:
2026-09-19T16:59:35+00:00,triage-service,5,10,cpu:
2026-09-19T16:59:43+00:00,audit-service,10,10,cpu:
2026-09-19T16:59:43+00:00,auth-service,2,10,cpu:
2026-09-19T16:59:43+00:00,consent-service,3,10,cpu:
2026-09-19T16:59:43+00:00,exam-service,2,10,cpu:
2026-09-19T16:59:43+00:00,history-service,10,10,cpu:
2026-09-19T16:59:43+00:00,lab-service,2,10,cpu:
2026-09-19T16:59:43+00:00,notification-service,5,10,cpu:
2026-09-19T16:59:43+00:00,patient-service,3,10,cpu:
2026-09-19T16:59:43+00:00,result-service,3,10,cpu:
2026-09-19T16:59:43+00:00,triage-service,5,10,cpu:
2026-09-19T16:59:49+00:00,audit-service,10,10,cpu:
2026-09-19T16:59:49+00:00,auth-service,2,10,cpu:
2026-09-19T16:59:49+00:00,consent-service,3,10,cpu:
2026-09-19T16:59:49+00:00,exam-service,2,10,cpu:
2026-09-19T16:59:49+00:00,history-service,10,10,cpu:
2026-09-19T16:59:49+00:00,lab-service,2,10,cpu:
2026-09-19T16:59:49+00:00,notification-service,5,10,cpu:
2026-09-19T16:59:49+00:00,patient-service,3,10,cpu:
2026-09-19T16:59:49+00:00,result-service,3,10,cpu:
2026-09-19T16:59:49+00:00,triage-service,5,10,cpu:
2026-09-19T16:59:55+00:00,audit-service,10,10,cpu:
2026-09-19T16:59:55+00:00,auth-service,2,10,cpu:
2026-09-19T16:59:55+00:00,consent-service,3,10,cpu:
2026-09-19T16:59:55+00:00,exam-service,2,10,cpu:
2026-09-19T16:59:55+00:00,history-service,10,10,cpu:
2026-09-19T16:59:55+00:00,lab-service,2,10,cpu:
2026-09-19T16:59:55+00:00,notification-service,5,10,cpu:
2026-09-19T16:59:55+00:00,patient-service,3,10,cpu:
2026-09-19T16:59:55+00:00,result-service,3,10,cpu:
2026-09-19T16:59:55+00:00,triage-service,5,10,cpu:
2026-09-19T17:00:03+00:00,audit-service,10,10,cpu:
2026-09-19T17:00:03+00:00,auth-service,2,10,cpu:
2026-09-19T17:00:03+00:00,consent-service,3,10,cpu:
2026-09-19T17:00:03+00:00,exam-service,2,10,cpu:
2026-09-19T17:00:03+00:00,history-service,10,10,cpu:
2026-09-19T17:00:03+00:00,lab-service,2,10,cpu:
2026-09-19T17:00:03+00:00,notification-service,5,10,cpu:
2026-09-19T17:00:03+00:00,patient-service,3,10,cpu:
2026-09-19T17:00:03+00:00,result-service,3,10,cpu:
2026-09-19T17:00:03+00:00,triage-service,5,10,cpu:
2026-09-19T17:00:08+00:00,audit-service,10,10,cpu:
2026-09-19T17:00:08+00:00,auth-service,2,10,cpu:
2026-09-19T17:00:08+00:00,consent-service,3,10,cpu:
2026-09-19T17:00:08+00:00,exam-service,2,10,cpu:
2026-09-19T17:00:08+00:00,history-service,10,10,cpu:
2026-09-19T17:00:08+00:00,lab-service,2,10,cpu:
2026-09-19T17:00:08+00:00,notification-service,5,10,cpu:
2026-09-19T17:00:08+00:00,patient-service,3,10,cpu:
2026-09-19T17:00:08+00:00,result-service,3,10,cpu:
2026-09-19T17:00:08+00:00,triage-service,5,10,cpu:
2026-09-19T17:00:14+00:00,audit-service,10,10,cpu:
2026-09-19T17:00:14+00:00,auth-service,2,10,cpu:
2026-09-19T17:00:14+00:00,consent-service,3,10,cpu:
2026-09-19T17:00:14+00:00,exam-service,2,10,cpu:
2026-09-19T17:00:14+00:00,history-service,10,10,cpu:
2026-09-19T17:00:14+00:00,lab-service,2,10,cpu:
2026-09-19T17:00:14+00:00,notification-service,5,10,cpu:
2026-09-19T17:00:14+00:00,patient-service,3,10,cpu:
2026-09-19T17:00:14+00:00,result-service,3,10,cpu:
2026-09-19T17:00:14+00:00,triage-service,5,10,cpu:
2026-09-19T17:00:22+00:00,audit-service,10,10,cpu:
2026-09-19T17:00:22+00:00,auth-service,2,10,cpu:
2026-09-19T17:00:22+00:00,consent-service,3,10,cpu:
2026-09-19T17:00:22+00:00,exam-service,2,10,cpu:
2026-09-19T17:00:22+00:00,history-service,10,10,cpu:
2026-09-19T17:00:22+00:00,lab-service,2,10,cpu:
2026-09-19T17:00:22+00:00,notification-service,5,10,cpu:
2026-09-19T17:00:22+00:00,patient-service,3,10,cpu:
2026-09-19T17:00:22+00:00,result-service,3,10,cpu:
2026-09-19T17:00:22+00:00,triage-service,5,10,cpu:
2026-09-19T17:00:28+00:00,audit-service,10,10,cpu:
2026-09-19T17:00:28+00:00,auth-service,2,10,cpu:
2026-09-19T17:00:28+00:00,consent-service,3,10,cpu:
2026-09-19T17:00:28+00:00,exam-service,2,10,cpu:
2026-09-19T17:00:28+00:00,history-service,10,10,cpu:
2026-09-19T17:00:28+00:00,lab-service,2,10,cpu:
2026-09-19T17:00:28+00:00,notification-service,5,10,cpu:
2026-09-19T17:00:28+00:00,patient-service,3,10,cpu:
2026-09-19T17:00:28+00:00,result-service,3,10,cpu:
2026-09-19T17:00:28+00:00,triage-service,5,10,cpu:
2026-09-19T17:00:33+00:00,audit-service,10,10,cpu:
2026-09-19T17:00:33+00:00,auth-service,2,10,cpu:
2026-09-19T17:00:33+00:00,consent-service,2,10,cpu:
2026-09-19T17:00:33+00:00,exam-service,2,10,cpu:
2026-09-19T17:00:33+00:00,history-service,10,10,cpu:
2026-09-19T17:00:33+00:00,lab-service,2,10,cpu:
2026-09-19T17:00:33+00:00,notification-service,5,10,cpu:
2026-09-19T17:00:33+00:00,patient-service,2,10,cpu:
2026-09-19T17:00:33+00:00,result-service,2,10,cpu:
2026-09-19T17:00:33+00:00,triage-service,5,10,cpu:
2026-09-19T17:00:41+00:00,audit-service,10,10,cpu:
2026-09-19T17:00:41+00:00,auth-service,2,10,cpu:
2026-09-19T17:00:41+00:00,consent-service,2,10,cpu:
2026-09-19T17:00:41+00:00,exam-service,2,10,cpu:
2026-09-19T17:00:41+00:00,history-service,10,10,cpu:
2026-09-19T17:00:41+00:00,lab-service,2,10,cpu:
2026-09-19T17:00:41+00:00,notification-service,5,10,cpu:
2026-09-19T17:00:41+00:00,patient-service,2,10,cpu:
2026-09-19T17:00:41+00:00,result-service,2,10,cpu:
2026-09-19T17:00:41+00:00,triage-service,5,10,cpu:
2026-09-19T17:00:47+00:00,audit-service,10,10,cpu:
2026-09-19T17:00:47+00:00,auth-service,2,10,cpu:
2026-09-19T17:00:47+00:00,consent-service,2,10,cpu:
2026-09-19T17:00:47+00:00,exam-service,2,10,cpu:
2026-09-19T17:00:47+00:00,history-service,10,10,cpu:
2026-09-19T17:00:47+00:00,lab-service,2,10,cpu:
2026-09-19T17:00:47+00:00,notification-service,5,10,cpu:
2026-09-19T17:00:47+00:00,patient-service,2,10,cpu:
2026-09-19T17:00:47+00:00,result-service,2,10,cpu:
2026-09-19T17:00:47+00:00,triage-service,5,10,cpu:
2026-09-19T17:00:53+00:00,audit-service,10,10,cpu:
2026-09-19T17:00:53+00:00,auth-service,2,10,cpu:
2026-09-19T17:00:53+00:00,consent-service,2,10,cpu:
2026-09-19T17:00:53+00:00,exam-service,2,10,cpu:
2026-09-19T17:00:53+00:00,history-service,10,10,cpu:
2026-09-19T17:00:53+00:00,lab-service,2,10,cpu:
2026-09-19T17:00:53+00:00,notification-service,5,10,cpu:
2026-09-19T17:00:53+00:00,patient-service,2,10,cpu:
2026-09-19T17:00:53+00:00,result-service,2,10,cpu:
2026-09-19T17:00:53+00:00,triage-service,5,10,cpu:
2026-09-19T17:01:01+00:00,audit-service,10,10,cpu:
2026-09-19T17:01:01+00:00,auth-service,2,10,cpu:
2026-09-19T17:01:01+00:00,consent-service,2,10,cpu:
2026-09-19T17:01:01+00:00,exam-service,2,10,cpu:
2026-09-19T17:01:01+00:00,history-service,10,10,cpu:
2026-09-19T17:01:01+00:00,lab-service,2,10,cpu:
2026-09-19T17:01:01+00:00,notification-service,5,10,cpu:
2026-09-19T17:01:01+00:00,patient-service,2,10,cpu:
2026-09-19T17:01:01+00:00,result-service,2,10,cpu:
2026-09-19T17:01:01+00:00,triage-service,5,10,cpu:
2026-09-19T17:01:08+00:00,audit-service,10,10,cpu:
2026-09-19T17:01:08+00:00,auth-service,2,10,cpu:
2026-09-19T17:01:08+00:00,consent-service,2,10,cpu:
2026-09-19T17:01:08+00:00,exam-service,2,10,cpu:
2026-09-19T17:01:08+00:00,history-service,10,10,cpu:
2026-09-19T17:01:08+00:00,lab-service,2,10,cpu:
2026-09-19T17:01:08+00:00,notification-service,5,10,cpu:
2026-09-19T17:01:08+00:00,patient-service,2,10,cpu:
2026-09-19T17:01:08+00:00,result-service,2,10,cpu:
2026-09-19T17:01:08+00:00,triage-service,5,10,cpu:
2026-09-19T17:01:13+00:00,audit-service,10,10,cpu:
2026-09-19T17:01:13+00:00,auth-service,2,10,cpu:
2026-09-19T17:01:13+00:00,consent-service,2,10,cpu:
2026-09-19T17:01:13+00:00,exam-service,2,10,cpu:
2026-09-19T17:01:13+00:00,history-service,10,10,cpu:
2026-09-19T17:01:13+00:00,lab-service,2,10,cpu:
2026-09-19T17:01:13+00:00,notification-service,5,10,cpu:
2026-09-19T17:01:13+00:00,patient-service,2,10,cpu:
2026-09-19T17:01:13+00:00,result-service,2,10,cpu:
2026-09-19T17:01:13+00:00,triage-service,5,10,cpu:
2026-09-19T17:01:21+00:00,audit-service,10,10,cpu:
2026-09-19T17:01:21+00:00,auth-service,2,10,cpu:
2026-09-19T17:01:21+00:00,consent-service,2,10,cpu:
2026-09-19T17:01:21+00:00,exam-service,2,10,cpu:
2026-09-19T17:01:21+00:00,history-service,10,10,cpu:
2026-09-19T17:01:21+00:00,lab-service,2,10,cpu:
2026-09-19T17:01:21+00:00,notification-service,5,10,cpu:
2026-09-19T17:01:21+00:00,patient-service,2,10,cpu:
2026-09-19T17:01:21+00:00,result-service,2,10,cpu:
2026-09-19T17:01:21+00:00,triage-service,5,10,cpu:
2026-09-19T17:01:27+00:00,audit-service,10,10,cpu:
2026-09-19T17:01:27+00:00,auth-service,2,10,cpu:
2026-09-19T17:01:27+00:00,consent-service,2,10,cpu:
2026-09-19T17:01:27+00:00,exam-service,2,10,cpu:
2026-09-19T17:01:27+00:00,history-service,10,10,cpu:
2026-09-19T17:01:27+00:00,lab-service,2,10,cpu:
2026-09-19T17:01:27+00:00,notification-service,5,10,cpu:
2026-09-19T17:01:27+00:00,patient-service,2,10,cpu:
2026-09-19T17:01:27+00:00,result-service,2,10,cpu:
2026-09-19T17:01:27+00:00,triage-service,5,10,cpu:
2026-09-19T17:01:32+00:00,audit-service,10,10,cpu:
2026-09-19T17:01:32+00:00,auth-service,2,10,cpu:
2026-09-19T17:01:32+00:00,consent-service,2,10,cpu:
2026-09-19T17:01:32+00:00,exam-service,2,10,cpu:
2026-09-19T17:01:32+00:00,history-service,10,10,cpu:
2026-09-19T17:01:32+00:00,lab-service,2,10,cpu:
2026-09-19T17:01:32+00:00,notification-service,5,10,cpu:
2026-09-19T17:01:32+00:00,patient-service,2,10,cpu:
2026-09-19T17:01:32+00:00,result-service,2,10,cpu:
2026-09-19T17:01:32+00:00,triage-service,5,10,cpu:
2026-09-19T17:01:40+00:00,audit-service,10,10,cpu:
2026-09-19T17:01:40+00:00,auth-service,2,10,cpu:
2026-09-19T17:01:40+00:00,consent-service,2,10,cpu:
2026-09-19T17:01:40+00:00,exam-service,2,10,cpu:
2026-09-19T17:01:40+00:00,history-service,10,10,cpu:
2026-09-19T17:01:40+00:00,lab-service,2,10,cpu:
2026-09-19T17:01:40+00:00,notification-service,5,10,cpu:
2026-09-19T17:01:40+00:00,patient-service,2,10,cpu:
2026-09-19T17:01:40+00:00,result-service,2,10,cpu:
2026-09-19T17:01:40+00:00,triage-service,5,10,cpu:
2026-09-19T17:01:45+00:00,audit-service,10,10,cpu:
2026-09-19T17:01:45+00:00,auth-service,2,10,cpu:
2026-09-19T17:01:45+00:00,consent-service,2,10,cpu:
2026-09-19T17:01:45+00:00,exam-service,2,10,cpu:
2026-09-19T17:01:45+00:00,history-service,10,10,cpu:
2026-09-19T17:01:45+00:00,lab-service,2,10,cpu:
2026-09-19T17:01:45+00:00,notification-service,5,10,cpu:
2026-09-19T17:01:45+00:00,patient-service,2,10,cpu:
2026-09-19T17:01:45+00:00,result-service,2,10,cpu:
2026-09-19T17:01:45+00:00,triage-service,5,10,cpu:
2026-09-19T17:01:51+00:00,audit-service,10,10,cpu:
2026-09-19T17:01:51+00:00,auth-service,2,10,cpu:
2026-09-19T17:01:51+00:00,consent-service,2,10,cpu:
2026-09-19T17:01:51+00:00,exam-service,2,10,cpu:
2026-09-19T17:01:51+00:00,history-service,10,10,cpu:
2026-09-19T17:01:51+00:00,lab-service,2,10,cpu:
2026-09-19T17:01:51+00:00,notification-service,5,10,cpu:
2026-09-19T17:01:51+00:00,patient-service,2,10,cpu:
2026-09-19T17:01:51+00:00,result-service,2,10,cpu:
2026-09-19T17:01:51+00:00,triage-service,5,10,cpu:
2026-09-19T17:02:03+00:00,audit-service,10,10,cpu:
2026-09-19T17:02:03+00:00,auth-service,2,10,cpu:
2026-09-19T17:02:03+00:00,consent-service,2,10,cpu:
2026-09-19T17:02:03+00:00,exam-service,2,10,cpu:
2026-09-19T17:02:03+00:00,history-service,10,10,cpu:
2026-09-19T17:02:03+00:00,lab-service,2,10,cpu:
2026-09-19T17:02:03+00:00,notification-service,5,10,cpu:
2026-09-19T17:02:03+00:00,patient-service,2,10,cpu:
2026-09-19T17:02:03+00:00,result-service,2,10,cpu:
2026-09-19T17:02:03+00:00,triage-service,5,10,cpu:
2026-09-19T17:02:09+00:00,audit-service,10,10,cpu:
2026-09-19T17:02:09+00:00,auth-service,2,10,cpu:
2026-09-19T17:02:09+00:00,consent-service,2,10,cpu:
2026-09-19T17:02:09+00:00,exam-service,2,10,cpu:
2026-09-19T17:02:09+00:00,history-service,10,10,cpu:
2026-09-19T17:02:09+00:00,lab-service,2,10,cpu:
2026-09-19T17:02:09+00:00,notification-service,5,10,cpu:
2026-09-19T17:02:09+00:00,patient-service,2,10,cpu:
2026-09-19T17:02:09+00:00,result-service,2,10,cpu:
2026-09-19T17:02:09+00:00,triage-service,5,10,cpu:
2026-09-19T17:02:15+00:00,audit-service,10,10,cpu:
2026-09-19T17:02:15+00:00,auth-service,2,10,cpu:
2026-09-19T17:02:15+00:00,consent-service,2,10,cpu:
2026-09-19T17:02:15+00:00,exam-service,2,10,cpu:
2026-09-19T17:02:15+00:00,history-service,10,10,cpu:
2026-09-19T17:02:15+00:00,lab-service,2,10,cpu:
2026-09-19T17:02:15+00:00,notification-service,5,10,cpu:
2026-09-19T17:02:15+00:00,patient-service,2,10,cpu:
2026-09-19T17:02:15+00:00,result-service,2,10,cpu:
2026-09-19T17:02:15+00:00,triage-service,5,10,cpu:
2026-09-19T17:02:27+00:00,audit-service,10,10,cpu:
2026-09-19T17:02:27+00:00,auth-service,2,10,cpu:
2026-09-19T17:02:27+00:00,consent-service,3,10,cpu:
2026-09-19T17:02:27+00:00,exam-service,2,10,cpu:
2026-09-19T17:02:27+00:00,history-service,10,10,cpu:
2026-09-19T17:02:27+00:00,lab-service,2,10,cpu:
2026-09-19T17:02:27+00:00,notification-service,5,10,cpu:
2026-09-19T17:02:27+00:00,patient-service,4,10,cpu:
2026-09-19T17:02:27+00:00,result-service,4,10,cpu:
2026-09-19T17:02:27+00:00,triage-service,5,10,cpu:
2026-09-19T17:02:33+00:00,audit-service,10,10,cpu:
2026-09-19T17:02:33+00:00,auth-service,2,10,cpu:
2026-09-19T17:02:33+00:00,consent-service,3,10,cpu:
2026-09-19T17:02:33+00:00,exam-service,2,10,cpu:
2026-09-19T17:02:33+00:00,history-service,10,10,cpu:
2026-09-19T17:02:33+00:00,lab-service,2,10,cpu:
2026-09-19T17:02:33+00:00,notification-service,5,10,cpu:
2026-09-19T17:02:33+00:00,patient-service,8,10,cpu:
2026-09-19T17:02:33+00:00,result-service,8,10,cpu:
2026-09-19T17:02:33+00:00,triage-service,5,10,cpu:
2026-09-19T17:02:40+00:00,audit-service,10,10,cpu:
2026-09-19T17:02:40+00:00,auth-service,2,10,cpu:
2026-09-19T17:02:40+00:00,consent-service,6,10,cpu:
2026-09-19T17:02:40+00:00,exam-service,2,10,cpu:
2026-09-19T17:02:40+00:00,history-service,10,10,cpu:
2026-09-19T17:02:40+00:00,lab-service,2,10,cpu:
2026-09-19T17:02:40+00:00,notification-service,5,10,cpu:
2026-09-19T17:02:40+00:00,patient-service,8,10,cpu:
2026-09-19T17:02:40+00:00,result-service,8,10,cpu:
2026-09-19T17:02:40+00:00,triage-service,5,10,cpu:
2026-09-19T17:02:51+00:00,audit-service,10,10,cpu:
2026-09-19T17:02:51+00:00,auth-service,2,10,cpu:
2026-09-19T17:02:51+00:00,consent-service,10,10,cpu:
2026-09-19T17:02:51+00:00,exam-service,2,10,cpu:
2026-09-19T17:02:51+00:00,history-service,10,10,cpu:
2026-09-19T17:02:51+00:00,lab-service,2,10,cpu:
2026-09-19T17:02:51+00:00,notification-service,5,10,cpu:
2026-09-19T17:02:51+00:00,patient-service,10,10,cpu:
2026-09-19T17:02:51+00:00,result-service,10,10,cpu:
2026-09-19T17:02:51+00:00,triage-service,5,10,cpu:
2026-09-19T17:02:58+00:00,audit-service,10,10,cpu:
2026-09-19T17:02:58+00:00,auth-service,2,10,cpu:
2026-09-19T17:02:58+00:00,consent-service,10,10,cpu:
2026-09-19T17:02:58+00:00,exam-service,2,10,cpu:
2026-09-19T17:02:58+00:00,history-service,10,10,cpu:
2026-09-19T17:02:58+00:00,lab-service,2,10,cpu:
2026-09-19T17:02:58+00:00,notification-service,5,10,cpu:
2026-09-19T17:02:58+00:00,patient-service,10,10,cpu:
2026-09-19T17:02:58+00:00,result-service,10,10,cpu:
2026-09-19T17:02:58+00:00,triage-service,5,10,cpu:
2026-09-19T17:03:03+00:00,audit-service,10,10,cpu:
2026-09-19T17:03:03+00:00,auth-service,2,10,cpu:
2026-09-19T17:03:03+00:00,consent-service,10,10,cpu:
2026-09-19T17:03:03+00:00,exam-service,2,10,cpu:
2026-09-19T17:03:03+00:00,history-service,10,10,cpu:
2026-09-19T17:03:03+00:00,lab-service,2,10,cpu:
2026-09-19T17:03:03+00:00,notification-service,5,10,cpu:
2026-09-19T17:03:03+00:00,patient-service,10,10,cpu:
2026-09-19T17:03:03+00:00,result-service,10,10,cpu:
2026-09-19T17:03:03+00:00,triage-service,5,10,cpu:
2026-09-19T17:03:14+00:00,audit-service,10,10,cpu:
2026-09-19T17:03:14+00:00,auth-service,2,10,cpu:
2026-09-19T17:03:14+00:00,consent-service,10,10,cpu:
2026-09-19T17:03:14+00:00,exam-service,2,10,cpu:
2026-09-19T17:03:14+00:00,history-service,10,10,cpu:
2026-09-19T17:03:14+00:00,lab-service,2,10,cpu:
2026-09-19T17:03:14+00:00,notification-service,5,10,cpu:
2026-09-19T17:03:14+00:00,patient-service,10,10,cpu:
2026-09-19T17:03:14+00:00,result-service,10,10,cpu:
2026-09-19T17:03:14+00:00,triage-service,5,10,cpu:
2026-09-19T17:03:20+00:00,audit-service,10,10,cpu:
2026-09-19T17:03:20+00:00,auth-service,2,10,cpu:
2026-09-19T17:03:20+00:00,consent-service,10,10,cpu:
2026-09-19T17:03:20+00:00,exam-service,2,10,cpu:
2026-09-19T17:03:20+00:00,history-service,10,10,cpu:
2026-09-19T17:03:20+00:00,lab-service,2,10,cpu:
2026-09-19T17:03:20+00:00,notification-service,5,10,cpu:
2026-09-19T17:03:20+00:00,patient-service,10,10,cpu:
2026-09-19T17:03:20+00:00,result-service,10,10,cpu:
2026-09-19T17:03:20+00:00,triage-service,5,10,cpu:
2026-09-19T17:03:27+00:00,audit-service,10,10,cpu:
2026-09-19T17:03:27+00:00,auth-service,2,10,cpu:
2026-09-19T17:03:27+00:00,consent-service,10,10,cpu:
2026-09-19T17:03:27+00:00,exam-service,2,10,cpu:
2026-09-19T17:03:27+00:00,history-service,10,10,cpu:
2026-09-19T17:03:27+00:00,lab-service,2,10,cpu:
2026-09-19T17:03:27+00:00,notification-service,5,10,cpu:
2026-09-19T17:03:27+00:00,patient-service,10,10,cpu:
2026-09-19T17:03:27+00:00,result-service,10,10,cpu:
2026-09-19T17:03:27+00:00,triage-service,5,10,cpu:
2026-09-19T17:03:39+00:00,audit-service,10,10,cpu:
2026-09-19T17:03:39+00:00,auth-service,2,10,cpu:
2026-09-19T17:03:39+00:00,consent-service,10,10,cpu:
2026-09-19T17:03:39+00:00,exam-service,2,10,cpu:
2026-09-19T17:03:39+00:00,history-service,10,10,cpu:
2026-09-19T17:03:39+00:00,lab-service,2,10,cpu:
2026-09-19T17:03:39+00:00,notification-service,5,10,cpu:
2026-09-19T17:03:39+00:00,patient-service,10,10,cpu:
2026-09-19T17:03:39+00:00,result-service,10,10,cpu:
2026-09-19T17:03:39+00:00,triage-service,5,10,cpu:
2026-09-19T17:03:45+00:00,audit-service,10,10,cpu:
2026-09-19T17:03:45+00:00,auth-service,2,10,cpu:
2026-09-19T17:03:45+00:00,consent-service,10,10,cpu:
2026-09-19T17:03:45+00:00,exam-service,2,10,cpu:
2026-09-19T17:03:45+00:00,history-service,10,10,cpu:
2026-09-19T17:03:45+00:00,lab-service,2,10,cpu:
2026-09-19T17:03:45+00:00,notification-service,5,10,cpu:
2026-09-19T17:03:45+00:00,patient-service,10,10,cpu:
2026-09-19T17:03:45+00:00,result-service,10,10,cpu:
2026-09-19T17:03:45+00:00,triage-service,5,10,cpu:
2026-09-19T17:03:52+00:00,audit-service,10,10,cpu:
2026-09-19T17:03:52+00:00,auth-service,2,10,cpu:
2026-09-19T17:03:52+00:00,consent-service,10,10,cpu:
2026-09-19T17:03:52+00:00,exam-service,2,10,cpu:
2026-09-19T17:03:52+00:00,history-service,10,10,cpu:
2026-09-19T17:03:52+00:00,lab-service,2,10,cpu:
2026-09-19T17:03:52+00:00,notification-service,5,10,cpu:
2026-09-19T17:03:52+00:00,patient-service,10,10,cpu:
2026-09-19T17:03:52+00:00,result-service,10,10,cpu:
2026-09-19T17:03:52+00:00,triage-service,5,10,cpu:
2026-09-19T17:04:03+00:00,audit-service,10,10,cpu:
2026-09-19T17:04:03+00:00,auth-service,2,10,cpu:
2026-09-19T17:04:03+00:00,consent-service,10,10,cpu:
2026-09-19T17:04:03+00:00,exam-service,2,10,cpu:
2026-09-19T17:04:03+00:00,history-service,10,10,cpu:
2026-09-19T17:04:03+00:00,lab-service,2,10,cpu:
2026-09-19T17:04:03+00:00,notification-service,5,10,cpu:
2026-09-19T17:04:03+00:00,patient-service,10,10,cpu:
2026-09-19T17:04:03+00:00,result-service,10,10,cpu:
2026-09-19T17:04:03+00:00,triage-service,5,10,cpu:
2026-09-19T17:04:10+00:00,audit-service,10,10,cpu:
2026-09-19T17:04:10+00:00,auth-service,2,10,cpu:
2026-09-19T17:04:10+00:00,consent-service,10,10,cpu:
2026-09-19T17:04:10+00:00,exam-service,2,10,cpu:
2026-09-19T17:04:10+00:00,history-service,10,10,cpu:
2026-09-19T17:04:10+00:00,lab-service,2,10,cpu:
2026-09-19T17:04:10+00:00,notification-service,5,10,cpu:
2026-09-19T17:04:10+00:00,patient-service,10,10,cpu:
2026-09-19T17:04:10+00:00,result-service,10,10,cpu:
2026-09-19T17:04:10+00:00,triage-service,5,10,cpu:
2026-09-19T17:04:17+00:00,audit-service,10,10,cpu:
2026-09-19T17:04:17+00:00,auth-service,2,10,cpu:
2026-09-19T17:04:17+00:00,consent-service,10,10,cpu:
2026-09-19T17:04:17+00:00,exam-service,2,10,cpu:
2026-09-19T17:04:17+00:00,history-service,10,10,cpu:
2026-09-19T17:04:17+00:00,lab-service,2,10,cpu:
2026-09-19T17:04:17+00:00,notification-service,5,10,cpu:
2026-09-19T17:04:17+00:00,patient-service,10,10,cpu:
2026-09-19T17:04:17+00:00,result-service,10,10,cpu:
2026-09-19T17:04:17+00:00,triage-service,5,10,cpu:
2026-09-19T17:04:28+00:00,audit-service,10,10,cpu:
2026-09-19T17:04:28+00:00,auth-service,2,10,cpu:
2026-09-19T17:04:28+00:00,consent-service,10,10,cpu:
2026-09-19T17:04:28+00:00,exam-service,2,10,cpu:
2026-09-19T17:04:28+00:00,history-service,10,10,cpu:
2026-09-19T17:04:28+00:00,lab-service,2,10,cpu:
2026-09-19T17:04:28+00:00,notification-service,5,10,cpu:
2026-09-19T17:04:28+00:00,patient-service,10,10,cpu:
2026-09-19T17:04:28+00:00,result-service,10,10,cpu:
2026-09-19T17:04:28+00:00,triage-service,5,10,cpu:
2026-09-19T17:04:35+00:00,audit-service,10,10,cpu:
2026-09-19T17:04:35+00:00,auth-service,2,10,cpu:
2026-09-19T17:04:35+00:00,consent-service,10,10,cpu:
2026-09-19T17:04:35+00:00,exam-service,2,10,cpu:
2026-09-19T17:04:35+00:00,history-service,10,10,cpu:
2026-09-19T17:04:35+00:00,lab-service,2,10,cpu:
2026-09-19T17:04:35+00:00,notification-service,2,10,cpu:
2026-09-19T17:04:35+00:00,patient-service,10,10,cpu:
2026-09-19T17:04:35+00:00,result-service,10,10,cpu:
2026-09-19T17:04:35+00:00,triage-service,5,10,cpu:
2026-09-19T17:04:41+00:00,audit-service,10,10,cpu:
2026-09-19T17:04:41+00:00,auth-service,2,10,cpu:
2026-09-19T17:04:41+00:00,consent-service,10,10,cpu:
2026-09-19T17:04:41+00:00,exam-service,2,10,cpu:
2026-09-19T17:04:41+00:00,history-service,10,10,cpu:
2026-09-19T17:04:41+00:00,lab-service,2,10,cpu:
2026-09-19T17:04:41+00:00,notification-service,2,10,cpu:
2026-09-19T17:04:41+00:00,patient-service,10,10,cpu:
2026-09-19T17:04:41+00:00,result-service,10,10,cpu:
2026-09-19T17:04:41+00:00,triage-service,5,10,cpu:
2026-09-19T17:04:53+00:00,audit-service,10,10,cpu:
2026-09-19T17:04:53+00:00,auth-service,2,10,cpu:
2026-09-19T17:04:53+00:00,consent-service,10,10,cpu:
2026-09-19T17:04:53+00:00,exam-service,2,10,cpu:
2026-09-19T17:04:53+00:00,history-service,10,10,cpu:
2026-09-19T17:04:53+00:00,lab-service,2,10,cpu:
2026-09-19T17:04:53+00:00,notification-service,2,10,cpu:
2026-09-19T17:04:53+00:00,patient-service,10,10,cpu:
2026-09-19T17:04:53+00:00,result-service,10,10,cpu:
2026-09-19T17:04:53+00:00,triage-service,2,10,cpu:
2026-09-19T17:04:59+00:00,audit-service,10,10,cpu:
2026-09-19T17:04:59+00:00,auth-service,2,10,cpu:
2026-09-19T17:04:59+00:00,consent-service,10,10,cpu:
2026-09-19T17:04:59+00:00,exam-service,2,10,cpu:
2026-09-19T17:04:59+00:00,history-service,10,10,cpu:
2026-09-19T17:04:59+00:00,lab-service,2,10,cpu:
2026-09-19T17:04:59+00:00,notification-service,2,10,cpu:
2026-09-19T17:04:59+00:00,patient-service,10,10,cpu:
2026-09-19T17:04:59+00:00,result-service,10,10,cpu:
2026-09-19T17:04:59+00:00,triage-service,2,10,cpu:
2026-09-19T17:05:06+00:00,audit-service,10,10,cpu:
2026-09-19T17:05:06+00:00,auth-service,2,10,cpu:
2026-09-19T17:05:06+00:00,consent-service,10,10,cpu:
2026-09-19T17:05:06+00:00,exam-service,2,10,cpu:
2026-09-19T17:05:06+00:00,history-service,10,10,cpu:
2026-09-19T17:05:06+00:00,lab-service,2,10,cpu:
2026-09-19T17:05:06+00:00,notification-service,2,10,cpu:
2026-09-19T17:05:06+00:00,patient-service,10,10,cpu:
2026-09-19T17:05:06+00:00,result-service,10,10,cpu:
2026-09-19T17:05:06+00:00,triage-service,2,10,cpu:
2026-09-19T17:05:14+00:00,audit-service,10,10,cpu:
2026-09-19T17:05:14+00:00,auth-service,2,10,cpu:
2026-09-19T17:05:14+00:00,consent-service,10,10,cpu:
2026-09-19T17:05:14+00:00,exam-service,2,10,cpu:
2026-09-19T17:05:14+00:00,history-service,10,10,cpu:
2026-09-19T17:05:14+00:00,lab-service,2,10,cpu:
2026-09-19T17:05:14+00:00,notification-service,2,10,cpu:
2026-09-19T17:05:14+00:00,patient-service,10,10,cpu:
2026-09-19T17:05:14+00:00,result-service,10,10,cpu:
2026-09-19T17:05:14+00:00,triage-service,2,10,cpu:
2026-09-19T17:05:20+00:00,audit-service,5,10,cpu:
2026-09-19T17:05:20+00:00,auth-service,2,10,cpu:
2026-09-19T17:05:20+00:00,consent-service,10,10,cpu:
2026-09-19T17:05:20+00:00,exam-service,2,10,cpu:
2026-09-19T17:05:20+00:00,history-service,10,10,cpu:
2026-09-19T17:05:20+00:00,lab-service,2,10,cpu:
2026-09-19T17:05:20+00:00,notification-service,2,10,cpu:
2026-09-19T17:05:20+00:00,patient-service,10,10,cpu:
2026-09-19T17:05:20+00:00,result-service,10,10,cpu:
2026-09-19T17:05:20+00:00,triage-service,2,10,cpu:
2026-09-19T17:05:26+00:00,audit-service,5,10,cpu:
2026-09-19T17:05:26+00:00,auth-service,2,10,cpu:
2026-09-19T17:05:26+00:00,consent-service,10,10,cpu:
2026-09-19T17:05:26+00:00,exam-service,2,10,cpu:
2026-09-19T17:05:26+00:00,history-service,10,10,cpu:
2026-09-19T17:05:26+00:00,lab-service,2,10,cpu:
2026-09-19T17:05:26+00:00,notification-service,2,10,cpu:
2026-09-19T17:05:26+00:00,patient-service,10,10,cpu:
2026-09-19T17:05:26+00:00,result-service,10,10,cpu:
2026-09-19T17:05:26+00:00,triage-service,2,10,cpu:
2026-09-19T17:05:37+00:00,audit-service,4,10,cpu:
2026-09-19T17:05:37+00:00,auth-service,2,10,cpu:
2026-09-19T17:05:37+00:00,consent-service,10,10,cpu:
2026-09-19T17:05:37+00:00,exam-service,2,10,cpu:
2026-09-19T17:05:37+00:00,history-service,10,10,cpu:
2026-09-19T17:05:37+00:00,lab-service,2,10,cpu:
2026-09-19T17:05:37+00:00,notification-service,2,10,cpu:
2026-09-19T17:05:37+00:00,patient-service,10,10,cpu:
2026-09-19T17:05:37+00:00,result-service,10,10,cpu:
2026-09-19T17:05:37+00:00,triage-service,2,10,cpu:
2026-09-19T17:05:43+00:00,audit-service,4,10,cpu:
2026-09-19T17:05:43+00:00,auth-service,2,10,cpu:
2026-09-19T17:05:43+00:00,consent-service,10,10,cpu:
2026-09-19T17:05:43+00:00,exam-service,2,10,cpu:
2026-09-19T17:05:43+00:00,history-service,10,10,cpu:
2026-09-19T17:05:43+00:00,lab-service,2,10,cpu:
2026-09-19T17:05:43+00:00,notification-service,2,10,cpu:
2026-09-19T17:05:43+00:00,patient-service,10,10,cpu:
2026-09-19T17:05:43+00:00,result-service,10,10,cpu:
2026-09-19T17:05:43+00:00,triage-service,2,10,cpu:
2026-09-19T17:05:49+00:00,audit-service,4,10,cpu:
2026-09-19T17:05:49+00:00,auth-service,2,10,cpu:
2026-09-19T17:05:49+00:00,consent-service,10,10,cpu:
2026-09-19T17:05:49+00:00,exam-service,2,10,cpu:
2026-09-19T17:05:49+00:00,history-service,10,10,cpu:
2026-09-19T17:05:49+00:00,lab-service,2,10,cpu:
2026-09-19T17:05:49+00:00,notification-service,2,10,cpu:
2026-09-19T17:05:49+00:00,patient-service,10,10,cpu:
2026-09-19T17:05:49+00:00,result-service,10,10,cpu:
2026-09-19T17:05:49+00:00,triage-service,2,10,cpu:
2026-09-19T17:06:01+00:00,audit-service,4,10,cpu:
2026-09-19T17:06:01+00:00,auth-service,2,10,cpu:
2026-09-19T17:06:01+00:00,consent-service,10,10,cpu:
2026-09-19T17:06:01+00:00,exam-service,2,10,cpu:
2026-09-19T17:06:01+00:00,history-service,10,10,cpu:
2026-09-19T17:06:01+00:00,lab-service,2,10,cpu:
2026-09-19T17:06:01+00:00,notification-service,2,10,cpu:
2026-09-19T17:06:01+00:00,patient-service,10,10,cpu:
2026-09-19T17:06:01+00:00,result-service,10,10,cpu:
2026-09-19T17:06:01+00:00,triage-service,2,10,cpu:
2026-09-19T17:06:08+00:00,audit-service,4,10,cpu:
2026-09-19T17:06:08+00:00,auth-service,2,10,cpu:
2026-09-19T17:06:08+00:00,consent-service,10,10,cpu:
2026-09-19T17:06:08+00:00,exam-service,2,10,cpu:
2026-09-19T17:06:08+00:00,history-service,10,10,cpu:
2026-09-19T17:06:08+00:00,lab-service,2,10,cpu:
2026-09-19T17:06:08+00:00,notification-service,2,10,cpu:
2026-09-19T17:06:08+00:00,patient-service,10,10,cpu:
2026-09-19T17:06:08+00:00,result-service,10,10,cpu:
2026-09-19T17:06:08+00:00,triage-service,2,10,cpu:
2026-09-19T17:06:15+00:00,audit-service,4,10,cpu:
2026-09-19T17:06:15+00:00,auth-service,2,10,cpu:
2026-09-19T17:06:15+00:00,consent-service,10,10,cpu:
2026-09-19T17:06:15+00:00,exam-service,2,10,cpu:
2026-09-19T17:06:15+00:00,history-service,10,10,cpu:
2026-09-19T17:06:15+00:00,lab-service,2,10,cpu:
2026-09-19T17:06:15+00:00,notification-service,2,10,cpu:
2026-09-19T17:06:15+00:00,patient-service,10,10,cpu:
2026-09-19T17:06:15+00:00,result-service,10,10,cpu:
2026-09-19T17:06:15+00:00,triage-service,2,10,cpu:
2026-09-19T17:06:28+00:00,audit-service,4,10,cpu:
2026-09-19T17:06:28+00:00,auth-service,2,10,cpu:
2026-09-19T17:06:28+00:00,consent-service,10,10,cpu:
2026-09-19T17:06:28+00:00,exam-service,2,10,cpu:
2026-09-19T17:06:28+00:00,history-service,10,10,cpu:
2026-09-19T17:06:28+00:00,lab-service,2,10,cpu:
2026-09-19T17:06:28+00:00,notification-service,2,10,cpu:
2026-09-19T17:06:28+00:00,patient-service,10,10,cpu:
2026-09-19T17:06:28+00:00,result-service,10,10,cpu:
2026-09-19T17:06:28+00:00,triage-service,2,10,cpu:
2026-09-19T17:06:34+00:00,audit-service,4,10,cpu:
2026-09-19T17:06:34+00:00,auth-service,2,10,cpu:
2026-09-19T17:06:34+00:00,consent-service,10,10,cpu:
2026-09-19T17:06:34+00:00,exam-service,2,10,cpu:
2026-09-19T17:06:34+00:00,history-service,10,10,cpu:
2026-09-19T17:06:34+00:00,lab-service,2,10,cpu:
2026-09-19T17:06:34+00:00,notification-service,2,10,cpu:
2026-09-19T17:06:34+00:00,patient-service,10,10,cpu:
2026-09-19T17:06:34+00:00,result-service,10,10,cpu:
2026-09-19T17:06:34+00:00,triage-service,2,10,cpu:
2026-09-19T17:06:41+00:00,audit-service,4,10,cpu:
2026-09-19T17:06:41+00:00,auth-service,2,10,cpu:
2026-09-19T17:06:41+00:00,consent-service,10,10,cpu:
2026-09-19T17:06:41+00:00,exam-service,2,10,cpu:
2026-09-19T17:06:41+00:00,history-service,10,10,cpu:
2026-09-19T17:06:41+00:00,lab-service,2,10,cpu:
2026-09-19T17:06:41+00:00,notification-service,2,10,cpu:
2026-09-19T17:06:41+00:00,patient-service,10,10,cpu:
2026-09-19T17:06:41+00:00,result-service,10,10,cpu:
2026-09-19T17:06:41+00:00,triage-service,2,10,cpu:
2026-09-19T17:06:53+00:00,audit-service,4,10,cpu:
2026-09-19T17:06:53+00:00,auth-service,2,10,cpu:
2026-09-19T17:06:53+00:00,consent-service,10,10,cpu:
2026-09-19T17:06:53+00:00,exam-service,2,10,cpu:
2026-09-19T17:06:53+00:00,history-service,10,10,cpu:
2026-09-19T17:06:53+00:00,lab-service,2,10,cpu:
2026-09-19T17:06:53+00:00,notification-service,2,10,cpu:
2026-09-19T17:06:53+00:00,patient-service,10,10,cpu:
2026-09-19T17:06:53+00:00,result-service,10,10,cpu:
2026-09-19T17:06:53+00:00,triage-service,2,10,cpu:
2026-09-19T17:06:59+00:00,audit-service,4,10,cpu:
2026-09-19T17:06:59+00:00,auth-service,2,10,cpu:
2026-09-19T17:06:59+00:00,consent-service,10,10,cpu:
2026-09-19T17:06:59+00:00,exam-service,2,10,cpu:
2026-09-19T17:06:59+00:00,history-service,10,10,cpu:
2026-09-19T17:06:59+00:00,lab-service,2,10,cpu:
2026-09-19T17:06:59+00:00,notification-service,2,10,cpu:
2026-09-19T17:06:59+00:00,patient-service,10,10,cpu:
2026-09-19T17:06:59+00:00,result-service,10,10,cpu:
2026-09-19T17:06:59+00:00,triage-service,2,10,cpu:
2026-09-19T17:07:05+00:00,audit-service,4,10,cpu:
2026-09-19T17:07:05+00:00,auth-service,2,10,cpu:
2026-09-19T17:07:05+00:00,consent-service,10,10,cpu:
2026-09-19T17:07:05+00:00,exam-service,2,10,cpu:
2026-09-19T17:07:05+00:00,history-service,10,10,cpu:
2026-09-19T17:07:05+00:00,lab-service,2,10,cpu:
2026-09-19T17:07:05+00:00,notification-service,2,10,cpu:
2026-09-19T17:07:05+00:00,patient-service,10,10,cpu:
2026-09-19T17:07:05+00:00,result-service,10,10,cpu:
2026-09-19T17:07:05+00:00,triage-service,2,10,cpu:
2026-09-19T17:07:17+00:00,audit-service,4,10,cpu:
2026-09-19T17:07:17+00:00,auth-service,2,10,cpu:
2026-09-19T17:07:17+00:00,consent-service,10,10,cpu:
2026-09-19T17:07:17+00:00,exam-service,2,10,cpu:
2026-09-19T17:07:17+00:00,history-service,10,10,cpu:
2026-09-19T17:07:17+00:00,lab-service,2,10,cpu:
2026-09-19T17:07:17+00:00,notification-service,2,10,cpu:
2026-09-19T17:07:17+00:00,patient-service,10,10,cpu:
2026-09-19T17:07:17+00:00,result-service,10,10,cpu:
2026-09-19T17:07:17+00:00,triage-service,2,10,cpu:
2026-09-19T17:07:23+00:00,audit-service,4,10,cpu:
2026-09-19T17:07:23+00:00,auth-service,2,10,cpu:
2026-09-19T17:07:23+00:00,consent-service,10,10,cpu:
2026-09-19T17:07:23+00:00,exam-service,2,10,cpu:
2026-09-19T17:07:23+00:00,history-service,10,10,cpu:
2026-09-19T17:07:23+00:00,lab-service,2,10,cpu:
2026-09-19T17:07:23+00:00,notification-service,2,10,cpu:
2026-09-19T17:07:23+00:00,patient-service,10,10,cpu:
2026-09-19T17:07:23+00:00,result-service,10,10,cpu:
2026-09-19T17:07:23+00:00,triage-service,2,10,cpu:
2026-09-19T17:07:30+00:00,audit-service,4,10,cpu:
2026-09-19T17:07:30+00:00,auth-service,2,10,cpu:
2026-09-19T17:07:30+00:00,consent-service,10,10,cpu:
2026-09-19T17:07:30+00:00,exam-service,2,10,cpu:
2026-09-19T17:07:30+00:00,history-service,10,10,cpu:
2026-09-19T17:07:30+00:00,lab-service,2,10,cpu:
2026-09-19T17:07:30+00:00,notification-service,2,10,cpu:
2026-09-19T17:07:30+00:00,patient-service,10,10,cpu:
2026-09-19T17:07:30+00:00,result-service,10,10,cpu:
2026-09-19T17:07:30+00:00,triage-service,2,10,cpu:
2026-09-19T17:07:42+00:00,audit-service,4,10,cpu:
2026-09-19T17:07:42+00:00,auth-service,2,10,cpu:
2026-09-19T17:07:42+00:00,consent-service,10,10,cpu:
2026-09-19T17:07:42+00:00,exam-service,2,10,cpu:
2026-09-19T17:07:42+00:00,history-service,10,10,cpu:
2026-09-19T17:07:42+00:00,lab-service,2,10,cpu:
2026-09-19T17:07:42+00:00,notification-service,2,10,cpu:
2026-09-19T17:07:42+00:00,patient-service,10,10,cpu:
2026-09-19T17:07:42+00:00,result-service,10,10,cpu:
2026-09-19T17:07:42+00:00,triage-service,2,10,cpu:
2026-09-19T17:07:48+00:00,audit-service,4,10,cpu:
2026-09-19T17:07:48+00:00,auth-service,2,10,cpu:
2026-09-19T17:07:48+00:00,consent-service,10,10,cpu:
2026-09-19T17:07:48+00:00,exam-service,2,10,cpu:
2026-09-19T17:07:48+00:00,history-service,10,10,cpu:
2026-09-19T17:07:48+00:00,lab-service,2,10,cpu:
2026-09-19T17:07:48+00:00,notification-service,2,10,cpu:
2026-09-19T17:07:48+00:00,patient-service,10,10,cpu:
2026-09-19T17:07:48+00:00,result-service,10,10,cpu:
2026-09-19T17:07:48+00:00,triage-service,2,10,cpu:
2026-09-19T17:07:55+00:00,audit-service,4,10,cpu:
2026-09-19T17:07:55+00:00,auth-service,2,10,cpu:
2026-09-19T17:07:55+00:00,consent-service,10,10,cpu:
2026-09-19T17:07:55+00:00,exam-service,2,10,cpu:
2026-09-19T17:07:55+00:00,history-service,10,10,cpu:
2026-09-19T17:07:55+00:00,lab-service,2,10,cpu:
2026-09-19T17:07:55+00:00,notification-service,2,10,cpu:
2026-09-19T17:07:55+00:00,patient-service,10,10,cpu:
2026-09-19T17:07:55+00:00,result-service,10,10,cpu:
2026-09-19T17:07:55+00:00,triage-service,2,10,cpu:
2026-09-19T17:08:07+00:00,audit-service,4,10,cpu:
2026-09-19T17:08:07+00:00,auth-service,2,10,cpu:
2026-09-19T17:08:07+00:00,consent-service,10,10,cpu:
2026-09-19T17:08:07+00:00,exam-service,2,10,cpu:
2026-09-19T17:08:07+00:00,history-service,10,10,cpu:
2026-09-19T17:08:07+00:00,lab-service,2,10,cpu:
2026-09-19T17:08:07+00:00,notification-service,2,10,cpu:
2026-09-19T17:08:07+00:00,patient-service,10,10,cpu:
2026-09-19T17:08:07+00:00,result-service,10,10,cpu:
2026-09-19T17:08:07+00:00,triage-service,2,10,cpu:
2026-09-19T17:08:14+00:00,audit-service,4,10,cpu:
2026-09-19T17:08:14+00:00,auth-service,2,10,cpu:
2026-09-19T17:08:14+00:00,consent-service,10,10,cpu:
2026-09-19T17:08:14+00:00,exam-service,2,10,cpu:
2026-09-19T17:08:14+00:00,history-service,10,10,cpu:
2026-09-19T17:08:14+00:00,lab-service,2,10,cpu:
2026-09-19T17:08:14+00:00,notification-service,2,10,cpu:
2026-09-19T17:08:14+00:00,patient-service,10,10,cpu:
2026-09-19T17:08:14+00:00,result-service,10,10,cpu:
2026-09-19T17:08:14+00:00,triage-service,2,10,cpu:
2026-09-19T17:08:21+00:00,audit-service,4,10,cpu:
2026-09-19T17:08:21+00:00,auth-service,2,10,cpu:
2026-09-19T17:08:21+00:00,consent-service,10,10,cpu:
2026-09-19T17:08:21+00:00,exam-service,2,10,cpu:
2026-09-19T17:08:21+00:00,history-service,10,10,cpu:
2026-09-19T17:08:21+00:00,lab-service,2,10,cpu:
2026-09-19T17:08:21+00:00,notification-service,2,10,cpu:
2026-09-19T17:08:21+00:00,patient-service,10,10,cpu:
2026-09-19T17:08:21+00:00,result-service,10,10,cpu:
2026-09-19T17:08:21+00:00,triage-service,2,10,cpu:
2026-09-19T17:08:29+00:00,audit-service,4,10,cpu:
2026-09-19T17:08:29+00:00,auth-service,2,10,cpu:
2026-09-19T17:08:29+00:00,consent-service,10,10,cpu:
2026-09-19T17:08:29+00:00,exam-service,2,10,cpu:
2026-09-19T17:08:29+00:00,history-service,10,10,cpu:
2026-09-19T17:08:29+00:00,lab-service,2,10,cpu:
2026-09-19T17:08:29+00:00,notification-service,2,10,cpu:
2026-09-19T17:08:29+00:00,patient-service,10,10,cpu:
2026-09-19T17:08:29+00:00,result-service,10,10,cpu:
2026-09-19T17:08:29+00:00,triage-service,2,10,cpu:
2026-09-19T17:08:34+00:00,audit-service,3,10,cpu:
2026-09-19T17:08:34+00:00,auth-service,2,10,cpu:
2026-09-19T17:08:34+00:00,consent-service,10,10,cpu:
2026-09-19T17:08:34+00:00,exam-service,2,10,cpu:
2026-09-19T17:08:34+00:00,history-service,10,10,cpu:
2026-09-19T17:08:34+00:00,lab-service,2,10,cpu:
2026-09-19T17:08:34+00:00,notification-service,2,10,cpu:
2026-09-19T17:08:34+00:00,patient-service,10,10,cpu:
2026-09-19T17:08:34+00:00,result-service,10,10,cpu:
2026-09-19T17:08:34+00:00,triage-service,2,10,cpu:
2026-09-19T17:08:41+00:00,audit-service,3,10,cpu:
2026-09-19T17:08:41+00:00,auth-service,2,10,cpu:
2026-09-19T17:08:41+00:00,consent-service,10,10,cpu:
2026-09-19T17:08:41+00:00,exam-service,2,10,cpu:
2026-09-19T17:08:41+00:00,history-service,10,10,cpu:
2026-09-19T17:08:41+00:00,lab-service,2,10,cpu:
2026-09-19T17:08:41+00:00,notification-service,2,10,cpu:
2026-09-19T17:08:41+00:00,patient-service,10,10,cpu:
2026-09-19T17:08:41+00:00,result-service,10,10,cpu:
2026-09-19T17:08:41+00:00,triage-service,2,10,cpu:
2026-09-19T17:08:49+00:00,audit-service,3,10,cpu:
2026-09-19T17:08:49+00:00,auth-service,2,10,cpu:
2026-09-19T17:08:49+00:00,consent-service,10,10,cpu:
2026-09-19T17:08:49+00:00,exam-service,2,10,cpu:
2026-09-19T17:08:49+00:00,history-service,10,10,cpu:
2026-09-19T17:08:49+00:00,lab-service,2,10,cpu:
2026-09-19T17:08:49+00:00,notification-service,2,10,cpu:
2026-09-19T17:08:49+00:00,patient-service,10,10,cpu:
2026-09-19T17:08:49+00:00,result-service,10,10,cpu:
2026-09-19T17:08:49+00:00,triage-service,2,10,cpu:
2026-09-19T17:08:55+00:00,audit-service,3,10,cpu:
2026-09-19T17:08:55+00:00,auth-service,2,10,cpu:
2026-09-19T17:08:55+00:00,consent-service,10,10,cpu:
2026-09-19T17:08:55+00:00,exam-service,2,10,cpu:
2026-09-19T17:08:55+00:00,history-service,10,10,cpu:
2026-09-19T17:08:55+00:00,lab-service,2,10,cpu:
2026-09-19T17:08:55+00:00,notification-service,2,10,cpu:
2026-09-19T17:08:55+00:00,patient-service,10,10,cpu:
2026-09-19T17:08:55+00:00,result-service,10,10,cpu:
2026-09-19T17:08:55+00:00,triage-service,2,10,cpu:
2026-09-19T17:09:01+00:00,audit-service,3,10,cpu:
2026-09-19T17:09:01+00:00,auth-service,2,10,cpu:
2026-09-19T17:09:01+00:00,consent-service,10,10,cpu:
2026-09-19T17:09:01+00:00,exam-service,2,10,cpu:
2026-09-19T17:09:01+00:00,history-service,10,10,cpu:
2026-09-19T17:09:01+00:00,lab-service,2,10,cpu:
2026-09-19T17:09:01+00:00,notification-service,2,10,cpu:
2026-09-19T17:09:01+00:00,patient-service,10,10,cpu:
2026-09-19T17:09:01+00:00,result-service,10,10,cpu:
2026-09-19T17:09:01+00:00,triage-service,2,10,cpu:
2026-09-19T17:09:13+00:00,audit-service,4,10,cpu:
2026-09-19T17:09:13+00:00,auth-service,2,10,cpu:
2026-09-19T17:09:13+00:00,consent-service,10,10,cpu:
2026-09-19T17:09:13+00:00,exam-service,2,10,cpu:
2026-09-19T17:09:13+00:00,history-service,10,10,cpu:
2026-09-19T17:09:13+00:00,lab-service,2,10,cpu:
2026-09-19T17:09:13+00:00,notification-service,2,10,cpu:
2026-09-19T17:09:13+00:00,patient-service,10,10,cpu:
2026-09-19T17:09:13+00:00,result-service,10,10,cpu:
2026-09-19T17:09:13+00:00,triage-service,2,10,cpu:
2026-09-19T17:09:19+00:00,audit-service,4,10,cpu:
2026-09-19T17:09:19+00:00,auth-service,2,10,cpu:
2026-09-19T17:09:19+00:00,consent-service,10,10,cpu:
2026-09-19T17:09:19+00:00,exam-service,2,10,cpu:
2026-09-19T17:09:19+00:00,history-service,10,10,cpu:
2026-09-19T17:09:19+00:00,lab-service,2,10,cpu:
2026-09-19T17:09:19+00:00,notification-service,2,10,cpu:
2026-09-19T17:09:19+00:00,patient-service,10,10,cpu:
2026-09-19T17:09:19+00:00,result-service,10,10,cpu:
2026-09-19T17:09:19+00:00,triage-service,2,10,cpu:
2026-09-19T17:09:26+00:00,audit-service,4,10,cpu:
2026-09-19T17:09:26+00:00,auth-service,2,10,cpu:
2026-09-19T17:09:26+00:00,consent-service,10,10,cpu:
2026-09-19T17:09:26+00:00,exam-service,2,10,cpu:
2026-09-19T17:09:26+00:00,history-service,10,10,cpu:
2026-09-19T17:09:26+00:00,lab-service,2,10,cpu:
2026-09-19T17:09:26+00:00,notification-service,2,10,cpu:
2026-09-19T17:09:26+00:00,patient-service,10,10,cpu:
2026-09-19T17:09:26+00:00,result-service,10,10,cpu:
2026-09-19T17:09:26+00:00,triage-service,2,10,cpu:
2026-09-19T17:09:38+00:00,audit-service,4,10,cpu:
2026-09-19T17:09:38+00:00,auth-service,2,10,cpu:
2026-09-19T17:09:38+00:00,consent-service,10,10,cpu:
2026-09-19T17:09:38+00:00,exam-service,2,10,cpu:
2026-09-19T17:09:38+00:00,history-service,10,10,cpu:
2026-09-19T17:09:38+00:00,lab-service,2,10,cpu:
2026-09-19T17:09:38+00:00,notification-service,2,10,cpu:
2026-09-19T17:09:38+00:00,patient-service,10,10,cpu:
2026-09-19T17:09:38+00:00,result-service,10,10,cpu:
2026-09-19T17:09:38+00:00,triage-service,2,10,cpu:
2026-09-19T17:09:44+00:00,audit-service,4,10,cpu:
2026-09-19T17:09:44+00:00,auth-service,2,10,cpu:
2026-09-19T17:09:44+00:00,consent-service,10,10,cpu:
2026-09-19T17:09:44+00:00,exam-service,2,10,cpu:
2026-09-19T17:09:44+00:00,history-service,10,10,cpu:
2026-09-19T17:09:44+00:00,lab-service,2,10,cpu:
2026-09-19T17:09:44+00:00,notification-service,2,10,cpu:
2026-09-19T17:09:44+00:00,patient-service,10,10,cpu:
2026-09-19T17:09:44+00:00,result-service,10,10,cpu:
2026-09-19T17:09:44+00:00,triage-service,2,10,cpu:
2026-09-19T17:09:50+00:00,audit-service,4,10,cpu:
2026-09-19T17:09:50+00:00,auth-service,2,10,cpu:
2026-09-19T17:09:50+00:00,consent-service,10,10,cpu:
2026-09-19T17:09:50+00:00,exam-service,2,10,cpu:
2026-09-19T17:09:50+00:00,history-service,10,10,cpu:
2026-09-19T17:09:50+00:00,lab-service,2,10,cpu:
2026-09-19T17:09:50+00:00,notification-service,2,10,cpu:
2026-09-19T17:09:50+00:00,patient-service,10,10,cpu:
2026-09-19T17:09:50+00:00,result-service,10,10,cpu:
2026-09-19T17:09:50+00:00,triage-service,2,10,cpu:
2026-09-19T17:10:02+00:00,audit-service,4,10,cpu:
2026-09-19T17:10:02+00:00,auth-service,2,10,cpu:
2026-09-19T17:10:02+00:00,consent-service,10,10,cpu:
2026-09-19T17:10:02+00:00,exam-service,2,10,cpu:
2026-09-19T17:10:02+00:00,history-service,10,10,cpu:
2026-09-19T17:10:02+00:00,lab-service,2,10,cpu:
2026-09-19T17:10:02+00:00,notification-service,2,10,cpu:
2026-09-19T17:10:02+00:00,patient-service,10,10,cpu:
2026-09-19T17:10:02+00:00,result-service,10,10,cpu:
2026-09-19T17:10:02+00:00,triage-service,2,10,cpu:
2026-09-19T17:10:09+00:00,audit-service,4,10,cpu:
2026-09-19T17:10:09+00:00,auth-service,2,10,cpu:
2026-09-19T17:10:09+00:00,consent-service,10,10,cpu:
2026-09-19T17:10:09+00:00,exam-service,2,10,cpu:
2026-09-19T17:10:09+00:00,history-service,10,10,cpu:
2026-09-19T17:10:09+00:00,lab-service,2,10,cpu:
2026-09-19T17:10:09+00:00,notification-service,2,10,cpu:
2026-09-19T17:10:09+00:00,patient-service,10,10,cpu:
2026-09-19T17:10:09+00:00,result-service,10,10,cpu:
2026-09-19T17:10:09+00:00,triage-service,2,10,cpu:
2026-09-19T17:10:15+00:00,audit-service,4,10,cpu:
2026-09-19T17:10:15+00:00,auth-service,2,10,cpu:
2026-09-19T17:10:15+00:00,consent-service,10,10,cpu:
2026-09-19T17:10:15+00:00,exam-service,2,10,cpu:
2026-09-19T17:10:15+00:00,history-service,10,10,cpu:
2026-09-19T17:10:15+00:00,lab-service,2,10,cpu:
2026-09-19T17:10:15+00:00,notification-service,2,10,cpu:
2026-09-19T17:10:15+00:00,patient-service,10,10,cpu:
2026-09-19T17:10:15+00:00,result-service,10,10,cpu:
2026-09-19T17:10:15+00:00,triage-service,2,10,cpu:
2026-09-19T17:10:27+00:00,audit-service,4,10,cpu:
2026-09-19T17:10:27+00:00,auth-service,2,10,cpu:
2026-09-19T17:10:27+00:00,consent-service,10,10,cpu:
2026-09-19T17:10:27+00:00,exam-service,2,10,cpu:
2026-09-19T17:10:27+00:00,history-service,10,10,cpu:
2026-09-19T17:10:27+00:00,lab-service,2,10,cpu:
2026-09-19T17:10:27+00:00,notification-service,2,10,cpu:
2026-09-19T17:10:27+00:00,patient-service,10,10,cpu:
2026-09-19T17:10:27+00:00,result-service,10,10,cpu:
2026-09-19T17:10:27+00:00,triage-service,2,10,cpu:
2026-09-19T17:10:33+00:00,audit-service,4,10,cpu:
2026-09-19T17:10:33+00:00,auth-service,2,10,cpu:
2026-09-19T17:10:33+00:00,consent-service,10,10,cpu:
2026-09-19T17:10:33+00:00,exam-service,2,10,cpu:
2026-09-19T17:10:33+00:00,history-service,10,10,cpu:
2026-09-19T17:10:33+00:00,lab-service,2,10,cpu:
2026-09-19T17:10:33+00:00,notification-service,2,10,cpu:
2026-09-19T17:10:33+00:00,patient-service,10,10,cpu:
2026-09-19T17:10:33+00:00,result-service,10,10,cpu:
2026-09-19T17:10:33+00:00,triage-service,2,10,cpu:
2026-09-19T17:10:39+00:00,audit-service,4,10,cpu:
2026-09-19T17:10:39+00:00,auth-service,2,10,cpu:
2026-09-19T17:10:39+00:00,consent-service,10,10,cpu:
2026-09-19T17:10:39+00:00,exam-service,2,10,cpu:
2026-09-19T17:10:39+00:00,history-service,10,10,cpu:
2026-09-19T17:10:39+00:00,lab-service,2,10,cpu:
2026-09-19T17:10:39+00:00,notification-service,2,10,cpu:
2026-09-19T17:10:39+00:00,patient-service,10,10,cpu:
2026-09-19T17:10:39+00:00,result-service,10,10,cpu:
2026-09-19T17:10:39+00:00,triage-service,2,10,cpu:
2026-09-19T17:10:52+00:00,audit-service,4,10,cpu:
2026-09-19T17:10:52+00:00,auth-service,2,10,cpu:
2026-09-19T17:10:52+00:00,consent-service,10,10,cpu:
2026-09-19T17:10:52+00:00,exam-service,2,10,cpu:
2026-09-19T17:10:52+00:00,history-service,10,10,cpu:
2026-09-19T17:10:52+00:00,lab-service,2,10,cpu:
2026-09-19T17:10:52+00:00,notification-service,2,10,cpu:
2026-09-19T17:10:52+00:00,patient-service,10,10,cpu:
2026-09-19T17:10:52+00:00,result-service,10,10,cpu:
2026-09-19T17:10:52+00:00,triage-service,2,10,cpu:
2026-09-19T17:10:58+00:00,audit-service,4,10,cpu:
2026-09-19T17:10:58+00:00,auth-service,2,10,cpu:
2026-09-19T17:10:58+00:00,consent-service,10,10,cpu:
2026-09-19T17:10:58+00:00,exam-service,2,10,cpu:
2026-09-19T17:10:58+00:00,history-service,10,10,cpu:
2026-09-19T17:10:58+00:00,lab-service,2,10,cpu:
2026-09-19T17:10:58+00:00,notification-service,2,10,cpu:
2026-09-19T17:10:58+00:00,patient-service,10,10,cpu:
2026-09-19T17:10:58+00:00,result-service,10,10,cpu:
2026-09-19T17:10:58+00:00,triage-service,2,10,cpu:
2026-09-19T17:11:04+00:00,audit-service,4,10,cpu:
2026-09-19T17:11:04+00:00,auth-service,2,10,cpu:
2026-09-19T17:11:04+00:00,consent-service,10,10,cpu:
2026-09-19T17:11:04+00:00,exam-service,2,10,cpu:
2026-09-19T17:11:04+00:00,history-service,10,10,cpu:
2026-09-19T17:11:04+00:00,lab-service,2,10,cpu:
2026-09-19T17:11:04+00:00,notification-service,2,10,cpu:
2026-09-19T17:11:04+00:00,patient-service,10,10,cpu:
2026-09-19T17:11:04+00:00,result-service,10,10,cpu:
2026-09-19T17:11:04+00:00,triage-service,2,10,cpu:
2026-09-19T17:11:16+00:00,audit-service,4,10,cpu:
2026-09-19T17:11:16+00:00,auth-service,2,10,cpu:
2026-09-19T17:11:16+00:00,consent-service,10,10,cpu:
2026-09-19T17:11:16+00:00,exam-service,2,10,cpu:
2026-09-19T17:11:16+00:00,history-service,10,10,cpu:
2026-09-19T17:11:16+00:00,lab-service,2,10,cpu:
2026-09-19T17:11:16+00:00,notification-service,2,10,cpu:
2026-09-19T17:11:16+00:00,patient-service,10,10,cpu:
2026-09-19T17:11:16+00:00,result-service,10,10,cpu:
2026-09-19T17:11:16+00:00,triage-service,2,10,cpu:
2026-09-19T17:11:22+00:00,audit-service,4,10,cpu:
2026-09-19T17:11:22+00:00,auth-service,2,10,cpu:
2026-09-19T17:11:22+00:00,consent-service,10,10,cpu:
2026-09-19T17:11:22+00:00,exam-service,2,10,cpu:
2026-09-19T17:11:22+00:00,history-service,10,10,cpu:
2026-09-19T17:11:22+00:00,lab-service,2,10,cpu:
2026-09-19T17:11:22+00:00,notification-service,2,10,cpu:
2026-09-19T17:11:22+00:00,patient-service,10,10,cpu:
2026-09-19T17:11:22+00:00,result-service,10,10,cpu:
2026-09-19T17:11:22+00:00,triage-service,2,10,cpu:
2026-09-19T17:11:28+00:00,audit-service,4,10,cpu:
2026-09-19T17:11:28+00:00,auth-service,2,10,cpu:
2026-09-19T17:11:28+00:00,consent-service,10,10,cpu:
2026-09-19T17:11:28+00:00,exam-service,2,10,cpu:
2026-09-19T17:11:28+00:00,history-service,10,10,cpu:
2026-09-19T17:11:28+00:00,lab-service,2,10,cpu:
2026-09-19T17:11:28+00:00,notification-service,2,10,cpu:
2026-09-19T17:11:28+00:00,patient-service,10,10,cpu:
2026-09-19T17:11:28+00:00,result-service,10,10,cpu:
2026-09-19T17:11:28+00:00,triage-service,2,10,cpu:
2026-09-19T17:11:40+00:00,audit-service,4,10,cpu:
2026-09-19T17:11:40+00:00,auth-service,2,10,cpu:
2026-09-19T17:11:40+00:00,consent-service,10,10,cpu:
2026-09-19T17:11:40+00:00,exam-service,2,10,cpu:
2026-09-19T17:11:40+00:00,history-service,10,10,cpu:
2026-09-19T17:11:40+00:00,lab-service,2,10,cpu:
2026-09-19T17:11:40+00:00,notification-service,2,10,cpu:
2026-09-19T17:11:40+00:00,patient-service,10,10,cpu:
2026-09-19T17:11:40+00:00,result-service,10,10,cpu:
2026-09-19T17:11:40+00:00,triage-service,2,10,cpu:
2026-09-19T17:11:46+00:00,audit-service,4,10,cpu:
2026-09-19T17:11:46+00:00,auth-service,2,10,cpu:
2026-09-19T17:11:46+00:00,consent-service,10,10,cpu:
2026-09-19T17:11:46+00:00,exam-service,2,10,cpu:
2026-09-19T17:11:46+00:00,history-service,10,10,cpu:
2026-09-19T17:11:46+00:00,lab-service,2,10,cpu:
2026-09-19T17:11:46+00:00,notification-service,2,10,cpu:
2026-09-19T17:11:46+00:00,patient-service,10,10,cpu:
2026-09-19T17:11:46+00:00,result-service,10,10,cpu:
2026-09-19T17:11:46+00:00,triage-service,2,10,cpu:
2026-09-19T17:11:52+00:00,audit-service,4,10,cpu:
2026-09-19T17:11:52+00:00,auth-service,2,10,cpu:
2026-09-19T17:11:52+00:00,consent-service,10,10,cpu:
2026-09-19T17:11:52+00:00,exam-service,2,10,cpu:
2026-09-19T17:11:52+00:00,history-service,10,10,cpu:
2026-09-19T17:11:52+00:00,lab-service,2,10,cpu:
2026-09-19T17:11:52+00:00,notification-service,2,10,cpu:
2026-09-19T17:11:52+00:00,patient-service,10,10,cpu:
2026-09-19T17:11:52+00:00,result-service,10,10,cpu:
2026-09-19T17:11:52+00:00,triage-service,2,10,cpu:
2026-09-19T17:11:59+00:00,audit-service,4,10,cpu:
2026-09-19T17:11:59+00:00,auth-service,2,10,cpu:
2026-09-19T17:11:59+00:00,consent-service,10,10,cpu:
2026-09-19T17:11:59+00:00,exam-service,2,10,cpu:
2026-09-19T17:11:59+00:00,history-service,10,10,cpu:
2026-09-19T17:11:59+00:00,lab-service,2,10,cpu:
2026-09-19T17:11:59+00:00,notification-service,2,10,cpu:
2026-09-19T17:11:59+00:00,patient-service,10,10,cpu:
2026-09-19T17:11:59+00:00,result-service,10,10,cpu:
2026-09-19T17:11:59+00:00,triage-service,2,10,cpu:
2026-09-19T17:12:06+00:00,audit-service,4,10,cpu:
2026-09-19T17:12:06+00:00,auth-service,2,10,cpu:
2026-09-19T17:12:06+00:00,consent-service,10,10,cpu:
2026-09-19T17:12:06+00:00,exam-service,2,10,cpu:
2026-09-19T17:12:06+00:00,history-service,10,10,cpu:
2026-09-19T17:12:06+00:00,lab-service,2,10,cpu:
2026-09-19T17:12:06+00:00,notification-service,2,10,cpu:
2026-09-19T17:12:06+00:00,patient-service,10,10,cpu:
2026-09-19T17:12:06+00:00,result-service,10,10,cpu:
2026-09-19T17:12:06+00:00,triage-service,2,10,cpu:
2026-09-19T17:12:11+00:00,audit-service,4,10,cpu:
2026-09-19T17:12:11+00:00,auth-service,2,10,cpu:
2026-09-19T17:12:11+00:00,consent-service,10,10,cpu:
2026-09-19T17:12:11+00:00,exam-service,2,10,cpu:
2026-09-19T17:12:11+00:00,history-service,10,10,cpu:
2026-09-19T17:12:11+00:00,lab-service,2,10,cpu:
2026-09-19T17:12:11+00:00,notification-service,2,10,cpu:
2026-09-19T17:12:11+00:00,patient-service,10,10,cpu:
2026-09-19T17:12:11+00:00,result-service,10,10,cpu:
2026-09-19T17:12:11+00:00,triage-service,2,10,cpu:
2026-09-19T17:12:19+00:00,audit-service,4,10,cpu:
2026-09-19T17:12:19+00:00,auth-service,2,10,cpu:
2026-09-19T17:12:19+00:00,consent-service,10,10,cpu:
2026-09-19T17:12:19+00:00,exam-service,2,10,cpu:
2026-09-19T17:12:19+00:00,history-service,10,10,cpu:
2026-09-19T17:12:19+00:00,lab-service,2,10,cpu:
2026-09-19T17:12:19+00:00,notification-service,2,10,cpu:
2026-09-19T17:12:19+00:00,patient-service,10,10,cpu:
2026-09-19T17:12:19+00:00,result-service,10,10,cpu:
2026-09-19T17:12:19+00:00,triage-service,2,10,cpu:
2026-09-19T17:12:26+00:00,audit-service,4,10,cpu:
2026-09-19T17:12:26+00:00,auth-service,2,10,cpu:
2026-09-19T17:12:26+00:00,consent-service,10,10,cpu:
2026-09-19T17:12:26+00:00,exam-service,2,10,cpu:
2026-09-19T17:12:26+00:00,history-service,10,10,cpu:
2026-09-19T17:12:26+00:00,lab-service,2,10,cpu:
2026-09-19T17:12:26+00:00,notification-service,2,10,cpu:
2026-09-19T17:12:26+00:00,patient-service,10,10,cpu:
2026-09-19T17:12:26+00:00,result-service,10,10,cpu:
2026-09-19T17:12:26+00:00,triage-service,2,10,cpu:
2026-09-19T17:12:32+00:00,audit-service,4,10,cpu:
2026-09-19T17:12:32+00:00,auth-service,2,10,cpu:
2026-09-19T17:12:32+00:00,consent-service,10,10,cpu:
2026-09-19T17:12:32+00:00,exam-service,2,10,cpu:
2026-09-19T17:12:32+00:00,history-service,10,10,cpu:
2026-09-19T17:12:32+00:00,lab-service,2,10,cpu:
2026-09-19T17:12:32+00:00,notification-service,2,10,cpu:
2026-09-19T17:12:32+00:00,patient-service,10,10,cpu:
2026-09-19T17:12:32+00:00,result-service,10,10,cpu:
2026-09-19T17:12:32+00:00,triage-service,2,10,cpu:
2026-09-19T17:12:43+00:00,audit-service,4,10,cpu:
2026-09-19T17:12:43+00:00,auth-service,2,10,cpu:
2026-09-19T17:12:43+00:00,consent-service,10,10,cpu:
2026-09-19T17:12:43+00:00,exam-service,2,10,cpu:
2026-09-19T17:12:43+00:00,history-service,10,10,cpu:
2026-09-19T17:12:43+00:00,lab-service,2,10,cpu:
2026-09-19T17:12:43+00:00,notification-service,2,10,cpu:
2026-09-19T17:12:43+00:00,patient-service,10,10,cpu:
2026-09-19T17:12:43+00:00,result-service,10,10,cpu:
2026-09-19T17:12:43+00:00,triage-service,2,10,cpu:
2026-09-19T17:12:50+00:00,audit-service,4,10,cpu:
2026-09-19T17:12:50+00:00,auth-service,2,10,cpu:
2026-09-19T17:12:50+00:00,consent-service,10,10,cpu:
2026-09-19T17:12:50+00:00,exam-service,2,10,cpu:
2026-09-19T17:12:50+00:00,history-service,10,10,cpu:
2026-09-19T17:12:50+00:00,lab-service,2,10,cpu:
2026-09-19T17:12:50+00:00,notification-service,3,10,cpu:
2026-09-19T17:12:50+00:00,patient-service,10,10,cpu:
2026-09-19T17:12:50+00:00,result-service,10,10,cpu:
2026-09-19T17:12:50+00:00,triage-service,2,10,cpu:
2026-09-19T17:12:56+00:00,audit-service,4,10,cpu:
2026-09-19T17:12:56+00:00,auth-service,2,10,cpu:
2026-09-19T17:12:56+00:00,consent-service,10,10,cpu:
2026-09-19T17:12:56+00:00,exam-service,2,10,cpu:
2026-09-19T17:12:56+00:00,history-service,10,10,cpu:
2026-09-19T17:12:56+00:00,lab-service,2,10,cpu:
2026-09-19T17:12:56+00:00,notification-service,3,10,cpu:
2026-09-19T17:12:56+00:00,patient-service,10,10,cpu:
2026-09-19T17:12:56+00:00,result-service,10,10,cpu:
2026-09-19T17:12:56+00:00,triage-service,2,10,cpu:
2026-09-19T17:13:07+00:00,audit-service,8,10,cpu:
2026-09-19T17:13:07+00:00,auth-service,2,10,cpu:
2026-09-19T17:13:07+00:00,consent-service,10,10,cpu:
2026-09-19T17:13:07+00:00,exam-service,2,10,cpu:
2026-09-19T17:13:07+00:00,history-service,10,10,cpu:
2026-09-19T17:13:07+00:00,lab-service,2,10,cpu:
2026-09-19T17:13:07+00:00,notification-service,6,10,cpu:
2026-09-19T17:13:07+00:00,patient-service,10,10,cpu:
2026-09-19T17:13:07+00:00,result-service,10,10,cpu:
2026-09-19T17:13:07+00:00,triage-service,4,10,cpu:
2026-09-19T17:13:13+00:00,audit-service,8,10,cpu:
2026-09-19T17:13:13+00:00,auth-service,2,10,cpu:
2026-09-19T17:13:13+00:00,consent-service,10,10,cpu:
2026-09-19T17:13:13+00:00,exam-service,2,10,cpu:
2026-09-19T17:13:13+00:00,history-service,10,10,cpu:
2026-09-19T17:13:13+00:00,lab-service,2,10,cpu:
2026-09-19T17:13:13+00:00,notification-service,6,10,cpu:
2026-09-19T17:13:13+00:00,patient-service,10,10,cpu:
2026-09-19T17:13:13+00:00,result-service,10,10,cpu:
2026-09-19T17:13:13+00:00,triage-service,4,10,cpu:
2026-09-19T17:13:19+00:00,audit-service,8,10,cpu:
2026-09-19T17:13:19+00:00,auth-service,2,10,cpu:
2026-09-19T17:13:19+00:00,consent-service,10,10,cpu:
2026-09-19T17:13:19+00:00,exam-service,2,10,cpu:
2026-09-19T17:13:19+00:00,history-service,10,10,cpu:
2026-09-19T17:13:19+00:00,lab-service,2,10,cpu:
2026-09-19T17:13:19+00:00,notification-service,8,10,cpu:
2026-09-19T17:13:19+00:00,patient-service,10,10,cpu:
2026-09-19T17:13:19+00:00,result-service,10,10,cpu:
2026-09-19T17:13:19+00:00,triage-service,7,10,cpu:
2026-09-19T17:13:30+00:00,audit-service,10,10,cpu:
2026-09-19T17:13:30+00:00,auth-service,2,10,cpu:
2026-09-19T17:13:30+00:00,consent-service,10,10,cpu:
2026-09-19T17:13:30+00:00,exam-service,2,10,cpu:
2026-09-19T17:13:30+00:00,history-service,10,10,cpu:
2026-09-19T17:13:30+00:00,lab-service,2,10,cpu:
2026-09-19T17:13:30+00:00,notification-service,8,10,cpu:
2026-09-19T17:13:30+00:00,patient-service,10,10,cpu:
2026-09-19T17:13:30+00:00,result-service,10,10,cpu:
2026-09-19T17:13:30+00:00,triage-service,7,10,cpu:
2026-09-19T17:13:36+00:00,audit-service,10,10,cpu:
2026-09-19T17:13:36+00:00,auth-service,2,10,cpu:
2026-09-19T17:13:36+00:00,consent-service,10,10,cpu:
2026-09-19T17:13:36+00:00,exam-service,2,10,cpu:
2026-09-19T17:13:36+00:00,history-service,10,10,cpu:
2026-09-19T17:13:36+00:00,lab-service,2,10,cpu:
2026-09-19T17:13:36+00:00,notification-service,8,10,cpu:
2026-09-19T17:13:36+00:00,patient-service,10,10,cpu:
2026-09-19T17:13:36+00:00,result-service,10,10,cpu:
2026-09-19T17:13:36+00:00,triage-service,7,10,cpu:
2026-09-19T17:13:43+00:00,audit-service,10,10,cpu:
2026-09-19T17:13:43+00:00,auth-service,2,10,cpu:
2026-09-19T17:13:43+00:00,consent-service,10,10,cpu:
2026-09-19T17:13:43+00:00,exam-service,2,10,cpu:
2026-09-19T17:13:43+00:00,history-service,10,10,cpu:
2026-09-19T17:13:43+00:00,lab-service,2,10,cpu:
2026-09-19T17:13:43+00:00,notification-service,8,10,cpu:
2026-09-19T17:13:43+00:00,patient-service,10,10,cpu:
2026-09-19T17:13:43+00:00,result-service,10,10,cpu:
2026-09-19T17:13:43+00:00,triage-service,7,10,cpu:
2026-09-19T17:13:54+00:00,audit-service,10,10,cpu:
2026-09-19T17:13:54+00:00,auth-service,2,10,cpu:
2026-09-19T17:13:54+00:00,consent-service,10,10,cpu:
2026-09-19T17:13:54+00:00,exam-service,2,10,cpu:
2026-09-19T17:13:54+00:00,history-service,10,10,cpu:
2026-09-19T17:13:54+00:00,lab-service,2,10,cpu:
2026-09-19T17:13:54+00:00,notification-service,8,10,cpu:
2026-09-19T17:13:54+00:00,patient-service,10,10,cpu:
2026-09-19T17:13:54+00:00,result-service,10,10,cpu:
2026-09-19T17:13:54+00:00,triage-service,7,10,cpu:
2026-09-19T17:14:00+00:00,audit-service,10,10,cpu:
2026-09-19T17:14:00+00:00,auth-service,2,10,cpu:
2026-09-19T17:14:00+00:00,consent-service,10,10,cpu:
2026-09-19T17:14:00+00:00,exam-service,2,10,cpu:
2026-09-19T17:14:00+00:00,history-service,10,10,cpu:
2026-09-19T17:14:00+00:00,lab-service,2,10,cpu:
2026-09-19T17:14:00+00:00,notification-service,8,10,cpu:
2026-09-19T17:14:00+00:00,patient-service,10,10,cpu:
2026-09-19T17:14:00+00:00,result-service,10,10,cpu:
2026-09-19T17:14:00+00:00,triage-service,7,10,cpu:
2026-09-19T17:14:07+00:00,audit-service,10,10,cpu:
2026-09-19T17:14:07+00:00,auth-service,2,10,cpu:
2026-09-19T17:14:07+00:00,consent-service,10,10,cpu:
2026-09-19T17:14:07+00:00,exam-service,2,10,cpu:
2026-09-19T17:14:07+00:00,history-service,10,10,cpu:
2026-09-19T17:14:07+00:00,lab-service,2,10,cpu:
2026-09-19T17:14:07+00:00,notification-service,8,10,cpu:
2026-09-19T17:14:07+00:00,patient-service,10,10,cpu:
2026-09-19T17:14:07+00:00,result-service,10,10,cpu:
2026-09-19T17:14:07+00:00,triage-service,7,10,cpu:
2026-09-19T17:14:18+00:00,audit-service,10,10,cpu:
2026-09-19T17:14:18+00:00,auth-service,2,10,cpu:
2026-09-19T17:14:18+00:00,consent-service,10,10,cpu:
2026-09-19T17:14:18+00:00,exam-service,2,10,cpu:
2026-09-19T17:14:18+00:00,history-service,10,10,cpu:
2026-09-19T17:14:18+00:00,lab-service,2,10,cpu:
2026-09-19T17:14:18+00:00,notification-service,8,10,cpu:
2026-09-19T17:14:18+00:00,patient-service,10,10,cpu:
2026-09-19T17:14:18+00:00,result-service,10,10,cpu:
2026-09-19T17:14:18+00:00,triage-service,7,10,cpu:
2026-09-19T17:14:24+00:00,audit-service,10,10,cpu:
2026-09-19T17:14:24+00:00,auth-service,2,10,cpu:
2026-09-19T17:14:24+00:00,consent-service,10,10,cpu:
2026-09-19T17:14:24+00:00,exam-service,2,10,cpu:
2026-09-19T17:14:24+00:00,history-service,10,10,cpu:
2026-09-19T17:14:24+00:00,lab-service,2,10,cpu:
2026-09-19T17:14:24+00:00,notification-service,8,10,cpu:
2026-09-19T17:14:24+00:00,patient-service,10,10,cpu:
2026-09-19T17:14:24+00:00,result-service,10,10,cpu:
2026-09-19T17:14:24+00:00,triage-service,7,10,cpu:
2026-09-19T17:14:31+00:00,audit-service,10,10,cpu:
2026-09-19T17:14:31+00:00,auth-service,2,10,cpu:
2026-09-19T17:14:31+00:00,consent-service,10,10,cpu:
2026-09-19T17:14:31+00:00,exam-service,2,10,cpu:
2026-09-19T17:14:31+00:00,history-service,10,10,cpu:
2026-09-19T17:14:31+00:00,lab-service,2,10,cpu:
2026-09-19T17:14:31+00:00,notification-service,8,10,cpu:
2026-09-19T17:14:31+00:00,patient-service,10,10,cpu:
2026-09-19T17:14:31+00:00,result-service,10,10,cpu:
2026-09-19T17:14:31+00:00,triage-service,7,10,cpu:
2026-09-19T17:14:42+00:00,audit-service,10,10,cpu:
2026-09-19T17:14:42+00:00,auth-service,2,10,cpu:
2026-09-19T17:14:42+00:00,consent-service,10,10,cpu:
2026-09-19T17:14:42+00:00,exam-service,2,10,cpu:
2026-09-19T17:14:42+00:00,history-service,10,10,cpu:
2026-09-19T17:14:42+00:00,lab-service,2,10,cpu:
2026-09-19T17:14:42+00:00,notification-service,8,10,cpu:
2026-09-19T17:14:42+00:00,patient-service,10,10,cpu:
2026-09-19T17:14:42+00:00,result-service,10,10,cpu:
2026-09-19T17:14:42+00:00,triage-service,7,10,cpu:
2026-09-19T17:14:48+00:00,audit-service,10,10,cpu:
2026-09-19T17:14:48+00:00,auth-service,2,10,cpu:
2026-09-19T17:14:48+00:00,consent-service,10,10,cpu:
2026-09-19T17:14:48+00:00,exam-service,2,10,cpu:
2026-09-19T17:14:48+00:00,history-service,10,10,cpu:
2026-09-19T17:14:48+00:00,lab-service,2,10,cpu:
2026-09-19T17:14:48+00:00,notification-service,8,10,cpu:
2026-09-19T17:14:48+00:00,patient-service,10,10,cpu:
2026-09-19T17:14:48+00:00,result-service,10,10,cpu:
2026-09-19T17:14:48+00:00,triage-service,7,10,cpu:
2026-09-19T17:14:54+00:00,audit-service,10,10,cpu:
2026-09-19T17:14:54+00:00,auth-service,2,10,cpu:
2026-09-19T17:14:54+00:00,consent-service,10,10,cpu:
2026-09-19T17:14:54+00:00,exam-service,2,10,cpu:
2026-09-19T17:14:54+00:00,history-service,10,10,cpu:
2026-09-19T17:14:54+00:00,lab-service,2,10,cpu:
2026-09-19T17:14:54+00:00,notification-service,8,10,cpu:
2026-09-19T17:14:54+00:00,patient-service,10,10,cpu:
2026-09-19T17:14:54+00:00,result-service,10,10,cpu:
2026-09-19T17:14:54+00:00,triage-service,7,10,cpu:
2026-09-19T17:15:05+00:00,audit-service,10,10,cpu:
2026-09-19T17:15:05+00:00,auth-service,2,10,cpu:
2026-09-19T17:15:05+00:00,consent-service,10,10,cpu:
2026-09-19T17:15:05+00:00,exam-service,2,10,cpu:
2026-09-19T17:15:05+00:00,history-service,10,10,cpu:
2026-09-19T17:15:05+00:00,lab-service,2,10,cpu:
2026-09-19T17:15:05+00:00,notification-service,8,10,cpu:
2026-09-19T17:15:05+00:00,patient-service,10,10,cpu:
2026-09-19T17:15:05+00:00,result-service,10,10,cpu:
2026-09-19T17:15:05+00:00,triage-service,7,10,cpu:
2026-09-19T17:15:12+00:00,audit-service,10,10,cpu:
2026-09-19T17:15:12+00:00,auth-service,2,10,cpu:
2026-09-19T17:15:12+00:00,consent-service,10,10,cpu:
2026-09-19T17:15:12+00:00,exam-service,2,10,cpu:
2026-09-19T17:15:12+00:00,history-service,10,10,cpu:
2026-09-19T17:15:12+00:00,lab-service,2,10,cpu:
2026-09-19T17:15:12+00:00,notification-service,8,10,cpu:
2026-09-19T17:15:12+00:00,patient-service,10,10,cpu:
2026-09-19T17:15:12+00:00,result-service,10,10,cpu:
2026-09-19T17:15:12+00:00,triage-service,7,10,cpu:
2026-09-19T17:15:18+00:00,audit-service,10,10,cpu:
2026-09-19T17:15:18+00:00,auth-service,2,10,cpu:
2026-09-19T17:15:18+00:00,consent-service,10,10,cpu:
2026-09-19T17:15:18+00:00,exam-service,2,10,cpu:
2026-09-19T17:15:18+00:00,history-service,10,10,cpu:
2026-09-19T17:15:18+00:00,lab-service,2,10,cpu:
2026-09-19T17:15:18+00:00,notification-service,8,10,cpu:
2026-09-19T17:15:18+00:00,patient-service,10,10,cpu:
2026-09-19T17:15:18+00:00,result-service,10,10,cpu:
2026-09-19T17:15:18+00:00,triage-service,7,10,cpu:
2026-09-19T17:15:26+00:00,audit-service,10,10,cpu:
2026-09-19T17:15:26+00:00,auth-service,2,10,cpu:
2026-09-19T17:15:26+00:00,consent-service,10,10,cpu:
2026-09-19T17:15:26+00:00,exam-service,2,10,cpu:
2026-09-19T17:15:26+00:00,history-service,10,10,cpu:
2026-09-19T17:15:26+00:00,lab-service,2,10,cpu:
2026-09-19T17:15:26+00:00,notification-service,8,10,cpu:
2026-09-19T17:15:26+00:00,patient-service,10,10,cpu:
2026-09-19T17:15:26+00:00,result-service,10,10,cpu:
2026-09-19T17:15:26+00:00,triage-service,7,10,cpu:
2026-09-19T17:15:32+00:00,audit-service,10,10,cpu:
2026-09-19T17:15:32+00:00,auth-service,2,10,cpu:
2026-09-19T17:15:32+00:00,consent-service,10,10,cpu:
2026-09-19T17:15:32+00:00,exam-service,2,10,cpu:
2026-09-19T17:15:32+00:00,history-service,10,10,cpu:
2026-09-19T17:15:32+00:00,lab-service,2,10,cpu:
2026-09-19T17:15:32+00:00,notification-service,8,10,cpu:
2026-09-19T17:15:32+00:00,patient-service,10,10,cpu:
2026-09-19T17:15:32+00:00,result-service,10,10,cpu:
2026-09-19T17:15:32+00:00,triage-service,7,10,cpu:
2026-09-19T17:15:38+00:00,audit-service,10,10,cpu:
2026-09-19T17:15:38+00:00,auth-service,2,10,cpu:
2026-09-19T17:15:38+00:00,consent-service,10,10,cpu:
2026-09-19T17:15:38+00:00,exam-service,2,10,cpu:
2026-09-19T17:15:38+00:00,history-service,10,10,cpu:
2026-09-19T17:15:38+00:00,lab-service,2,10,cpu:
2026-09-19T17:15:38+00:00,notification-service,8,10,cpu:
2026-09-19T17:15:38+00:00,patient-service,10,10,cpu:
2026-09-19T17:15:38+00:00,result-service,10,10,cpu:
2026-09-19T17:15:38+00:00,triage-service,7,10,cpu:
2026-09-19T17:15:46+00:00,audit-service,10,10,cpu:
2026-09-19T17:15:46+00:00,auth-service,2,10,cpu:
2026-09-19T17:15:46+00:00,consent-service,10,10,cpu:
2026-09-19T17:15:46+00:00,exam-service,2,10,cpu:
2026-09-19T17:15:46+00:00,history-service,10,10,cpu:
2026-09-19T17:15:46+00:00,lab-service,2,10,cpu:
2026-09-19T17:15:46+00:00,notification-service,8,10,cpu:
2026-09-19T17:15:46+00:00,patient-service,10,10,cpu:
2026-09-19T17:15:46+00:00,result-service,10,10,cpu:
2026-09-19T17:15:46+00:00,triage-service,7,10,cpu:
2026-09-19T17:15:52+00:00,audit-service,10,10,cpu:
2026-09-19T17:15:52+00:00,auth-service,2,10,cpu:
2026-09-19T17:15:52+00:00,consent-service,10,10,cpu:
2026-09-19T17:15:52+00:00,exam-service,2,10,cpu:
2026-09-19T17:15:52+00:00,history-service,10,10,cpu:
2026-09-19T17:15:52+00:00,lab-service,2,10,cpu:
2026-09-19T17:15:52+00:00,notification-service,8,10,cpu:
2026-09-19T17:15:52+00:00,patient-service,10,10,cpu:
2026-09-19T17:15:52+00:00,result-service,10,10,cpu:
2026-09-19T17:15:52+00:00,triage-service,7,10,cpu:
2026-09-19T17:15:59+00:00,audit-service,10,10,cpu:
2026-09-19T17:15:59+00:00,auth-service,2,10,cpu:
2026-09-19T17:15:59+00:00,consent-service,10,10,cpu:
2026-09-19T17:15:59+00:00,exam-service,2,10,cpu:
2026-09-19T17:15:59+00:00,history-service,10,10,cpu:
2026-09-19T17:15:59+00:00,lab-service,2,10,cpu:
2026-09-19T17:15:59+00:00,notification-service,8,10,cpu:
2026-09-19T17:15:59+00:00,patient-service,10,10,cpu:
2026-09-19T17:15:59+00:00,result-service,10,10,cpu:
2026-09-19T17:15:59+00:00,triage-service,7,10,cpu:
2026-09-19T17:16:12+00:00,audit-service,10,10,cpu:
2026-09-19T17:16:12+00:00,auth-service,2,10,cpu:
2026-09-19T17:16:12+00:00,consent-service,10,10,cpu:
2026-09-19T17:16:12+00:00,exam-service,2,10,cpu:
2026-09-19T17:16:12+00:00,history-service,10,10,cpu:
2026-09-19T17:16:12+00:00,lab-service,2,10,cpu:
2026-09-19T17:16:12+00:00,notification-service,8,10,cpu:
2026-09-19T17:16:12+00:00,patient-service,10,10,cpu:
2026-09-19T17:16:12+00:00,result-service,10,10,cpu:
2026-09-19T17:16:12+00:00,triage-service,7,10,cpu:
2026-09-19T17:16:21+00:00,audit-service,10,10,cpu:
2026-09-19T17:16:21+00:00,auth-service,2,10,cpu:
2026-09-19T17:16:21+00:00,consent-service,10,10,cpu:
2026-09-19T17:16:21+00:00,exam-service,2,10,cpu:
2026-09-19T17:16:21+00:00,history-service,10,10,cpu:
2026-09-19T17:16:21+00:00,lab-service,2,10,cpu:
2026-09-19T17:16:21+00:00,notification-service,8,10,cpu:
2026-09-19T17:16:21+00:00,patient-service,10,10,cpu:
2026-09-19T17:16:21+00:00,result-service,10,10,cpu:
2026-09-19T17:16:21+00:00,triage-service,7,10,cpu:
2026-09-19T17:16:29+00:00,audit-service,10,10,cpu:
2026-09-19T17:16:29+00:00,auth-service,2,10,cpu:
2026-09-19T17:16:29+00:00,consent-service,10,10,cpu:
2026-09-19T17:16:29+00:00,exam-service,2,10,cpu:
2026-09-19T17:16:29+00:00,history-service,10,10,cpu:
2026-09-19T17:16:29+00:00,lab-service,2,10,cpu:
2026-09-19T17:16:29+00:00,notification-service,8,10,cpu:
2026-09-19T17:16:29+00:00,patient-service,10,10,cpu:
2026-09-19T17:16:29+00:00,result-service,10,10,cpu:
2026-09-19T17:16:29+00:00,triage-service,7,10,cpu:
2026-09-19T17:16:57+00:00,audit-service,10,10,cpu:
2026-09-19T17:16:57+00:00,auth-service,2,10,cpu:
2026-09-19T17:16:57+00:00,consent-service,10,10,cpu:
2026-09-19T17:16:57+00:00,exam-service,2,10,cpu:
2026-09-19T17:16:57+00:00,history-service,10,10,cpu:
2026-09-19T17:16:57+00:00,lab-service,2,10,cpu:
2026-09-19T17:16:57+00:00,notification-service,8,10,cpu:
2026-09-19T17:16:57+00:00,patient-service,10,10,cpu:
2026-09-19T17:16:57+00:00,result-service,10,10,cpu:
2026-09-19T17:16:57+00:00,triage-service,7,10,cpu:
2026-09-19T17:17:03+00:00,audit-service,10,10,cpu:
2026-09-19T17:17:03+00:00,auth-service,2,10,cpu:
2026-09-19T17:17:03+00:00,consent-service,10,10,cpu:
2026-09-19T17:17:03+00:00,exam-service,2,10,cpu:
2026-09-19T17:17:03+00:00,history-service,10,10,cpu:
2026-09-19T17:17:03+00:00,lab-service,2,10,cpu:
2026-09-19T17:17:03+00:00,notification-service,8,10,cpu:
2026-09-19T17:17:03+00:00,patient-service,10,10,cpu:
2026-09-19T17:17:03+00:00,result-service,10,10,cpu:
2026-09-19T17:17:03+00:00,triage-service,7,10,cpu:
2026-09-19T17:17:11+00:00,audit-service,10,10,cpu:
2026-09-19T17:17:11+00:00,auth-service,2,10,cpu:
2026-09-19T17:17:11+00:00,consent-service,10,10,cpu:
2026-09-19T17:17:11+00:00,exam-service,2,10,cpu:
2026-09-19T17:17:11+00:00,history-service,10,10,cpu:
2026-09-19T17:17:11+00:00,lab-service,2,10,cpu:
2026-09-19T17:17:11+00:00,notification-service,8,10,cpu:
2026-09-19T17:17:11+00:00,patient-service,10,10,cpu:
2026-09-19T17:17:11+00:00,result-service,10,10,cpu:
2026-09-19T17:17:11+00:00,triage-service,7,10,cpu:
2026-09-19T17:17:23+00:00,audit-service,10,10,cpu:
2026-09-19T17:17:23+00:00,auth-service,2,10,cpu:
2026-09-19T17:17:23+00:00,consent-service,10,10,cpu:
2026-09-19T17:17:23+00:00,exam-service,2,10,cpu:
2026-09-19T17:17:23+00:00,history-service,10,10,cpu:
2026-09-19T17:17:23+00:00,lab-service,2,10,cpu:
2026-09-19T17:17:23+00:00,notification-service,8,10,cpu:
2026-09-19T17:17:23+00:00,patient-service,10,10,cpu:
2026-09-19T17:17:23+00:00,result-service,10,10,cpu:
2026-09-19T17:17:23+00:00,triage-service,7,10,cpu:
2026-09-19T17:17:29+00:00,audit-service,10,10,cpu:
2026-09-19T17:17:29+00:00,auth-service,2,10,cpu:
2026-09-19T17:17:29+00:00,consent-service,10,10,cpu:
2026-09-19T17:17:29+00:00,exam-service,2,10,cpu:
2026-09-19T17:17:29+00:00,history-service,10,10,cpu:
2026-09-19T17:17:29+00:00,lab-service,2,10,cpu:
2026-09-19T17:17:29+00:00,notification-service,8,10,cpu:
2026-09-19T17:17:29+00:00,patient-service,10,10,cpu:
2026-09-19T17:17:29+00:00,result-service,10,10,cpu:
2026-09-19T17:17:29+00:00,triage-service,7,10,cpu:
2026-09-19T17:17:36+00:00,audit-service,10,10,cpu:
2026-09-19T17:17:36+00:00,auth-service,2,10,cpu:
2026-09-19T17:17:36+00:00,consent-service,10,10,cpu:
2026-09-19T17:17:36+00:00,exam-service,2,10,cpu:
2026-09-19T17:17:36+00:00,history-service,10,10,cpu:
2026-09-19T17:17:36+00:00,lab-service,2,10,cpu:
2026-09-19T17:17:36+00:00,notification-service,8,10,cpu:
2026-09-19T17:17:36+00:00,patient-service,10,10,cpu:
2026-09-19T17:17:36+00:00,result-service,10,10,cpu:
2026-09-19T17:17:36+00:00,triage-service,7,10,cpu:
2026-09-19T17:17:54+00:00,audit-service,10,10,cpu:
2026-09-19T17:17:54+00:00,auth-service,2,10,cpu:
2026-09-19T17:17:54+00:00,consent-service,10,10,cpu:
2026-09-19T17:17:54+00:00,exam-service,2,10,cpu:
2026-09-19T17:17:54+00:00,history-service,10,10,cpu:
2026-09-19T17:17:54+00:00,lab-service,2,10,cpu:
2026-09-19T17:17:54+00:00,notification-service,10,10,cpu:
2026-09-19T17:17:54+00:00,patient-service,10,10,cpu:
2026-09-19T17:17:54+00:00,result-service,10,10,cpu:
2026-09-19T17:17:54+00:00,triage-service,7,10,cpu:
2026-09-19T17:18:03+00:00,audit-service,10,10,cpu:
2026-09-19T17:18:03+00:00,auth-service,2,10,cpu:
2026-09-19T17:18:03+00:00,consent-service,10,10,cpu:
2026-09-19T17:18:03+00:00,exam-service,2,10,cpu:
2026-09-19T17:18:03+00:00,history-service,10,10,cpu:
2026-09-19T17:18:03+00:00,lab-service,2,10,cpu:
2026-09-19T17:18:03+00:00,notification-service,10,10,cpu:
2026-09-19T17:18:03+00:00,patient-service,10,10,cpu:
2026-09-19T17:18:03+00:00,result-service,10,10,cpu:
2026-09-19T17:18:03+00:00,triage-service,7,10,cpu:
2026-09-19T17:18:11+00:00,audit-service,10,10,cpu:
2026-09-19T17:18:11+00:00,auth-service,2,10,cpu:
2026-09-19T17:18:11+00:00,consent-service,10,10,cpu:
2026-09-19T17:18:11+00:00,exam-service,2,10,cpu:
2026-09-19T17:18:11+00:00,history-service,10,10,cpu:
2026-09-19T17:18:11+00:00,lab-service,2,10,cpu:
2026-09-19T17:18:11+00:00,notification-service,10,10,cpu:
2026-09-19T17:18:11+00:00,patient-service,10,10,cpu:
2026-09-19T17:18:11+00:00,result-service,10,10,cpu:
2026-09-19T17:18:11+00:00,triage-service,7,10,cpu:
2026-09-19T17:18:23+00:00,audit-service,10,10,cpu:
2026-09-19T17:18:23+00:00,auth-service,2,10,cpu:
2026-09-19T17:18:23+00:00,consent-service,10,10,cpu:
2026-09-19T17:18:23+00:00,exam-service,2,10,cpu:
2026-09-19T17:18:23+00:00,history-service,10,10,cpu:
2026-09-19T17:18:23+00:00,lab-service,2,10,cpu:
2026-09-19T17:18:23+00:00,notification-service,10,10,cpu:
2026-09-19T17:18:23+00:00,patient-service,10,10,cpu:
2026-09-19T17:18:23+00:00,result-service,10,10,cpu:
2026-09-19T17:18:23+00:00,triage-service,7,10,cpu:
2026-09-19T17:18:30+00:00,audit-service,10,10,cpu:
2026-09-19T17:18:30+00:00,auth-service,2,10,cpu:
2026-09-19T17:18:30+00:00,consent-service,10,10,cpu:
2026-09-19T17:18:30+00:00,exam-service,2,10,cpu:
2026-09-19T17:18:30+00:00,history-service,10,10,cpu:
2026-09-19T17:18:30+00:00,lab-service,2,10,cpu:
2026-09-19T17:18:30+00:00,notification-service,10,10,cpu:
2026-09-19T17:18:30+00:00,patient-service,10,10,cpu:
2026-09-19T17:18:30+00:00,result-service,10,10,cpu:
2026-09-19T17:18:30+00:00,triage-service,7,10,cpu:
2026-09-19T17:18:38+00:00,audit-service,10,10,cpu:
2026-09-19T17:18:38+00:00,auth-service,2,10,cpu:
2026-09-19T17:18:38+00:00,consent-service,10,10,cpu:
2026-09-19T17:18:38+00:00,exam-service,2,10,cpu:
2026-09-19T17:18:38+00:00,history-service,10,10,cpu:
2026-09-19T17:18:38+00:00,lab-service,2,10,cpu:
2026-09-19T17:18:38+00:00,notification-service,10,10,cpu:
2026-09-19T17:18:38+00:00,patient-service,10,10,cpu:
2026-09-19T17:18:38+00:00,result-service,10,10,cpu:
2026-09-19T17:18:38+00:00,triage-service,7,10,cpu:
2026-09-19T17:18:51+00:00,audit-service,10,10,cpu:
2026-09-19T17:18:51+00:00,auth-service,2,10,cpu:
2026-09-19T17:18:51+00:00,consent-service,10,10,cpu:
2026-09-19T17:18:51+00:00,exam-service,2,10,cpu:
2026-09-19T17:18:51+00:00,history-service,10,10,cpu:
2026-09-19T17:18:51+00:00,lab-service,2,10,cpu:
2026-09-19T17:18:51+00:00,notification-service,10,10,cpu:
2026-09-19T17:18:51+00:00,patient-service,10,10,cpu:
2026-09-19T17:18:51+00:00,result-service,10,10,cpu:
2026-09-19T17:18:51+00:00,triage-service,7,10,cpu:
2026-09-19T17:18:57+00:00,audit-service,10,10,cpu:
2026-09-19T17:18:57+00:00,auth-service,2,10,cpu:
2026-09-19T17:18:57+00:00,consent-service,10,10,cpu:
2026-09-19T17:18:57+00:00,exam-service,2,10,cpu:
2026-09-19T17:18:57+00:00,history-service,10,10,cpu:
2026-09-19T17:18:57+00:00,lab-service,2,10,cpu:
2026-09-19T17:18:57+00:00,notification-service,10,10,cpu:
2026-09-19T17:18:57+00:00,patient-service,10,10,cpu:
2026-09-19T17:18:57+00:00,result-service,10,10,cpu:
2026-09-19T17:18:57+00:00,triage-service,7,10,cpu:
2026-09-19T17:19:03+00:00,audit-service,10,10,cpu:
2026-09-19T17:19:03+00:00,auth-service,2,10,cpu:
2026-09-19T17:19:03+00:00,consent-service,10,10,cpu:
2026-09-19T17:19:03+00:00,exam-service,2,10,cpu:
2026-09-19T17:19:03+00:00,history-service,10,10,cpu:
2026-09-19T17:19:03+00:00,lab-service,2,10,cpu:
2026-09-19T17:19:03+00:00,notification-service,10,10,cpu:
2026-09-19T17:19:03+00:00,patient-service,10,10,cpu:
2026-09-19T17:19:03+00:00,result-service,10,10,cpu:
2026-09-19T17:19:03+00:00,triage-service,7,10,cpu:
2026-09-19T17:19:16+00:00,audit-service,10,10,cpu:
2026-09-19T17:19:16+00:00,auth-service,2,10,cpu:
2026-09-19T17:19:16+00:00,consent-service,10,10,cpu:
2026-09-19T17:19:16+00:00,exam-service,2,10,cpu:
2026-09-19T17:19:16+00:00,history-service,10,10,cpu:
2026-09-19T17:19:16+00:00,lab-service,2,10,cpu:
2026-09-19T17:19:16+00:00,notification-service,10,10,cpu:
2026-09-19T17:19:16+00:00,patient-service,10,10,cpu:
2026-09-19T17:19:16+00:00,result-service,10,10,cpu:
2026-09-19T17:19:16+00:00,triage-service,7,10,cpu:
2026-09-19T17:19:22+00:00,audit-service,10,10,cpu:
2026-09-19T17:19:22+00:00,auth-service,2,10,cpu:
2026-09-19T17:19:22+00:00,consent-service,10,10,cpu:
2026-09-19T17:19:22+00:00,exam-service,2,10,cpu:
2026-09-19T17:19:22+00:00,history-service,10,10,cpu:
2026-09-19T17:19:22+00:00,lab-service,2,10,cpu:
2026-09-19T17:19:22+00:00,notification-service,10,10,cpu:
2026-09-19T17:19:22+00:00,patient-service,10,10,cpu:
2026-09-19T17:19:22+00:00,result-service,10,10,cpu:
2026-09-19T17:19:22+00:00,triage-service,7,10,cpu:
2026-09-19T17:19:28+00:00,audit-service,10,10,cpu:
2026-09-19T17:19:28+00:00,auth-service,2,10,cpu:
2026-09-19T17:19:28+00:00,consent-service,10,10,cpu:
2026-09-19T17:19:28+00:00,exam-service,2,10,cpu:
2026-09-19T17:19:28+00:00,history-service,10,10,cpu:
2026-09-19T17:19:28+00:00,lab-service,2,10,cpu:
2026-09-19T17:19:28+00:00,notification-service,10,10,cpu:
2026-09-19T17:19:28+00:00,patient-service,10,10,cpu:
2026-09-19T17:19:28+00:00,result-service,10,10,cpu:
2026-09-19T17:19:28+00:00,triage-service,7,10,cpu:
2026-09-19T17:19:36+00:00,audit-service,10,10,cpu:
2026-09-19T17:19:36+00:00,auth-service,2,10,cpu:
2026-09-19T17:19:36+00:00,consent-service,10,10,cpu:
2026-09-19T17:19:36+00:00,exam-service,2,10,cpu:
2026-09-19T17:19:36+00:00,history-service,10,10,cpu:
2026-09-19T17:19:36+00:00,lab-service,2,10,cpu:
2026-09-19T17:19:36+00:00,notification-service,10,10,cpu:
2026-09-19T17:19:36+00:00,patient-service,10,10,cpu:
2026-09-19T17:19:36+00:00,result-service,10,10,cpu:
2026-09-19T17:19:36+00:00,triage-service,7,10,cpu:
2026-09-19T17:19:42+00:00,audit-service,10,10,cpu:
2026-09-19T17:19:42+00:00,auth-service,2,10,cpu:
2026-09-19T17:19:42+00:00,consent-service,10,10,cpu:
2026-09-19T17:19:42+00:00,exam-service,2,10,cpu:
2026-09-19T17:19:42+00:00,history-service,10,10,cpu:
2026-09-19T17:19:42+00:00,lab-service,2,10,cpu:
2026-09-19T17:19:42+00:00,notification-service,10,10,cpu:
2026-09-19T17:19:42+00:00,patient-service,10,10,cpu:
2026-09-19T17:19:42+00:00,result-service,10,10,cpu:
2026-09-19T17:19:42+00:00,triage-service,7,10,cpu:
2026-09-19T17:19:47+00:00,audit-service,10,10,cpu:
2026-09-19T17:19:47+00:00,auth-service,2,10,cpu:
2026-09-19T17:19:47+00:00,consent-service,10,10,cpu:
2026-09-19T17:19:47+00:00,exam-service,2,10,cpu:
2026-09-19T17:19:47+00:00,history-service,10,10,cpu:
2026-09-19T17:19:47+00:00,lab-service,2,10,cpu:
2026-09-19T17:19:47+00:00,notification-service,10,10,cpu:
2026-09-19T17:19:47+00:00,patient-service,10,10,cpu:
2026-09-19T17:19:47+00:00,result-service,10,10,cpu:
2026-09-19T17:19:47+00:00,triage-service,7,10,cpu:
2026-09-19T17:19:55+00:00,audit-service,10,10,cpu:
2026-09-19T17:19:55+00:00,auth-service,2,10,cpu:
2026-09-19T17:19:55+00:00,consent-service,10,10,cpu:
2026-09-19T17:19:55+00:00,exam-service,2,10,cpu:
2026-09-19T17:19:55+00:00,history-service,10,10,cpu:
2026-09-19T17:19:55+00:00,lab-service,2,10,cpu:
2026-09-19T17:19:55+00:00,notification-service,10,10,cpu:
2026-09-19T17:19:55+00:00,patient-service,10,10,cpu:
2026-09-19T17:19:55+00:00,result-service,10,10,cpu:
2026-09-19T17:19:55+00:00,triage-service,7,10,cpu:
2026-09-19T17:20:01+00:00,audit-service,10,10,cpu:
2026-09-19T17:20:01+00:00,auth-service,2,10,cpu:
2026-09-19T17:20:01+00:00,consent-service,10,10,cpu:
2026-09-19T17:20:01+00:00,exam-service,2,10,cpu:
2026-09-19T17:20:01+00:00,history-service,10,10,cpu:
2026-09-19T17:20:01+00:00,lab-service,2,10,cpu:
2026-09-19T17:20:01+00:00,notification-service,10,10,cpu:
2026-09-19T17:20:01+00:00,patient-service,10,10,cpu:
2026-09-19T17:20:01+00:00,result-service,10,10,cpu:
2026-09-19T17:20:01+00:00,triage-service,7,10,cpu:
2026-09-19T17:20:07+00:00,audit-service,10,10,cpu:
2026-09-19T17:20:07+00:00,auth-service,2,10,cpu:
2026-09-19T17:20:07+00:00,consent-service,10,10,cpu:
2026-09-19T17:20:07+00:00,exam-service,2,10,cpu:
2026-09-19T17:20:07+00:00,history-service,10,10,cpu:
2026-09-19T17:20:07+00:00,lab-service,2,10,cpu:
2026-09-19T17:20:07+00:00,notification-service,10,10,cpu:
2026-09-19T17:20:07+00:00,patient-service,10,10,cpu:
2026-09-19T17:20:07+00:00,result-service,10,10,cpu:
2026-09-19T17:20:07+00:00,triage-service,7,10,cpu:
2026-09-19T17:20:15+00:00,audit-service,10,10,cpu:
2026-09-19T17:20:15+00:00,auth-service,2,10,cpu:
2026-09-19T17:20:15+00:00,consent-service,10,10,cpu:
2026-09-19T17:20:15+00:00,exam-service,2,10,cpu:
2026-09-19T17:20:15+00:00,history-service,10,10,cpu:
2026-09-19T17:20:15+00:00,lab-service,2,10,cpu:
2026-09-19T17:20:15+00:00,notification-service,10,10,cpu:
2026-09-19T17:20:15+00:00,patient-service,10,10,cpu:
2026-09-19T17:20:15+00:00,result-service,10,10,cpu:
2026-09-19T17:20:15+00:00,triage-service,7,10,cpu:
2026-09-19T17:20:20+00:00,audit-service,10,10,cpu:
2026-09-19T17:20:20+00:00,auth-service,2,10,cpu:
2026-09-19T17:20:20+00:00,consent-service,10,10,cpu:
2026-09-19T17:20:20+00:00,exam-service,2,10,cpu:
2026-09-19T17:20:20+00:00,history-service,10,10,cpu:
2026-09-19T17:20:20+00:00,lab-service,2,10,cpu:
2026-09-19T17:20:20+00:00,notification-service,10,10,cpu:
2026-09-19T17:20:20+00:00,patient-service,10,10,cpu:
2026-09-19T17:20:20+00:00,result-service,10,10,cpu:
2026-09-19T17:20:20+00:00,triage-service,7,10,cpu:
2026-09-19T17:20:26+00:00,audit-service,10,10,cpu:
2026-09-19T17:20:26+00:00,auth-service,2,10,cpu:
2026-09-19T17:20:26+00:00,consent-service,10,10,cpu:
2026-09-19T17:20:26+00:00,exam-service,2,10,cpu:
2026-09-19T17:20:26+00:00,history-service,10,10,cpu:
2026-09-19T17:20:26+00:00,lab-service,2,10,cpu:
2026-09-19T17:20:26+00:00,notification-service,10,10,cpu:
2026-09-19T17:20:26+00:00,patient-service,10,10,cpu:
2026-09-19T17:20:26+00:00,result-service,10,10,cpu:
2026-09-19T17:20:26+00:00,triage-service,7,10,cpu:
2026-09-19T17:20:34+00:00,audit-service,10,10,cpu:
2026-09-19T17:20:34+00:00,auth-service,2,10,cpu:
2026-09-19T17:20:34+00:00,consent-service,10,10,cpu:
2026-09-19T17:20:34+00:00,exam-service,2,10,cpu:
2026-09-19T17:20:34+00:00,history-service,10,10,cpu:
2026-09-19T17:20:34+00:00,lab-service,2,10,cpu:
2026-09-19T17:20:34+00:00,notification-service,10,10,cpu:
2026-09-19T17:20:34+00:00,patient-service,10,10,cpu:
2026-09-19T17:20:34+00:00,result-service,10,10,cpu:
2026-09-19T17:20:34+00:00,triage-service,7,10,cpu:
2026-09-19T17:20:40+00:00,audit-service,10,10,cpu:
2026-09-19T17:20:40+00:00,auth-service,2,10,cpu:
2026-09-19T17:20:40+00:00,consent-service,10,10,cpu:
2026-09-19T17:20:40+00:00,exam-service,2,10,cpu:
2026-09-19T17:20:40+00:00,history-service,10,10,cpu:
2026-09-19T17:20:40+00:00,lab-service,2,10,cpu:
2026-09-19T17:20:40+00:00,notification-service,10,10,cpu:
2026-09-19T17:20:40+00:00,patient-service,10,10,cpu:
2026-09-19T17:20:40+00:00,result-service,10,10,cpu:
2026-09-19T17:20:40+00:00,triage-service,7,10,cpu:
2026-09-19T17:20:46+00:00,audit-service,10,10,cpu:
2026-09-19T17:20:46+00:00,auth-service,2,10,cpu:
2026-09-19T17:20:46+00:00,consent-service,10,10,cpu:
2026-09-19T17:20:46+00:00,exam-service,2,10,cpu:
2026-09-19T17:20:46+00:00,history-service,10,10,cpu:
2026-09-19T17:20:46+00:00,lab-service,2,10,cpu:
2026-09-19T17:20:46+00:00,notification-service,10,10,cpu:
2026-09-19T17:20:46+00:00,patient-service,10,10,cpu:
2026-09-19T17:20:46+00:00,result-service,10,10,cpu:
2026-09-19T17:20:46+00:00,triage-service,7,10,cpu:
2026-09-19T17:20:54+00:00,audit-service,10,10,cpu:
2026-09-19T17:20:54+00:00,auth-service,2,10,cpu:
2026-09-19T17:20:54+00:00,consent-service,10,10,cpu:
2026-09-19T17:20:54+00:00,exam-service,2,10,cpu:
2026-09-19T17:20:54+00:00,history-service,10,10,cpu:
2026-09-19T17:20:54+00:00,lab-service,2,10,cpu:
2026-09-19T17:20:54+00:00,notification-service,10,10,cpu:
2026-09-19T17:20:54+00:00,patient-service,10,10,cpu:
2026-09-19T17:20:54+00:00,result-service,10,10,cpu:
2026-09-19T17:20:54+00:00,triage-service,7,10,cpu:
2026-09-19T17:20:59+00:00,audit-service,10,10,cpu:
2026-09-19T17:20:59+00:00,auth-service,2,10,cpu:
2026-09-19T17:20:59+00:00,consent-service,10,10,cpu:
2026-09-19T17:20:59+00:00,exam-service,2,10,cpu:
2026-09-19T17:20:59+00:00,history-service,10,10,cpu:
2026-09-19T17:20:59+00:00,lab-service,2,10,cpu:
2026-09-19T17:20:59+00:00,notification-service,10,10,cpu:
2026-09-19T17:20:59+00:00,patient-service,10,10,cpu:
2026-09-19T17:20:59+00:00,result-service,10,10,cpu:
2026-09-19T17:20:59+00:00,triage-service,7,10,cpu:
2026-09-19T17:21:06+00:00,audit-service,10,10,cpu:
2026-09-19T17:21:06+00:00,auth-service,2,10,cpu:
2026-09-19T17:21:06+00:00,consent-service,10,10,cpu:
2026-09-19T17:21:06+00:00,exam-service,2,10,cpu:
2026-09-19T17:21:06+00:00,history-service,10,10,cpu:
2026-09-19T17:21:06+00:00,lab-service,2,10,cpu:
2026-09-19T17:21:06+00:00,notification-service,10,10,cpu:
2026-09-19T17:21:06+00:00,patient-service,10,10,cpu:
2026-09-19T17:21:06+00:00,result-service,10,10,cpu:
2026-09-19T17:21:06+00:00,triage-service,7,10,cpu:
2026-09-19T17:21:13+00:00,audit-service,10,10,cpu:
2026-09-19T17:21:13+00:00,auth-service,2,10,cpu:
2026-09-19T17:21:13+00:00,consent-service,10,10,cpu:
2026-09-19T17:21:13+00:00,exam-service,2,10,cpu:
2026-09-19T17:21:13+00:00,history-service,10,10,cpu:
2026-09-19T17:21:13+00:00,lab-service,2,10,cpu:
2026-09-19T17:21:13+00:00,notification-service,10,10,cpu:
2026-09-19T17:21:13+00:00,patient-service,10,10,cpu:
2026-09-19T17:21:13+00:00,result-service,10,10,cpu:
2026-09-19T17:21:13+00:00,triage-service,7,10,cpu:
2026-09-19T17:21:19+00:00,audit-service,10,10,cpu:
2026-09-19T17:21:19+00:00,auth-service,2,10,cpu:
2026-09-19T17:21:19+00:00,consent-service,10,10,cpu:
2026-09-19T17:21:19+00:00,exam-service,2,10,cpu:
2026-09-19T17:21:19+00:00,history-service,10,10,cpu:
2026-09-19T17:21:19+00:00,lab-service,2,10,cpu:
2026-09-19T17:21:19+00:00,notification-service,10,10,cpu:
2026-09-19T17:21:19+00:00,patient-service,10,10,cpu:
2026-09-19T17:21:19+00:00,result-service,10,10,cpu:
2026-09-19T17:21:19+00:00,triage-service,7,10,cpu:
2026-09-19T17:21:25+00:00,audit-service,10,10,cpu:
2026-09-19T17:21:25+00:00,auth-service,2,10,cpu:
2026-09-19T17:21:25+00:00,consent-service,10,10,cpu:
2026-09-19T17:21:25+00:00,exam-service,2,10,cpu:
2026-09-19T17:21:25+00:00,history-service,10,10,cpu:
2026-09-19T17:21:25+00:00,lab-service,2,10,cpu:
2026-09-19T17:21:25+00:00,notification-service,10,10,cpu:
2026-09-19T17:21:25+00:00,patient-service,10,10,cpu:
2026-09-19T17:21:25+00:00,result-service,10,10,cpu:
2026-09-19T17:21:25+00:00,triage-service,7,10,cpu:
2026-09-19T17:21:33+00:00,audit-service,10,10,cpu:
2026-09-19T17:21:33+00:00,auth-service,2,10,cpu:
2026-09-19T17:21:33+00:00,consent-service,10,10,cpu:
2026-09-19T17:21:33+00:00,exam-service,2,10,cpu:
2026-09-19T17:21:33+00:00,history-service,10,10,cpu:
2026-09-19T17:21:33+00:00,lab-service,2,10,cpu:
2026-09-19T17:21:33+00:00,notification-service,10,10,cpu:
2026-09-19T17:21:33+00:00,patient-service,10,10,cpu:
2026-09-19T17:21:33+00:00,result-service,10,10,cpu:
2026-09-19T17:21:33+00:00,triage-service,7,10,cpu:
2026-09-19T17:21:38+00:00,audit-service,10,10,cpu:
2026-09-19T17:21:38+00:00,auth-service,2,10,cpu:
2026-09-19T17:21:38+00:00,consent-service,10,10,cpu:
2026-09-19T17:21:38+00:00,exam-service,2,10,cpu:
2026-09-19T17:21:38+00:00,history-service,10,10,cpu:
2026-09-19T17:21:38+00:00,lab-service,2,10,cpu:
2026-09-19T17:21:38+00:00,notification-service,10,10,cpu:
2026-09-19T17:21:38+00:00,patient-service,10,10,cpu:
2026-09-19T17:21:38+00:00,result-service,10,10,cpu:
2026-09-19T17:21:38+00:00,triage-service,7,10,cpu:
2026-09-19T17:21:44+00:00,audit-service,10,10,cpu:
2026-09-19T17:21:44+00:00,auth-service,2,10,cpu:
2026-09-19T17:21:44+00:00,consent-service,10,10,cpu:
2026-09-19T17:21:44+00:00,exam-service,2,10,cpu:
2026-09-19T17:21:44+00:00,history-service,10,10,cpu:
2026-09-19T17:21:44+00:00,lab-service,2,10,cpu:
2026-09-19T17:21:44+00:00,notification-service,10,10,cpu:
2026-09-19T17:21:44+00:00,patient-service,10,10,cpu:
2026-09-19T17:21:44+00:00,result-service,10,10,cpu:
2026-09-19T17:21:44+00:00,triage-service,7,10,cpu:
2026-09-19T17:21:51+00:00,audit-service,10,10,cpu:
2026-09-19T17:21:51+00:00,auth-service,2,10,cpu:
2026-09-19T17:21:51+00:00,consent-service,10,10,cpu:
2026-09-19T17:21:51+00:00,exam-service,2,10,cpu:
2026-09-19T17:21:51+00:00,history-service,10,10,cpu:
2026-09-19T17:21:51+00:00,lab-service,2,10,cpu:
2026-09-19T17:21:51+00:00,notification-service,10,10,cpu:
2026-09-19T17:21:51+00:00,patient-service,10,10,cpu:
2026-09-19T17:21:51+00:00,result-service,10,10,cpu:
2026-09-19T17:21:51+00:00,triage-service,7,10,cpu:
2026-09-19T17:21:58+00:00,audit-service,10,10,cpu:
2026-09-19T17:21:58+00:00,auth-service,2,10,cpu:
2026-09-19T17:21:58+00:00,consent-service,10,10,cpu:
2026-09-19T17:21:58+00:00,exam-service,2,10,cpu:
2026-09-19T17:21:58+00:00,history-service,10,10,cpu:
2026-09-19T17:21:58+00:00,lab-service,2,10,cpu:
2026-09-19T17:21:58+00:00,notification-service,10,10,cpu:
2026-09-19T17:21:58+00:00,patient-service,10,10,cpu:
2026-09-19T17:21:58+00:00,result-service,10,10,cpu:
2026-09-19T17:21:58+00:00,triage-service,7,10,cpu:
2026-09-19T17:22:04+00:00,audit-service,10,10,cpu:
2026-09-19T17:22:04+00:00,auth-service,2,10,cpu:
2026-09-19T17:22:04+00:00,consent-service,10,10,cpu:
2026-09-19T17:22:04+00:00,exam-service,2,10,cpu:
2026-09-19T17:22:04+00:00,history-service,10,10,cpu:
2026-09-19T17:22:04+00:00,lab-service,2,10,cpu:
2026-09-19T17:22:04+00:00,notification-service,10,10,cpu:
2026-09-19T17:22:04+00:00,patient-service,10,10,cpu:
2026-09-19T17:22:04+00:00,result-service,10,10,cpu:
2026-09-19T17:22:04+00:00,triage-service,7,10,cpu:
2026-09-19T17:22:16+00:00,audit-service,10,10,cpu:
2026-09-19T17:22:16+00:00,auth-service,2,10,cpu:
2026-09-19T17:22:16+00:00,consent-service,10,10,cpu:
2026-09-19T17:22:16+00:00,exam-service,2,10,cpu:
2026-09-19T17:22:16+00:00,history-service,10,10,cpu:
2026-09-19T17:22:16+00:00,lab-service,2,10,cpu:
2026-09-19T17:22:16+00:00,notification-service,10,10,cpu:
2026-09-19T17:22:16+00:00,patient-service,10,10,cpu:
2026-09-19T17:22:16+00:00,result-service,10,10,cpu:
2026-09-19T17:22:16+00:00,triage-service,7,10,cpu:
2026-09-19T17:22:24+00:00,audit-service,10,10,cpu:
2026-09-19T17:22:24+00:00,auth-service,2,10,cpu:
2026-09-19T17:22:24+00:00,consent-service,10,10,cpu:
2026-09-19T17:22:24+00:00,exam-service,2,10,cpu:
2026-09-19T17:22:24+00:00,history-service,10,10,cpu:
2026-09-19T17:22:24+00:00,lab-service,2,10,cpu:
2026-09-19T17:22:24+00:00,notification-service,10,10,cpu:
2026-09-19T17:22:24+00:00,patient-service,10,10,cpu:
2026-09-19T17:22:24+00:00,result-service,10,10,cpu:
2026-09-19T17:22:24+00:00,triage-service,7,10,cpu:
2026-09-19T17:22:31+00:00,audit-service,10,10,cpu:
2026-09-19T17:22:31+00:00,auth-service,2,10,cpu:
2026-09-19T17:22:31+00:00,consent-service,10,10,cpu:
2026-09-19T17:22:31+00:00,exam-service,2,10,cpu:
2026-09-19T17:22:31+00:00,history-service,10,10,cpu:
2026-09-19T17:22:31+00:00,lab-service,2,10,cpu:
2026-09-19T17:22:31+00:00,notification-service,10,10,cpu:
2026-09-19T17:22:31+00:00,patient-service,10,10,cpu:
2026-09-19T17:22:31+00:00,result-service,10,10,cpu:
2026-09-19T17:22:31+00:00,triage-service,7,10,cpu:
2026-09-19T17:22:44+00:00,audit-service,10,10,cpu:
2026-09-19T17:22:44+00:00,auth-service,2,10,cpu:
2026-09-19T17:22:44+00:00,consent-service,10,10,cpu:
2026-09-19T17:22:44+00:00,exam-service,2,10,cpu:
2026-09-19T17:22:44+00:00,history-service,10,10,cpu:
2026-09-19T17:22:44+00:00,lab-service,2,10,cpu:
2026-09-19T17:22:44+00:00,notification-service,10,10,cpu:
2026-09-19T17:22:44+00:00,patient-service,10,10,cpu:
2026-09-19T17:22:44+00:00,result-service,10,10,cpu:
2026-09-19T17:22:44+00:00,triage-service,7,10,cpu:
2026-09-19T17:22:50+00:00,audit-service,10,10,cpu:
2026-09-19T17:22:50+00:00,auth-service,2,10,cpu:
2026-09-19T17:22:50+00:00,consent-service,10,10,cpu:
2026-09-19T17:22:50+00:00,exam-service,2,10,cpu:
2026-09-19T17:22:50+00:00,history-service,10,10,cpu:
2026-09-19T17:22:50+00:00,lab-service,2,10,cpu:
2026-09-19T17:22:50+00:00,notification-service,10,10,cpu:
2026-09-19T17:22:50+00:00,patient-service,10,10,cpu:
2026-09-19T17:22:50+00:00,result-service,10,10,cpu:
2026-09-19T17:22:50+00:00,triage-service,7,10,cpu:
2026-09-19T17:22:56+00:00,audit-service,10,10,cpu:
2026-09-19T17:22:56+00:00,auth-service,2,10,cpu:
2026-09-19T17:22:56+00:00,consent-service,10,10,cpu:
2026-09-19T17:22:56+00:00,exam-service,2,10,cpu:
2026-09-19T17:22:56+00:00,history-service,10,10,cpu:
2026-09-19T17:22:56+00:00,lab-service,2,10,cpu:
2026-09-19T17:22:56+00:00,notification-service,10,10,cpu:
2026-09-19T17:22:56+00:00,patient-service,10,10,cpu:
2026-09-19T17:22:56+00:00,result-service,10,10,cpu:
2026-09-19T17:22:56+00:00,triage-service,7,10,cpu:
2026-09-19T17:23:08+00:00,audit-service,10,10,cpu:
2026-09-19T17:23:08+00:00,auth-service,2,10,cpu:
2026-09-19T17:23:08+00:00,consent-service,10,10,cpu:
2026-09-19T17:23:08+00:00,exam-service,2,10,cpu:
2026-09-19T17:23:08+00:00,history-service,10,10,cpu:
2026-09-19T17:23:08+00:00,lab-service,2,10,cpu:
2026-09-19T17:23:08+00:00,notification-service,10,10,cpu:
2026-09-19T17:23:08+00:00,patient-service,10,10,cpu:
2026-09-19T17:23:08+00:00,result-service,10,10,cpu:
2026-09-19T17:23:08+00:00,triage-service,7,10,cpu:
2026-09-19T17:23:15+00:00,audit-service,10,10,cpu:
2026-09-19T17:23:15+00:00,auth-service,2,10,cpu:
2026-09-19T17:23:15+00:00,consent-service,10,10,cpu:
2026-09-19T17:23:15+00:00,exam-service,2,10,cpu:
2026-09-19T17:23:15+00:00,history-service,10,10,cpu:
2026-09-19T17:23:15+00:00,lab-service,2,10,cpu:
2026-09-19T17:23:15+00:00,notification-service,10,10,cpu:
2026-09-19T17:23:15+00:00,patient-service,10,10,cpu:
2026-09-19T17:23:15+00:00,result-service,10,10,cpu:
2026-09-19T17:23:15+00:00,triage-service,7,10,cpu:
2026-09-19T17:23:21+00:00,audit-service,10,10,cpu:
2026-09-19T17:23:21+00:00,auth-service,2,10,cpu:
2026-09-19T17:23:21+00:00,consent-service,10,10,cpu:
2026-09-19T17:23:21+00:00,exam-service,2,10,cpu:
2026-09-19T17:23:21+00:00,history-service,10,10,cpu:
2026-09-19T17:23:21+00:00,lab-service,2,10,cpu:
2026-09-19T17:23:21+00:00,notification-service,10,10,cpu:
2026-09-19T17:23:21+00:00,patient-service,10,10,cpu:
2026-09-19T17:23:21+00:00,result-service,10,10,cpu:
2026-09-19T17:23:21+00:00,triage-service,7,10,cpu:
2026-09-19T17:23:33+00:00,audit-service,10,10,cpu:
2026-09-19T17:23:33+00:00,auth-service,2,10,cpu:
2026-09-19T17:23:33+00:00,consent-service,10,10,cpu:
2026-09-19T17:23:33+00:00,exam-service,2,10,cpu:
2026-09-19T17:23:33+00:00,history-service,10,10,cpu:
2026-09-19T17:23:33+00:00,lab-service,2,10,cpu:
2026-09-19T17:23:33+00:00,notification-service,10,10,cpu:
2026-09-19T17:23:33+00:00,patient-service,10,10,cpu:
2026-09-19T17:23:33+00:00,result-service,10,10,cpu:
2026-09-19T17:23:33+00:00,triage-service,7,10,cpu:
2026-09-19T17:23:40+00:00,audit-service,10,10,cpu:
2026-09-19T17:23:40+00:00,auth-service,2,10,cpu:
2026-09-19T17:23:40+00:00,consent-service,10,10,cpu:
2026-09-19T17:23:40+00:00,exam-service,2,10,cpu:
2026-09-19T17:23:40+00:00,history-service,10,10,cpu:
2026-09-19T17:23:40+00:00,lab-service,2,10,cpu:
2026-09-19T17:23:40+00:00,notification-service,10,10,cpu:
2026-09-19T17:23:40+00:00,patient-service,10,10,cpu:
2026-09-19T17:23:40+00:00,result-service,10,10,cpu:
2026-09-19T17:23:40+00:00,triage-service,7,10,cpu:
2026-09-19T17:23:46+00:00,audit-service,10,10,cpu:
2026-09-19T17:23:46+00:00,auth-service,2,10,cpu:
2026-09-19T17:23:46+00:00,consent-service,10,10,cpu:
2026-09-19T17:23:46+00:00,exam-service,2,10,cpu:
2026-09-19T17:23:46+00:00,history-service,10,10,cpu:
2026-09-19T17:23:46+00:00,lab-service,2,10,cpu:
2026-09-19T17:23:46+00:00,notification-service,10,10,cpu:
2026-09-19T17:23:46+00:00,patient-service,10,10,cpu:
2026-09-19T17:23:46+00:00,result-service,10,10,cpu:
2026-09-19T17:23:46+00:00,triage-service,7,10,cpu:
2026-09-19T17:23:58+00:00,audit-service,10,10,cpu:
2026-09-19T17:23:58+00:00,auth-service,2,10,cpu:
2026-09-19T17:23:58+00:00,consent-service,10,10,cpu:
2026-09-19T17:23:58+00:00,exam-service,2,10,cpu:
2026-09-19T17:23:58+00:00,history-service,10,10,cpu:
2026-09-19T17:23:58+00:00,lab-service,2,10,cpu:
2026-09-19T17:23:58+00:00,notification-service,10,10,cpu:
2026-09-19T17:23:58+00:00,patient-service,10,10,cpu:
2026-09-19T17:23:58+00:00,result-service,10,10,cpu:
2026-09-19T17:23:58+00:00,triage-service,7,10,cpu:
2026-09-19T17:24:04+00:00,audit-service,10,10,cpu:
2026-09-19T17:24:04+00:00,auth-service,2,10,cpu:
2026-09-19T17:24:04+00:00,consent-service,10,10,cpu:
2026-09-19T17:24:04+00:00,exam-service,2,10,cpu:
2026-09-19T17:24:04+00:00,history-service,10,10,cpu:
2026-09-19T17:24:04+00:00,lab-service,2,10,cpu:
2026-09-19T17:24:04+00:00,notification-service,10,10,cpu:
2026-09-19T17:24:04+00:00,patient-service,10,10,cpu:
2026-09-19T17:24:04+00:00,result-service,10,10,cpu:
2026-09-19T17:24:04+00:00,triage-service,7,10,cpu:
2026-09-19T17:24:11+00:00,audit-service,10,10,cpu:
2026-09-19T17:24:11+00:00,auth-service,2,10,cpu:
2026-09-19T17:24:11+00:00,consent-service,10,10,cpu:
2026-09-19T17:24:11+00:00,exam-service,2,10,cpu:
2026-09-19T17:24:11+00:00,history-service,10,10,cpu:
2026-09-19T17:24:11+00:00,lab-service,2,10,cpu:
2026-09-19T17:24:11+00:00,notification-service,10,10,cpu:
2026-09-19T17:24:11+00:00,patient-service,10,10,cpu:
2026-09-19T17:24:11+00:00,result-service,10,10,cpu:
2026-09-19T17:24:11+00:00,triage-service,7,10,cpu:
2026-09-19T17:24:23+00:00,audit-service,10,10,cpu:
2026-09-19T17:24:23+00:00,auth-service,2,10,cpu:
2026-09-19T17:24:23+00:00,consent-service,10,10,cpu:
2026-09-19T17:24:23+00:00,exam-service,2,10,cpu:
2026-09-19T17:24:23+00:00,history-service,10,10,cpu:
2026-09-19T17:24:23+00:00,lab-service,2,10,cpu:
2026-09-19T17:24:23+00:00,notification-service,10,10,cpu:
2026-09-19T17:24:23+00:00,patient-service,10,10,cpu:
2026-09-19T17:24:23+00:00,result-service,10,10,cpu:
2026-09-19T17:24:23+00:00,triage-service,7,10,cpu:
2026-09-19T17:24:30+00:00,audit-service,10,10,cpu:
2026-09-19T17:24:30+00:00,auth-service,2,10,cpu:
2026-09-19T17:24:30+00:00,consent-service,10,10,cpu:
2026-09-19T17:24:30+00:00,exam-service,2,10,cpu:
2026-09-19T17:24:30+00:00,history-service,10,10,cpu:
2026-09-19T17:24:30+00:00,lab-service,2,10,cpu:
2026-09-19T17:24:30+00:00,notification-service,10,10,cpu:
2026-09-19T17:24:30+00:00,patient-service,10,10,cpu:
2026-09-19T17:24:30+00:00,result-service,10,10,cpu:
2026-09-19T17:24:30+00:00,triage-service,2,10,cpu:
2026-09-19T17:24:37+00:00,audit-service,10,10,cpu:
2026-09-19T17:24:37+00:00,auth-service,2,10,cpu:
2026-09-19T17:24:37+00:00,consent-service,10,10,cpu:
2026-09-19T17:24:37+00:00,exam-service,2,10,cpu:
2026-09-19T17:24:37+00:00,history-service,10,10,cpu:
2026-09-19T17:24:37+00:00,lab-service,2,10,cpu:
2026-09-19T17:24:37+00:00,notification-service,10,10,cpu:
2026-09-19T17:24:37+00:00,patient-service,10,10,cpu:
2026-09-19T17:24:37+00:00,result-service,10,10,cpu:
2026-09-19T17:24:37+00:00,triage-service,2,10,cpu:
2026-09-19T17:24:48+00:00,audit-service,3,10,cpu:
2026-09-19T17:24:48+00:00,auth-service,2,10,cpu:
2026-09-19T17:24:48+00:00,consent-service,10,10,cpu:
2026-09-19T17:24:48+00:00,exam-service,2,10,cpu:
2026-09-19T17:24:48+00:00,history-service,10,10,cpu:
2026-09-19T17:24:48+00:00,lab-service,2,10,cpu:
2026-09-19T17:24:48+00:00,notification-service,2,10,cpu:
2026-09-19T17:24:48+00:00,patient-service,10,10,cpu:
2026-09-19T17:24:48+00:00,result-service,10,10,cpu:
2026-09-19T17:24:48+00:00,triage-service,2,10,cpu:
2026-09-19T17:24:54+00:00,audit-service,3,10,cpu:
2026-09-19T17:24:54+00:00,auth-service,2,10,cpu:
2026-09-19T17:24:54+00:00,consent-service,10,10,cpu:
2026-09-19T17:24:54+00:00,exam-service,2,10,cpu:
2026-09-19T17:24:54+00:00,history-service,10,10,cpu:
2026-09-19T17:24:54+00:00,lab-service,2,10,cpu:
2026-09-19T17:24:54+00:00,notification-service,2,10,cpu:
2026-09-19T17:24:54+00:00,patient-service,10,10,cpu:
2026-09-19T17:24:54+00:00,result-service,10,10,cpu:
2026-09-19T17:24:54+00:00,triage-service,2,10,cpu:
2026-09-19T17:25:01+00:00,audit-service,3,10,cpu:
2026-09-19T17:25:01+00:00,auth-service,2,10,cpu:
2026-09-19T17:25:01+00:00,consent-service,10,10,cpu:
2026-09-19T17:25:01+00:00,exam-service,2,10,cpu:
2026-09-19T17:25:01+00:00,history-service,10,10,cpu:
2026-09-19T17:25:01+00:00,lab-service,2,10,cpu:
2026-09-19T17:25:01+00:00,notification-service,2,10,cpu:
2026-09-19T17:25:01+00:00,patient-service,10,10,cpu:
2026-09-19T17:25:01+00:00,result-service,10,10,cpu:
2026-09-19T17:25:01+00:00,triage-service,2,10,cpu:
2026-09-19T17:25:10+00:00,audit-service,3,10,cpu:
2026-09-19T17:25:10+00:00,auth-service,2,10,cpu:
2026-09-19T17:25:10+00:00,consent-service,10,10,cpu:
2026-09-19T17:25:10+00:00,exam-service,2,10,cpu:
2026-09-19T17:25:10+00:00,history-service,10,10,cpu:
2026-09-19T17:25:10+00:00,lab-service,2,10,cpu:
2026-09-19T17:25:10+00:00,notification-service,2,10,cpu:
2026-09-19T17:25:10+00:00,patient-service,10,10,cpu:
2026-09-19T17:25:10+00:00,result-service,10,10,cpu:
2026-09-19T17:25:10+00:00,triage-service,2,10,cpu:
2026-09-19T17:25:15+00:00,audit-service,3,10,cpu:
2026-09-19T17:25:15+00:00,auth-service,2,10,cpu:
2026-09-19T17:25:15+00:00,consent-service,10,10,cpu:
2026-09-19T17:25:15+00:00,exam-service,2,10,cpu:
2026-09-19T17:25:15+00:00,history-service,10,10,cpu:
2026-09-19T17:25:15+00:00,lab-service,2,10,cpu:
2026-09-19T17:25:15+00:00,notification-service,2,10,cpu:
2026-09-19T17:25:15+00:00,patient-service,10,10,cpu:
2026-09-19T17:25:15+00:00,result-service,10,10,cpu:
2026-09-19T17:25:15+00:00,triage-service,2,10,cpu:
2026-09-19T17:25:21+00:00,audit-service,3,10,cpu:
2026-09-19T17:25:21+00:00,auth-service,2,10,cpu:
2026-09-19T17:25:21+00:00,consent-service,10,10,cpu:
2026-09-19T17:25:21+00:00,exam-service,2,10,cpu:
2026-09-19T17:25:21+00:00,history-service,10,10,cpu:
2026-09-19T17:25:21+00:00,lab-service,2,10,cpu:
2026-09-19T17:25:21+00:00,notification-service,2,10,cpu:
2026-09-19T17:25:21+00:00,patient-service,10,10,cpu:
2026-09-19T17:25:21+00:00,result-service,10,10,cpu:
2026-09-19T17:25:21+00:00,triage-service,2,10,cpu:
2026-09-19T17:25:29+00:00,audit-service,3,10,cpu:
2026-09-19T17:25:29+00:00,auth-service,2,10,cpu:
2026-09-19T17:25:29+00:00,consent-service,10,10,cpu:
2026-09-19T17:25:29+00:00,exam-service,2,10,cpu:
2026-09-19T17:25:29+00:00,history-service,10,10,cpu:
2026-09-19T17:25:29+00:00,lab-service,2,10,cpu:
2026-09-19T17:25:29+00:00,notification-service,2,10,cpu:
2026-09-19T17:25:29+00:00,patient-service,10,10,cpu:
2026-09-19T17:25:29+00:00,result-service,10,10,cpu:
2026-09-19T17:25:29+00:00,triage-service,2,10,cpu:
2026-09-19T17:25:35+00:00,audit-service,3,10,cpu:
2026-09-19T17:25:35+00:00,auth-service,2,10,cpu:
2026-09-19T17:25:35+00:00,consent-service,10,10,cpu:
2026-09-19T17:25:35+00:00,exam-service,2,10,cpu:
2026-09-19T17:25:35+00:00,history-service,10,10,cpu:
2026-09-19T17:25:35+00:00,lab-service,2,10,cpu:
2026-09-19T17:25:35+00:00,notification-service,2,10,cpu:
2026-09-19T17:25:35+00:00,patient-service,10,10,cpu:
2026-09-19T17:25:35+00:00,result-service,10,10,cpu:
2026-09-19T17:25:35+00:00,triage-service,2,10,cpu:
2026-09-19T17:25:42+00:00,audit-service,3,10,cpu:
2026-09-19T17:25:42+00:00,auth-service,2,10,cpu:
2026-09-19T17:25:42+00:00,consent-service,10,10,cpu:
2026-09-19T17:25:42+00:00,exam-service,2,10,cpu:
2026-09-19T17:25:42+00:00,history-service,10,10,cpu:
2026-09-19T17:25:42+00:00,lab-service,2,10,cpu:
2026-09-19T17:25:42+00:00,notification-service,2,10,cpu:
2026-09-19T17:25:42+00:00,patient-service,10,10,cpu:
2026-09-19T17:25:42+00:00,result-service,10,10,cpu:
2026-09-19T17:25:42+00:00,triage-service,2,10,cpu:
2026-09-19T17:25:54+00:00,audit-service,3,10,cpu:
2026-09-19T17:25:54+00:00,auth-service,2,10,cpu:
2026-09-19T17:25:54+00:00,consent-service,10,10,cpu:
2026-09-19T17:25:54+00:00,exam-service,2,10,cpu:
2026-09-19T17:25:54+00:00,history-service,10,10,cpu:
2026-09-19T17:25:54+00:00,lab-service,2,10,cpu:
2026-09-19T17:25:54+00:00,notification-service,2,10,cpu:
2026-09-19T17:25:54+00:00,patient-service,10,10,cpu:
2026-09-19T17:25:54+00:00,result-service,10,10,cpu:
2026-09-19T17:25:54+00:00,triage-service,2,10,cpu:
2026-09-19T17:26:00+00:00,audit-service,3,10,cpu:
2026-09-19T17:26:00+00:00,auth-service,2,10,cpu:
2026-09-19T17:26:00+00:00,consent-service,10,10,cpu:
2026-09-19T17:26:00+00:00,exam-service,2,10,cpu:
2026-09-19T17:26:00+00:00,history-service,10,10,cpu:
2026-09-19T17:26:00+00:00,lab-service,2,10,cpu:
2026-09-19T17:26:00+00:00,notification-service,2,10,cpu:
2026-09-19T17:26:00+00:00,patient-service,10,10,cpu:
2026-09-19T17:26:00+00:00,result-service,10,10,cpu:
2026-09-19T17:26:00+00:00,triage-service,2,10,cpu:
2026-09-19T17:26:06+00:00,audit-service,3,10,cpu:
2026-09-19T17:26:06+00:00,auth-service,2,10,cpu:
2026-09-19T17:26:06+00:00,consent-service,10,10,cpu:
2026-09-19T17:26:06+00:00,exam-service,2,10,cpu:
2026-09-19T17:26:06+00:00,history-service,10,10,cpu:
2026-09-19T17:26:06+00:00,lab-service,2,10,cpu:
2026-09-19T17:26:06+00:00,notification-service,2,10,cpu:
2026-09-19T17:26:06+00:00,patient-service,10,10,cpu:
2026-09-19T17:26:06+00:00,result-service,10,10,cpu:
2026-09-19T17:26:06+00:00,triage-service,2,10,cpu:
2026-09-19T17:26:17+00:00,audit-service,3,10,cpu:
2026-09-19T17:26:17+00:00,auth-service,2,10,cpu:
2026-09-19T17:26:17+00:00,consent-service,10,10,cpu:
2026-09-19T17:26:17+00:00,exam-service,2,10,cpu:
2026-09-19T17:26:17+00:00,history-service,10,10,cpu:
2026-09-19T17:26:17+00:00,lab-service,2,10,cpu:
2026-09-19T17:26:17+00:00,notification-service,2,10,cpu:
2026-09-19T17:26:17+00:00,patient-service,10,10,cpu:
2026-09-19T17:26:17+00:00,result-service,10,10,cpu:
2026-09-19T17:26:17+00:00,triage-service,2,10,cpu:
2026-09-19T17:26:24+00:00,audit-service,3,10,cpu:
2026-09-19T17:26:24+00:00,auth-service,2,10,cpu:
2026-09-19T17:26:24+00:00,consent-service,10,10,cpu:
2026-09-19T17:26:24+00:00,exam-service,2,10,cpu:
2026-09-19T17:26:24+00:00,history-service,10,10,cpu:
2026-09-19T17:26:24+00:00,lab-service,2,10,cpu:
2026-09-19T17:26:24+00:00,notification-service,2,10,cpu:
2026-09-19T17:26:24+00:00,patient-service,10,10,cpu:
2026-09-19T17:26:24+00:00,result-service,10,10,cpu:
2026-09-19T17:26:24+00:00,triage-service,2,10,cpu:
2026-09-19T17:26:31+00:00,audit-service,3,10,cpu:
2026-09-19T17:26:31+00:00,auth-service,2,10,cpu:
2026-09-19T17:26:31+00:00,consent-service,10,10,cpu:
2026-09-19T17:26:31+00:00,exam-service,2,10,cpu:
2026-09-19T17:26:31+00:00,history-service,10,10,cpu:
2026-09-19T17:26:31+00:00,lab-service,2,10,cpu:
2026-09-19T17:26:31+00:00,notification-service,2,10,cpu:
2026-09-19T17:26:31+00:00,patient-service,10,10,cpu:
2026-09-19T17:26:31+00:00,result-service,10,10,cpu:
2026-09-19T17:26:31+00:00,triage-service,2,10,cpu:
2026-09-19T17:26:43+00:00,audit-service,3,10,cpu:
2026-09-19T17:26:43+00:00,auth-service,2,10,cpu:
2026-09-19T17:26:43+00:00,consent-service,10,10,cpu:
2026-09-19T17:26:43+00:00,exam-service,2,10,cpu:
2026-09-19T17:26:43+00:00,history-service,10,10,cpu:
2026-09-19T17:26:43+00:00,lab-service,2,10,cpu:
2026-09-19T17:26:43+00:00,notification-service,2,10,cpu:
2026-09-19T17:26:43+00:00,patient-service,10,10,cpu:
2026-09-19T17:26:43+00:00,result-service,10,10,cpu:
2026-09-19T17:26:43+00:00,triage-service,2,10,cpu:
2026-09-19T17:26:49+00:00,audit-service,3,10,cpu:
2026-09-19T17:26:49+00:00,auth-service,2,10,cpu:
2026-09-19T17:26:49+00:00,consent-service,10,10,cpu:
2026-09-19T17:26:49+00:00,exam-service,2,10,cpu:
2026-09-19T17:26:49+00:00,history-service,10,10,cpu:
2026-09-19T17:26:49+00:00,lab-service,2,10,cpu:
2026-09-19T17:26:49+00:00,notification-service,2,10,cpu:
2026-09-19T17:26:49+00:00,patient-service,10,10,cpu:
2026-09-19T17:26:49+00:00,result-service,10,10,cpu:
2026-09-19T17:26:49+00:00,triage-service,2,10,cpu:
2026-09-19T17:26:55+00:00,audit-service,3,10,cpu:
2026-09-19T17:26:55+00:00,auth-service,2,10,cpu:
2026-09-19T17:26:55+00:00,consent-service,10,10,cpu:
2026-09-19T17:26:55+00:00,exam-service,2,10,cpu:
2026-09-19T17:26:55+00:00,history-service,10,10,cpu:
2026-09-19T17:26:55+00:00,lab-service,2,10,cpu:
2026-09-19T17:26:55+00:00,notification-service,2,10,cpu:
2026-09-19T17:26:55+00:00,patient-service,10,10,cpu:
2026-09-19T17:26:55+00:00,result-service,10,10,cpu:
2026-09-19T17:26:55+00:00,triage-service,2,10,cpu:
2026-09-19T17:27:07+00:00,audit-service,3,10,cpu:
2026-09-19T17:27:07+00:00,auth-service,2,10,cpu:
2026-09-19T17:27:07+00:00,consent-service,10,10,cpu:
2026-09-19T17:27:07+00:00,exam-service,2,10,cpu:
2026-09-19T17:27:07+00:00,history-service,10,10,cpu:
2026-09-19T17:27:07+00:00,lab-service,2,10,cpu:
2026-09-19T17:27:07+00:00,notification-service,2,10,cpu:
2026-09-19T17:27:07+00:00,patient-service,10,10,cpu:
2026-09-19T17:27:07+00:00,result-service,10,10,cpu:
2026-09-19T17:27:07+00:00,triage-service,2,10,cpu:
2026-09-19T17:27:14+00:00,audit-service,3,10,cpu:
2026-09-19T17:27:14+00:00,auth-service,2,10,cpu:
2026-09-19T17:27:14+00:00,consent-service,10,10,cpu:
2026-09-19T17:27:14+00:00,exam-service,2,10,cpu:
2026-09-19T17:27:14+00:00,history-service,10,10,cpu:
2026-09-19T17:27:14+00:00,lab-service,2,10,cpu:
2026-09-19T17:27:14+00:00,notification-service,2,10,cpu:
2026-09-19T17:27:14+00:00,patient-service,10,10,cpu:
2026-09-19T17:27:14+00:00,result-service,10,10,cpu:
2026-09-19T17:27:14+00:00,triage-service,2,10,cpu:
2026-09-19T17:27:20+00:00,audit-service,3,10,cpu:
2026-09-19T17:27:20+00:00,auth-service,2,10,cpu:
2026-09-19T17:27:20+00:00,consent-service,10,10,cpu:
2026-09-19T17:27:20+00:00,exam-service,2,10,cpu:
2026-09-19T17:27:20+00:00,history-service,10,10,cpu:
2026-09-19T17:27:20+00:00,lab-service,2,10,cpu:
2026-09-19T17:27:20+00:00,notification-service,2,10,cpu:
2026-09-19T17:27:20+00:00,patient-service,10,10,cpu:
2026-09-19T17:27:20+00:00,result-service,10,10,cpu:
2026-09-19T17:27:20+00:00,triage-service,2,10,cpu:
2026-09-19T17:27:33+00:00,audit-service,3,10,cpu:
2026-09-19T17:27:33+00:00,auth-service,2,10,cpu:
2026-09-19T17:27:33+00:00,consent-service,10,10,cpu:
2026-09-19T17:27:33+00:00,exam-service,2,10,cpu:
2026-09-19T17:27:33+00:00,history-service,10,10,cpu:
2026-09-19T17:27:33+00:00,lab-service,2,10,cpu:
2026-09-19T17:27:33+00:00,notification-service,2,10,cpu:
2026-09-19T17:27:33+00:00,patient-service,10,10,cpu:
2026-09-19T17:27:33+00:00,result-service,10,10,cpu:
2026-09-19T17:27:33+00:00,triage-service,2,10,cpu:
2026-09-19T17:27:39+00:00,audit-service,3,10,cpu:
2026-09-19T17:27:39+00:00,auth-service,2,10,cpu:
2026-09-19T17:27:39+00:00,consent-service,10,10,cpu:
2026-09-19T17:27:39+00:00,exam-service,2,10,cpu:
2026-09-19T17:27:39+00:00,history-service,10,10,cpu:
2026-09-19T17:27:39+00:00,lab-service,2,10,cpu:
2026-09-19T17:27:39+00:00,notification-service,2,10,cpu:
2026-09-19T17:27:39+00:00,patient-service,10,10,cpu:
2026-09-19T17:27:39+00:00,result-service,10,10,cpu:
2026-09-19T17:27:39+00:00,triage-service,2,10,cpu:
2026-09-19T17:27:45+00:00,audit-service,3,10,cpu:
2026-09-19T17:27:45+00:00,auth-service,2,10,cpu:
2026-09-19T17:27:45+00:00,consent-service,10,10,cpu:
2026-09-19T17:27:45+00:00,exam-service,2,10,cpu:
2026-09-19T17:27:45+00:00,history-service,10,10,cpu:
2026-09-19T17:27:45+00:00,lab-service,2,10,cpu:
2026-09-19T17:27:45+00:00,notification-service,2,10,cpu:
2026-09-19T17:27:45+00:00,patient-service,10,10,cpu:
2026-09-19T17:27:45+00:00,result-service,10,10,cpu:
2026-09-19T17:27:45+00:00,triage-service,2,10,cpu:
2026-09-19T17:27:57+00:00,audit-service,3,10,cpu:
2026-09-19T17:27:57+00:00,auth-service,2,10,cpu:
2026-09-19T17:27:57+00:00,consent-service,10,10,cpu:
2026-09-19T17:27:57+00:00,exam-service,2,10,cpu:
2026-09-19T17:27:57+00:00,history-service,10,10,cpu:
2026-09-19T17:27:57+00:00,lab-service,2,10,cpu:
2026-09-19T17:27:57+00:00,notification-service,2,10,cpu:
2026-09-19T17:27:57+00:00,patient-service,10,10,cpu:
2026-09-19T17:27:57+00:00,result-service,10,10,cpu:
2026-09-19T17:27:57+00:00,triage-service,2,10,cpu:
2026-09-19T17:28:04+00:00,audit-service,3,10,cpu:
2026-09-19T17:28:04+00:00,auth-service,2,10,cpu:
2026-09-19T17:28:04+00:00,consent-service,10,10,cpu:
2026-09-19T17:28:04+00:00,exam-service,2,10,cpu:
2026-09-19T17:28:04+00:00,history-service,10,10,cpu:
2026-09-19T17:28:04+00:00,lab-service,2,10,cpu:
2026-09-19T17:28:04+00:00,notification-service,2,10,cpu:
2026-09-19T17:28:04+00:00,patient-service,10,10,cpu:
2026-09-19T17:28:04+00:00,result-service,10,10,cpu:
2026-09-19T17:28:04+00:00,triage-service,2,10,cpu:
2026-09-19T17:28:10+00:00,audit-service,3,10,cpu:
2026-09-19T17:28:10+00:00,auth-service,2,10,cpu:
2026-09-19T17:28:10+00:00,consent-service,10,10,cpu:
2026-09-19T17:28:10+00:00,exam-service,2,10,cpu:
2026-09-19T17:28:10+00:00,history-service,10,10,cpu:
2026-09-19T17:28:10+00:00,lab-service,2,10,cpu:
2026-09-19T17:28:10+00:00,notification-service,2,10,cpu:
2026-09-19T17:28:10+00:00,patient-service,10,10,cpu:
2026-09-19T17:28:10+00:00,result-service,10,10,cpu:
2026-09-19T17:28:10+00:00,triage-service,2,10,cpu:
2026-09-19T17:28:21+00:00,audit-service,3,10,cpu:
2026-09-19T17:28:21+00:00,auth-service,2,10,cpu:
2026-09-19T17:28:21+00:00,consent-service,10,10,cpu:
2026-09-19T17:28:21+00:00,exam-service,2,10,cpu:
2026-09-19T17:28:21+00:00,history-service,10,10,cpu:
2026-09-19T17:28:21+00:00,lab-service,2,10,cpu:
2026-09-19T17:28:21+00:00,notification-service,2,10,cpu:
2026-09-19T17:28:21+00:00,patient-service,10,10,cpu:
2026-09-19T17:28:21+00:00,result-service,10,10,cpu:
2026-09-19T17:28:21+00:00,triage-service,2,10,cpu:
2026-09-19T17:28:28+00:00,audit-service,3,10,cpu:
2026-09-19T17:28:28+00:00,auth-service,2,10,cpu:
2026-09-19T17:28:28+00:00,consent-service,10,10,cpu:
2026-09-19T17:28:28+00:00,exam-service,2,10,cpu:
2026-09-19T17:28:28+00:00,history-service,10,10,cpu:
2026-09-19T17:28:28+00:00,lab-service,2,10,cpu:
2026-09-19T17:28:28+00:00,notification-service,2,10,cpu:
2026-09-19T17:28:28+00:00,patient-service,10,10,cpu:
2026-09-19T17:28:28+00:00,result-service,10,10,cpu:
2026-09-19T17:28:28+00:00,triage-service,2,10,cpu:
2026-09-19T17:28:34+00:00,audit-service,3,10,cpu:
2026-09-19T17:28:34+00:00,auth-service,2,10,cpu:
2026-09-19T17:28:34+00:00,consent-service,10,10,cpu:
2026-09-19T17:28:34+00:00,exam-service,2,10,cpu:
2026-09-19T17:28:34+00:00,history-service,10,10,cpu:
2026-09-19T17:28:34+00:00,lab-service,2,10,cpu:
2026-09-19T17:28:34+00:00,notification-service,2,10,cpu:
2026-09-19T17:28:34+00:00,patient-service,10,10,cpu:
2026-09-19T17:28:34+00:00,result-service,10,10,cpu:
2026-09-19T17:28:34+00:00,triage-service,2,10,cpu:
2026-09-19T17:28:41+00:00,audit-service,3,10,cpu:
2026-09-19T17:28:41+00:00,auth-service,2,10,cpu:
2026-09-19T17:28:41+00:00,consent-service,10,10,cpu:
2026-09-19T17:28:41+00:00,exam-service,2,10,cpu:
2026-09-19T17:28:41+00:00,history-service,10,10,cpu:
2026-09-19T17:28:41+00:00,lab-service,2,10,cpu:
2026-09-19T17:28:41+00:00,notification-service,2,10,cpu:
2026-09-19T17:28:41+00:00,patient-service,10,10,cpu:
2026-09-19T17:28:41+00:00,result-service,10,10,cpu:
2026-09-19T17:28:41+00:00,triage-service,2,10,cpu:
2026-09-19T17:28:47+00:00,audit-service,3,10,cpu:
2026-09-19T17:28:47+00:00,auth-service,2,10,cpu:
2026-09-19T17:28:47+00:00,consent-service,10,10,cpu:
2026-09-19T17:28:47+00:00,exam-service,2,10,cpu:
2026-09-19T17:28:47+00:00,history-service,10,10,cpu:
2026-09-19T17:28:47+00:00,lab-service,2,10,cpu:
2026-09-19T17:28:47+00:00,notification-service,2,10,cpu:
2026-09-19T17:28:47+00:00,patient-service,10,10,cpu:
2026-09-19T17:28:47+00:00,result-service,10,10,cpu:
2026-09-19T17:28:47+00:00,triage-service,2,10,cpu:
2026-09-19T17:28:53+00:00,audit-service,3,10,cpu:
2026-09-19T17:28:53+00:00,auth-service,2,10,cpu:
2026-09-19T17:28:53+00:00,consent-service,10,10,cpu:
2026-09-19T17:28:53+00:00,exam-service,2,10,cpu:
2026-09-19T17:28:53+00:00,history-service,10,10,cpu:
2026-09-19T17:28:53+00:00,lab-service,2,10,cpu:
2026-09-19T17:28:53+00:00,notification-service,2,10,cpu:
2026-09-19T17:28:53+00:00,patient-service,10,10,cpu:
2026-09-19T17:28:53+00:00,result-service,10,10,cpu:
2026-09-19T17:28:53+00:00,triage-service,2,10,cpu:
2026-09-19T17:29:01+00:00,audit-service,3,10,cpu:
2026-09-19T17:29:01+00:00,auth-service,2,10,cpu:
2026-09-19T17:29:01+00:00,consent-service,10,10,cpu:
2026-09-19T17:29:01+00:00,exam-service,2,10,cpu:
2026-09-19T17:29:01+00:00,history-service,10,10,cpu:
2026-09-19T17:29:01+00:00,lab-service,2,10,cpu:
2026-09-19T17:29:01+00:00,notification-service,2,10,cpu:
2026-09-19T17:29:01+00:00,patient-service,10,10,cpu:
2026-09-19T17:29:01+00:00,result-service,10,10,cpu:
2026-09-19T17:29:01+00:00,triage-service,2,10,cpu:
2026-09-19T17:29:08+00:00,audit-service,3,10,cpu:
2026-09-19T17:29:08+00:00,auth-service,2,10,cpu:
2026-09-19T17:29:08+00:00,consent-service,10,10,cpu:
2026-09-19T17:29:08+00:00,exam-service,2,10,cpu:
2026-09-19T17:29:08+00:00,history-service,10,10,cpu:
2026-09-19T17:29:08+00:00,lab-service,2,10,cpu:
2026-09-19T17:29:08+00:00,notification-service,2,10,cpu:
2026-09-19T17:29:08+00:00,patient-service,10,10,cpu:
2026-09-19T17:29:08+00:00,result-service,10,10,cpu:
2026-09-19T17:29:08+00:00,triage-service,2,10,cpu:
2026-09-19T17:29:14+00:00,audit-service,3,10,cpu:
2026-09-19T17:29:14+00:00,auth-service,2,10,cpu:
2026-09-19T17:29:14+00:00,consent-service,10,10,cpu:
2026-09-19T17:29:14+00:00,exam-service,2,10,cpu:
2026-09-19T17:29:14+00:00,history-service,10,10,cpu:
2026-09-19T17:29:14+00:00,lab-service,2,10,cpu:
2026-09-19T17:29:14+00:00,notification-service,2,10,cpu:
2026-09-19T17:29:14+00:00,patient-service,10,10,cpu:
2026-09-19T17:29:14+00:00,result-service,10,10,cpu:
2026-09-19T17:29:14+00:00,triage-service,2,10,cpu:
2026-09-19T17:29:27+00:00,audit-service,3,10,cpu:
2026-09-19T17:29:27+00:00,auth-service,2,10,cpu:
2026-09-19T17:29:27+00:00,consent-service,10,10,cpu:
2026-09-19T17:29:27+00:00,exam-service,2,10,cpu:
2026-09-19T17:29:27+00:00,history-service,10,10,cpu:
2026-09-19T17:29:27+00:00,lab-service,2,10,cpu:
2026-09-19T17:29:27+00:00,notification-service,2,10,cpu:
2026-09-19T17:29:27+00:00,patient-service,10,10,cpu:
2026-09-19T17:29:27+00:00,result-service,10,10,cpu:
2026-09-19T17:29:27+00:00,triage-service,2,10,cpu:
2026-09-19T17:29:33+00:00,audit-service,3,10,cpu:
2026-09-19T17:29:33+00:00,auth-service,2,10,cpu:
2026-09-19T17:29:33+00:00,consent-service,10,10,cpu:
2026-09-19T17:29:33+00:00,exam-service,2,10,cpu:
2026-09-19T17:29:33+00:00,history-service,10,10,cpu:
2026-09-19T17:29:33+00:00,lab-service,2,10,cpu:
2026-09-19T17:29:33+00:00,notification-service,2,10,cpu:
2026-09-19T17:29:33+00:00,patient-service,10,10,cpu:
2026-09-19T17:29:33+00:00,result-service,10,10,cpu:
2026-09-19T17:29:33+00:00,triage-service,2,10,cpu:
2026-09-19T17:29:40+00:00,audit-service,3,10,cpu:
2026-09-19T17:29:40+00:00,auth-service,2,10,cpu:
2026-09-19T17:29:40+00:00,consent-service,10,10,cpu:
2026-09-19T17:29:40+00:00,exam-service,2,10,cpu:
2026-09-19T17:29:40+00:00,history-service,10,10,cpu:
2026-09-19T17:29:40+00:00,lab-service,2,10,cpu:
2026-09-19T17:29:40+00:00,notification-service,2,10,cpu:
2026-09-19T17:29:40+00:00,patient-service,10,10,cpu:
2026-09-19T17:29:40+00:00,result-service,10,10,cpu:
2026-09-19T17:29:40+00:00,triage-service,2,10,cpu:
2026-09-19T17:29:51+00:00,audit-service,3,10,cpu:
2026-09-19T17:29:51+00:00,auth-service,2,10,cpu:
2026-09-19T17:29:51+00:00,consent-service,10,10,cpu:
2026-09-19T17:29:51+00:00,exam-service,2,10,cpu:
2026-09-19T17:29:51+00:00,history-service,10,10,cpu:
2026-09-19T17:29:51+00:00,lab-service,2,10,cpu:
2026-09-19T17:29:51+00:00,notification-service,2,10,cpu:
2026-09-19T17:29:51+00:00,patient-service,10,10,cpu:
2026-09-19T17:29:51+00:00,result-service,10,10,cpu:
2026-09-19T17:29:51+00:00,triage-service,2,10,cpu:
2026-09-19T17:29:57+00:00,audit-service,3,10,cpu:
2026-09-19T17:29:57+00:00,auth-service,2,10,cpu:
2026-09-19T17:29:57+00:00,consent-service,10,10,cpu:
2026-09-19T17:29:57+00:00,exam-service,2,10,cpu:
2026-09-19T17:29:57+00:00,history-service,10,10,cpu:
2026-09-19T17:29:57+00:00,lab-service,2,10,cpu:
2026-09-19T17:29:57+00:00,notification-service,2,10,cpu:
2026-09-19T17:29:57+00:00,patient-service,10,10,cpu:
2026-09-19T17:29:57+00:00,result-service,10,10,cpu:
2026-09-19T17:29:57+00:00,triage-service,2,10,cpu:
2026-09-19T17:30:04+00:00,audit-service,3,10,cpu:
2026-09-19T17:30:04+00:00,auth-service,2,10,cpu:
2026-09-19T17:30:04+00:00,consent-service,10,10,cpu:
2026-09-19T17:30:04+00:00,exam-service,2,10,cpu:
2026-09-19T17:30:04+00:00,history-service,10,10,cpu:
2026-09-19T17:30:04+00:00,lab-service,2,10,cpu:
2026-09-19T17:30:04+00:00,notification-service,2,10,cpu:
2026-09-19T17:30:04+00:00,patient-service,10,10,cpu:
2026-09-19T17:30:04+00:00,result-service,10,10,cpu:
2026-09-19T17:30:04+00:00,triage-service,2,10,cpu:
2026-09-19T17:30:15+00:00,audit-service,3,10,cpu:
2026-09-19T17:30:15+00:00,auth-service,2,10,cpu:
2026-09-19T17:30:15+00:00,consent-service,10,10,cpu:
2026-09-19T17:30:15+00:00,exam-service,2,10,cpu:
2026-09-19T17:30:15+00:00,history-service,10,10,cpu:
2026-09-19T17:30:15+00:00,lab-service,2,10,cpu:
2026-09-19T17:30:15+00:00,notification-service,2,10,cpu:
2026-09-19T17:30:15+00:00,patient-service,10,10,cpu:
2026-09-19T17:30:15+00:00,result-service,10,10,cpu:
2026-09-19T17:30:15+00:00,triage-service,2,10,cpu:
2026-09-19T17:30:21+00:00,audit-service,3,10,cpu:
2026-09-19T17:30:21+00:00,auth-service,2,10,cpu:
2026-09-19T17:30:21+00:00,consent-service,10,10,cpu:
2026-09-19T17:30:21+00:00,exam-service,2,10,cpu:
2026-09-19T17:30:21+00:00,history-service,10,10,cpu:
2026-09-19T17:30:21+00:00,lab-service,2,10,cpu:
2026-09-19T17:30:21+00:00,notification-service,2,10,cpu:
2026-09-19T17:30:21+00:00,patient-service,10,10,cpu:
2026-09-19T17:30:21+00:00,result-service,10,10,cpu:
2026-09-19T17:30:21+00:00,triage-service,2,10,cpu:
2026-09-19T17:30:28+00:00,audit-service,3,10,cpu:
2026-09-19T17:30:28+00:00,auth-service,2,10,cpu:
2026-09-19T17:30:28+00:00,consent-service,10,10,cpu:
2026-09-19T17:30:28+00:00,exam-service,2,10,cpu:
2026-09-19T17:30:28+00:00,history-service,10,10,cpu:
2026-09-19T17:30:28+00:00,lab-service,2,10,cpu:
2026-09-19T17:30:28+00:00,notification-service,2,10,cpu:
2026-09-19T17:30:28+00:00,patient-service,10,10,cpu:
2026-09-19T17:30:28+00:00,result-service,10,10,cpu:
2026-09-19T17:30:28+00:00,triage-service,2,10,cpu:
2026-09-19T17:30:40+00:00,audit-service,3,10,cpu:
2026-09-19T17:30:40+00:00,auth-service,2,10,cpu:
2026-09-19T17:30:40+00:00,consent-service,10,10,cpu:
2026-09-19T17:30:40+00:00,exam-service,2,10,cpu:
2026-09-19T17:30:40+00:00,history-service,10,10,cpu:
2026-09-19T17:30:40+00:00,lab-service,2,10,cpu:
2026-09-19T17:30:40+00:00,notification-service,2,10,cpu:
2026-09-19T17:30:40+00:00,patient-service,10,10,cpu:
2026-09-19T17:30:40+00:00,result-service,10,10,cpu:
2026-09-19T17:30:40+00:00,triage-service,2,10,cpu:
2026-09-19T17:30:46+00:00,audit-service,3,10,cpu:
2026-09-19T17:30:46+00:00,auth-service,2,10,cpu:
2026-09-19T17:30:46+00:00,consent-service,10,10,cpu:
2026-09-19T17:30:46+00:00,exam-service,2,10,cpu:
2026-09-19T17:30:46+00:00,history-service,10,10,cpu:
2026-09-19T17:30:46+00:00,lab-service,2,10,cpu:
2026-09-19T17:30:46+00:00,notification-service,2,10,cpu:
2026-09-19T17:30:46+00:00,patient-service,10,10,cpu:
2026-09-19T17:30:46+00:00,result-service,10,10,cpu:
2026-09-19T17:30:46+00:00,triage-service,2,10,cpu:
2026-09-19T17:30:52+00:00,audit-service,3,10,cpu:
2026-09-19T17:30:52+00:00,auth-service,2,10,cpu:
2026-09-19T17:30:52+00:00,consent-service,10,10,cpu:
2026-09-19T17:30:52+00:00,exam-service,2,10,cpu:
2026-09-19T17:30:52+00:00,history-service,10,10,cpu:
2026-09-19T17:30:52+00:00,lab-service,2,10,cpu:
2026-09-19T17:30:52+00:00,notification-service,2,10,cpu:
2026-09-19T17:30:52+00:00,patient-service,10,10,cpu:
2026-09-19T17:30:52+00:00,result-service,10,10,cpu:
2026-09-19T17:30:52+00:00,triage-service,2,10,cpu:
2026-09-19T17:31:04+00:00,audit-service,3,10,cpu:
2026-09-19T17:31:04+00:00,auth-service,2,10,cpu:
2026-09-19T17:31:04+00:00,consent-service,10,10,cpu:
2026-09-19T17:31:04+00:00,exam-service,2,10,cpu:
2026-09-19T17:31:04+00:00,history-service,10,10,cpu:
2026-09-19T17:31:04+00:00,lab-service,2,10,cpu:
2026-09-19T17:31:04+00:00,notification-service,2,10,cpu:
2026-09-19T17:31:04+00:00,patient-service,10,10,cpu:
2026-09-19T17:31:04+00:00,result-service,10,10,cpu:
2026-09-19T17:31:04+00:00,triage-service,2,10,cpu:
2026-09-19T17:31:10+00:00,audit-service,3,10,cpu:
2026-09-19T17:31:10+00:00,auth-service,2,10,cpu:
2026-09-19T17:31:10+00:00,consent-service,10,10,cpu:
2026-09-19T17:31:10+00:00,exam-service,2,10,cpu:
2026-09-19T17:31:10+00:00,history-service,10,10,cpu:
2026-09-19T17:31:10+00:00,lab-service,2,10,cpu:
2026-09-19T17:31:10+00:00,notification-service,2,10,cpu:
2026-09-19T17:31:10+00:00,patient-service,10,10,cpu:
2026-09-19T17:31:10+00:00,result-service,10,10,cpu:
2026-09-19T17:31:10+00:00,triage-service,2,10,cpu:
2026-09-19T17:31:17+00:00,audit-service,3,10,cpu:
2026-09-19T17:31:17+00:00,auth-service,2,10,cpu:
2026-09-19T17:31:17+00:00,consent-service,10,10,cpu:
2026-09-19T17:31:17+00:00,exam-service,2,10,cpu:
2026-09-19T17:31:17+00:00,history-service,10,10,cpu:
2026-09-19T17:31:17+00:00,lab-service,2,10,cpu:
2026-09-19T17:31:17+00:00,notification-service,2,10,cpu:
2026-09-19T17:31:17+00:00,patient-service,10,10,cpu:
2026-09-19T17:31:17+00:00,result-service,10,10,cpu:
2026-09-19T17:31:17+00:00,triage-service,2,10,cpu:
2026-09-19T17:31:28+00:00,audit-service,3,10,cpu:
2026-09-19T17:31:28+00:00,auth-service,2,10,cpu:
2026-09-19T17:31:28+00:00,consent-service,10,10,cpu:
2026-09-19T17:31:28+00:00,exam-service,2,10,cpu:
2026-09-19T17:31:28+00:00,history-service,10,10,cpu:
2026-09-19T17:31:28+00:00,lab-service,2,10,cpu:
2026-09-19T17:31:28+00:00,notification-service,2,10,cpu:
2026-09-19T17:31:28+00:00,patient-service,10,10,cpu:
2026-09-19T17:31:28+00:00,result-service,10,10,cpu:
2026-09-19T17:31:28+00:00,triage-service,2,10,cpu:
2026-09-19T17:31:34+00:00,audit-service,3,10,cpu:
2026-09-19T17:31:34+00:00,auth-service,2,10,cpu:
2026-09-19T17:31:34+00:00,consent-service,10,10,cpu:
2026-09-19T17:31:34+00:00,exam-service,2,10,cpu:
2026-09-19T17:31:34+00:00,history-service,10,10,cpu:
2026-09-19T17:31:34+00:00,lab-service,2,10,cpu:
2026-09-19T17:31:34+00:00,notification-service,2,10,cpu:
2026-09-19T17:31:34+00:00,patient-service,10,10,cpu:
2026-09-19T17:31:34+00:00,result-service,10,10,cpu:
2026-09-19T17:31:34+00:00,triage-service,2,10,cpu:
2026-09-19T17:31:40+00:00,audit-service,3,10,cpu:
2026-09-19T17:31:40+00:00,auth-service,2,10,cpu:
2026-09-19T17:31:40+00:00,consent-service,10,10,cpu:
2026-09-19T17:31:40+00:00,exam-service,2,10,cpu:
2026-09-19T17:31:40+00:00,history-service,10,10,cpu:
2026-09-19T17:31:40+00:00,lab-service,2,10,cpu:
2026-09-19T17:31:40+00:00,notification-service,2,10,cpu:
2026-09-19T17:31:40+00:00,patient-service,10,10,cpu:
2026-09-19T17:31:40+00:00,result-service,10,10,cpu:
2026-09-19T17:31:40+00:00,triage-service,2,10,cpu:
2026-09-19T17:31:53+00:00,audit-service,3,10,cpu:
2026-09-19T17:31:53+00:00,auth-service,2,10,cpu:
2026-09-19T17:31:53+00:00,consent-service,10,10,cpu:
2026-09-19T17:31:53+00:00,exam-service,2,10,cpu:
2026-09-19T17:31:53+00:00,history-service,10,10,cpu:
2026-09-19T17:31:53+00:00,lab-service,2,10,cpu:
2026-09-19T17:31:53+00:00,notification-service,2,10,cpu:
2026-09-19T17:31:53+00:00,patient-service,10,10,cpu:
2026-09-19T17:31:53+00:00,result-service,10,10,cpu:
2026-09-19T17:31:53+00:00,triage-service,2,10,cpu:
2026-09-19T17:31:59+00:00,audit-service,3,10,cpu:
2026-09-19T17:31:59+00:00,auth-service,2,10,cpu:
2026-09-19T17:31:59+00:00,consent-service,10,10,cpu:
2026-09-19T17:31:59+00:00,exam-service,2,10,cpu:
2026-09-19T17:31:59+00:00,history-service,10,10,cpu:
2026-09-19T17:31:59+00:00,lab-service,2,10,cpu:
2026-09-19T17:31:59+00:00,notification-service,2,10,cpu:
2026-09-19T17:31:59+00:00,patient-service,10,10,cpu:
2026-09-19T17:31:59+00:00,result-service,10,10,cpu:
2026-09-19T17:31:59+00:00,triage-service,2,10,cpu:
2026-09-19T17:32:06+00:00,audit-service,3,10,cpu:
2026-09-19T17:32:06+00:00,auth-service,2,10,cpu:
2026-09-19T17:32:06+00:00,consent-service,10,10,cpu:
2026-09-19T17:32:06+00:00,exam-service,2,10,cpu:
2026-09-19T17:32:06+00:00,history-service,10,10,cpu:
2026-09-19T17:32:06+00:00,lab-service,2,10,cpu:
2026-09-19T17:32:06+00:00,notification-service,2,10,cpu:
2026-09-19T17:32:06+00:00,patient-service,10,10,cpu:
2026-09-19T17:32:06+00:00,result-service,10,10,cpu:
2026-09-19T17:32:06+00:00,triage-service,2,10,cpu:
2026-09-19T17:32:14+00:00,audit-service,3,10,cpu:
2026-09-19T17:32:14+00:00,auth-service,2,10,cpu:
2026-09-19T17:32:14+00:00,consent-service,10,10,cpu:
2026-09-19T17:32:14+00:00,exam-service,2,10,cpu:
2026-09-19T17:32:14+00:00,history-service,10,10,cpu:
2026-09-19T17:32:14+00:00,lab-service,2,10,cpu:
2026-09-19T17:32:14+00:00,notification-service,2,10,cpu:
2026-09-19T17:32:14+00:00,patient-service,10,10,cpu:
2026-09-19T17:32:14+00:00,result-service,10,10,cpu:
2026-09-19T17:32:14+00:00,triage-service,2,10,cpu:
2026-09-19T17:32:20+00:00,audit-service,3,10,cpu:
2026-09-19T17:32:20+00:00,auth-service,2,10,cpu:
2026-09-19T17:32:20+00:00,consent-service,10,10,cpu:
2026-09-19T17:32:20+00:00,exam-service,2,10,cpu:
2026-09-19T17:32:20+00:00,history-service,10,10,cpu:
2026-09-19T17:32:20+00:00,lab-service,2,10,cpu:
2026-09-19T17:32:20+00:00,notification-service,2,10,cpu:
2026-09-19T17:32:20+00:00,patient-service,10,10,cpu:
2026-09-19T17:32:20+00:00,result-service,10,10,cpu:
2026-09-19T17:32:20+00:00,triage-service,2,10,cpu:
2026-09-19T17:32:25+00:00,audit-service,3,10,cpu:
2026-09-19T17:32:25+00:00,auth-service,2,10,cpu:
2026-09-19T17:32:25+00:00,consent-service,10,10,cpu:
2026-09-19T17:32:25+00:00,exam-service,2,10,cpu:
2026-09-19T17:32:25+00:00,history-service,10,10,cpu:
2026-09-19T17:32:25+00:00,lab-service,2,10,cpu:
2026-09-19T17:32:25+00:00,notification-service,2,10,cpu:
2026-09-19T17:32:25+00:00,patient-service,10,10,cpu:
2026-09-19T17:32:25+00:00,result-service,10,10,cpu:
2026-09-19T17:32:25+00:00,triage-service,2,10,cpu:
2026-09-19T17:32:33+00:00,audit-service,3,10,cpu:
2026-09-19T17:32:33+00:00,auth-service,2,10,cpu:
2026-09-19T17:32:33+00:00,consent-service,10,10,cpu:
2026-09-19T17:32:33+00:00,exam-service,2,10,cpu:
2026-09-19T17:32:33+00:00,history-service,10,10,cpu:
2026-09-19T17:32:33+00:00,lab-service,2,10,cpu:
2026-09-19T17:32:33+00:00,notification-service,2,10,cpu:
2026-09-19T17:32:33+00:00,patient-service,10,10,cpu:
2026-09-19T17:32:33+00:00,result-service,10,10,cpu:
2026-09-19T17:32:33+00:00,triage-service,2,10,cpu:
2026-09-19T17:32:39+00:00,audit-service,3,10,cpu:
2026-09-19T17:32:39+00:00,auth-service,2,10,cpu:
2026-09-19T17:32:39+00:00,consent-service,10,10,cpu:
2026-09-19T17:32:39+00:00,exam-service,2,10,cpu:
2026-09-19T17:32:39+00:00,history-service,10,10,cpu:
2026-09-19T17:32:39+00:00,lab-service,2,10,cpu:
2026-09-19T17:32:39+00:00,notification-service,2,10,cpu:
2026-09-19T17:32:39+00:00,patient-service,10,10,cpu:
2026-09-19T17:32:39+00:00,result-service,10,10,cpu:
2026-09-19T17:32:39+00:00,triage-service,2,10,cpu:
2026-09-19T17:32:45+00:00,audit-service,3,10,cpu:
2026-09-19T17:32:45+00:00,auth-service,2,10,cpu:
2026-09-19T17:32:45+00:00,consent-service,10,10,cpu:
2026-09-19T17:32:45+00:00,exam-service,2,10,cpu:
2026-09-19T17:32:45+00:00,history-service,10,10,cpu:
2026-09-19T17:32:45+00:00,lab-service,2,10,cpu:
2026-09-19T17:32:45+00:00,notification-service,2,10,cpu:
2026-09-19T17:32:45+00:00,patient-service,10,10,cpu:
2026-09-19T17:32:45+00:00,result-service,10,10,cpu:
2026-09-19T17:32:45+00:00,triage-service,2,10,cpu:
2026-09-19T17:32:55+00:00,audit-service,3,10,cpu:
2026-09-19T17:32:55+00:00,auth-service,2,10,cpu:
2026-09-19T17:32:55+00:00,consent-service,10,10,cpu:
2026-09-19T17:32:55+00:00,exam-service,2,10,cpu:
2026-09-19T17:32:55+00:00,history-service,10,10,cpu:
2026-09-19T17:32:55+00:00,lab-service,2,10,cpu:
2026-09-19T17:32:55+00:00,notification-service,2,10,cpu:
2026-09-19T17:32:55+00:00,patient-service,10,10,cpu:
2026-09-19T17:32:55+00:00,result-service,10,10,cpu:
2026-09-19T17:32:55+00:00,triage-service,2,10,cpu:
2026-09-19T17:33:01+00:00,audit-service,3,10,cpu:
2026-09-19T17:33:01+00:00,auth-service,2,10,cpu:
2026-09-19T17:33:01+00:00,consent-service,10,10,cpu:
2026-09-19T17:33:01+00:00,exam-service,2,10,cpu:
2026-09-19T17:33:01+00:00,history-service,10,10,cpu:
2026-09-19T17:33:01+00:00,lab-service,2,10,cpu:
2026-09-19T17:33:01+00:00,notification-service,2,10,cpu:
2026-09-19T17:33:01+00:00,patient-service,10,10,cpu:
2026-09-19T17:33:01+00:00,result-service,10,10,cpu:
2026-09-19T17:33:01+00:00,triage-service,2,10,cpu:
2026-09-19T17:33:08+00:00,audit-service,3,10,cpu:
2026-09-19T17:33:08+00:00,auth-service,2,10,cpu:
2026-09-19T17:33:08+00:00,consent-service,10,10,cpu:
2026-09-19T17:33:08+00:00,exam-service,2,10,cpu:
2026-09-19T17:33:08+00:00,history-service,10,10,cpu:
2026-09-19T17:33:08+00:00,lab-service,2,10,cpu:
2026-09-19T17:33:08+00:00,notification-service,2,10,cpu:
2026-09-19T17:33:08+00:00,patient-service,10,10,cpu:
2026-09-19T17:33:08+00:00,result-service,10,10,cpu:
2026-09-19T17:33:08+00:00,triage-service,2,10,cpu:
2026-09-19T17:33:18+00:00,audit-service,5,10,cpu:
2026-09-19T17:33:18+00:00,auth-service,2,10,cpu:
2026-09-19T17:33:18+00:00,consent-service,10,10,cpu:
2026-09-19T17:33:18+00:00,exam-service,2,10,cpu:
2026-09-19T17:33:18+00:00,history-service,10,10,cpu:
2026-09-19T17:33:18+00:00,lab-service,2,10,cpu:
2026-09-19T17:33:18+00:00,notification-service,2,10,cpu:
2026-09-19T17:33:18+00:00,patient-service,10,10,cpu:
2026-09-19T17:33:18+00:00,result-service,10,10,cpu:
2026-09-19T17:33:18+00:00,triage-service,2,10,cpu:
2026-09-19T17:33:24+00:00,audit-service,5,10,cpu:
2026-09-19T17:33:24+00:00,auth-service,2,10,cpu:
2026-09-19T17:33:24+00:00,consent-service,10,10,cpu:
2026-09-19T17:33:24+00:00,exam-service,2,10,cpu:
2026-09-19T17:33:24+00:00,history-service,10,10,cpu:
2026-09-19T17:33:24+00:00,lab-service,2,10,cpu:
2026-09-19T17:33:24+00:00,notification-service,2,10,cpu:
2026-09-19T17:33:24+00:00,patient-service,10,10,cpu:
2026-09-19T17:33:24+00:00,result-service,10,10,cpu:
2026-09-19T17:33:24+00:00,triage-service,2,10,cpu:
2026-09-19T17:33:30+00:00,audit-service,8,10,cpu:
2026-09-19T17:33:30+00:00,auth-service,2,10,cpu:
2026-09-19T17:33:30+00:00,consent-service,10,10,cpu:
2026-09-19T17:33:30+00:00,exam-service,2,10,cpu:
2026-09-19T17:33:30+00:00,history-service,10,10,cpu:
2026-09-19T17:33:30+00:00,lab-service,2,10,cpu:
2026-09-19T17:33:30+00:00,notification-service,4,10,cpu:
2026-09-19T17:33:30+00:00,patient-service,10,10,cpu:
2026-09-19T17:33:30+00:00,result-service,10,10,cpu:
2026-09-19T17:33:30+00:00,triage-service,4,10,cpu:
2026-09-19T17:33:41+00:00,audit-service,8,10,cpu:
2026-09-19T17:33:41+00:00,auth-service,2,10,cpu:
2026-09-19T17:33:41+00:00,consent-service,10,10,cpu:
2026-09-19T17:33:41+00:00,exam-service,2,10,cpu:
2026-09-19T17:33:41+00:00,history-service,10,10,cpu:
2026-09-19T17:33:41+00:00,lab-service,2,10,cpu:
2026-09-19T17:33:41+00:00,notification-service,8,10,cpu:
2026-09-19T17:33:41+00:00,patient-service,10,10,cpu:
2026-09-19T17:33:41+00:00,result-service,10,10,cpu:
2026-09-19T17:33:41+00:00,triage-service,7,10,cpu:
2026-09-19T17:33:47+00:00,audit-service,8,10,cpu:
2026-09-19T17:33:47+00:00,auth-service,2,10,cpu:
2026-09-19T17:33:47+00:00,consent-service,10,10,cpu:
2026-09-19T17:33:47+00:00,exam-service,2,10,cpu:
2026-09-19T17:33:47+00:00,history-service,10,10,cpu:
2026-09-19T17:33:47+00:00,lab-service,2,10,cpu:
2026-09-19T17:33:47+00:00,notification-service,8,10,cpu:
2026-09-19T17:33:47+00:00,patient-service,10,10,cpu:
2026-09-19T17:33:47+00:00,result-service,10,10,cpu:
2026-09-19T17:33:47+00:00,triage-service,7,10,cpu:
2026-09-19T17:33:53+00:00,audit-service,8,10,cpu:
2026-09-19T17:33:53+00:00,auth-service,2,10,cpu:
2026-09-19T17:33:53+00:00,consent-service,10,10,cpu:
2026-09-19T17:33:53+00:00,exam-service,2,10,cpu:
2026-09-19T17:33:53+00:00,history-service,10,10,cpu:
2026-09-19T17:33:53+00:00,lab-service,2,10,cpu:
2026-09-19T17:33:53+00:00,notification-service,8,10,cpu:
2026-09-19T17:33:53+00:00,patient-service,10,10,cpu:
2026-09-19T17:33:53+00:00,result-service,10,10,cpu:
2026-09-19T17:33:53+00:00,triage-service,7,10,cpu:
2026-09-19T17:34:04+00:00,audit-service,8,10,cpu:
2026-09-19T17:34:04+00:00,auth-service,2,10,cpu:
2026-09-19T17:34:04+00:00,consent-service,10,10,cpu:
2026-09-19T17:34:04+00:00,exam-service,2,10,cpu:
2026-09-19T17:34:04+00:00,history-service,10,10,cpu:
2026-09-19T17:34:04+00:00,lab-service,2,10,cpu:
2026-09-19T17:34:04+00:00,notification-service,8,10,cpu:
2026-09-19T17:34:04+00:00,patient-service,10,10,cpu:
2026-09-19T17:34:04+00:00,result-service,10,10,cpu:
2026-09-19T17:34:04+00:00,triage-service,7,10,cpu:
2026-09-19T17:34:11+00:00,audit-service,8,10,cpu:
2026-09-19T17:34:11+00:00,auth-service,2,10,cpu:
2026-09-19T17:34:11+00:00,consent-service,10,10,cpu:
2026-09-19T17:34:11+00:00,exam-service,2,10,cpu:
2026-09-19T17:34:11+00:00,history-service,10,10,cpu:
2026-09-19T17:34:11+00:00,lab-service,2,10,cpu:
2026-09-19T17:34:11+00:00,notification-service,8,10,cpu:
2026-09-19T17:34:11+00:00,patient-service,10,10,cpu:
2026-09-19T17:34:11+00:00,result-service,10,10,cpu:
2026-09-19T17:34:11+00:00,triage-service,7,10,cpu:
2026-09-19T17:34:17+00:00,audit-service,8,10,cpu:
2026-09-19T17:34:17+00:00,auth-service,2,10,cpu:
2026-09-19T17:34:17+00:00,consent-service,10,10,cpu:
2026-09-19T17:34:17+00:00,exam-service,2,10,cpu:
2026-09-19T17:34:17+00:00,history-service,10,10,cpu:
2026-09-19T17:34:17+00:00,lab-service,2,10,cpu:
2026-09-19T17:34:17+00:00,notification-service,8,10,cpu:
2026-09-19T17:34:17+00:00,patient-service,10,10,cpu:
2026-09-19T17:34:17+00:00,result-service,10,10,cpu:
2026-09-19T17:34:17+00:00,triage-service,7,10,cpu:
2026-09-19T17:34:27+00:00,audit-service,8,10,cpu:
2026-09-19T17:34:27+00:00,auth-service,2,10,cpu:
2026-09-19T17:34:27+00:00,consent-service,10,10,cpu:
2026-09-19T17:34:27+00:00,exam-service,2,10,cpu:
2026-09-19T17:34:27+00:00,history-service,10,10,cpu:
2026-09-19T17:34:27+00:00,lab-service,2,10,cpu:
2026-09-19T17:34:27+00:00,notification-service,8,10,cpu:
2026-09-19T17:34:27+00:00,patient-service,10,10,cpu:
2026-09-19T17:34:27+00:00,result-service,10,10,cpu:
2026-09-19T17:34:27+00:00,triage-service,7,10,cpu:
2026-09-19T17:34:34+00:00,audit-service,8,10,cpu:
2026-09-19T17:34:34+00:00,auth-service,2,10,cpu:
2026-09-19T17:34:34+00:00,consent-service,10,10,cpu:
2026-09-19T17:34:34+00:00,exam-service,2,10,cpu:
2026-09-19T17:34:34+00:00,history-service,10,10,cpu:
2026-09-19T17:34:34+00:00,lab-service,2,10,cpu:
2026-09-19T17:34:34+00:00,notification-service,8,10,cpu:
2026-09-19T17:34:34+00:00,patient-service,10,10,cpu:
2026-09-19T17:34:34+00:00,result-service,10,10,cpu:
2026-09-19T17:34:34+00:00,triage-service,7,10,cpu:
2026-09-19T17:34:40+00:00,audit-service,8,10,cpu:
2026-09-19T17:34:40+00:00,auth-service,2,10,cpu:
2026-09-19T17:34:40+00:00,consent-service,10,10,cpu:
2026-09-19T17:34:40+00:00,exam-service,2,10,cpu:
2026-09-19T17:34:40+00:00,history-service,10,10,cpu:
2026-09-19T17:34:40+00:00,lab-service,2,10,cpu:
2026-09-19T17:34:40+00:00,notification-service,8,10,cpu:
2026-09-19T17:34:40+00:00,patient-service,10,10,cpu:
2026-09-19T17:34:40+00:00,result-service,10,10,cpu:
2026-09-19T17:34:40+00:00,triage-service,7,10,cpu:
2026-09-19T17:34:50+00:00,audit-service,8,10,cpu:
2026-09-19T17:34:50+00:00,auth-service,2,10,cpu:
2026-09-19T17:34:50+00:00,consent-service,10,10,cpu:
2026-09-19T17:34:50+00:00,exam-service,2,10,cpu:
2026-09-19T17:34:50+00:00,history-service,10,10,cpu:
2026-09-19T17:34:50+00:00,lab-service,2,10,cpu:
2026-09-19T17:34:50+00:00,notification-service,8,10,cpu:
2026-09-19T17:34:50+00:00,patient-service,10,10,cpu:
2026-09-19T17:34:50+00:00,result-service,10,10,cpu:
2026-09-19T17:34:50+00:00,triage-service,7,10,cpu:
2026-09-19T17:34:56+00:00,audit-service,8,10,cpu:
2026-09-19T17:34:56+00:00,auth-service,2,10,cpu:
2026-09-19T17:34:56+00:00,consent-service,10,10,cpu:
2026-09-19T17:34:56+00:00,exam-service,2,10,cpu:
2026-09-19T17:34:56+00:00,history-service,10,10,cpu:
2026-09-19T17:34:56+00:00,lab-service,2,10,cpu:
2026-09-19T17:34:56+00:00,notification-service,8,10,cpu:
2026-09-19T17:34:56+00:00,patient-service,10,10,cpu:
2026-09-19T17:34:56+00:00,result-service,10,10,cpu:
2026-09-19T17:34:56+00:00,triage-service,7,10,cpu:
2026-09-19T17:35:02+00:00,audit-service,8,10,cpu:
2026-09-19T17:35:02+00:00,auth-service,2,10,cpu:
2026-09-19T17:35:02+00:00,consent-service,10,10,cpu:
2026-09-19T17:35:02+00:00,exam-service,2,10,cpu:
2026-09-19T17:35:02+00:00,history-service,10,10,cpu:
2026-09-19T17:35:02+00:00,lab-service,2,10,cpu:
2026-09-19T17:35:02+00:00,notification-service,8,10,cpu:
2026-09-19T17:35:02+00:00,patient-service,10,10,cpu:
2026-09-19T17:35:02+00:00,result-service,10,10,cpu:
2026-09-19T17:35:02+00:00,triage-service,7,10,cpu:
2026-09-19T17:35:14+00:00,audit-service,8,10,cpu:
2026-09-19T17:35:14+00:00,auth-service,2,10,cpu:
2026-09-19T17:35:14+00:00,consent-service,10,10,cpu:
2026-09-19T17:35:14+00:00,exam-service,2,10,cpu:
2026-09-19T17:35:14+00:00,history-service,10,10,cpu:
2026-09-19T17:35:14+00:00,lab-service,2,10,cpu:
2026-09-19T17:35:14+00:00,notification-service,8,10,cpu:
2026-09-19T17:35:14+00:00,patient-service,10,10,cpu:
2026-09-19T17:35:14+00:00,result-service,10,10,cpu:
2026-09-19T17:35:14+00:00,triage-service,7,10,cpu:
2026-09-19T17:35:21+00:00,audit-service,8,10,cpu:
2026-09-19T17:35:21+00:00,auth-service,2,10,cpu:
2026-09-19T17:35:21+00:00,consent-service,10,10,cpu:
2026-09-19T17:35:21+00:00,exam-service,2,10,cpu:
2026-09-19T17:35:21+00:00,history-service,10,10,cpu:
2026-09-19T17:35:21+00:00,lab-service,2,10,cpu:
2026-09-19T17:35:21+00:00,notification-service,8,10,cpu:
2026-09-19T17:35:21+00:00,patient-service,10,10,cpu:
2026-09-19T17:35:21+00:00,result-service,10,10,cpu:
2026-09-19T17:35:21+00:00,triage-service,7,10,cpu:
2026-09-19T17:35:27+00:00,audit-service,8,10,cpu:
2026-09-19T17:35:27+00:00,auth-service,2,10,cpu:
2026-09-19T17:35:27+00:00,consent-service,10,10,cpu:
2026-09-19T17:35:27+00:00,exam-service,2,10,cpu:
2026-09-19T17:35:27+00:00,history-service,10,10,cpu:
2026-09-19T17:35:27+00:00,lab-service,2,10,cpu:
2026-09-19T17:35:27+00:00,notification-service,8,10,cpu:
2026-09-19T17:35:27+00:00,patient-service,10,10,cpu:
2026-09-19T17:35:27+00:00,result-service,10,10,cpu:
2026-09-19T17:35:27+00:00,triage-service,7,10,cpu:
2026-09-19T17:35:37+00:00,audit-service,8,10,cpu:
2026-09-19T17:35:37+00:00,auth-service,2,10,cpu:
2026-09-19T17:35:37+00:00,consent-service,10,10,cpu:
2026-09-19T17:35:37+00:00,exam-service,2,10,cpu:
2026-09-19T17:35:37+00:00,history-service,10,10,cpu:
2026-09-19T17:35:37+00:00,lab-service,2,10,cpu:
2026-09-19T17:35:37+00:00,notification-service,8,10,cpu:
2026-09-19T17:35:37+00:00,patient-service,10,10,cpu:
2026-09-19T17:35:37+00:00,result-service,10,10,cpu:
2026-09-19T17:35:37+00:00,triage-service,7,10,cpu:
2026-09-19T17:35:43+00:00,audit-service,8,10,cpu:
2026-09-19T17:35:43+00:00,auth-service,2,10,cpu:
2026-09-19T17:35:43+00:00,consent-service,10,10,cpu:
2026-09-19T17:35:43+00:00,exam-service,2,10,cpu:
2026-09-19T17:35:43+00:00,history-service,10,10,cpu:
2026-09-19T17:35:43+00:00,lab-service,2,10,cpu:
2026-09-19T17:35:43+00:00,notification-service,8,10,cpu:
2026-09-19T17:35:43+00:00,patient-service,10,10,cpu:
2026-09-19T17:35:43+00:00,result-service,10,10,cpu:
2026-09-19T17:35:43+00:00,triage-service,7,10,cpu:
2026-09-19T17:35:48+00:00,audit-service,8,10,cpu:
2026-09-19T17:35:48+00:00,auth-service,2,10,cpu:
2026-09-19T17:35:48+00:00,consent-service,10,10,cpu:
2026-09-19T17:35:48+00:00,exam-service,2,10,cpu:
2026-09-19T17:35:48+00:00,history-service,10,10,cpu:
2026-09-19T17:35:48+00:00,lab-service,2,10,cpu:
2026-09-19T17:35:48+00:00,notification-service,8,10,cpu:
2026-09-19T17:35:48+00:00,patient-service,10,10,cpu:
2026-09-19T17:35:48+00:00,result-service,10,10,cpu:
2026-09-19T17:35:48+00:00,triage-service,7,10,cpu:
2026-09-19T17:35:56+00:00,audit-service,8,10,cpu:
2026-09-19T17:35:56+00:00,auth-service,2,10,cpu:
2026-09-19T17:35:56+00:00,consent-service,10,10,cpu:
2026-09-19T17:35:56+00:00,exam-service,2,10,cpu:
2026-09-19T17:35:56+00:00,history-service,10,10,cpu:
2026-09-19T17:35:56+00:00,lab-service,2,10,cpu:
2026-09-19T17:35:56+00:00,notification-service,8,10,cpu:
2026-09-19T17:35:56+00:00,patient-service,10,10,cpu:
2026-09-19T17:35:56+00:00,result-service,10,10,cpu:
2026-09-19T17:35:56+00:00,triage-service,7,10,cpu:
2026-09-19T17:36:02+00:00,audit-service,8,10,cpu:
2026-09-19T17:36:02+00:00,auth-service,2,10,cpu:
2026-09-19T17:36:02+00:00,consent-service,10,10,cpu:
2026-09-19T17:36:02+00:00,exam-service,2,10,cpu:
2026-09-19T17:36:02+00:00,history-service,10,10,cpu:
2026-09-19T17:36:02+00:00,lab-service,2,10,cpu:
2026-09-19T17:36:02+00:00,notification-service,8,10,cpu:
2026-09-19T17:36:02+00:00,patient-service,10,10,cpu:
2026-09-19T17:36:02+00:00,result-service,10,10,cpu:
2026-09-19T17:36:02+00:00,triage-service,7,10,cpu:
2026-09-19T17:36:08+00:00,audit-service,8,10,cpu:
2026-09-19T17:36:08+00:00,auth-service,2,10,cpu:
2026-09-19T17:36:08+00:00,consent-service,10,10,cpu:
2026-09-19T17:36:08+00:00,exam-service,2,10,cpu:
2026-09-19T17:36:08+00:00,history-service,10,10,cpu:
2026-09-19T17:36:08+00:00,lab-service,2,10,cpu:
2026-09-19T17:36:08+00:00,notification-service,8,10,cpu:
2026-09-19T17:36:08+00:00,patient-service,10,10,cpu:
2026-09-19T17:36:08+00:00,result-service,10,10,cpu:
2026-09-19T17:36:08+00:00,triage-service,7,10,cpu:
2026-09-19T17:36:22+00:00,audit-service,8,10,cpu:
2026-09-19T17:36:22+00:00,auth-service,2,10,cpu:
2026-09-19T17:36:22+00:00,consent-service,10,10,cpu:
2026-09-19T17:36:22+00:00,exam-service,2,10,cpu:
2026-09-19T17:36:22+00:00,history-service,10,10,cpu:
2026-09-19T17:36:22+00:00,lab-service,2,10,cpu:
2026-09-19T17:36:22+00:00,notification-service,8,10,cpu:
2026-09-19T17:36:22+00:00,patient-service,10,10,cpu:
2026-09-19T17:36:22+00:00,result-service,10,10,cpu:
2026-09-19T17:36:22+00:00,triage-service,7,10,cpu:
2026-09-19T17:36:29+00:00,audit-service,8,10,cpu:
2026-09-19T17:36:29+00:00,auth-service,2,10,cpu:
2026-09-19T17:36:29+00:00,consent-service,10,10,cpu:
2026-09-19T17:36:29+00:00,exam-service,2,10,cpu:
2026-09-19T17:36:29+00:00,history-service,10,10,cpu:
2026-09-19T17:36:29+00:00,lab-service,2,10,cpu:
2026-09-19T17:36:29+00:00,notification-service,8,10,cpu:
2026-09-19T17:36:29+00:00,patient-service,10,10,cpu:
2026-09-19T17:36:29+00:00,result-service,10,10,cpu:
2026-09-19T17:36:29+00:00,triage-service,7,10,cpu:
2026-09-19T17:36:35+00:00,audit-service,8,10,cpu:
2026-09-19T17:36:35+00:00,auth-service,2,10,cpu:
2026-09-19T17:36:35+00:00,consent-service,10,10,cpu:
2026-09-19T17:36:35+00:00,exam-service,2,10,cpu:
2026-09-19T17:36:35+00:00,history-service,10,10,cpu:
2026-09-19T17:36:35+00:00,lab-service,2,10,cpu:
2026-09-19T17:36:35+00:00,notification-service,8,10,cpu:
2026-09-19T17:36:35+00:00,patient-service,10,10,cpu:
2026-09-19T17:36:35+00:00,result-service,10,10,cpu:
2026-09-19T17:36:35+00:00,triage-service,7,10,cpu:
2026-09-19T17:36:47+00:00,audit-service,8,10,cpu:
2026-09-19T17:36:47+00:00,auth-service,2,10,cpu:
2026-09-19T17:36:47+00:00,consent-service,10,10,cpu:
2026-09-19T17:36:47+00:00,exam-service,2,10,cpu:
2026-09-19T17:36:47+00:00,history-service,10,10,cpu:
2026-09-19T17:36:47+00:00,lab-service,2,10,cpu:
2026-09-19T17:36:47+00:00,notification-service,8,10,cpu:
2026-09-19T17:36:47+00:00,patient-service,10,10,cpu:
2026-09-19T17:36:47+00:00,result-service,10,10,cpu:
2026-09-19T17:36:47+00:00,triage-service,7,10,cpu:
2026-09-19T17:36:57+00:00,audit-service,8,10,cpu:
2026-09-19T17:36:57+00:00,auth-service,2,10,cpu:
2026-09-19T17:36:57+00:00,consent-service,10,10,cpu:
2026-09-19T17:36:57+00:00,exam-service,2,10,cpu:
2026-09-19T17:36:57+00:00,history-service,10,10,cpu:
2026-09-19T17:36:57+00:00,lab-service,2,10,cpu:
2026-09-19T17:36:57+00:00,notification-service,8,10,cpu:
2026-09-19T17:36:57+00:00,patient-service,10,10,cpu:
2026-09-19T17:36:57+00:00,result-service,10,10,cpu:
2026-09-19T17:36:57+00:00,triage-service,7,10,cpu:
2026-09-19T17:37:04+00:00,audit-service,8,10,cpu:
2026-09-19T17:37:04+00:00,auth-service,2,10,cpu:
2026-09-19T17:37:04+00:00,consent-service,10,10,cpu:
2026-09-19T17:37:04+00:00,exam-service,2,10,cpu:
2026-09-19T17:37:04+00:00,history-service,10,10,cpu:
2026-09-19T17:37:04+00:00,lab-service,2,10,cpu:
2026-09-19T17:37:04+00:00,notification-service,8,10,cpu:
2026-09-19T17:37:04+00:00,patient-service,10,10,cpu:
2026-09-19T17:37:04+00:00,result-service,10,10,cpu:
2026-09-19T17:37:04+00:00,triage-service,7,10,cpu:
2026-09-19T17:37:36+00:00,audit-service,8,10,cpu:
2026-09-19T17:37:36+00:00,auth-service,2,10,cpu:
2026-09-19T17:37:36+00:00,consent-service,10,10,cpu:
2026-09-19T17:37:36+00:00,exam-service,2,10,cpu:
2026-09-19T17:37:36+00:00,history-service,10,10,cpu:
2026-09-19T17:37:36+00:00,lab-service,2,10,cpu:
2026-09-19T17:37:36+00:00,notification-service,8,10,cpu:
2026-09-19T17:37:36+00:00,patient-service,10,10,cpu:
2026-09-19T17:37:36+00:00,result-service,10,10,cpu:
2026-09-19T17:37:36+00:00,triage-service,7,10,cpu:
2026-09-19T17:37:44+00:00,audit-service,8,10,cpu:
2026-09-19T17:37:44+00:00,auth-service,2,10,cpu:
2026-09-19T17:37:44+00:00,consent-service,10,10,cpu:
2026-09-19T17:37:44+00:00,exam-service,2,10,cpu:
2026-09-19T17:37:44+00:00,history-service,10,10,cpu:
2026-09-19T17:37:44+00:00,lab-service,2,10,cpu:
2026-09-19T17:37:44+00:00,notification-service,8,10,cpu:
2026-09-19T17:37:44+00:00,patient-service,10,10,cpu:
2026-09-19T17:37:44+00:00,result-service,10,10,cpu:
2026-09-19T17:37:44+00:00,triage-service,7,10,cpu:
2026-09-19T17:37:51+00:00,audit-service,8,10,cpu:
2026-09-19T17:37:51+00:00,auth-service,2,10,cpu:
2026-09-19T17:37:51+00:00,consent-service,10,10,cpu:
2026-09-19T17:37:51+00:00,exam-service,2,10,cpu:
2026-09-19T17:37:51+00:00,history-service,10,10,cpu:
2026-09-19T17:37:51+00:00,lab-service,2,10,cpu:
2026-09-19T17:37:51+00:00,notification-service,8,10,cpu:
2026-09-19T17:37:51+00:00,patient-service,10,10,cpu:
2026-09-19T17:37:51+00:00,result-service,10,10,cpu:
2026-09-19T17:37:51+00:00,triage-service,7,10,cpu:
2026-09-19T17:38:03+00:00,audit-service,8,10,cpu:
2026-09-19T17:38:03+00:00,auth-service,2,10,cpu:
2026-09-19T17:38:03+00:00,consent-service,10,10,cpu:
2026-09-19T17:38:03+00:00,exam-service,2,10,cpu:
2026-09-19T17:38:03+00:00,history-service,10,10,cpu:
2026-09-19T17:38:03+00:00,lab-service,2,10,cpu:
2026-09-19T17:38:03+00:00,notification-service,8,10,cpu:
2026-09-19T17:38:03+00:00,patient-service,10,10,cpu:
2026-09-19T17:38:03+00:00,result-service,10,10,cpu:
2026-09-19T17:38:03+00:00,triage-service,7,10,cpu:
2026-09-19T17:38:09+00:00,audit-service,8,10,cpu:
2026-09-19T17:38:09+00:00,auth-service,2,10,cpu:
2026-09-19T17:38:09+00:00,consent-service,10,10,cpu:
2026-09-19T17:38:09+00:00,exam-service,2,10,cpu:
2026-09-19T17:38:09+00:00,history-service,10,10,cpu:
2026-09-19T17:38:09+00:00,lab-service,2,10,cpu:
2026-09-19T17:38:09+00:00,notification-service,8,10,cpu:
2026-09-19T17:38:09+00:00,patient-service,10,10,cpu:
2026-09-19T17:38:09+00:00,result-service,10,10,cpu:
2026-09-19T17:38:09+00:00,triage-service,7,10,cpu:
2026-09-19T17:38:20+00:00,audit-service,8,10,cpu:
2026-09-19T17:38:20+00:00,auth-service,2,10,cpu:
2026-09-19T17:38:20+00:00,consent-service,10,10,cpu:
2026-09-19T17:38:20+00:00,exam-service,2,10,cpu:
2026-09-19T17:38:20+00:00,history-service,10,10,cpu:
2026-09-19T17:38:20+00:00,lab-service,2,10,cpu:
2026-09-19T17:38:20+00:00,notification-service,8,10,cpu:
2026-09-19T17:38:20+00:00,patient-service,10,10,cpu:
2026-09-19T17:38:20+00:00,result-service,10,10,cpu:
2026-09-19T17:38:20+00:00,triage-service,7,10,cpu:
2026-09-19T17:38:38+00:00,audit-service,8,10,cpu:
2026-09-19T17:38:38+00:00,auth-service,2,10,cpu:
2026-09-19T17:38:38+00:00,consent-service,10,10,cpu:
2026-09-19T17:38:38+00:00,exam-service,2,10,cpu:
2026-09-19T17:38:38+00:00,history-service,10,10,cpu:
2026-09-19T17:38:38+00:00,lab-service,2,10,cpu:
2026-09-19T17:38:38+00:00,notification-service,8,10,cpu:
2026-09-19T17:38:38+00:00,patient-service,10,10,cpu:
2026-09-19T17:38:38+00:00,result-service,10,10,cpu:
2026-09-19T17:38:38+00:00,triage-service,7,10,cpu:
2026-09-19T17:38:44+00:00,audit-service,8,10,cpu:
2026-09-19T17:38:44+00:00,auth-service,2,10,cpu:
2026-09-19T17:38:44+00:00,consent-service,10,10,cpu:
2026-09-19T17:38:44+00:00,exam-service,2,10,cpu:
2026-09-19T17:38:44+00:00,history-service,10,10,cpu:
2026-09-19T17:38:44+00:00,lab-service,2,10,cpu:
2026-09-19T17:38:44+00:00,notification-service,8,10,cpu:
2026-09-19T17:38:44+00:00,patient-service,10,10,cpu:
2026-09-19T17:38:44+00:00,result-service,10,10,cpu:
2026-09-19T17:38:44+00:00,triage-service,7,10,cpu:
2026-09-19T17:38:50+00:00,audit-service,8,10,cpu:
2026-09-19T17:38:50+00:00,auth-service,2,10,cpu:
2026-09-19T17:38:50+00:00,consent-service,10,10,cpu:
2026-09-19T17:38:50+00:00,exam-service,2,10,cpu:
2026-09-19T17:38:50+00:00,history-service,10,10,cpu:
2026-09-19T17:38:50+00:00,lab-service,2,10,cpu:
2026-09-19T17:38:50+00:00,notification-service,8,10,cpu:
2026-09-19T17:38:50+00:00,patient-service,10,10,cpu:
2026-09-19T17:38:50+00:00,result-service,10,10,cpu:
2026-09-19T17:38:50+00:00,triage-service,7,10,cpu:
2026-09-19T17:39:03+00:00,audit-service,8,10,cpu:
2026-09-19T17:39:03+00:00,auth-service,2,10,cpu:
2026-09-19T17:39:03+00:00,consent-service,10,10,cpu:
2026-09-19T17:39:03+00:00,exam-service,2,10,cpu:
2026-09-19T17:39:03+00:00,history-service,10,10,cpu:
2026-09-19T17:39:03+00:00,lab-service,2,10,cpu:
2026-09-19T17:39:03+00:00,notification-service,8,10,cpu:
2026-09-19T17:39:03+00:00,patient-service,10,10,cpu:
2026-09-19T17:39:03+00:00,result-service,10,10,cpu:
2026-09-19T17:39:03+00:00,triage-service,7,10,cpu:
2026-09-19T17:39:08+00:00,audit-service,8,10,cpu:
2026-09-19T17:39:08+00:00,auth-service,2,10,cpu:
2026-09-19T17:39:08+00:00,consent-service,10,10,cpu:
2026-09-19T17:39:08+00:00,exam-service,2,10,cpu:
2026-09-19T17:39:08+00:00,history-service,10,10,cpu:
2026-09-19T17:39:08+00:00,lab-service,2,10,cpu:
2026-09-19T17:39:08+00:00,notification-service,8,10,cpu:
2026-09-19T17:39:08+00:00,patient-service,10,10,cpu:
2026-09-19T17:39:08+00:00,result-service,10,10,cpu:
2026-09-19T17:39:08+00:00,triage-service,7,10,cpu:
2026-09-19T17:39:14+00:00,audit-service,8,10,cpu:
2026-09-19T17:39:14+00:00,auth-service,2,10,cpu:
2026-09-19T17:39:14+00:00,consent-service,10,10,cpu:
2026-09-19T17:39:14+00:00,exam-service,2,10,cpu:
2026-09-19T17:39:14+00:00,history-service,10,10,cpu:
2026-09-19T17:39:14+00:00,lab-service,2,10,cpu:
2026-09-19T17:39:14+00:00,notification-service,8,10,cpu:
2026-09-19T17:39:14+00:00,patient-service,10,10,cpu:
2026-09-19T17:39:14+00:00,result-service,10,10,cpu:
2026-09-19T17:39:14+00:00,triage-service,7,10,cpu:
2026-09-19T17:39:22+00:00,audit-service,8,10,cpu:
2026-09-19T17:39:22+00:00,auth-service,2,10,cpu:
2026-09-19T17:39:22+00:00,consent-service,10,10,cpu:
2026-09-19T17:39:22+00:00,exam-service,2,10,cpu:
2026-09-19T17:39:22+00:00,history-service,10,10,cpu:
2026-09-19T17:39:22+00:00,lab-service,2,10,cpu:
2026-09-19T17:39:22+00:00,notification-service,8,10,cpu:
2026-09-19T17:39:22+00:00,patient-service,10,10,cpu:
2026-09-19T17:39:22+00:00,result-service,10,10,cpu:
2026-09-19T17:39:22+00:00,triage-service,7,10,cpu:
2026-09-19T17:39:27+00:00,audit-service,8,10,cpu:
2026-09-19T17:39:27+00:00,auth-service,2,10,cpu:
2026-09-19T17:39:27+00:00,consent-service,10,10,cpu:
2026-09-19T17:39:27+00:00,exam-service,2,10,cpu:
2026-09-19T17:39:27+00:00,history-service,10,10,cpu:
2026-09-19T17:39:27+00:00,lab-service,2,10,cpu:
2026-09-19T17:39:27+00:00,notification-service,8,10,cpu:
2026-09-19T17:39:27+00:00,patient-service,10,10,cpu:
2026-09-19T17:39:27+00:00,result-service,10,10,cpu:
2026-09-19T17:39:27+00:00,triage-service,7,10,cpu:
2026-09-19T17:39:33+00:00,audit-service,8,10,cpu:
2026-09-19T17:39:33+00:00,auth-service,2,10,cpu:
2026-09-19T17:39:33+00:00,consent-service,10,10,cpu:
2026-09-19T17:39:33+00:00,exam-service,2,10,cpu:
2026-09-19T17:39:33+00:00,history-service,10,10,cpu:
2026-09-19T17:39:33+00:00,lab-service,2,10,cpu:
2026-09-19T17:39:33+00:00,notification-service,8,10,cpu:
2026-09-19T17:39:33+00:00,patient-service,10,10,cpu:
2026-09-19T17:39:33+00:00,result-service,10,10,cpu:
2026-09-19T17:39:33+00:00,triage-service,7,10,cpu:
2026-09-19T17:39:41+00:00,audit-service,8,10,cpu:
2026-09-19T17:39:41+00:00,auth-service,2,10,cpu:
2026-09-19T17:39:41+00:00,consent-service,10,10,cpu:
2026-09-19T17:39:41+00:00,exam-service,2,10,cpu:
2026-09-19T17:39:41+00:00,history-service,10,10,cpu:
2026-09-19T17:39:41+00:00,lab-service,2,10,cpu:
2026-09-19T17:39:41+00:00,notification-service,8,10,cpu:
2026-09-19T17:39:41+00:00,patient-service,10,10,cpu:
2026-09-19T17:39:41+00:00,result-service,10,10,cpu:
2026-09-19T17:39:41+00:00,triage-service,7,10,cpu:
2026-09-19T17:39:47+00:00,audit-service,8,10,cpu:
2026-09-19T17:39:47+00:00,auth-service,2,10,cpu:
2026-09-19T17:39:47+00:00,consent-service,10,10,cpu:
2026-09-19T17:39:47+00:00,exam-service,2,10,cpu:
2026-09-19T17:39:47+00:00,history-service,10,10,cpu:
2026-09-19T17:39:47+00:00,lab-service,2,10,cpu:
2026-09-19T17:39:47+00:00,notification-service,8,10,cpu:
2026-09-19T17:39:47+00:00,patient-service,10,10,cpu:
2026-09-19T17:39:47+00:00,result-service,10,10,cpu:
2026-09-19T17:39:47+00:00,triage-service,7,10,cpu:
2026-09-19T17:39:53+00:00,audit-service,8,10,cpu:
2026-09-19T17:39:53+00:00,auth-service,2,10,cpu:
2026-09-19T17:39:53+00:00,consent-service,10,10,cpu:
2026-09-19T17:39:53+00:00,exam-service,2,10,cpu:
2026-09-19T17:39:53+00:00,history-service,10,10,cpu:
2026-09-19T17:39:53+00:00,lab-service,2,10,cpu:
2026-09-19T17:39:53+00:00,notification-service,8,10,cpu:
2026-09-19T17:39:53+00:00,patient-service,10,10,cpu:
2026-09-19T17:39:53+00:00,result-service,10,10,cpu:
2026-09-19T17:39:53+00:00,triage-service,7,10,cpu:
2026-09-19T17:40:01+00:00,audit-service,8,10,cpu:
2026-09-19T17:40:01+00:00,auth-service,2,10,cpu:
2026-09-19T17:40:01+00:00,consent-service,10,10,cpu:
2026-09-19T17:40:01+00:00,exam-service,2,10,cpu:
2026-09-19T17:40:01+00:00,history-service,10,10,cpu:
2026-09-19T17:40:01+00:00,lab-service,2,10,cpu:
2026-09-19T17:40:01+00:00,notification-service,8,10,cpu:
2026-09-19T17:40:01+00:00,patient-service,10,10,cpu:
2026-09-19T17:40:01+00:00,result-service,10,10,cpu:
2026-09-19T17:40:01+00:00,triage-service,7,10,cpu:
2026-09-19T17:40:07+00:00,audit-service,8,10,cpu:
2026-09-19T17:40:07+00:00,auth-service,2,10,cpu:
2026-09-19T17:40:07+00:00,consent-service,10,10,cpu:
2026-09-19T17:40:07+00:00,exam-service,2,10,cpu:
2026-09-19T17:40:07+00:00,history-service,10,10,cpu:
2026-09-19T17:40:07+00:00,lab-service,2,10,cpu:
2026-09-19T17:40:07+00:00,notification-service,8,10,cpu:
2026-09-19T17:40:07+00:00,patient-service,10,10,cpu:
2026-09-19T17:40:07+00:00,result-service,10,10,cpu:
2026-09-19T17:40:07+00:00,triage-service,7,10,cpu:
2026-09-19T17:40:13+00:00,audit-service,8,10,cpu:
2026-09-19T17:40:13+00:00,auth-service,2,10,cpu:
2026-09-19T17:40:13+00:00,consent-service,10,10,cpu:
2026-09-19T17:40:13+00:00,exam-service,2,10,cpu:
2026-09-19T17:40:13+00:00,history-service,10,10,cpu:
2026-09-19T17:40:13+00:00,lab-service,2,10,cpu:
2026-09-19T17:40:13+00:00,notification-service,8,10,cpu:
2026-09-19T17:40:13+00:00,patient-service,10,10,cpu:
2026-09-19T17:40:13+00:00,result-service,10,10,cpu:
2026-09-19T17:40:13+00:00,triage-service,7,10,cpu:
2026-09-19T17:40:21+00:00,audit-service,8,10,cpu:
2026-09-19T17:40:21+00:00,auth-service,2,10,cpu:
2026-09-19T17:40:21+00:00,consent-service,10,10,cpu:
2026-09-19T17:40:21+00:00,exam-service,2,10,cpu:
2026-09-19T17:40:21+00:00,history-service,10,10,cpu:
2026-09-19T17:40:21+00:00,lab-service,2,10,cpu:
2026-09-19T17:40:21+00:00,notification-service,8,10,cpu:
2026-09-19T17:40:21+00:00,patient-service,10,10,cpu:
2026-09-19T17:40:21+00:00,result-service,10,10,cpu:
2026-09-19T17:40:21+00:00,triage-service,7,10,cpu:
2026-09-19T17:40:28+00:00,audit-service,8,10,cpu:
2026-09-19T17:40:28+00:00,auth-service,2,10,cpu:
2026-09-19T17:40:28+00:00,consent-service,10,10,cpu:
2026-09-19T17:40:28+00:00,exam-service,2,10,cpu:
2026-09-19T17:40:28+00:00,history-service,10,10,cpu:
2026-09-19T17:40:28+00:00,lab-service,2,10,cpu:
2026-09-19T17:40:28+00:00,notification-service,8,10,cpu:
2026-09-19T17:40:28+00:00,patient-service,10,10,cpu:
2026-09-19T17:40:28+00:00,result-service,10,10,cpu:
2026-09-19T17:40:28+00:00,triage-service,7,10,cpu:
2026-09-19T17:40:34+00:00,audit-service,8,10,cpu:
2026-09-19T17:40:34+00:00,auth-service,2,10,cpu:
2026-09-19T17:40:34+00:00,consent-service,10,10,cpu:
2026-09-19T17:40:34+00:00,exam-service,2,10,cpu:
2026-09-19T17:40:34+00:00,history-service,10,10,cpu:
2026-09-19T17:40:34+00:00,lab-service,2,10,cpu:
2026-09-19T17:40:34+00:00,notification-service,8,10,cpu:
2026-09-19T17:40:34+00:00,patient-service,10,10,cpu:
2026-09-19T17:40:34+00:00,result-service,10,10,cpu:
2026-09-19T17:40:34+00:00,triage-service,7,10,cpu:
2026-09-19T17:40:43+00:00,audit-service,8,10,cpu:
2026-09-19T17:40:43+00:00,auth-service,2,10,cpu:
2026-09-19T17:40:43+00:00,consent-service,10,10,cpu:
2026-09-19T17:40:43+00:00,exam-service,2,10,cpu:
2026-09-19T17:40:43+00:00,history-service,10,10,cpu:
2026-09-19T17:40:43+00:00,lab-service,2,10,cpu:
2026-09-19T17:40:43+00:00,notification-service,8,10,cpu:
2026-09-19T17:40:43+00:00,patient-service,10,10,cpu:
2026-09-19T17:40:43+00:00,result-service,10,10,cpu:
2026-09-19T17:40:43+00:00,triage-service,7,10,cpu:
2026-09-19T17:40:50+00:00,audit-service,8,10,cpu:
2026-09-19T17:40:50+00:00,auth-service,2,10,cpu:
2026-09-19T17:40:50+00:00,consent-service,10,10,cpu:
2026-09-19T17:40:50+00:00,exam-service,2,10,cpu:
2026-09-19T17:40:50+00:00,history-service,10,10,cpu:
2026-09-19T17:40:50+00:00,lab-service,2,10,cpu:
2026-09-19T17:40:50+00:00,notification-service,8,10,cpu:
2026-09-19T17:40:50+00:00,patient-service,10,10,cpu:
2026-09-19T17:40:50+00:00,result-service,10,10,cpu:
2026-09-19T17:40:50+00:00,triage-service,7,10,cpu:
2026-09-19T17:40:57+00:00,audit-service,8,10,cpu:
2026-09-19T17:40:57+00:00,auth-service,2,10,cpu:
2026-09-19T17:40:57+00:00,consent-service,10,10,cpu:
2026-09-19T17:40:57+00:00,exam-service,2,10,cpu:
2026-09-19T17:40:57+00:00,history-service,10,10,cpu:
2026-09-19T17:40:57+00:00,lab-service,2,10,cpu:
2026-09-19T17:40:57+00:00,notification-service,8,10,cpu:
2026-09-19T17:40:57+00:00,patient-service,10,10,cpu:
2026-09-19T17:40:57+00:00,result-service,10,10,cpu:
2026-09-19T17:40:57+00:00,triage-service,7,10,cpu:
2026-09-19T17:41:06+00:00,audit-service,8,10,cpu:
2026-09-19T17:41:06+00:00,auth-service,2,10,cpu:
2026-09-19T17:41:06+00:00,consent-service,10,10,cpu:
2026-09-19T17:41:06+00:00,exam-service,2,10,cpu:
2026-09-19T17:41:06+00:00,history-service,10,10,cpu:
2026-09-19T17:41:06+00:00,lab-service,2,10,cpu:
2026-09-19T17:41:06+00:00,notification-service,8,10,cpu:
2026-09-19T17:41:06+00:00,patient-service,10,10,cpu:
2026-09-19T17:41:06+00:00,result-service,10,10,cpu:
2026-09-19T17:41:06+00:00,triage-service,7,10,cpu:
2026-09-19T17:41:11+00:00,audit-service,8,10,cpu:
2026-09-19T17:41:11+00:00,auth-service,2,10,cpu:
2026-09-19T17:41:11+00:00,consent-service,10,10,cpu:
2026-09-19T17:41:11+00:00,exam-service,2,10,cpu:
2026-09-19T17:41:11+00:00,history-service,10,10,cpu:
2026-09-19T17:41:11+00:00,lab-service,2,10,cpu:
2026-09-19T17:41:11+00:00,notification-service,8,10,cpu:
2026-09-19T17:41:11+00:00,patient-service,10,10,cpu:
2026-09-19T17:41:11+00:00,result-service,10,10,cpu:
2026-09-19T17:41:11+00:00,triage-service,7,10,cpu:
2026-09-19T17:41:17+00:00,audit-service,8,10,cpu:
2026-09-19T17:41:17+00:00,auth-service,2,10,cpu:
2026-09-19T17:41:17+00:00,consent-service,10,10,cpu:
2026-09-19T17:41:17+00:00,exam-service,2,10,cpu:
2026-09-19T17:41:17+00:00,history-service,10,10,cpu:
2026-09-19T17:41:17+00:00,lab-service,2,10,cpu:
2026-09-19T17:41:17+00:00,notification-service,8,10,cpu:
2026-09-19T17:41:17+00:00,patient-service,10,10,cpu:
2026-09-19T17:41:17+00:00,result-service,10,10,cpu:
2026-09-19T17:41:17+00:00,triage-service,7,10,cpu:
2026-09-19T17:41:26+00:00,audit-service,8,10,cpu:
2026-09-19T17:41:26+00:00,auth-service,2,10,cpu:
2026-09-19T17:41:26+00:00,consent-service,10,10,cpu:
2026-09-19T17:41:26+00:00,exam-service,2,10,cpu:
2026-09-19T17:41:26+00:00,history-service,10,10,cpu:
2026-09-19T17:41:26+00:00,lab-service,2,10,cpu:
2026-09-19T17:41:26+00:00,notification-service,8,10,cpu:
2026-09-19T17:41:26+00:00,patient-service,10,10,cpu:
2026-09-19T17:41:26+00:00,result-service,10,10,cpu:
2026-09-19T17:41:26+00:00,triage-service,7,10,cpu:
2026-09-19T17:41:32+00:00,audit-service,8,10,cpu:
2026-09-19T17:41:32+00:00,auth-service,2,10,cpu:
2026-09-19T17:41:32+00:00,consent-service,10,10,cpu:
2026-09-19T17:41:32+00:00,exam-service,2,10,cpu:
2026-09-19T17:41:32+00:00,history-service,10,10,cpu:
2026-09-19T17:41:32+00:00,lab-service,2,10,cpu:
2026-09-19T17:41:32+00:00,notification-service,8,10,cpu:
2026-09-19T17:41:32+00:00,patient-service,10,10,cpu:
2026-09-19T17:41:32+00:00,result-service,10,10,cpu:
2026-09-19T17:41:32+00:00,triage-service,7,10,cpu:
2026-09-19T17:41:37+00:00,audit-service,8,10,cpu:
2026-09-19T17:41:37+00:00,auth-service,2,10,cpu:
2026-09-19T17:41:37+00:00,consent-service,10,10,cpu:
2026-09-19T17:41:37+00:00,exam-service,2,10,cpu:
2026-09-19T17:41:37+00:00,history-service,10,10,cpu:
2026-09-19T17:41:37+00:00,lab-service,2,10,cpu:
2026-09-19T17:41:37+00:00,notification-service,8,10,cpu:
2026-09-19T17:41:37+00:00,patient-service,10,10,cpu:
2026-09-19T17:41:37+00:00,result-service,10,10,cpu:
2026-09-19T17:41:37+00:00,triage-service,7,10,cpu:
2026-09-19T17:41:46+00:00,audit-service,8,10,cpu:
2026-09-19T17:41:46+00:00,auth-service,2,10,cpu:
2026-09-19T17:41:46+00:00,consent-service,10,10,cpu:
2026-09-19T17:41:46+00:00,exam-service,2,10,cpu:
2026-09-19T17:41:46+00:00,history-service,10,10,cpu:
2026-09-19T17:41:46+00:00,lab-service,2,10,cpu:
2026-09-19T17:41:46+00:00,notification-service,8,10,cpu:
2026-09-19T17:41:46+00:00,patient-service,10,10,cpu:
2026-09-19T17:41:46+00:00,result-service,10,10,cpu:
2026-09-19T17:41:46+00:00,triage-service,7,10,cpu:
2026-09-19T17:41:52+00:00,audit-service,8,10,cpu:
2026-09-19T17:41:52+00:00,auth-service,2,10,cpu:
2026-09-19T17:41:52+00:00,consent-service,10,10,cpu:
2026-09-19T17:41:52+00:00,exam-service,2,10,cpu:
2026-09-19T17:41:52+00:00,history-service,10,10,cpu:
2026-09-19T17:41:52+00:00,lab-service,2,10,cpu:
2026-09-19T17:41:52+00:00,notification-service,8,10,cpu:
2026-09-19T17:41:52+00:00,patient-service,10,10,cpu:
2026-09-19T17:41:52+00:00,result-service,10,10,cpu:
2026-09-19T17:41:52+00:00,triage-service,7,10,cpu:
2026-09-19T17:41:58+00:00,audit-service,8,10,cpu:
2026-09-19T17:41:58+00:00,auth-service,2,10,cpu:
2026-09-19T17:41:58+00:00,consent-service,10,10,cpu:
2026-09-19T17:41:58+00:00,exam-service,2,10,cpu:
2026-09-19T17:41:58+00:00,history-service,10,10,cpu:
2026-09-19T17:41:58+00:00,lab-service,2,10,cpu:
2026-09-19T17:41:58+00:00,notification-service,8,10,cpu:
2026-09-19T17:41:58+00:00,patient-service,10,10,cpu:
2026-09-19T17:41:58+00:00,result-service,10,10,cpu:
2026-09-19T17:41:58+00:00,triage-service,7,10,cpu:
2026-09-19T17:42:07+00:00,audit-service,8,10,cpu:
2026-09-19T17:42:07+00:00,auth-service,2,10,cpu:
2026-09-19T17:42:07+00:00,consent-service,10,10,cpu:
2026-09-19T17:42:07+00:00,exam-service,2,10,cpu:
2026-09-19T17:42:07+00:00,history-service,10,10,cpu:
2026-09-19T17:42:07+00:00,lab-service,2,10,cpu:
2026-09-19T17:42:07+00:00,notification-service,8,10,cpu:
2026-09-19T17:42:07+00:00,patient-service,10,10,cpu:
2026-09-19T17:42:07+00:00,result-service,10,10,cpu:
2026-09-19T17:42:07+00:00,triage-service,7,10,cpu:
2026-09-19T17:42:12+00:00,audit-service,8,10,cpu:
2026-09-19T17:42:12+00:00,auth-service,2,10,cpu:
2026-09-19T17:42:12+00:00,consent-service,10,10,cpu:
2026-09-19T17:42:12+00:00,exam-service,2,10,cpu:
2026-09-19T17:42:12+00:00,history-service,10,10,cpu:
2026-09-19T17:42:12+00:00,lab-service,2,10,cpu:
2026-09-19T17:42:12+00:00,notification-service,8,10,cpu:
2026-09-19T17:42:12+00:00,patient-service,10,10,cpu:
2026-09-19T17:42:12+00:00,result-service,10,10,cpu:
2026-09-19T17:42:12+00:00,triage-service,7,10,cpu:
2026-09-19T17:42:18+00:00,audit-service,8,10,cpu:
2026-09-19T17:42:18+00:00,auth-service,2,10,cpu:
2026-09-19T17:42:18+00:00,consent-service,10,10,cpu:
2026-09-19T17:42:18+00:00,exam-service,2,10,cpu:
2026-09-19T17:42:18+00:00,history-service,10,10,cpu:
2026-09-19T17:42:18+00:00,lab-service,2,10,cpu:
2026-09-19T17:42:18+00:00,notification-service,8,10,cpu:
2026-09-19T17:42:18+00:00,patient-service,10,10,cpu:
2026-09-19T17:42:18+00:00,result-service,10,10,cpu:
2026-09-19T17:42:18+00:00,triage-service,7,10,cpu:
2026-09-19T17:42:26+00:00,audit-service,8,10,cpu:
2026-09-19T17:42:26+00:00,auth-service,2,10,cpu:
2026-09-19T17:42:26+00:00,consent-service,10,10,cpu:
2026-09-19T17:42:26+00:00,exam-service,2,10,cpu:
2026-09-19T17:42:26+00:00,history-service,10,10,cpu:
2026-09-19T17:42:26+00:00,lab-service,2,10,cpu:
2026-09-19T17:42:26+00:00,notification-service,8,10,cpu:
2026-09-19T17:42:26+00:00,patient-service,10,10,cpu:
2026-09-19T17:42:26+00:00,result-service,10,10,cpu:
2026-09-19T17:42:26+00:00,triage-service,7,10,cpu:
2026-09-19T17:42:32+00:00,audit-service,8,10,cpu:
2026-09-19T17:42:32+00:00,auth-service,2,10,cpu:
2026-09-19T17:42:32+00:00,consent-service,10,10,cpu:
2026-09-19T17:42:32+00:00,exam-service,2,10,cpu:
2026-09-19T17:42:32+00:00,history-service,10,10,cpu:
2026-09-19T17:42:32+00:00,lab-service,2,10,cpu:
2026-09-19T17:42:32+00:00,notification-service,8,10,cpu:
2026-09-19T17:42:32+00:00,patient-service,10,10,cpu:
2026-09-19T17:42:32+00:00,result-service,10,10,cpu:
2026-09-19T17:42:32+00:00,triage-service,7,10,cpu:
2026-09-19T17:42:38+00:00,audit-service,8,10,cpu:
2026-09-19T17:42:38+00:00,auth-service,2,10,cpu:
2026-09-19T17:42:38+00:00,consent-service,10,10,cpu:
2026-09-19T17:42:38+00:00,exam-service,2,10,cpu:
2026-09-19T17:42:38+00:00,history-service,10,10,cpu:
2026-09-19T17:42:38+00:00,lab-service,2,10,cpu:
2026-09-19T17:42:38+00:00,notification-service,8,10,cpu:
2026-09-19T17:42:38+00:00,patient-service,10,10,cpu:
2026-09-19T17:42:38+00:00,result-service,10,10,cpu:
2026-09-19T17:42:38+00:00,triage-service,7,10,cpu:
2026-09-19T17:42:46+00:00,audit-service,8,10,cpu:
2026-09-19T17:42:46+00:00,auth-service,2,10,cpu:
2026-09-19T17:42:46+00:00,consent-service,10,10,cpu:
2026-09-19T17:42:46+00:00,exam-service,2,10,cpu:
2026-09-19T17:42:46+00:00,history-service,10,10,cpu:
2026-09-19T17:42:46+00:00,lab-service,2,10,cpu:
2026-09-19T17:42:46+00:00,notification-service,8,10,cpu:
2026-09-19T17:42:46+00:00,patient-service,10,10,cpu:
2026-09-19T17:42:46+00:00,result-service,10,10,cpu:
2026-09-19T17:42:46+00:00,triage-service,7,10,cpu:
2026-09-19T17:42:52+00:00,audit-service,8,10,cpu:
2026-09-19T17:42:52+00:00,auth-service,2,10,cpu:
2026-09-19T17:42:52+00:00,consent-service,10,10,cpu:
2026-09-19T17:42:52+00:00,exam-service,2,10,cpu:
2026-09-19T17:42:52+00:00,history-service,10,10,cpu:
2026-09-19T17:42:52+00:00,lab-service,2,10,cpu:
2026-09-19T17:42:52+00:00,notification-service,8,10,cpu:
2026-09-19T17:42:52+00:00,patient-service,10,10,cpu:
2026-09-19T17:42:52+00:00,result-service,10,10,cpu:
2026-09-19T17:42:52+00:00,triage-service,7,10,cpu:
2026-09-19T17:42:57+00:00,audit-service,8,10,cpu:
2026-09-19T17:42:57+00:00,auth-service,2,10,cpu:
2026-09-19T17:42:57+00:00,consent-service,10,10,cpu:
2026-09-19T17:42:57+00:00,exam-service,2,10,cpu:
2026-09-19T17:42:57+00:00,history-service,10,10,cpu:
2026-09-19T17:42:57+00:00,lab-service,2,10,cpu:
2026-09-19T17:42:57+00:00,notification-service,8,10,cpu:
2026-09-19T17:42:57+00:00,patient-service,10,10,cpu:
2026-09-19T17:42:57+00:00,result-service,10,10,cpu:
2026-09-19T17:42:57+00:00,triage-service,7,10,cpu:
2026-09-19T17:43:06+00:00,audit-service,8,10,cpu:
2026-09-19T17:43:06+00:00,auth-service,2,10,cpu:
2026-09-19T17:43:06+00:00,consent-service,10,10,cpu:
2026-09-19T17:43:06+00:00,exam-service,2,10,cpu:
2026-09-19T17:43:06+00:00,history-service,10,10,cpu:
2026-09-19T17:43:06+00:00,lab-service,2,10,cpu:
2026-09-19T17:43:06+00:00,notification-service,8,10,cpu:
2026-09-19T17:43:06+00:00,patient-service,10,10,cpu:
2026-09-19T17:43:06+00:00,result-service,10,10,cpu:
2026-09-19T17:43:06+00:00,triage-service,7,10,cpu:
2026-09-19T17:43:12+00:00,audit-service,8,10,cpu:
2026-09-19T17:43:12+00:00,auth-service,2,10,cpu:
2026-09-19T17:43:12+00:00,consent-service,10,10,cpu:
2026-09-19T17:43:12+00:00,exam-service,2,10,cpu:
2026-09-19T17:43:12+00:00,history-service,10,10,cpu:
2026-09-19T17:43:12+00:00,lab-service,2,10,cpu:
2026-09-19T17:43:12+00:00,notification-service,8,10,cpu:
2026-09-19T17:43:12+00:00,patient-service,10,10,cpu:
2026-09-19T17:43:12+00:00,result-service,10,10,cpu:
2026-09-19T17:43:12+00:00,triage-service,7,10,cpu:
2026-09-19T17:43:18+00:00,audit-service,8,10,cpu:
2026-09-19T17:43:18+00:00,auth-service,2,10,cpu:
2026-09-19T17:43:18+00:00,consent-service,10,10,cpu:
2026-09-19T17:43:18+00:00,exam-service,2,10,cpu:
2026-09-19T17:43:18+00:00,history-service,10,10,cpu:
2026-09-19T17:43:18+00:00,lab-service,2,10,cpu:
2026-09-19T17:43:18+00:00,notification-service,8,10,cpu:
2026-09-19T17:43:18+00:00,patient-service,10,10,cpu:
2026-09-19T17:43:18+00:00,result-service,10,10,cpu:
2026-09-19T17:43:18+00:00,triage-service,7,10,cpu:
2026-09-19T17:43:25+00:00,audit-service,8,10,cpu:
2026-09-19T17:43:25+00:00,auth-service,2,10,cpu:
2026-09-19T17:43:25+00:00,consent-service,10,10,cpu:
2026-09-19T17:43:25+00:00,exam-service,2,10,cpu:
2026-09-19T17:43:25+00:00,history-service,10,10,cpu:
2026-09-19T17:43:25+00:00,lab-service,2,10,cpu:
2026-09-19T17:43:25+00:00,notification-service,8,10,cpu:
2026-09-19T17:43:25+00:00,patient-service,10,10,cpu:
2026-09-19T17:43:25+00:00,result-service,10,10,cpu:
2026-09-19T17:43:25+00:00,triage-service,7,10,cpu:
2026-09-19T17:43:31+00:00,audit-service,8,10,cpu:
2026-09-19T17:43:31+00:00,auth-service,2,10,cpu:
2026-09-19T17:43:31+00:00,consent-service,10,10,cpu:
2026-09-19T17:43:31+00:00,exam-service,2,10,cpu:
2026-09-19T17:43:31+00:00,history-service,10,10,cpu:
2026-09-19T17:43:31+00:00,lab-service,2,10,cpu:
2026-09-19T17:43:31+00:00,notification-service,8,10,cpu:
2026-09-19T17:43:31+00:00,patient-service,10,10,cpu:
2026-09-19T17:43:31+00:00,result-service,10,10,cpu:
2026-09-19T17:43:31+00:00,triage-service,7,10,cpu:
2026-09-19T17:43:37+00:00,audit-service,8,10,cpu:
2026-09-19T17:43:37+00:00,auth-service,2,10,cpu:
2026-09-19T17:43:37+00:00,consent-service,10,10,cpu:
2026-09-19T17:43:37+00:00,exam-service,2,10,cpu:
2026-09-19T17:43:37+00:00,history-service,10,10,cpu:
2026-09-19T17:43:37+00:00,lab-service,2,10,cpu:
2026-09-19T17:43:37+00:00,notification-service,8,10,cpu:
2026-09-19T17:43:37+00:00,patient-service,10,10,cpu:
2026-09-19T17:43:37+00:00,result-service,10,10,cpu:
2026-09-19T17:43:37+00:00,triage-service,7,10,cpu:
2026-09-19T17:43:45+00:00,audit-service,8,10,cpu:
2026-09-19T17:43:45+00:00,auth-service,2,10,cpu:
2026-09-19T17:43:45+00:00,consent-service,10,10,cpu:
2026-09-19T17:43:45+00:00,exam-service,2,10,cpu:
2026-09-19T17:43:45+00:00,history-service,10,10,cpu:
2026-09-19T17:43:45+00:00,lab-service,2,10,cpu:
2026-09-19T17:43:45+00:00,notification-service,8,10,cpu:
2026-09-19T17:43:45+00:00,patient-service,10,10,cpu:
2026-09-19T17:43:45+00:00,result-service,10,10,cpu:
2026-09-19T17:43:45+00:00,triage-service,7,10,cpu:
2026-09-19T17:43:51+00:00,audit-service,8,10,cpu:
2026-09-19T17:43:51+00:00,auth-service,2,10,cpu:
2026-09-19T17:43:51+00:00,consent-service,10,10,cpu:
2026-09-19T17:43:51+00:00,exam-service,2,10,cpu:
2026-09-19T17:43:51+00:00,history-service,10,10,cpu:
2026-09-19T17:43:51+00:00,lab-service,2,10,cpu:
2026-09-19T17:43:51+00:00,notification-service,8,10,cpu:
2026-09-19T17:43:51+00:00,patient-service,10,10,cpu:
2026-09-19T17:43:51+00:00,result-service,10,10,cpu:
2026-09-19T17:43:51+00:00,triage-service,7,10,cpu:
2026-09-19T17:43:56+00:00,audit-service,8,10,cpu:
2026-09-19T17:43:56+00:00,auth-service,2,10,cpu:
2026-09-19T17:43:56+00:00,consent-service,10,10,cpu:
2026-09-19T17:43:56+00:00,exam-service,2,10,cpu:
2026-09-19T17:43:56+00:00,history-service,10,10,cpu:
2026-09-19T17:43:56+00:00,lab-service,2,10,cpu:
2026-09-19T17:43:56+00:00,notification-service,8,10,cpu:
2026-09-19T17:43:56+00:00,patient-service,10,10,cpu:
2026-09-19T17:43:56+00:00,result-service,10,10,cpu:
2026-09-19T17:43:56+00:00,triage-service,7,10,cpu:
2026-09-19T17:44:04+00:00,audit-service,8,10,cpu:
2026-09-19T17:44:04+00:00,auth-service,2,10,cpu:
2026-09-19T17:44:04+00:00,consent-service,10,10,cpu:
2026-09-19T17:44:04+00:00,exam-service,2,10,cpu:
2026-09-19T17:44:04+00:00,history-service,10,10,cpu:
2026-09-19T17:44:04+00:00,lab-service,2,10,cpu:
2026-09-19T17:44:04+00:00,notification-service,8,10,cpu:
2026-09-19T17:44:04+00:00,patient-service,10,10,cpu:
2026-09-19T17:44:04+00:00,result-service,10,10,cpu:
2026-09-19T17:44:04+00:00,triage-service,7,10,cpu:
2026-09-19T17:44:10+00:00,audit-service,8,10,cpu:
2026-09-19T17:44:10+00:00,auth-service,2,10,cpu:
2026-09-19T17:44:10+00:00,consent-service,10,10,cpu:
2026-09-19T17:44:10+00:00,exam-service,2,10,cpu:
2026-09-19T17:44:10+00:00,history-service,10,10,cpu:
2026-09-19T17:44:10+00:00,lab-service,2,10,cpu:
2026-09-19T17:44:10+00:00,notification-service,8,10,cpu:
2026-09-19T17:44:10+00:00,patient-service,10,10,cpu:
2026-09-19T17:44:10+00:00,result-service,10,10,cpu:
2026-09-19T17:44:10+00:00,triage-service,7,10,cpu:
2026-09-19T17:44:16+00:00,audit-service,8,10,cpu:
2026-09-19T17:44:16+00:00,auth-service,2,10,cpu:
2026-09-19T17:44:16+00:00,consent-service,10,10,cpu:
2026-09-19T17:44:16+00:00,exam-service,2,10,cpu:
2026-09-19T17:44:16+00:00,history-service,10,10,cpu:
2026-09-19T17:44:16+00:00,lab-service,2,10,cpu:
2026-09-19T17:44:16+00:00,notification-service,8,10,cpu:
2026-09-19T17:44:16+00:00,patient-service,10,10,cpu:
2026-09-19T17:44:16+00:00,result-service,10,10,cpu:
2026-09-19T17:44:16+00:00,triage-service,7,10,cpu:
2026-09-19T17:44:24+00:00,audit-service,8,10,cpu:
2026-09-19T17:44:24+00:00,auth-service,2,10,cpu:
2026-09-19T17:44:24+00:00,consent-service,10,10,cpu:
2026-09-19T17:44:24+00:00,exam-service,2,10,cpu:
2026-09-19T17:44:24+00:00,history-service,10,10,cpu:
2026-09-19T17:44:24+00:00,lab-service,2,10,cpu:
2026-09-19T17:44:24+00:00,notification-service,8,10,cpu:
2026-09-19T17:44:24+00:00,patient-service,10,10,cpu:
2026-09-19T17:44:24+00:00,result-service,10,10,cpu:
2026-09-19T17:44:24+00:00,triage-service,7,10,cpu:
2026-09-19T17:44:30+00:00,audit-service,8,10,cpu:
2026-09-19T17:44:30+00:00,auth-service,2,10,cpu:
2026-09-19T17:44:30+00:00,consent-service,10,10,cpu:
2026-09-19T17:44:30+00:00,exam-service,2,10,cpu:
2026-09-19T17:44:30+00:00,history-service,10,10,cpu:
2026-09-19T17:44:30+00:00,lab-service,2,10,cpu:
2026-09-19T17:44:30+00:00,notification-service,8,10,cpu:
2026-09-19T17:44:30+00:00,patient-service,10,10,cpu:
2026-09-19T17:44:30+00:00,result-service,10,10,cpu:
2026-09-19T17:44:30+00:00,triage-service,7,10,cpu:
2026-09-19T17:44:36+00:00,audit-service,8,10,cpu:
2026-09-19T17:44:36+00:00,auth-service,2,10,cpu:
2026-09-19T17:44:36+00:00,consent-service,2,10,cpu:
2026-09-19T17:44:36+00:00,exam-service,2,10,cpu:
2026-09-19T17:44:36+00:00,history-service,6,10,cpu:
2026-09-19T17:44:36+00:00,lab-service,2,10,cpu:
2026-09-19T17:44:36+00:00,notification-service,2,10,cpu:
2026-09-19T17:44:36+00:00,patient-service,2,10,cpu:
2026-09-19T17:44:36+00:00,result-service,2,10,cpu:
2026-09-19T17:44:36+00:00,triage-service,2,10,cpu:
2026-09-19T17:44:44+00:00,audit-service,8,10,cpu:
2026-09-19T17:44:44+00:00,auth-service,2,10,cpu:
2026-09-19T17:44:44+00:00,consent-service,2,10,cpu:
2026-09-19T17:44:44+00:00,exam-service,2,10,cpu:
2026-09-19T17:44:44+00:00,history-service,6,10,cpu:
2026-09-19T17:44:44+00:00,lab-service,2,10,cpu:
2026-09-19T17:44:44+00:00,notification-service,2,10,cpu:
2026-09-19T17:44:44+00:00,patient-service,2,10,cpu:
2026-09-19T17:44:44+00:00,result-service,2,10,cpu:
2026-09-19T17:44:44+00:00,triage-service,2,10,cpu:
2026-09-19T17:44:50+00:00,audit-service,3,10,cpu:
2026-09-19T17:44:50+00:00,auth-service,2,10,cpu:
2026-09-19T17:44:50+00:00,consent-service,2,10,cpu:
2026-09-19T17:44:50+00:00,exam-service,2,10,cpu:
2026-09-19T17:44:50+00:00,history-service,2,10,cpu:
2026-09-19T17:44:50+00:00,lab-service,2,10,cpu:
2026-09-19T17:44:50+00:00,notification-service,2,10,cpu:
2026-09-19T17:44:50+00:00,patient-service,2,10,cpu:
2026-09-19T17:44:50+00:00,result-service,2,10,cpu:
2026-09-19T17:44:50+00:00,triage-service,2,10,cpu:
2026-09-19T17:44:55+00:00,audit-service,3,10,cpu:
2026-09-19T17:44:55+00:00,auth-service,2,10,cpu:
2026-09-19T17:44:55+00:00,consent-service,2,10,cpu:
2026-09-19T17:44:55+00:00,exam-service,2,10,cpu:
2026-09-19T17:44:55+00:00,history-service,2,10,cpu:
2026-09-19T17:44:55+00:00,lab-service,2,10,cpu:
2026-09-19T17:44:55+00:00,notification-service,2,10,cpu:
2026-09-19T17:44:55+00:00,patient-service,2,10,cpu:
2026-09-19T17:44:55+00:00,result-service,2,10,cpu:
2026-09-19T17:44:55+00:00,triage-service,2,10,cpu:
2026-09-19T17:45:03+00:00,audit-service,3,10,cpu:
2026-09-19T17:45:03+00:00,auth-service,2,10,cpu:
2026-09-19T17:45:03+00:00,consent-service,2,10,cpu:
2026-09-19T17:45:03+00:00,exam-service,2,10,cpu:
2026-09-19T17:45:03+00:00,history-service,2,10,cpu:
2026-09-19T17:45:03+00:00,lab-service,2,10,cpu:
2026-09-19T17:45:03+00:00,notification-service,2,10,cpu:
2026-09-19T17:45:03+00:00,patient-service,2,10,cpu:
2026-09-19T17:45:03+00:00,result-service,2,10,cpu:
2026-09-19T17:45:03+00:00,triage-service,2,10,cpu:
2026-09-19T17:45:09+00:00,audit-service,3,10,cpu:
2026-09-19T17:45:09+00:00,auth-service,2,10,cpu:
2026-09-19T17:45:09+00:00,consent-service,2,10,cpu:
2026-09-19T17:45:09+00:00,exam-service,2,10,cpu:
2026-09-19T17:45:09+00:00,history-service,2,10,cpu:
2026-09-19T17:45:09+00:00,lab-service,2,10,cpu:
2026-09-19T17:45:09+00:00,notification-service,2,10,cpu:
2026-09-19T17:45:09+00:00,patient-service,2,10,cpu:
2026-09-19T17:45:09+00:00,result-service,2,10,cpu:
2026-09-19T17:45:09+00:00,triage-service,2,10,cpu:
2026-09-19T17:45:14+00:00,audit-service,3,10,cpu:
2026-09-19T17:45:14+00:00,auth-service,2,10,cpu:
2026-09-19T17:45:14+00:00,consent-service,2,10,cpu:
2026-09-19T17:45:14+00:00,exam-service,2,10,cpu:
2026-09-19T17:45:14+00:00,history-service,2,10,cpu:
2026-09-19T17:45:14+00:00,lab-service,2,10,cpu:
2026-09-19T17:45:14+00:00,notification-service,2,10,cpu:
2026-09-19T17:45:14+00:00,patient-service,2,10,cpu:
2026-09-19T17:45:14+00:00,result-service,2,10,cpu:
2026-09-19T17:45:14+00:00,triage-service,2,10,cpu:
2026-09-19T17:45:22+00:00,audit-service,3,10,cpu:
2026-09-19T17:45:22+00:00,auth-service,2,10,cpu:
2026-09-19T17:45:22+00:00,consent-service,2,10,cpu:
2026-09-19T17:45:22+00:00,exam-service,2,10,cpu:
2026-09-19T17:45:22+00:00,history-service,2,10,cpu:
2026-09-19T17:45:22+00:00,lab-service,2,10,cpu:
2026-09-19T17:45:22+00:00,notification-service,2,10,cpu:
2026-09-19T17:45:22+00:00,patient-service,2,10,cpu:
2026-09-19T17:45:22+00:00,result-service,2,10,cpu:
2026-09-19T17:45:22+00:00,triage-service,2,10,cpu:
2026-09-19T17:45:28+00:00,audit-service,3,10,cpu:
2026-09-19T17:45:28+00:00,auth-service,2,10,cpu:
2026-09-19T17:45:28+00:00,consent-service,2,10,cpu:
2026-09-19T17:45:28+00:00,exam-service,2,10,cpu:
2026-09-19T17:45:28+00:00,history-service,2,10,cpu:
2026-09-19T17:45:28+00:00,lab-service,2,10,cpu:
2026-09-19T17:45:28+00:00,notification-service,2,10,cpu:
2026-09-19T17:45:28+00:00,patient-service,2,10,cpu:
2026-09-19T17:45:28+00:00,result-service,2,10,cpu:
2026-09-19T17:45:28+00:00,triage-service,2,10,cpu:
2026-09-19T17:45:33+00:00,audit-service,3,10,cpu:
2026-09-19T17:45:33+00:00,auth-service,2,10,cpu:
2026-09-19T17:45:33+00:00,consent-service,2,10,cpu:
2026-09-19T17:45:33+00:00,exam-service,2,10,cpu:
2026-09-19T17:45:33+00:00,history-service,2,10,cpu:
2026-09-19T17:45:33+00:00,lab-service,2,10,cpu:
2026-09-19T17:45:33+00:00,notification-service,2,10,cpu:
2026-09-19T17:45:33+00:00,patient-service,2,10,cpu:
2026-09-19T17:45:33+00:00,result-service,2,10,cpu:
2026-09-19T17:45:33+00:00,triage-service,2,10,cpu:
2026-09-19T17:45:41+00:00,audit-service,3,10,cpu:
2026-09-19T17:45:41+00:00,auth-service,2,10,cpu:
2026-09-19T17:45:41+00:00,consent-service,2,10,cpu:
2026-09-19T17:45:41+00:00,exam-service,2,10,cpu:
2026-09-19T17:45:41+00:00,history-service,2,10,cpu:
2026-09-19T17:45:41+00:00,lab-service,2,10,cpu:
2026-09-19T17:45:41+00:00,notification-service,2,10,cpu:
2026-09-19T17:45:41+00:00,patient-service,2,10,cpu:
2026-09-19T17:45:41+00:00,result-service,2,10,cpu:
2026-09-19T17:45:41+00:00,triage-service,2,10,cpu:
2026-09-19T17:45:47+00:00,audit-service,3,10,cpu:
2026-09-19T17:45:47+00:00,auth-service,2,10,cpu:
2026-09-19T17:45:47+00:00,consent-service,2,10,cpu:
2026-09-19T17:45:47+00:00,exam-service,2,10,cpu:
2026-09-19T17:45:47+00:00,history-service,2,10,cpu:
2026-09-19T17:45:47+00:00,lab-service,2,10,cpu:
2026-09-19T17:45:47+00:00,notification-service,2,10,cpu:
2026-09-19T17:45:47+00:00,patient-service,2,10,cpu:
2026-09-19T17:45:47+00:00,result-service,2,10,cpu:
2026-09-19T17:45:47+00:00,triage-service,2,10,cpu:
2026-09-19T17:45:53+00:00,audit-service,3,10,cpu:
2026-09-19T17:45:53+00:00,auth-service,2,10,cpu:
2026-09-19T17:45:53+00:00,consent-service,2,10,cpu:
2026-09-19T17:45:53+00:00,exam-service,2,10,cpu:
2026-09-19T17:45:53+00:00,history-service,2,10,cpu:
2026-09-19T17:45:53+00:00,lab-service,2,10,cpu:
2026-09-19T17:45:53+00:00,notification-service,2,10,cpu:
2026-09-19T17:45:53+00:00,patient-service,2,10,cpu:
2026-09-19T17:45:53+00:00,result-service,2,10,cpu:
2026-09-19T17:45:53+00:00,triage-service,2,10,cpu:
2026-09-19T17:46:00+00:00,audit-service,3,10,cpu:
2026-09-19T17:46:00+00:00,auth-service,2,10,cpu:
2026-09-19T17:46:00+00:00,consent-service,2,10,cpu:
2026-09-19T17:46:00+00:00,exam-service,2,10,cpu:
2026-09-19T17:46:00+00:00,history-service,2,10,cpu:
2026-09-19T17:46:00+00:00,lab-service,2,10,cpu:
2026-09-19T17:46:00+00:00,notification-service,2,10,cpu:
2026-09-19T17:46:00+00:00,patient-service,2,10,cpu:
2026-09-19T17:46:00+00:00,result-service,2,10,cpu:
2026-09-19T17:46:00+00:00,triage-service,2,10,cpu:
2026-09-19T17:46:06+00:00,audit-service,3,10,cpu:
2026-09-19T17:46:06+00:00,auth-service,2,10,cpu:
2026-09-19T17:46:06+00:00,consent-service,2,10,cpu:
2026-09-19T17:46:06+00:00,exam-service,2,10,cpu:
2026-09-19T17:46:06+00:00,history-service,2,10,cpu:
2026-09-19T17:46:06+00:00,lab-service,2,10,cpu:
2026-09-19T17:46:06+00:00,notification-service,2,10,cpu:
2026-09-19T17:46:06+00:00,patient-service,2,10,cpu:
2026-09-19T17:46:06+00:00,result-service,2,10,cpu:
2026-09-19T17:46:06+00:00,triage-service,2,10,cpu:
2026-09-19T17:46:13+00:00,audit-service,3,10,cpu:
2026-09-19T17:46:13+00:00,auth-service,2,10,cpu:
2026-09-19T17:46:13+00:00,consent-service,2,10,cpu:
2026-09-19T17:46:13+00:00,exam-service,2,10,cpu:
2026-09-19T17:46:13+00:00,history-service,2,10,cpu:
2026-09-19T17:46:13+00:00,lab-service,2,10,cpu:
2026-09-19T17:46:13+00:00,notification-service,2,10,cpu:
2026-09-19T17:46:13+00:00,patient-service,2,10,cpu:
2026-09-19T17:46:13+00:00,result-service,2,10,cpu:
2026-09-19T17:46:13+00:00,triage-service,2,10,cpu:
2026-09-19T17:46:22+00:00,audit-service,3,10,cpu:
2026-09-19T17:46:22+00:00,auth-service,2,10,cpu:
2026-09-19T17:46:22+00:00,consent-service,2,10,cpu:
2026-09-19T17:46:22+00:00,exam-service,2,10,cpu:
2026-09-19T17:46:22+00:00,history-service,2,10,cpu:
2026-09-19T17:46:22+00:00,lab-service,2,10,cpu:
2026-09-19T17:46:22+00:00,notification-service,2,10,cpu:
2026-09-19T17:46:22+00:00,patient-service,2,10,cpu:
2026-09-19T17:46:22+00:00,result-service,2,10,cpu:
2026-09-19T17:46:22+00:00,triage-service,2,10,cpu:
2026-09-19T17:46:29+00:00,audit-service,3,10,cpu:
2026-09-19T17:46:29+00:00,auth-service,2,10,cpu:
2026-09-19T17:46:29+00:00,consent-service,2,10,cpu:
2026-09-19T17:46:29+00:00,exam-service,2,10,cpu:
2026-09-19T17:46:29+00:00,history-service,2,10,cpu:
2026-09-19T17:46:29+00:00,lab-service,2,10,cpu:
2026-09-19T17:46:29+00:00,notification-service,2,10,cpu:
2026-09-19T17:46:29+00:00,patient-service,2,10,cpu:
2026-09-19T17:46:29+00:00,result-service,2,10,cpu:
2026-09-19T17:46:29+00:00,triage-service,2,10,cpu:
2026-09-19T17:46:35+00:00,audit-service,3,10,cpu:
2026-09-19T17:46:35+00:00,auth-service,2,10,cpu:
2026-09-19T17:46:35+00:00,consent-service,2,10,cpu:
2026-09-19T17:46:35+00:00,exam-service,2,10,cpu:
2026-09-19T17:46:35+00:00,history-service,2,10,cpu:
2026-09-19T17:46:35+00:00,lab-service,2,10,cpu:
2026-09-19T17:46:35+00:00,notification-service,2,10,cpu:
2026-09-19T17:46:35+00:00,patient-service,2,10,cpu:
2026-09-19T17:46:35+00:00,result-service,2,10,cpu:
2026-09-19T17:46:35+00:00,triage-service,2,10,cpu:
2026-09-19T17:46:43+00:00,audit-service,3,10,cpu:
2026-09-19T17:46:43+00:00,auth-service,2,10,cpu:
2026-09-19T17:46:43+00:00,consent-service,2,10,cpu:
2026-09-19T17:46:43+00:00,exam-service,2,10,cpu:
2026-09-19T17:46:43+00:00,history-service,2,10,cpu:
2026-09-19T17:46:43+00:00,lab-service,2,10,cpu:
2026-09-19T17:46:43+00:00,notification-service,2,10,cpu:
2026-09-19T17:46:43+00:00,patient-service,2,10,cpu:
2026-09-19T17:46:43+00:00,result-service,2,10,cpu:
2026-09-19T17:46:43+00:00,triage-service,2,10,cpu:
2026-09-19T17:46:50+00:00,audit-service,3,10,cpu:
2026-09-19T17:46:50+00:00,auth-service,2,10,cpu:
2026-09-19T17:46:50+00:00,consent-service,2,10,cpu:
2026-09-19T17:46:50+00:00,exam-service,2,10,cpu:
2026-09-19T17:46:50+00:00,history-service,2,10,cpu:
2026-09-19T17:46:50+00:00,lab-service,2,10,cpu:
2026-09-19T17:46:50+00:00,notification-service,2,10,cpu:
2026-09-19T17:46:50+00:00,patient-service,2,10,cpu:
2026-09-19T17:46:50+00:00,result-service,2,10,cpu:
2026-09-19T17:46:50+00:00,triage-service,2,10,cpu:
2026-09-19T17:46:57+00:00,audit-service,3,10,cpu:
2026-09-19T17:46:57+00:00,auth-service,2,10,cpu:
2026-09-19T17:46:57+00:00,consent-service,2,10,cpu:
2026-09-19T17:46:57+00:00,exam-service,2,10,cpu:
2026-09-19T17:46:57+00:00,history-service,2,10,cpu:
2026-09-19T17:46:57+00:00,lab-service,2,10,cpu:
2026-09-19T17:46:57+00:00,notification-service,2,10,cpu:
2026-09-19T17:46:57+00:00,patient-service,2,10,cpu:
2026-09-19T17:46:57+00:00,result-service,2,10,cpu:
2026-09-19T17:46:57+00:00,triage-service,2,10,cpu:
2026-09-19T17:47:06+00:00,audit-service,3,10,cpu:
2026-09-19T17:47:06+00:00,auth-service,2,10,cpu:
2026-09-19T17:47:06+00:00,consent-service,2,10,cpu:
2026-09-19T17:47:06+00:00,exam-service,2,10,cpu:
2026-09-19T17:47:06+00:00,history-service,2,10,cpu:
2026-09-19T17:47:06+00:00,lab-service,2,10,cpu:
2026-09-19T17:47:06+00:00,notification-service,2,10,cpu:
2026-09-19T17:47:06+00:00,patient-service,2,10,cpu:
2026-09-19T17:47:06+00:00,result-service,2,10,cpu:
2026-09-19T17:47:06+00:00,triage-service,2,10,cpu:
2026-09-19T17:47:13+00:00,audit-service,3,10,cpu:
2026-09-19T17:47:13+00:00,auth-service,2,10,cpu:
2026-09-19T17:47:13+00:00,consent-service,2,10,cpu:
2026-09-19T17:47:13+00:00,exam-service,2,10,cpu:
2026-09-19T17:47:13+00:00,history-service,2,10,cpu:
2026-09-19T17:47:13+00:00,lab-service,2,10,cpu:
2026-09-19T17:47:13+00:00,notification-service,2,10,cpu:
2026-09-19T17:47:13+00:00,patient-service,2,10,cpu:
2026-09-19T17:47:13+00:00,result-service,2,10,cpu:
2026-09-19T17:47:13+00:00,triage-service,2,10,cpu:
2026-09-19T17:47:19+00:00,audit-service,3,10,cpu:
2026-09-19T17:47:19+00:00,auth-service,2,10,cpu:
2026-09-19T17:47:19+00:00,consent-service,2,10,cpu:
2026-09-19T17:47:19+00:00,exam-service,2,10,cpu:
2026-09-19T17:47:19+00:00,history-service,2,10,cpu:
2026-09-19T17:47:19+00:00,lab-service,2,10,cpu:
2026-09-19T17:47:19+00:00,notification-service,2,10,cpu:
2026-09-19T17:47:19+00:00,patient-service,2,10,cpu:
2026-09-19T17:47:19+00:00,result-service,2,10,cpu:
2026-09-19T17:47:19+00:00,triage-service,2,10,cpu:
2026-09-19T17:47:27+00:00,audit-service,3,10,cpu:
2026-09-19T17:47:27+00:00,auth-service,2,10,cpu:
2026-09-19T17:47:27+00:00,consent-service,2,10,cpu:
2026-09-19T17:47:27+00:00,exam-service,2,10,cpu:
2026-09-19T17:47:27+00:00,history-service,2,10,cpu:
2026-09-19T17:47:27+00:00,lab-service,2,10,cpu:
2026-09-19T17:47:27+00:00,notification-service,2,10,cpu:
2026-09-19T17:47:27+00:00,patient-service,2,10,cpu:
2026-09-19T17:47:27+00:00,result-service,2,10,cpu:
2026-09-19T17:47:27+00:00,triage-service,2,10,cpu:
2026-09-19T17:47:34+00:00,audit-service,3,10,cpu:
2026-09-19T17:47:34+00:00,auth-service,2,10,cpu:
2026-09-19T17:47:34+00:00,consent-service,2,10,cpu:
2026-09-19T17:47:34+00:00,exam-service,2,10,cpu:
2026-09-19T17:47:34+00:00,history-service,2,10,cpu:
2026-09-19T17:47:34+00:00,lab-service,2,10,cpu:
2026-09-19T17:47:34+00:00,notification-service,2,10,cpu:
2026-09-19T17:47:34+00:00,patient-service,2,10,cpu:
2026-09-19T17:47:34+00:00,result-service,2,10,cpu:
2026-09-19T17:47:34+00:00,triage-service,2,10,cpu:
2026-09-19T17:47:40+00:00,audit-service,3,10,cpu:
2026-09-19T17:47:40+00:00,auth-service,2,10,cpu:
2026-09-19T17:47:40+00:00,consent-service,2,10,cpu:
2026-09-19T17:47:40+00:00,exam-service,2,10,cpu:
2026-09-19T17:47:40+00:00,history-service,2,10,cpu:
2026-09-19T17:47:40+00:00,lab-service,2,10,cpu:
2026-09-19T17:47:40+00:00,notification-service,2,10,cpu:
2026-09-19T17:47:40+00:00,patient-service,2,10,cpu:
2026-09-19T17:47:40+00:00,result-service,2,10,cpu:
2026-09-19T17:47:40+00:00,triage-service,2,10,cpu:
2026-09-19T17:47:48+00:00,audit-service,3,10,cpu:
2026-09-19T17:47:48+00:00,auth-service,2,10,cpu:
2026-09-19T17:47:48+00:00,consent-service,2,10,cpu:
2026-09-19T17:47:48+00:00,exam-service,2,10,cpu:
2026-09-19T17:47:48+00:00,history-service,2,10,cpu:
2026-09-19T17:47:48+00:00,lab-service,2,10,cpu:
2026-09-19T17:47:48+00:00,notification-service,2,10,cpu:
2026-09-19T17:47:48+00:00,patient-service,2,10,cpu:
2026-09-19T17:47:48+00:00,result-service,2,10,cpu:
2026-09-19T17:47:48+00:00,triage-service,2,10,cpu:
2026-09-19T17:47:54+00:00,audit-service,3,10,cpu:
2026-09-19T17:47:54+00:00,auth-service,2,10,cpu:
2026-09-19T17:47:54+00:00,consent-service,2,10,cpu:
2026-09-19T17:47:54+00:00,exam-service,2,10,cpu:
2026-09-19T17:47:54+00:00,history-service,2,10,cpu:
2026-09-19T17:47:54+00:00,lab-service,2,10,cpu:
2026-09-19T17:47:54+00:00,notification-service,2,10,cpu:
2026-09-19T17:47:54+00:00,patient-service,2,10,cpu:
2026-09-19T17:47:54+00:00,result-service,2,10,cpu:
2026-09-19T17:47:54+00:00,triage-service,2,10,cpu:
2026-09-19T17:48:00+00:00,audit-service,3,10,cpu:
2026-09-19T17:48:00+00:00,auth-service,2,10,cpu:
2026-09-19T17:48:00+00:00,consent-service,2,10,cpu:
2026-09-19T17:48:00+00:00,exam-service,2,10,cpu:
2026-09-19T17:48:00+00:00,history-service,2,10,cpu:
2026-09-19T17:48:00+00:00,lab-service,2,10,cpu:
2026-09-19T17:48:00+00:00,notification-service,2,10,cpu:
2026-09-19T17:48:00+00:00,patient-service,2,10,cpu:
2026-09-19T17:48:00+00:00,result-service,2,10,cpu:
2026-09-19T17:48:00+00:00,triage-service,2,10,cpu:
2026-09-19T17:48:09+00:00,audit-service,3,10,cpu:
2026-09-19T17:48:09+00:00,auth-service,2,10,cpu:
2026-09-19T17:48:09+00:00,consent-service,2,10,cpu:
2026-09-19T17:48:09+00:00,exam-service,2,10,cpu:
2026-09-19T17:48:09+00:00,history-service,2,10,cpu:
2026-09-19T17:48:09+00:00,lab-service,2,10,cpu:
2026-09-19T17:48:09+00:00,notification-service,2,10,cpu:
2026-09-19T17:48:09+00:00,patient-service,2,10,cpu:
2026-09-19T17:48:09+00:00,result-service,2,10,cpu:
2026-09-19T17:48:09+00:00,triage-service,2,10,cpu:
2026-09-19T17:48:15+00:00,audit-service,3,10,cpu:
2026-09-19T17:48:15+00:00,auth-service,2,10,cpu:
2026-09-19T17:48:15+00:00,consent-service,2,10,cpu:
2026-09-19T17:48:15+00:00,exam-service,2,10,cpu:
2026-09-19T17:48:15+00:00,history-service,2,10,cpu:
2026-09-19T17:48:15+00:00,lab-service,2,10,cpu:
2026-09-19T17:48:15+00:00,notification-service,2,10,cpu:
2026-09-19T17:48:15+00:00,patient-service,2,10,cpu:
2026-09-19T17:48:15+00:00,result-service,2,10,cpu:
2026-09-19T17:48:15+00:00,triage-service,2,10,cpu:
2026-09-19T17:48:21+00:00,audit-service,3,10,cpu:
2026-09-19T17:48:21+00:00,auth-service,2,10,cpu:
2026-09-19T17:48:21+00:00,consent-service,2,10,cpu:
2026-09-19T17:48:21+00:00,exam-service,2,10,cpu:
2026-09-19T17:48:21+00:00,history-service,2,10,cpu:
2026-09-19T17:48:21+00:00,lab-service,2,10,cpu:
2026-09-19T17:48:21+00:00,notification-service,2,10,cpu:
2026-09-19T17:48:21+00:00,patient-service,2,10,cpu:
2026-09-19T17:48:21+00:00,result-service,2,10,cpu:
2026-09-19T17:48:21+00:00,triage-service,2,10,cpu:
2026-09-19T17:48:30+00:00,audit-service,3,10,cpu:
2026-09-19T17:48:30+00:00,auth-service,2,10,cpu:
2026-09-19T17:48:30+00:00,consent-service,2,10,cpu:
2026-09-19T17:48:30+00:00,exam-service,2,10,cpu:
2026-09-19T17:48:30+00:00,history-service,2,10,cpu:
2026-09-19T17:48:30+00:00,lab-service,2,10,cpu:
2026-09-19T17:48:30+00:00,notification-service,2,10,cpu:
2026-09-19T17:48:30+00:00,patient-service,2,10,cpu:
2026-09-19T17:48:30+00:00,result-service,2,10,cpu:
2026-09-19T17:48:30+00:00,triage-service,2,10,cpu:
2026-09-19T17:48:36+00:00,audit-service,3,10,cpu:
2026-09-19T17:48:36+00:00,auth-service,2,10,cpu:
2026-09-19T17:48:36+00:00,consent-service,2,10,cpu:
2026-09-19T17:48:36+00:00,exam-service,2,10,cpu:
2026-09-19T17:48:36+00:00,history-service,2,10,cpu:
2026-09-19T17:48:36+00:00,lab-service,2,10,cpu:
2026-09-19T17:48:36+00:00,notification-service,2,10,cpu:
2026-09-19T17:48:36+00:00,patient-service,2,10,cpu:
2026-09-19T17:48:36+00:00,result-service,2,10,cpu:
2026-09-19T17:48:36+00:00,triage-service,2,10,cpu:
2026-09-19T17:48:42+00:00,audit-service,3,10,cpu:
2026-09-19T17:48:42+00:00,auth-service,2,10,cpu:
2026-09-19T17:48:42+00:00,consent-service,2,10,cpu:
2026-09-19T17:48:42+00:00,exam-service,2,10,cpu:
2026-09-19T17:48:42+00:00,history-service,2,10,cpu:
2026-09-19T17:48:42+00:00,lab-service,2,10,cpu:
2026-09-19T17:48:42+00:00,notification-service,2,10,cpu:
2026-09-19T17:48:42+00:00,patient-service,2,10,cpu:
2026-09-19T17:48:42+00:00,result-service,2,10,cpu:
2026-09-19T17:48:42+00:00,triage-service,2,10,cpu:
2026-09-19T17:48:49+00:00,audit-service,3,10,cpu:
2026-09-19T17:48:49+00:00,auth-service,2,10,cpu:
2026-09-19T17:48:49+00:00,consent-service,2,10,cpu:
2026-09-19T17:48:49+00:00,exam-service,2,10,cpu:
2026-09-19T17:48:49+00:00,history-service,2,10,cpu:
2026-09-19T17:48:49+00:00,lab-service,2,10,cpu:
2026-09-19T17:48:49+00:00,notification-service,2,10,cpu:
2026-09-19T17:48:49+00:00,patient-service,2,10,cpu:
2026-09-19T17:48:49+00:00,result-service,2,10,cpu:
2026-09-19T17:48:49+00:00,triage-service,2,10,cpu:
2026-09-19T17:48:55+00:00,audit-service,3,10,cpu:
2026-09-19T17:48:55+00:00,auth-service,2,10,cpu:
2026-09-19T17:48:55+00:00,consent-service,2,10,cpu:
2026-09-19T17:48:55+00:00,exam-service,2,10,cpu:
2026-09-19T17:48:55+00:00,history-service,2,10,cpu:
2026-09-19T17:48:55+00:00,lab-service,2,10,cpu:
2026-09-19T17:48:55+00:00,notification-service,2,10,cpu:
2026-09-19T17:48:55+00:00,patient-service,2,10,cpu:
2026-09-19T17:48:55+00:00,result-service,2,10,cpu:
2026-09-19T17:48:55+00:00,triage-service,2,10,cpu:
2026-09-19T17:49:01+00:00,audit-service,3,10,cpu:
2026-09-19T17:49:01+00:00,auth-service,2,10,cpu:
2026-09-19T17:49:01+00:00,consent-service,2,10,cpu:
2026-09-19T17:49:01+00:00,exam-service,2,10,cpu:
2026-09-19T17:49:01+00:00,history-service,2,10,cpu:
2026-09-19T17:49:01+00:00,lab-service,2,10,cpu:
2026-09-19T17:49:01+00:00,notification-service,2,10,cpu:
2026-09-19T17:49:01+00:00,patient-service,2,10,cpu:
2026-09-19T17:49:01+00:00,result-service,2,10,cpu:
2026-09-19T17:49:01+00:00,triage-service,2,10,cpu:
2026-09-19T17:49:09+00:00,audit-service,3,10,cpu:
2026-09-19T17:49:09+00:00,auth-service,2,10,cpu:
2026-09-19T17:49:09+00:00,consent-service,2,10,cpu:
2026-09-19T17:49:09+00:00,exam-service,2,10,cpu:
2026-09-19T17:49:09+00:00,history-service,2,10,cpu:
2026-09-19T17:49:09+00:00,lab-service,2,10,cpu:
2026-09-19T17:49:09+00:00,notification-service,2,10,cpu:
2026-09-19T17:49:09+00:00,patient-service,2,10,cpu:
2026-09-19T17:49:09+00:00,result-service,2,10,cpu:
2026-09-19T17:49:09+00:00,triage-service,2,10,cpu:
2026-09-19T17:49:14+00:00,audit-service,3,10,cpu:
2026-09-19T17:49:14+00:00,auth-service,2,10,cpu:
2026-09-19T17:49:14+00:00,consent-service,2,10,cpu:
2026-09-19T17:49:14+00:00,exam-service,2,10,cpu:
2026-09-19T17:49:14+00:00,history-service,2,10,cpu:
2026-09-19T17:49:14+00:00,lab-service,2,10,cpu:
2026-09-19T17:49:14+00:00,notification-service,2,10,cpu:
2026-09-19T17:49:14+00:00,patient-service,2,10,cpu:
2026-09-19T17:49:14+00:00,result-service,2,10,cpu:
2026-09-19T17:49:14+00:00,triage-service,2,10,cpu:
2026-09-19T17:49:20+00:00,audit-service,3,10,cpu:
2026-09-19T17:49:20+00:00,auth-service,2,10,cpu:
2026-09-19T17:49:20+00:00,consent-service,2,10,cpu:
2026-09-19T17:49:20+00:00,exam-service,2,10,cpu:
2026-09-19T17:49:20+00:00,history-service,2,10,cpu:
2026-09-19T17:49:20+00:00,lab-service,2,10,cpu:
2026-09-19T17:49:20+00:00,notification-service,2,10,cpu:
2026-09-19T17:49:20+00:00,patient-service,2,10,cpu:
2026-09-19T17:49:20+00:00,result-service,2,10,cpu:
2026-09-19T17:49:20+00:00,triage-service,2,10,cpu:
2026-09-19T17:49:28+00:00,audit-service,3,10,cpu:
2026-09-19T17:49:28+00:00,auth-service,2,10,cpu:
2026-09-19T17:49:28+00:00,consent-service,2,10,cpu:
2026-09-19T17:49:28+00:00,exam-service,2,10,cpu:
2026-09-19T17:49:28+00:00,history-service,2,10,cpu:
2026-09-19T17:49:28+00:00,lab-service,2,10,cpu:
2026-09-19T17:49:28+00:00,notification-service,2,10,cpu:
2026-09-19T17:49:28+00:00,patient-service,2,10,cpu:
2026-09-19T17:49:28+00:00,result-service,2,10,cpu:
2026-09-19T17:49:28+00:00,triage-service,2,10,cpu:
2026-09-19T17:49:34+00:00,audit-service,3,10,cpu:
2026-09-19T17:49:34+00:00,auth-service,2,10,cpu:
2026-09-19T17:49:34+00:00,consent-service,2,10,cpu:
2026-09-19T17:49:34+00:00,exam-service,2,10,cpu:
2026-09-19T17:49:34+00:00,history-service,2,10,cpu:
2026-09-19T17:49:34+00:00,lab-service,2,10,cpu:
2026-09-19T17:49:34+00:00,notification-service,2,10,cpu:
2026-09-19T17:49:34+00:00,patient-service,2,10,cpu:
2026-09-19T17:49:34+00:00,result-service,2,10,cpu:
2026-09-19T17:49:34+00:00,triage-service,2,10,cpu:
2026-09-19T17:49:40+00:00,audit-service,3,10,cpu:
2026-09-19T17:49:40+00:00,auth-service,2,10,cpu:
2026-09-19T17:49:40+00:00,consent-service,2,10,cpu:
2026-09-19T17:49:40+00:00,exam-service,2,10,cpu:
2026-09-19T17:49:40+00:00,history-service,2,10,cpu:
2026-09-19T17:49:40+00:00,lab-service,2,10,cpu:
2026-09-19T17:49:40+00:00,notification-service,2,10,cpu:
2026-09-19T17:49:40+00:00,patient-service,2,10,cpu:
2026-09-19T17:49:40+00:00,result-service,2,10,cpu:
2026-09-19T17:49:40+00:00,triage-service,2,10,cpu:
2026-09-19T17:49:48+00:00,audit-service,3,10,cpu:
2026-09-19T17:49:48+00:00,auth-service,2,10,cpu:
2026-09-19T17:49:48+00:00,consent-service,2,10,cpu:
2026-09-19T17:49:48+00:00,exam-service,2,10,cpu:
2026-09-19T17:49:48+00:00,history-service,2,10,cpu:
2026-09-19T17:49:48+00:00,lab-service,2,10,cpu:
2026-09-19T17:49:48+00:00,notification-service,2,10,cpu:
2026-09-19T17:49:48+00:00,patient-service,2,10,cpu:
2026-09-19T17:49:48+00:00,result-service,2,10,cpu:
2026-09-19T17:49:48+00:00,triage-service,2,10,cpu:
2026-09-19T17:49:53+00:00,audit-service,3,10,cpu:
2026-09-19T17:49:53+00:00,auth-service,2,10,cpu:
2026-09-19T17:49:53+00:00,consent-service,2,10,cpu:
2026-09-19T17:49:53+00:00,exam-service,2,10,cpu:
2026-09-19T17:49:53+00:00,history-service,2,10,cpu:
2026-09-19T17:49:53+00:00,lab-service,2,10,cpu:
2026-09-19T17:49:53+00:00,notification-service,2,10,cpu:
2026-09-19T17:49:53+00:00,patient-service,2,10,cpu:
2026-09-19T17:49:53+00:00,result-service,2,10,cpu:
2026-09-19T17:49:53+00:00,triage-service,2,10,cpu:
2026-09-19T17:49:59+00:00,audit-service,3,10,cpu:
2026-09-19T17:49:59+00:00,auth-service,2,10,cpu:
2026-09-19T17:49:59+00:00,consent-service,2,10,cpu:
2026-09-19T17:49:59+00:00,exam-service,2,10,cpu:
2026-09-19T17:49:59+00:00,history-service,2,10,cpu:
2026-09-19T17:49:59+00:00,lab-service,2,10,cpu:
2026-09-19T17:49:59+00:00,notification-service,2,10,cpu:
2026-09-19T17:49:59+00:00,patient-service,2,10,cpu:
2026-09-19T17:49:59+00:00,result-service,2,10,cpu:
2026-09-19T17:49:59+00:00,triage-service,2,10,cpu:
2026-09-19T17:50:07+00:00,audit-service,3,10,cpu:
2026-09-19T17:50:07+00:00,auth-service,2,10,cpu:
2026-09-19T17:50:07+00:00,consent-service,2,10,cpu:
2026-09-19T17:50:07+00:00,exam-service,2,10,cpu:
2026-09-19T17:50:07+00:00,history-service,2,10,cpu:
2026-09-19T17:50:07+00:00,lab-service,2,10,cpu:
2026-09-19T17:50:07+00:00,notification-service,2,10,cpu:
2026-09-19T17:50:07+00:00,patient-service,2,10,cpu:
2026-09-19T17:50:07+00:00,result-service,2,10,cpu:
2026-09-19T17:50:07+00:00,triage-service,2,10,cpu:
2026-09-19T17:50:13+00:00,audit-service,3,10,cpu:
2026-09-19T17:50:13+00:00,auth-service,2,10,cpu:
2026-09-19T17:50:13+00:00,consent-service,2,10,cpu:
2026-09-19T17:50:13+00:00,exam-service,2,10,cpu:
2026-09-19T17:50:13+00:00,history-service,2,10,cpu:
2026-09-19T17:50:13+00:00,lab-service,2,10,cpu:
2026-09-19T17:50:13+00:00,notification-service,2,10,cpu:
2026-09-19T17:50:13+00:00,patient-service,2,10,cpu:
2026-09-19T17:50:13+00:00,result-service,2,10,cpu:
2026-09-19T17:50:13+00:00,triage-service,2,10,cpu:
2026-09-19T17:50:18+00:00,audit-service,3,10,cpu:
2026-09-19T17:50:18+00:00,auth-service,2,10,cpu:
2026-09-19T17:50:18+00:00,consent-service,2,10,cpu:
2026-09-19T17:50:18+00:00,exam-service,2,10,cpu:
2026-09-19T17:50:18+00:00,history-service,2,10,cpu:
2026-09-19T17:50:18+00:00,lab-service,2,10,cpu:
2026-09-19T17:50:18+00:00,notification-service,2,10,cpu:
2026-09-19T17:50:18+00:00,patient-service,2,10,cpu:
2026-09-19T17:50:18+00:00,result-service,2,10,cpu:
2026-09-19T17:50:18+00:00,triage-service,2,10,cpu:
2026-09-19T17:50:26+00:00,audit-service,3,10,cpu:
2026-09-19T17:50:26+00:00,auth-service,2,10,cpu:
2026-09-19T17:50:26+00:00,consent-service,2,10,cpu:
2026-09-19T17:50:26+00:00,exam-service,2,10,cpu:
2026-09-19T17:50:26+00:00,history-service,2,10,cpu:
2026-09-19T17:50:26+00:00,lab-service,2,10,cpu:
2026-09-19T17:50:26+00:00,notification-service,2,10,cpu:
2026-09-19T17:50:26+00:00,patient-service,2,10,cpu:
2026-09-19T17:50:26+00:00,result-service,2,10,cpu:
2026-09-19T17:50:26+00:00,triage-service,2,10,cpu:
2026-09-19T17:50:32+00:00,audit-service,3,10,cpu:
2026-09-19T17:50:32+00:00,auth-service,2,10,cpu:
2026-09-19T17:50:32+00:00,consent-service,2,10,cpu:
2026-09-19T17:50:32+00:00,exam-service,2,10,cpu:
2026-09-19T17:50:32+00:00,history-service,2,10,cpu:
2026-09-19T17:50:32+00:00,lab-service,2,10,cpu:
2026-09-19T17:50:32+00:00,notification-service,2,10,cpu:
2026-09-19T17:50:32+00:00,patient-service,2,10,cpu:
2026-09-19T17:50:32+00:00,result-service,2,10,cpu:
2026-09-19T17:50:32+00:00,triage-service,2,10,cpu:
2026-09-19T17:50:37+00:00,audit-service,3,10,cpu:
2026-09-19T17:50:37+00:00,auth-service,2,10,cpu:
2026-09-19T17:50:37+00:00,consent-service,2,10,cpu:
2026-09-19T17:50:37+00:00,exam-service,2,10,cpu:
2026-09-19T17:50:37+00:00,history-service,2,10,cpu:
2026-09-19T17:50:37+00:00,lab-service,2,10,cpu:
2026-09-19T17:50:37+00:00,notification-service,2,10,cpu:
2026-09-19T17:50:37+00:00,patient-service,2,10,cpu:
2026-09-19T17:50:37+00:00,result-service,2,10,cpu:
2026-09-19T17:50:37+00:00,triage-service,2,10,cpu:
2026-09-19T17:50:45+00:00,audit-service,3,10,cpu:
2026-09-19T17:50:45+00:00,auth-service,2,10,cpu:
2026-09-19T17:50:45+00:00,consent-service,2,10,cpu:
2026-09-19T17:50:45+00:00,exam-service,2,10,cpu:
2026-09-19T17:50:45+00:00,history-service,2,10,cpu:
2026-09-19T17:50:45+00:00,lab-service,2,10,cpu:
2026-09-19T17:50:45+00:00,notification-service,2,10,cpu:
2026-09-19T17:50:45+00:00,patient-service,2,10,cpu:
2026-09-19T17:50:45+00:00,result-service,2,10,cpu:
2026-09-19T17:50:45+00:00,triage-service,2,10,cpu:
2026-09-19T17:50:50+00:00,audit-service,3,10,cpu:
2026-09-19T17:50:50+00:00,auth-service,2,10,cpu:
2026-09-19T17:50:50+00:00,consent-service,2,10,cpu:
2026-09-19T17:50:50+00:00,exam-service,2,10,cpu:
2026-09-19T17:50:50+00:00,history-service,2,10,cpu:
2026-09-19T17:50:50+00:00,lab-service,2,10,cpu:
2026-09-19T17:50:50+00:00,notification-service,2,10,cpu:
2026-09-19T17:50:50+00:00,patient-service,2,10,cpu:
2026-09-19T17:50:50+00:00,result-service,2,10,cpu:
2026-09-19T17:50:50+00:00,triage-service,2,10,cpu:
2026-09-19T17:50:56+00:00,audit-service,3,10,cpu:
2026-09-19T17:50:56+00:00,auth-service,2,10,cpu:
2026-09-19T17:50:56+00:00,consent-service,2,10,cpu:
2026-09-19T17:50:56+00:00,exam-service,2,10,cpu:
2026-09-19T17:50:56+00:00,history-service,2,10,cpu:
2026-09-19T17:50:56+00:00,lab-service,2,10,cpu:
2026-09-19T17:50:56+00:00,notification-service,2,10,cpu:
2026-09-19T17:50:56+00:00,patient-service,2,10,cpu:
2026-09-19T17:50:56+00:00,result-service,2,10,cpu:
2026-09-19T17:50:56+00:00,triage-service,2,10,cpu:
2026-09-19T17:51:04+00:00,audit-service,3,10,cpu:
2026-09-19T17:51:04+00:00,auth-service,2,10,cpu:
2026-09-19T17:51:04+00:00,consent-service,2,10,cpu:
2026-09-19T17:51:04+00:00,exam-service,2,10,cpu:
2026-09-19T17:51:04+00:00,history-service,2,10,cpu:
2026-09-19T17:51:04+00:00,lab-service,2,10,cpu:
2026-09-19T17:51:04+00:00,notification-service,2,10,cpu:
2026-09-19T17:51:04+00:00,patient-service,2,10,cpu:
2026-09-19T17:51:04+00:00,result-service,2,10,cpu:
2026-09-19T17:51:04+00:00,triage-service,2,10,cpu:
2026-09-19T17:51:09+00:00,audit-service,3,10,cpu:
2026-09-19T17:51:09+00:00,auth-service,2,10,cpu:
2026-09-19T17:51:09+00:00,consent-service,2,10,cpu:
2026-09-19T17:51:09+00:00,exam-service,2,10,cpu:
2026-09-19T17:51:09+00:00,history-service,2,10,cpu:
2026-09-19T17:51:09+00:00,lab-service,2,10,cpu:
2026-09-19T17:51:09+00:00,notification-service,2,10,cpu:
2026-09-19T17:51:09+00:00,patient-service,2,10,cpu:
2026-09-19T17:51:09+00:00,result-service,2,10,cpu:
2026-09-19T17:51:09+00:00,triage-service,2,10,cpu:
2026-09-19T17:51:15+00:00,audit-service,3,10,cpu:
2026-09-19T17:51:15+00:00,auth-service,2,10,cpu:
2026-09-19T17:51:15+00:00,consent-service,2,10,cpu:
2026-09-19T17:51:15+00:00,exam-service,2,10,cpu:
2026-09-19T17:51:15+00:00,history-service,2,10,cpu:
2026-09-19T17:51:15+00:00,lab-service,2,10,cpu:
2026-09-19T17:51:15+00:00,notification-service,2,10,cpu:
2026-09-19T17:51:15+00:00,patient-service,2,10,cpu:
2026-09-19T17:51:15+00:00,result-service,2,10,cpu:
2026-09-19T17:51:15+00:00,triage-service,2,10,cpu:
2026-09-19T17:51:23+00:00,audit-service,3,10,cpu:
2026-09-19T17:51:23+00:00,auth-service,2,10,cpu:
2026-09-19T17:51:23+00:00,consent-service,2,10,cpu:
2026-09-19T17:51:23+00:00,exam-service,2,10,cpu:
2026-09-19T17:51:23+00:00,history-service,2,10,cpu:
2026-09-19T17:51:23+00:00,lab-service,2,10,cpu:
2026-09-19T17:51:23+00:00,notification-service,2,10,cpu:
2026-09-19T17:51:23+00:00,patient-service,2,10,cpu:
2026-09-19T17:51:23+00:00,result-service,2,10,cpu:
2026-09-19T17:51:23+00:00,triage-service,2,10,cpu:
2026-09-19T17:51:28+00:00,audit-service,3,10,cpu:
2026-09-19T17:51:28+00:00,auth-service,2,10,cpu:
2026-09-19T17:51:28+00:00,consent-service,2,10,cpu:
2026-09-19T17:51:28+00:00,exam-service,2,10,cpu:
2026-09-19T17:51:28+00:00,history-service,2,10,cpu:
2026-09-19T17:51:28+00:00,lab-service,2,10,cpu:
2026-09-19T17:51:28+00:00,notification-service,2,10,cpu:
2026-09-19T17:51:28+00:00,patient-service,2,10,cpu:
2026-09-19T17:51:28+00:00,result-service,2,10,cpu:
2026-09-19T17:51:28+00:00,triage-service,2,10,cpu:
2026-09-19T17:51:34+00:00,audit-service,3,10,cpu:
2026-09-19T17:51:34+00:00,auth-service,2,10,cpu:
2026-09-19T17:51:34+00:00,consent-service,2,10,cpu:
2026-09-19T17:51:34+00:00,exam-service,2,10,cpu:
2026-09-19T17:51:34+00:00,history-service,2,10,cpu:
2026-09-19T17:51:34+00:00,lab-service,2,10,cpu:
2026-09-19T17:51:34+00:00,notification-service,2,10,cpu:
2026-09-19T17:51:34+00:00,patient-service,2,10,cpu:
2026-09-19T17:51:34+00:00,result-service,2,10,cpu:
2026-09-19T17:51:34+00:00,triage-service,2,10,cpu:
2026-09-19T17:51:42+00:00,audit-service,3,10,cpu:
2026-09-19T17:51:42+00:00,auth-service,2,10,cpu:
2026-09-19T17:51:42+00:00,consent-service,2,10,cpu:
2026-09-19T17:51:42+00:00,exam-service,2,10,cpu:
2026-09-19T17:51:42+00:00,history-service,2,10,cpu:
2026-09-19T17:51:42+00:00,lab-service,2,10,cpu:
2026-09-19T17:51:42+00:00,notification-service,2,10,cpu:
2026-09-19T17:51:42+00:00,patient-service,2,10,cpu:
2026-09-19T17:51:42+00:00,result-service,2,10,cpu:
2026-09-19T17:51:42+00:00,triage-service,2,10,cpu:
2026-09-19T17:51:47+00:00,audit-service,3,10,cpu:
2026-09-19T17:51:47+00:00,auth-service,2,10,cpu:
2026-09-19T17:51:47+00:00,consent-service,2,10,cpu:
2026-09-19T17:51:47+00:00,exam-service,2,10,cpu:
2026-09-19T17:51:47+00:00,history-service,2,10,cpu:
2026-09-19T17:51:47+00:00,lab-service,2,10,cpu:
2026-09-19T17:51:47+00:00,notification-service,2,10,cpu:
2026-09-19T17:51:47+00:00,patient-service,2,10,cpu:
2026-09-19T17:51:47+00:00,result-service,2,10,cpu:
2026-09-19T17:51:47+00:00,triage-service,2,10,cpu:
2026-09-19T17:51:53+00:00,audit-service,3,10,cpu:
2026-09-19T17:51:53+00:00,auth-service,2,10,cpu:
2026-09-19T17:51:53+00:00,consent-service,2,10,cpu:
2026-09-19T17:51:53+00:00,exam-service,2,10,cpu:
2026-09-19T17:51:53+00:00,history-service,2,10,cpu:
2026-09-19T17:51:53+00:00,lab-service,2,10,cpu:
2026-09-19T17:51:53+00:00,notification-service,2,10,cpu:
2026-09-19T17:51:53+00:00,patient-service,2,10,cpu:
2026-09-19T17:51:53+00:00,result-service,2,10,cpu:
2026-09-19T17:51:53+00:00,triage-service,2,10,cpu:
2026-09-19T17:52:00+00:00,audit-service,3,10,cpu:
2026-09-19T17:52:00+00:00,auth-service,2,10,cpu:
2026-09-19T17:52:00+00:00,consent-service,2,10,cpu:
2026-09-19T17:52:00+00:00,exam-service,2,10,cpu:
2026-09-19T17:52:00+00:00,history-service,2,10,cpu:
2026-09-19T17:52:00+00:00,lab-service,2,10,cpu:
2026-09-19T17:52:00+00:00,notification-service,2,10,cpu:
2026-09-19T17:52:00+00:00,patient-service,2,10,cpu:
2026-09-19T17:52:00+00:00,result-service,2,10,cpu:
2026-09-19T17:52:00+00:00,triage-service,2,10,cpu:
2026-09-19T17:52:06+00:00,audit-service,3,10,cpu:
2026-09-19T17:52:06+00:00,auth-service,2,10,cpu:
2026-09-19T17:52:06+00:00,consent-service,2,10,cpu:
2026-09-19T17:52:06+00:00,exam-service,2,10,cpu:
2026-09-19T17:52:06+00:00,history-service,2,10,cpu:
2026-09-19T17:52:06+00:00,lab-service,2,10,cpu:
2026-09-19T17:52:06+00:00,notification-service,2,10,cpu:
2026-09-19T17:52:06+00:00,patient-service,2,10,cpu:
2026-09-19T17:52:06+00:00,result-service,2,10,cpu:
2026-09-19T17:52:06+00:00,triage-service,2,10,cpu:
2026-09-19T17:52:12+00:00,audit-service,3,10,cpu:
2026-09-19T17:52:12+00:00,auth-service,2,10,cpu:
2026-09-19T17:52:12+00:00,consent-service,2,10,cpu:
2026-09-19T17:52:12+00:00,exam-service,2,10,cpu:
2026-09-19T17:52:12+00:00,history-service,2,10,cpu:
2026-09-19T17:52:12+00:00,lab-service,2,10,cpu:
2026-09-19T17:52:12+00:00,notification-service,2,10,cpu:
2026-09-19T17:52:12+00:00,patient-service,2,10,cpu:
2026-09-19T17:52:12+00:00,result-service,2,10,cpu:
2026-09-19T17:52:12+00:00,triage-service,2,10,cpu:
2026-09-19T17:52:19+00:00,audit-service,3,10,cpu:
2026-09-19T17:52:19+00:00,auth-service,2,10,cpu:
2026-09-19T17:52:19+00:00,consent-service,2,10,cpu:
2026-09-19T17:52:19+00:00,exam-service,2,10,cpu:
2026-09-19T17:52:19+00:00,history-service,2,10,cpu:
2026-09-19T17:52:19+00:00,lab-service,2,10,cpu:
2026-09-19T17:52:19+00:00,notification-service,2,10,cpu:
2026-09-19T17:52:19+00:00,patient-service,2,10,cpu:
2026-09-19T17:52:19+00:00,result-service,2,10,cpu:
2026-09-19T17:52:19+00:00,triage-service,2,10,cpu:
2026-09-19T17:52:25+00:00,audit-service,3,10,cpu:
2026-09-19T17:52:25+00:00,auth-service,2,10,cpu:
2026-09-19T17:52:25+00:00,consent-service,2,10,cpu:
2026-09-19T17:52:25+00:00,exam-service,2,10,cpu:
2026-09-19T17:52:25+00:00,history-service,2,10,cpu:
2026-09-19T17:52:25+00:00,lab-service,2,10,cpu:
2026-09-19T17:52:25+00:00,notification-service,2,10,cpu:
2026-09-19T17:52:25+00:00,patient-service,2,10,cpu:
2026-09-19T17:52:25+00:00,result-service,2,10,cpu:
2026-09-19T17:52:25+00:00,triage-service,2,10,cpu:
2026-09-19T17:52:31+00:00,audit-service,3,10,cpu:
2026-09-19T17:52:31+00:00,auth-service,2,10,cpu:
2026-09-19T17:52:31+00:00,consent-service,2,10,cpu:
2026-09-19T17:52:31+00:00,exam-service,2,10,cpu:
2026-09-19T17:52:31+00:00,history-service,2,10,cpu:
2026-09-19T17:52:31+00:00,lab-service,2,10,cpu:
2026-09-19T17:52:31+00:00,notification-service,2,10,cpu:
2026-09-19T17:52:31+00:00,patient-service,2,10,cpu:
2026-09-19T17:52:31+00:00,result-service,2,10,cpu:
2026-09-19T17:52:31+00:00,triage-service,2,10,cpu:
2026-09-19T17:52:39+00:00,audit-service,3,10,cpu:
2026-09-19T17:52:39+00:00,auth-service,2,10,cpu:
2026-09-19T17:52:39+00:00,consent-service,2,10,cpu:
2026-09-19T17:52:39+00:00,exam-service,2,10,cpu:
2026-09-19T17:52:39+00:00,history-service,2,10,cpu:
2026-09-19T17:52:39+00:00,lab-service,2,10,cpu:
2026-09-19T17:52:39+00:00,notification-service,2,10,cpu:
2026-09-19T17:52:39+00:00,patient-service,2,10,cpu:
2026-09-19T17:52:39+00:00,result-service,2,10,cpu:
2026-09-19T17:52:39+00:00,triage-service,2,10,cpu:
2026-09-19T17:52:45+00:00,audit-service,3,10,cpu:
2026-09-19T17:52:45+00:00,auth-service,2,10,cpu:
2026-09-19T17:52:45+00:00,consent-service,2,10,cpu:
2026-09-19T17:52:45+00:00,exam-service,2,10,cpu:
2026-09-19T17:52:45+00:00,history-service,2,10,cpu:
2026-09-19T17:52:45+00:00,lab-service,2,10,cpu:
2026-09-19T17:52:45+00:00,notification-service,2,10,cpu:
2026-09-19T17:52:45+00:00,patient-service,2,10,cpu:
2026-09-19T17:52:45+00:00,result-service,2,10,cpu:
2026-09-19T17:52:45+00:00,triage-service,2,10,cpu:
2026-09-19T17:52:51+00:00,audit-service,3,10,cpu:
2026-09-19T17:52:51+00:00,auth-service,2,10,cpu:
2026-09-19T17:52:51+00:00,consent-service,2,10,cpu:
2026-09-19T17:52:51+00:00,exam-service,2,10,cpu:
2026-09-19T17:52:51+00:00,history-service,2,10,cpu:
2026-09-19T17:52:51+00:00,lab-service,2,10,cpu:
2026-09-19T17:52:51+00:00,notification-service,2,10,cpu:
2026-09-19T17:52:51+00:00,patient-service,2,10,cpu:
2026-09-19T17:52:51+00:00,result-service,2,10,cpu:
2026-09-19T17:52:51+00:00,triage-service,2,10,cpu:
2026-09-19T17:52:59+00:00,audit-service,3,10,cpu:
2026-09-19T17:52:59+00:00,auth-service,2,10,cpu:
2026-09-19T17:52:59+00:00,consent-service,2,10,cpu:
2026-09-19T17:52:59+00:00,exam-service,2,10,cpu:
2026-09-19T17:52:59+00:00,history-service,2,10,cpu:
2026-09-19T17:52:59+00:00,lab-service,2,10,cpu:
2026-09-19T17:52:59+00:00,notification-service,2,10,cpu:
2026-09-19T17:52:59+00:00,patient-service,2,10,cpu:
2026-09-19T17:52:59+00:00,result-service,2,10,cpu:
2026-09-19T17:52:59+00:00,triage-service,2,10,cpu:
2026-09-19T17:53:06+00:00,audit-service,3,10,cpu:
2026-09-19T17:53:06+00:00,auth-service,2,10,cpu:
2026-09-19T17:53:06+00:00,consent-service,2,10,cpu:
2026-09-19T17:53:06+00:00,exam-service,2,10,cpu:
2026-09-19T17:53:06+00:00,history-service,2,10,cpu:
2026-09-19T17:53:06+00:00,lab-service,2,10,cpu:
2026-09-19T17:53:06+00:00,notification-service,2,10,cpu:
2026-09-19T17:53:06+00:00,patient-service,2,10,cpu:
2026-09-19T17:53:06+00:00,result-service,2,10,cpu:
2026-09-19T17:53:06+00:00,triage-service,2,10,cpu:
2026-09-19T17:53:14+00:00,audit-service,3,10,cpu:
2026-09-19T17:53:14+00:00,auth-service,2,10,cpu:
2026-09-19T17:53:14+00:00,consent-service,2,10,cpu:
2026-09-19T17:53:14+00:00,exam-service,2,10,cpu:
2026-09-19T17:53:14+00:00,history-service,2,10,cpu:
2026-09-19T17:53:14+00:00,lab-service,2,10,cpu:
2026-09-19T17:53:14+00:00,notification-service,2,10,cpu:
2026-09-19T17:53:14+00:00,patient-service,2,10,cpu:
2026-09-19T17:53:14+00:00,result-service,2,10,cpu:
2026-09-19T17:53:14+00:00,triage-service,2,10,cpu:
2026-09-19T17:53:23+00:00,audit-service,3,10,cpu:
2026-09-19T17:53:23+00:00,auth-service,2,10,cpu:
2026-09-19T17:53:23+00:00,consent-service,2,10,cpu:
2026-09-19T17:53:23+00:00,exam-service,2,10,cpu:
2026-09-19T17:53:23+00:00,history-service,2,10,cpu:
2026-09-19T17:53:23+00:00,lab-service,2,10,cpu:
2026-09-19T17:53:23+00:00,notification-service,2,10,cpu:
2026-09-19T17:53:23+00:00,patient-service,2,10,cpu:
2026-09-19T17:53:23+00:00,result-service,2,10,cpu:
2026-09-19T17:53:23+00:00,triage-service,2,10,cpu:
2026-09-19T17:53:29+00:00,audit-service,3,10,cpu:
2026-09-19T17:53:29+00:00,auth-service,2,10,cpu:
2026-09-19T17:53:29+00:00,consent-service,2,10,cpu:
2026-09-19T17:53:29+00:00,exam-service,2,10,cpu:
2026-09-19T17:53:29+00:00,history-service,2,10,cpu:
2026-09-19T17:53:29+00:00,lab-service,2,10,cpu:
2026-09-19T17:53:29+00:00,notification-service,2,10,cpu:
2026-09-19T17:53:29+00:00,patient-service,2,10,cpu:
2026-09-19T17:53:29+00:00,result-service,2,10,cpu:
2026-09-19T17:53:29+00:00,triage-service,2,10,cpu:
2026-09-19T17:53:36+00:00,audit-service,3,10,cpu:
2026-09-19T17:53:36+00:00,auth-service,2,10,cpu:
2026-09-19T17:53:36+00:00,consent-service,2,10,cpu:
2026-09-19T17:53:36+00:00,exam-service,2,10,cpu:
2026-09-19T17:53:36+00:00,history-service,2,10,cpu:
2026-09-19T17:53:36+00:00,lab-service,2,10,cpu:
2026-09-19T17:53:36+00:00,notification-service,2,10,cpu:
2026-09-19T17:53:36+00:00,patient-service,2,10,cpu:
2026-09-19T17:53:36+00:00,result-service,2,10,cpu:
2026-09-19T17:53:36+00:00,triage-service,2,10,cpu:
2026-09-19T17:53:44+00:00,audit-service,3,10,cpu:
2026-09-19T17:53:44+00:00,auth-service,2,10,cpu:
2026-09-19T17:53:44+00:00,consent-service,2,10,cpu:
2026-09-19T17:53:44+00:00,exam-service,2,10,cpu:
2026-09-19T17:53:44+00:00,history-service,2,10,cpu:
2026-09-19T17:53:44+00:00,lab-service,2,10,cpu:
2026-09-19T17:53:44+00:00,notification-service,2,10,cpu:
2026-09-19T17:53:44+00:00,patient-service,2,10,cpu:
2026-09-19T17:53:44+00:00,result-service,2,10,cpu:
2026-09-19T17:53:44+00:00,triage-service,2,10,cpu:
2026-09-19T17:53:51+00:00,audit-service,3,10,cpu:
2026-09-19T17:53:51+00:00,auth-service,2,10,cpu:
2026-09-19T17:53:51+00:00,consent-service,2,10,cpu:
2026-09-19T17:53:51+00:00,exam-service,2,10,cpu:
2026-09-19T17:53:51+00:00,history-service,2,10,cpu:
2026-09-19T17:53:51+00:00,lab-service,2,10,cpu:
2026-09-19T17:53:51+00:00,notification-service,2,10,cpu:
2026-09-19T17:53:51+00:00,patient-service,2,10,cpu:
2026-09-19T17:53:51+00:00,result-service,2,10,cpu:
2026-09-19T17:53:51+00:00,triage-service,2,10,cpu:
2026-09-19T17:53:57+00:00,audit-service,3,10,cpu:
2026-09-19T17:53:57+00:00,auth-service,2,10,cpu:
2026-09-19T17:53:57+00:00,consent-service,2,10,cpu:
2026-09-19T17:53:57+00:00,exam-service,2,10,cpu:
2026-09-19T17:53:57+00:00,history-service,2,10,cpu:
2026-09-19T17:53:57+00:00,lab-service,2,10,cpu:
2026-09-19T17:53:57+00:00,notification-service,2,10,cpu:
2026-09-19T17:53:57+00:00,patient-service,2,10,cpu:
2026-09-19T17:53:57+00:00,result-service,2,10,cpu:
2026-09-19T17:53:57+00:00,triage-service,2,10,cpu:
2026-09-19T17:54:06+00:00,audit-service,3,10,cpu:
2026-09-19T17:54:06+00:00,auth-service,2,10,cpu:
2026-09-19T17:54:06+00:00,consent-service,2,10,cpu:
2026-09-19T17:54:06+00:00,exam-service,2,10,cpu:
2026-09-19T17:54:06+00:00,history-service,2,10,cpu:
2026-09-19T17:54:06+00:00,lab-service,2,10,cpu:
2026-09-19T17:54:06+00:00,notification-service,2,10,cpu:
2026-09-19T17:54:06+00:00,patient-service,2,10,cpu:
2026-09-19T17:54:06+00:00,result-service,2,10,cpu:
2026-09-19T17:54:06+00:00,triage-service,2,10,cpu:
2026-09-19T17:54:12+00:00,audit-service,3,10,cpu:
2026-09-19T17:54:12+00:00,auth-service,2,10,cpu:
2026-09-19T17:54:12+00:00,consent-service,2,10,cpu:
2026-09-19T17:54:12+00:00,exam-service,2,10,cpu:
2026-09-19T17:54:12+00:00,history-service,2,10,cpu:
2026-09-19T17:54:12+00:00,lab-service,2,10,cpu:
2026-09-19T17:54:12+00:00,notification-service,2,10,cpu:
2026-09-19T17:54:12+00:00,patient-service,2,10,cpu:
2026-09-19T17:54:12+00:00,result-service,2,10,cpu:
2026-09-19T17:54:12+00:00,triage-service,2,10,cpu:
2026-09-19T17:54:18+00:00,audit-service,3,10,cpu:
2026-09-19T17:54:18+00:00,auth-service,2,10,cpu:
2026-09-19T17:54:18+00:00,consent-service,2,10,cpu:
2026-09-19T17:54:18+00:00,exam-service,2,10,cpu:
2026-09-19T17:54:18+00:00,history-service,2,10,cpu:
2026-09-19T17:54:18+00:00,lab-service,2,10,cpu:
2026-09-19T17:54:18+00:00,notification-service,2,10,cpu:
2026-09-19T17:54:18+00:00,patient-service,2,10,cpu:
2026-09-19T17:54:18+00:00,result-service,2,10,cpu:
2026-09-19T17:54:18+00:00,triage-service,2,10,cpu:
2026-09-19T17:54:27+00:00,audit-service,3,10,cpu:
2026-09-19T17:54:27+00:00,auth-service,2,10,cpu:
2026-09-19T17:54:27+00:00,consent-service,2,10,cpu:
2026-09-19T17:54:27+00:00,exam-service,2,10,cpu:
2026-09-19T17:54:27+00:00,history-service,2,10,cpu:
2026-09-19T17:54:27+00:00,lab-service,2,10,cpu:
2026-09-19T17:54:27+00:00,notification-service,2,10,cpu:
2026-09-19T17:54:27+00:00,patient-service,2,10,cpu:
2026-09-19T17:54:27+00:00,result-service,2,10,cpu:
2026-09-19T17:54:27+00:00,triage-service,2,10,cpu:
2026-09-19T17:54:33+00:00,audit-service,3,10,cpu:
2026-09-19T17:54:33+00:00,auth-service,2,10,cpu:
2026-09-19T17:54:33+00:00,consent-service,2,10,cpu:
2026-09-19T17:54:33+00:00,exam-service,2,10,cpu:
2026-09-19T17:54:33+00:00,history-service,2,10,cpu:
2026-09-19T17:54:33+00:00,lab-service,2,10,cpu:
2026-09-19T17:54:33+00:00,notification-service,2,10,cpu:
2026-09-19T17:54:33+00:00,patient-service,2,10,cpu:
2026-09-19T17:54:33+00:00,result-service,2,10,cpu:
2026-09-19T17:54:33+00:00,triage-service,2,10,cpu:
2026-09-19T17:54:39+00:00,audit-service,3,10,cpu:
2026-09-19T17:54:39+00:00,auth-service,2,10,cpu:
2026-09-19T17:54:39+00:00,consent-service,2,10,cpu:
2026-09-19T17:54:39+00:00,exam-service,2,10,cpu:
2026-09-19T17:54:39+00:00,history-service,2,10,cpu:
2026-09-19T17:54:39+00:00,lab-service,2,10,cpu:
2026-09-19T17:54:39+00:00,notification-service,2,10,cpu:
2026-09-19T17:54:39+00:00,patient-service,2,10,cpu:
2026-09-19T17:54:39+00:00,result-service,2,10,cpu:
2026-09-19T17:54:39+00:00,triage-service,2,10,cpu:
2026-09-19T17:54:47+00:00,audit-service,3,10,cpu:
2026-09-19T17:54:47+00:00,auth-service,2,10,cpu:
2026-09-19T17:54:47+00:00,consent-service,2,10,cpu:
2026-09-19T17:54:47+00:00,exam-service,2,10,cpu:
2026-09-19T17:54:47+00:00,history-service,2,10,cpu:
2026-09-19T17:54:47+00:00,lab-service,2,10,cpu:
2026-09-19T17:54:47+00:00,notification-service,2,10,cpu:
2026-09-19T17:54:47+00:00,patient-service,2,10,cpu:
2026-09-19T17:54:47+00:00,result-service,2,10,cpu:
2026-09-19T17:54:47+00:00,triage-service,2,10,cpu:
2026-09-19T17:54:54+00:00,audit-service,3,10,cpu:
2026-09-19T17:54:54+00:00,auth-service,2,10,cpu:
2026-09-19T17:54:54+00:00,consent-service,2,10,cpu:
2026-09-19T17:54:54+00:00,exam-service,2,10,cpu:
2026-09-19T17:54:54+00:00,history-service,2,10,cpu:
2026-09-19T17:54:54+00:00,lab-service,2,10,cpu:
2026-09-19T17:54:54+00:00,notification-service,2,10,cpu:
2026-09-19T17:54:54+00:00,patient-service,2,10,cpu:
2026-09-19T17:54:54+00:00,result-service,2,10,cpu:
2026-09-19T17:54:54+00:00,triage-service,2,10,cpu:
2026-09-19T17:55:00+00:00,audit-service,3,10,cpu:
2026-09-19T17:55:00+00:00,auth-service,2,10,cpu:
2026-09-19T17:55:00+00:00,consent-service,2,10,cpu:
2026-09-19T17:55:00+00:00,exam-service,2,10,cpu:
2026-09-19T17:55:00+00:00,history-service,2,10,cpu:
2026-09-19T17:55:00+00:00,lab-service,2,10,cpu:
2026-09-19T17:55:00+00:00,notification-service,2,10,cpu:
2026-09-19T17:55:00+00:00,patient-service,2,10,cpu:
2026-09-19T17:55:00+00:00,result-service,2,10,cpu:
2026-09-19T17:55:00+00:00,triage-service,2,10,cpu:
2026-09-19T17:55:08+00:00,audit-service,3,10,cpu:
2026-09-19T17:55:08+00:00,auth-service,2,10,cpu:
2026-09-19T17:55:08+00:00,consent-service,2,10,cpu:
2026-09-19T17:55:08+00:00,exam-service,2,10,cpu:
2026-09-19T17:55:08+00:00,history-service,2,10,cpu:
2026-09-19T17:55:08+00:00,lab-service,2,10,cpu:
2026-09-19T17:55:08+00:00,notification-service,2,10,cpu:
2026-09-19T17:55:08+00:00,patient-service,2,10,cpu:
2026-09-19T17:55:08+00:00,result-service,2,10,cpu:
2026-09-19T17:55:08+00:00,triage-service,2,10,cpu:
2026-09-19T17:55:14+00:00,audit-service,3,10,cpu:
2026-09-19T17:55:14+00:00,auth-service,2,10,cpu:
2026-09-19T17:55:14+00:00,consent-service,2,10,cpu:
2026-09-19T17:55:14+00:00,exam-service,2,10,cpu:
2026-09-19T17:55:14+00:00,history-service,2,10,cpu:
2026-09-19T17:55:14+00:00,lab-service,2,10,cpu:
2026-09-19T17:55:14+00:00,notification-service,2,10,cpu:
2026-09-19T17:55:14+00:00,patient-service,2,10,cpu:
2026-09-19T17:55:14+00:00,result-service,2,10,cpu:
2026-09-19T17:55:14+00:00,triage-service,2,10,cpu:
2026-09-19T17:55:20+00:00,audit-service,3,10,cpu:
2026-09-19T17:55:20+00:00,auth-service,2,10,cpu:
2026-09-19T17:55:20+00:00,consent-service,2,10,cpu:
2026-09-19T17:55:20+00:00,exam-service,2,10,cpu:
2026-09-19T17:55:20+00:00,history-service,2,10,cpu:
2026-09-19T17:55:20+00:00,lab-service,2,10,cpu:
2026-09-19T17:55:20+00:00,notification-service,2,10,cpu:
2026-09-19T17:55:20+00:00,patient-service,2,10,cpu:
2026-09-19T17:55:20+00:00,result-service,2,10,cpu:
2026-09-19T17:55:20+00:00,triage-service,2,10,cpu:
2026-09-19T17:55:28+00:00,audit-service,3,10,cpu:
2026-09-19T17:55:28+00:00,auth-service,2,10,cpu:
2026-09-19T17:55:28+00:00,consent-service,2,10,cpu:
2026-09-19T17:55:28+00:00,exam-service,2,10,cpu:
2026-09-19T17:55:28+00:00,history-service,2,10,cpu:
2026-09-19T17:55:28+00:00,lab-service,2,10,cpu:
2026-09-19T17:55:28+00:00,notification-service,2,10,cpu:
2026-09-19T17:55:28+00:00,patient-service,2,10,cpu:
2026-09-19T17:55:28+00:00,result-service,2,10,cpu:
2026-09-19T17:55:28+00:00,triage-service,2,10,cpu:
2026-09-19T17:55:34+00:00,audit-service,3,10,cpu:
2026-09-19T17:55:34+00:00,auth-service,2,10,cpu:
2026-09-19T17:55:34+00:00,consent-service,2,10,cpu:
2026-09-19T17:55:34+00:00,exam-service,2,10,cpu:
2026-09-19T17:55:34+00:00,history-service,2,10,cpu:
2026-09-19T17:55:34+00:00,lab-service,2,10,cpu:
2026-09-19T17:55:34+00:00,notification-service,2,10,cpu:
2026-09-19T17:55:34+00:00,patient-service,2,10,cpu:
2026-09-19T17:55:34+00:00,result-service,2,10,cpu:
2026-09-19T17:55:34+00:00,triage-service,2,10,cpu:
2026-09-19T17:55:40+00:00,audit-service,3,10,cpu:
2026-09-19T17:55:40+00:00,auth-service,2,10,cpu:
2026-09-19T17:55:40+00:00,consent-service,2,10,cpu:
2026-09-19T17:55:40+00:00,exam-service,2,10,cpu:
2026-09-19T17:55:40+00:00,history-service,2,10,cpu:
2026-09-19T17:55:40+00:00,lab-service,2,10,cpu:
2026-09-19T17:55:40+00:00,notification-service,2,10,cpu:
2026-09-19T17:55:40+00:00,patient-service,2,10,cpu:
2026-09-19T17:55:40+00:00,result-service,2,10,cpu:
2026-09-19T17:55:40+00:00,triage-service,2,10,cpu:
2026-09-19T17:55:48+00:00,audit-service,3,10,cpu:
2026-09-19T17:55:48+00:00,auth-service,2,10,cpu:
2026-09-19T17:55:48+00:00,consent-service,2,10,cpu:
2026-09-19T17:55:48+00:00,exam-service,2,10,cpu:
2026-09-19T17:55:48+00:00,history-service,2,10,cpu:
2026-09-19T17:55:48+00:00,lab-service,2,10,cpu:
2026-09-19T17:55:48+00:00,notification-service,2,10,cpu:
2026-09-19T17:55:48+00:00,patient-service,2,10,cpu:
2026-09-19T17:55:48+00:00,result-service,2,10,cpu:
2026-09-19T17:55:48+00:00,triage-service,2,10,cpu:
2026-09-19T17:55:54+00:00,audit-service,3,10,cpu:
2026-09-19T17:55:54+00:00,auth-service,2,10,cpu:
2026-09-19T17:55:54+00:00,consent-service,2,10,cpu:
2026-09-19T17:55:54+00:00,exam-service,2,10,cpu:
2026-09-19T17:55:54+00:00,history-service,2,10,cpu:
2026-09-19T17:55:54+00:00,lab-service,2,10,cpu:
2026-09-19T17:55:54+00:00,notification-service,2,10,cpu:
2026-09-19T17:55:54+00:00,patient-service,2,10,cpu:
2026-09-19T17:55:54+00:00,result-service,2,10,cpu:
2026-09-19T17:55:54+00:00,triage-service,2,10,cpu:
2026-09-19T17:56:00+00:00,audit-service,3,10,cpu:
2026-09-19T17:56:00+00:00,auth-service,2,10,cpu:
2026-09-19T17:56:00+00:00,consent-service,2,10,cpu:
2026-09-19T17:56:00+00:00,exam-service,2,10,cpu:
2026-09-19T17:56:00+00:00,history-service,2,10,cpu:
2026-09-19T17:56:00+00:00,lab-service,2,10,cpu:
2026-09-19T17:56:00+00:00,notification-service,2,10,cpu:
2026-09-19T17:56:00+00:00,patient-service,2,10,cpu:
2026-09-19T17:56:00+00:00,result-service,2,10,cpu:
2026-09-19T17:56:00+00:00,triage-service,2,10,cpu:
2026-09-19T17:56:08+00:00,audit-service,3,10,cpu:
2026-09-19T17:56:08+00:00,auth-service,2,10,cpu:
2026-09-19T17:56:08+00:00,consent-service,2,10,cpu:
2026-09-19T17:56:08+00:00,exam-service,2,10,cpu:
2026-09-19T17:56:08+00:00,history-service,2,10,cpu:
2026-09-19T17:56:08+00:00,lab-service,2,10,cpu:
2026-09-19T17:56:08+00:00,notification-service,2,10,cpu:
2026-09-19T17:56:08+00:00,patient-service,2,10,cpu:
2026-09-19T17:56:08+00:00,result-service,2,10,cpu:
2026-09-19T17:56:08+00:00,triage-service,2,10,cpu:
2026-09-19T17:56:14+00:00,audit-service,3,10,cpu:
2026-09-19T17:56:14+00:00,auth-service,2,10,cpu:
2026-09-19T17:56:14+00:00,consent-service,2,10,cpu:
2026-09-19T17:56:14+00:00,exam-service,2,10,cpu:
2026-09-19T17:56:14+00:00,history-service,2,10,cpu:
2026-09-19T17:56:14+00:00,lab-service,2,10,cpu:
2026-09-19T17:56:14+00:00,notification-service,2,10,cpu:
2026-09-19T17:56:14+00:00,patient-service,2,10,cpu:
2026-09-19T17:56:14+00:00,result-service,2,10,cpu:
2026-09-19T17:56:14+00:00,triage-service,2,10,cpu:
2026-09-19T17:56:20+00:00,audit-service,3,10,cpu:
2026-09-19T17:56:20+00:00,auth-service,2,10,cpu:
2026-09-19T17:56:20+00:00,consent-service,2,10,cpu:
2026-09-19T17:56:20+00:00,exam-service,2,10,cpu:
2026-09-19T17:56:20+00:00,history-service,2,10,cpu:
2026-09-19T17:56:20+00:00,lab-service,2,10,cpu:
2026-09-19T17:56:20+00:00,notification-service,2,10,cpu:
2026-09-19T17:56:20+00:00,patient-service,2,10,cpu:
2026-09-19T17:56:20+00:00,result-service,2,10,cpu:
2026-09-19T17:56:20+00:00,triage-service,2,10,cpu:
2026-09-19T17:56:28+00:00,audit-service,3,10,cpu:
2026-09-19T17:56:28+00:00,auth-service,2,10,cpu:
2026-09-19T17:56:28+00:00,consent-service,2,10,cpu:
2026-09-19T17:56:28+00:00,exam-service,2,10,cpu:
2026-09-19T17:56:28+00:00,history-service,2,10,cpu:
2026-09-19T17:56:28+00:00,lab-service,2,10,cpu:
2026-09-19T17:56:28+00:00,notification-service,2,10,cpu:
2026-09-19T17:56:28+00:00,patient-service,2,10,cpu:
2026-09-19T17:56:28+00:00,result-service,2,10,cpu:
2026-09-19T17:56:28+00:00,triage-service,2,10,cpu:
2026-09-19T17:56:34+00:00,audit-service,3,10,cpu:
2026-09-19T17:56:34+00:00,auth-service,2,10,cpu:
2026-09-19T17:56:34+00:00,consent-service,2,10,cpu:
2026-09-19T17:56:34+00:00,exam-service,2,10,cpu:
2026-09-19T17:56:34+00:00,history-service,2,10,cpu:
2026-09-19T17:56:34+00:00,lab-service,2,10,cpu:
2026-09-19T17:56:34+00:00,notification-service,2,10,cpu:
2026-09-19T17:56:34+00:00,patient-service,2,10,cpu:
2026-09-19T17:56:34+00:00,result-service,2,10,cpu:
2026-09-19T17:56:34+00:00,triage-service,2,10,cpu:
2026-09-19T17:56:40+00:00,audit-service,3,10,cpu:
2026-09-19T17:56:40+00:00,auth-service,2,10,cpu:
2026-09-19T17:56:40+00:00,consent-service,2,10,cpu:
2026-09-19T17:56:40+00:00,exam-service,2,10,cpu:
2026-09-19T17:56:40+00:00,history-service,2,10,cpu:
2026-09-19T17:56:40+00:00,lab-service,2,10,cpu:
2026-09-19T17:56:40+00:00,notification-service,2,10,cpu:
2026-09-19T17:56:40+00:00,patient-service,2,10,cpu:
2026-09-19T17:56:40+00:00,result-service,2,10,cpu:
2026-09-19T17:56:40+00:00,triage-service,2,10,cpu:
2026-09-19T17:56:48+00:00,audit-service,2,10,cpu:
2026-09-19T17:56:48+00:00,auth-service,2,10,cpu:
2026-09-19T17:56:48+00:00,consent-service,2,10,cpu:
2026-09-19T17:56:48+00:00,exam-service,2,10,cpu:
2026-09-19T17:56:48+00:00,history-service,2,10,cpu:
2026-09-19T17:56:48+00:00,lab-service,2,10,cpu:
2026-09-19T17:56:48+00:00,notification-service,2,10,cpu:
2026-09-19T17:56:48+00:00,patient-service,2,10,cpu:
2026-09-19T17:56:48+00:00,result-service,2,10,cpu:
2026-09-19T17:56:48+00:00,triage-service,2,10,cpu:
2026-09-19T17:56:54+00:00,audit-service,2,10,cpu:
2026-09-19T17:56:54+00:00,auth-service,2,10,cpu:
2026-09-19T17:56:54+00:00,consent-service,2,10,cpu:
2026-09-19T17:56:54+00:00,exam-service,2,10,cpu:
2026-09-19T17:56:54+00:00,history-service,2,10,cpu:
2026-09-19T17:56:54+00:00,lab-service,2,10,cpu:
2026-09-19T17:56:54+00:00,notification-service,2,10,cpu:
2026-09-19T17:56:54+00:00,patient-service,2,10,cpu:
2026-09-19T17:56:54+00:00,result-service,2,10,cpu:
2026-09-19T17:56:54+00:00,triage-service,2,10,cpu:
2026-09-19T17:56:59+00:00,audit-service,2,10,cpu:
2026-09-19T17:56:59+00:00,auth-service,2,10,cpu:
2026-09-19T17:56:59+00:00,consent-service,2,10,cpu:
2026-09-19T17:56:59+00:00,exam-service,2,10,cpu:
2026-09-19T17:56:59+00:00,history-service,2,10,cpu:
2026-09-19T17:56:59+00:00,lab-service,2,10,cpu:
2026-09-19T17:56:59+00:00,notification-service,2,10,cpu:
2026-09-19T17:56:59+00:00,patient-service,2,10,cpu:
2026-09-19T17:56:59+00:00,result-service,2,10,cpu:
2026-09-19T17:56:59+00:00,triage-service,2,10,cpu:
2026-09-19T17:57:07+00:00,audit-service,2,10,cpu:
2026-09-19T17:57:07+00:00,auth-service,2,10,cpu:
2026-09-19T17:57:07+00:00,consent-service,2,10,cpu:
2026-09-19T17:57:07+00:00,exam-service,2,10,cpu:
2026-09-19T17:57:07+00:00,history-service,2,10,cpu:
2026-09-19T17:57:07+00:00,lab-service,2,10,cpu:
2026-09-19T17:57:07+00:00,notification-service,2,10,cpu:
2026-09-19T17:57:07+00:00,patient-service,2,10,cpu:
2026-09-19T17:57:07+00:00,result-service,2,10,cpu:
2026-09-19T17:57:07+00:00,triage-service,2,10,cpu:
2026-09-19T17:57:13+00:00,audit-service,2,10,cpu:
2026-09-19T17:57:13+00:00,auth-service,2,10,cpu:
2026-09-19T17:57:13+00:00,consent-service,2,10,cpu:
2026-09-19T17:57:13+00:00,exam-service,2,10,cpu:
2026-09-19T17:57:13+00:00,history-service,2,10,cpu:
2026-09-19T17:57:13+00:00,lab-service,2,10,cpu:
2026-09-19T17:57:13+00:00,notification-service,2,10,cpu:
2026-09-19T17:57:13+00:00,patient-service,2,10,cpu:
2026-09-19T17:57:13+00:00,result-service,2,10,cpu:
2026-09-19T17:57:13+00:00,triage-service,2,10,cpu:
2026-09-19T17:57:19+00:00,audit-service,2,10,cpu:
2026-09-19T17:57:19+00:00,auth-service,2,10,cpu:
2026-09-19T17:57:19+00:00,consent-service,2,10,cpu:
2026-09-19T17:57:19+00:00,exam-service,2,10,cpu:
2026-09-19T17:57:19+00:00,history-service,2,10,cpu:
2026-09-19T17:57:19+00:00,lab-service,2,10,cpu:
2026-09-19T17:57:19+00:00,notification-service,2,10,cpu:
2026-09-19T17:57:19+00:00,patient-service,2,10,cpu:
2026-09-19T17:57:19+00:00,result-service,2,10,cpu:
2026-09-19T17:57:19+00:00,triage-service,2,10,cpu:
2026-09-19T17:57:26+00:00,audit-service,2,10,cpu:
2026-09-19T17:57:26+00:00,auth-service,2,10,cpu:
2026-09-19T17:57:26+00:00,consent-service,2,10,cpu:
2026-09-19T17:57:26+00:00,exam-service,2,10,cpu:
2026-09-19T17:57:26+00:00,history-service,2,10,cpu:
2026-09-19T17:57:26+00:00,lab-service,2,10,cpu:
2026-09-19T17:57:26+00:00,notification-service,2,10,cpu:
2026-09-19T17:57:26+00:00,patient-service,2,10,cpu:
2026-09-19T17:57:26+00:00,result-service,2,10,cpu:
2026-09-19T17:57:26+00:00,triage-service,2,10,cpu:
2026-09-19T17:57:32+00:00,audit-service,2,10,cpu:
2026-09-19T17:57:32+00:00,auth-service,2,10,cpu:
2026-09-19T17:57:32+00:00,consent-service,2,10,cpu:
2026-09-19T17:57:32+00:00,exam-service,2,10,cpu:
2026-09-19T17:57:32+00:00,history-service,2,10,cpu:
2026-09-19T17:57:32+00:00,lab-service,2,10,cpu:
2026-09-19T17:57:32+00:00,notification-service,2,10,cpu:
2026-09-19T17:57:32+00:00,patient-service,2,10,cpu:
2026-09-19T17:57:32+00:00,result-service,2,10,cpu:
2026-09-19T17:57:32+00:00,triage-service,2,10,cpu:
2026-09-19T17:57:38+00:00,audit-service,2,10,cpu:
2026-09-19T17:57:38+00:00,auth-service,2,10,cpu:
2026-09-19T17:57:38+00:00,consent-service,2,10,cpu:
2026-09-19T17:57:38+00:00,exam-service,2,10,cpu:
2026-09-19T17:57:38+00:00,history-service,2,10,cpu:
2026-09-19T17:57:38+00:00,lab-service,2,10,cpu:
2026-09-19T17:57:38+00:00,notification-service,2,10,cpu:
2026-09-19T17:57:38+00:00,patient-service,2,10,cpu:
2026-09-19T17:57:38+00:00,result-service,2,10,cpu:
2026-09-19T17:57:38+00:00,triage-service,2,10,cpu:
2026-09-19T17:57:46+00:00,audit-service,2,10,cpu:
2026-09-19T17:57:46+00:00,auth-service,2,10,cpu:
2026-09-19T17:57:46+00:00,consent-service,2,10,cpu:
2026-09-19T17:57:46+00:00,exam-service,2,10,cpu:
2026-09-19T17:57:46+00:00,history-service,2,10,cpu:
2026-09-19T17:57:46+00:00,lab-service,2,10,cpu:
2026-09-19T17:57:46+00:00,notification-service,2,10,cpu:
2026-09-19T17:57:46+00:00,patient-service,2,10,cpu:
2026-09-19T17:57:46+00:00,result-service,2,10,cpu:
2026-09-19T17:57:46+00:00,triage-service,2,10,cpu:
2026-09-19T17:57:52+00:00,audit-service,2,10,cpu:
2026-09-19T17:57:52+00:00,auth-service,2,10,cpu:
2026-09-19T17:57:52+00:00,consent-service,2,10,cpu:
2026-09-19T17:57:52+00:00,exam-service,2,10,cpu:
2026-09-19T17:57:52+00:00,history-service,2,10,cpu:
2026-09-19T17:57:52+00:00,lab-service,2,10,cpu:
2026-09-19T17:57:52+00:00,notification-service,2,10,cpu:
2026-09-19T17:57:52+00:00,patient-service,2,10,cpu:
2026-09-19T17:57:52+00:00,result-service,2,10,cpu:
2026-09-19T17:57:52+00:00,triage-service,2,10,cpu:
2026-09-19T17:57:58+00:00,audit-service,2,10,cpu:
2026-09-19T17:57:58+00:00,auth-service,2,10,cpu:
2026-09-19T17:57:58+00:00,consent-service,2,10,cpu:
2026-09-19T17:57:58+00:00,exam-service,2,10,cpu:
2026-09-19T17:57:58+00:00,history-service,2,10,cpu:
2026-09-19T17:57:58+00:00,lab-service,2,10,cpu:
2026-09-19T17:57:58+00:00,notification-service,2,10,cpu:
2026-09-19T17:57:58+00:00,patient-service,2,10,cpu:
2026-09-19T17:57:58+00:00,result-service,2,10,cpu:
2026-09-19T17:57:58+00:00,triage-service,2,10,cpu:
2026-09-19T17:58:05+00:00,audit-service,2,10,cpu:
2026-09-19T17:58:05+00:00,auth-service,2,10,cpu:
2026-09-19T17:58:05+00:00,consent-service,2,10,cpu:
2026-09-19T17:58:05+00:00,exam-service,2,10,cpu:
2026-09-19T17:58:05+00:00,history-service,2,10,cpu:
2026-09-19T17:58:05+00:00,lab-service,2,10,cpu:
2026-09-19T17:58:05+00:00,notification-service,2,10,cpu:
2026-09-19T17:58:05+00:00,patient-service,2,10,cpu:
2026-09-19T17:58:05+00:00,result-service,2,10,cpu:
2026-09-19T17:58:05+00:00,triage-service,2,10,cpu:
2026-09-19T17:58:11+00:00,audit-service,2,10,cpu:
2026-09-19T17:58:11+00:00,auth-service,2,10,cpu:
2026-09-19T17:58:11+00:00,consent-service,2,10,cpu:
2026-09-19T17:58:11+00:00,exam-service,2,10,cpu:
2026-09-19T17:58:11+00:00,history-service,2,10,cpu:
2026-09-19T17:58:11+00:00,lab-service,2,10,cpu:
2026-09-19T17:58:11+00:00,notification-service,2,10,cpu:
2026-09-19T17:58:11+00:00,patient-service,2,10,cpu:
2026-09-19T17:58:11+00:00,result-service,2,10,cpu:
2026-09-19T17:58:11+00:00,triage-service,2,10,cpu:
2026-09-19T17:58:16+00:00,audit-service,2,10,cpu:
2026-09-19T17:58:16+00:00,auth-service,2,10,cpu:
2026-09-19T17:58:16+00:00,consent-service,2,10,cpu:
2026-09-19T17:58:16+00:00,exam-service,2,10,cpu:
2026-09-19T17:58:16+00:00,history-service,2,10,cpu:
2026-09-19T17:58:16+00:00,lab-service,2,10,cpu:
2026-09-19T17:58:16+00:00,notification-service,2,10,cpu:
2026-09-19T17:58:16+00:00,patient-service,2,10,cpu:
2026-09-19T17:58:16+00:00,result-service,2,10,cpu:
2026-09-19T17:58:16+00:00,triage-service,2,10,cpu:
2026-09-19T17:58:24+00:00,audit-service,2,10,cpu:
2026-09-19T17:58:24+00:00,auth-service,2,10,cpu:
2026-09-19T17:58:24+00:00,consent-service,2,10,cpu:
2026-09-19T17:58:24+00:00,exam-service,2,10,cpu:
2026-09-19T17:58:24+00:00,history-service,2,10,cpu:
2026-09-19T17:58:24+00:00,lab-service,2,10,cpu:
2026-09-19T17:58:24+00:00,notification-service,2,10,cpu:
2026-09-19T17:58:24+00:00,patient-service,2,10,cpu:
2026-09-19T17:58:24+00:00,result-service,2,10,cpu:
2026-09-19T17:58:24+00:00,triage-service,2,10,cpu:
2026-09-19T17:58:29+00:00,audit-service,2,10,cpu:
2026-09-19T17:58:29+00:00,auth-service,2,10,cpu:
2026-09-19T17:58:29+00:00,consent-service,2,10,cpu:
2026-09-19T17:58:29+00:00,exam-service,2,10,cpu:
2026-09-19T17:58:29+00:00,history-service,2,10,cpu:
2026-09-19T17:58:29+00:00,lab-service,2,10,cpu:
2026-09-19T17:58:29+00:00,notification-service,2,10,cpu:
2026-09-19T17:58:29+00:00,patient-service,2,10,cpu:
2026-09-19T17:58:29+00:00,result-service,2,10,cpu:
2026-09-19T17:58:29+00:00,triage-service,2,10,cpu:
2026-09-19T17:58:35+00:00,audit-service,2,10,cpu:
2026-09-19T17:58:35+00:00,auth-service,2,10,cpu:
2026-09-19T17:58:35+00:00,consent-service,2,10,cpu:
2026-09-19T17:58:35+00:00,exam-service,2,10,cpu:
2026-09-19T17:58:35+00:00,history-service,2,10,cpu:
2026-09-19T17:58:35+00:00,lab-service,2,10,cpu:
2026-09-19T17:58:35+00:00,notification-service,2,10,cpu:
2026-09-19T17:58:35+00:00,patient-service,2,10,cpu:
2026-09-19T17:58:35+00:00,result-service,2,10,cpu:
2026-09-19T17:58:35+00:00,triage-service,2,10,cpu:
2026-09-19T17:58:43+00:00,audit-service,2,10,cpu:
2026-09-19T17:58:43+00:00,auth-service,2,10,cpu:
2026-09-19T17:58:43+00:00,consent-service,2,10,cpu:
2026-09-19T17:58:43+00:00,exam-service,2,10,cpu:
2026-09-19T17:58:43+00:00,history-service,2,10,cpu:
2026-09-19T17:58:43+00:00,lab-service,2,10,cpu:
2026-09-19T17:58:43+00:00,notification-service,2,10,cpu:
2026-09-19T17:58:43+00:00,patient-service,2,10,cpu:
2026-09-19T17:58:43+00:00,result-service,2,10,cpu:
2026-09-19T17:58:43+00:00,triage-service,2,10,cpu:
2026-09-19T17:58:48+00:00,audit-service,2,10,cpu:
2026-09-19T17:58:48+00:00,auth-service,2,10,cpu:
2026-09-19T17:58:48+00:00,consent-service,2,10,cpu:
2026-09-19T17:58:48+00:00,exam-service,2,10,cpu:
2026-09-19T17:58:48+00:00,history-service,2,10,cpu:
2026-09-19T17:58:48+00:00,lab-service,2,10,cpu:
2026-09-19T17:58:48+00:00,notification-service,2,10,cpu:
2026-09-19T17:58:48+00:00,patient-service,2,10,cpu:
2026-09-19T17:58:48+00:00,result-service,2,10,cpu:
2026-09-19T17:58:48+00:00,triage-service,2,10,cpu:
2026-09-19T17:58:54+00:00,audit-service,2,10,cpu:
2026-09-19T17:58:54+00:00,auth-service,2,10,cpu:
2026-09-19T17:58:54+00:00,consent-service,2,10,cpu:
2026-09-19T17:58:54+00:00,exam-service,2,10,cpu:
2026-09-19T17:58:54+00:00,history-service,2,10,cpu:
2026-09-19T17:58:54+00:00,lab-service,2,10,cpu:
2026-09-19T17:58:54+00:00,notification-service,2,10,cpu:
2026-09-19T17:58:54+00:00,patient-service,2,10,cpu:
2026-09-19T17:58:54+00:00,result-service,2,10,cpu:
2026-09-19T17:58:54+00:00,triage-service,2,10,cpu:
2026-09-19T17:59:02+00:00,audit-service,2,10,cpu:
2026-09-19T17:59:02+00:00,auth-service,2,10,cpu:
2026-09-19T17:59:02+00:00,consent-service,2,10,cpu:
2026-09-19T17:59:02+00:00,exam-service,2,10,cpu:
2026-09-19T17:59:02+00:00,history-service,2,10,cpu:
2026-09-19T17:59:02+00:00,lab-service,2,10,cpu:
2026-09-19T17:59:02+00:00,notification-service,2,10,cpu:
2026-09-19T17:59:02+00:00,patient-service,2,10,cpu:
2026-09-19T17:59:02+00:00,result-service,2,10,cpu:
2026-09-19T17:59:02+00:00,triage-service,2,10,cpu:
2026-09-19T17:59:08+00:00,audit-service,2,10,cpu:
2026-09-19T17:59:08+00:00,auth-service,2,10,cpu:
2026-09-19T17:59:08+00:00,consent-service,2,10,cpu:
2026-09-19T17:59:08+00:00,exam-service,2,10,cpu:
2026-09-19T17:59:08+00:00,history-service,2,10,cpu:
2026-09-19T17:59:08+00:00,lab-service,2,10,cpu:
2026-09-19T17:59:08+00:00,notification-service,2,10,cpu:
2026-09-19T17:59:08+00:00,patient-service,2,10,cpu:
2026-09-19T17:59:08+00:00,result-service,2,10,cpu:
2026-09-19T17:59:08+00:00,triage-service,2,10,cpu:
2026-09-19T17:59:14+00:00,audit-service,2,10,cpu:
2026-09-19T17:59:14+00:00,auth-service,2,10,cpu:
2026-09-19T17:59:14+00:00,consent-service,2,10,cpu:
2026-09-19T17:59:14+00:00,exam-service,2,10,cpu:
2026-09-19T17:59:14+00:00,history-service,2,10,cpu:
2026-09-19T17:59:14+00:00,lab-service,2,10,cpu:
2026-09-19T17:59:14+00:00,notification-service,2,10,cpu:
2026-09-19T17:59:14+00:00,patient-service,2,10,cpu:
2026-09-19T17:59:14+00:00,result-service,2,10,cpu:
2026-09-19T17:59:14+00:00,triage-service,2,10,cpu:
2026-09-19T17:59:23+00:00,audit-service,2,10,cpu:
2026-09-19T17:59:23+00:00,auth-service,2,10,cpu:
2026-09-19T17:59:23+00:00,consent-service,2,10,cpu:
2026-09-19T17:59:23+00:00,exam-service,2,10,cpu:
2026-09-19T17:59:23+00:00,history-service,2,10,cpu:
2026-09-19T17:59:23+00:00,lab-service,2,10,cpu:
2026-09-19T17:59:23+00:00,notification-service,2,10,cpu:
2026-09-19T17:59:23+00:00,patient-service,2,10,cpu:
2026-09-19T17:59:23+00:00,result-service,2,10,cpu:
2026-09-19T17:59:23+00:00,triage-service,2,10,cpu:
2026-09-19T17:59:28+00:00,audit-service,2,10,cpu:
2026-09-19T17:59:28+00:00,auth-service,2,10,cpu:
2026-09-19T17:59:28+00:00,consent-service,2,10,cpu:
2026-09-19T17:59:28+00:00,exam-service,2,10,cpu:
2026-09-19T17:59:28+00:00,history-service,2,10,cpu:
2026-09-19T17:59:28+00:00,lab-service,2,10,cpu:
2026-09-19T17:59:28+00:00,notification-service,2,10,cpu:
2026-09-19T17:59:28+00:00,patient-service,2,10,cpu:
2026-09-19T17:59:28+00:00,result-service,2,10,cpu:
2026-09-19T17:59:28+00:00,triage-service,2,10,cpu:
2026-09-19T17:59:34+00:00,audit-service,2,10,cpu:
2026-09-19T17:59:34+00:00,auth-service,2,10,cpu:
2026-09-19T17:59:34+00:00,consent-service,2,10,cpu:
2026-09-19T17:59:34+00:00,exam-service,2,10,cpu:
2026-09-19T17:59:34+00:00,history-service,2,10,cpu:
2026-09-19T17:59:34+00:00,lab-service,2,10,cpu:
2026-09-19T17:59:34+00:00,notification-service,2,10,cpu:
2026-09-19T17:59:34+00:00,patient-service,2,10,cpu:
2026-09-19T17:59:34+00:00,result-service,2,10,cpu:
2026-09-19T17:59:34+00:00,triage-service,2,10,cpu:
2026-09-19T17:59:42+00:00,audit-service,2,10,cpu:
2026-09-19T17:59:42+00:00,auth-service,2,10,cpu:
2026-09-19T17:59:42+00:00,consent-service,2,10,cpu:
2026-09-19T17:59:42+00:00,exam-service,2,10,cpu:
2026-09-19T17:59:42+00:00,history-service,2,10,cpu:
2026-09-19T17:59:42+00:00,lab-service,2,10,cpu:
2026-09-19T17:59:42+00:00,notification-service,2,10,cpu:
2026-09-19T17:59:42+00:00,patient-service,2,10,cpu:
2026-09-19T17:59:42+00:00,result-service,2,10,cpu:
2026-09-19T17:59:42+00:00,triage-service,2,10,cpu:
2026-09-19T17:59:48+00:00,audit-service,2,10,cpu:
2026-09-19T17:59:48+00:00,auth-service,2,10,cpu:
2026-09-19T17:59:48+00:00,consent-service,2,10,cpu:
2026-09-19T17:59:48+00:00,exam-service,2,10,cpu:
2026-09-19T17:59:48+00:00,history-service,2,10,cpu:
2026-09-19T17:59:48+00:00,lab-service,2,10,cpu:
2026-09-19T17:59:48+00:00,notification-service,2,10,cpu:
2026-09-19T17:59:48+00:00,patient-service,2,10,cpu:
2026-09-19T17:59:48+00:00,result-service,2,10,cpu:
2026-09-19T17:59:48+00:00,triage-service,2,10,cpu:
2026-09-19T17:59:54+00:00,audit-service,2,10,cpu:
2026-09-19T17:59:54+00:00,auth-service,2,10,cpu:
2026-09-19T17:59:54+00:00,consent-service,2,10,cpu:
2026-09-19T17:59:54+00:00,exam-service,2,10,cpu:
2026-09-19T17:59:54+00:00,history-service,2,10,cpu:
2026-09-19T17:59:54+00:00,lab-service,2,10,cpu:
2026-09-19T17:59:54+00:00,notification-service,2,10,cpu:
2026-09-19T17:59:54+00:00,patient-service,2,10,cpu:
2026-09-19T17:59:54+00:00,result-service,2,10,cpu:
2026-09-19T17:59:54+00:00,triage-service,2,10,cpu:
2026-09-19T18:00:02+00:00,audit-service,2,10,cpu:
2026-09-19T18:00:02+00:00,auth-service,2,10,cpu:
2026-09-19T18:00:02+00:00,consent-service,2,10,cpu:
2026-09-19T18:00:02+00:00,exam-service,2,10,cpu:
2026-09-19T18:00:02+00:00,history-service,2,10,cpu:
2026-09-19T18:00:02+00:00,lab-service,2,10,cpu:
2026-09-19T18:00:02+00:00,notification-service,2,10,cpu:
2026-09-19T18:00:02+00:00,patient-service,2,10,cpu:
2026-09-19T18:00:02+00:00,result-service,2,10,cpu:
2026-09-19T18:00:02+00:00,triage-service,2,10,cpu:
2026-09-19T18:00:08+00:00,audit-service,2,10,cpu:
2026-09-19T18:00:08+00:00,auth-service,2,10,cpu:
2026-09-19T18:00:08+00:00,consent-service,2,10,cpu:
2026-09-19T18:00:08+00:00,exam-service,2,10,cpu:
2026-09-19T18:00:08+00:00,history-service,2,10,cpu:
2026-09-19T18:00:08+00:00,lab-service,2,10,cpu:
2026-09-19T18:00:08+00:00,notification-service,2,10,cpu:
2026-09-19T18:00:08+00:00,patient-service,2,10,cpu:
2026-09-19T18:00:08+00:00,result-service,2,10,cpu:
2026-09-19T18:00:08+00:00,triage-service,2,10,cpu:
2026-09-19T18:00:14+00:00,audit-service,2,10,cpu:
2026-09-19T18:00:14+00:00,auth-service,2,10,cpu:
2026-09-19T18:00:14+00:00,consent-service,2,10,cpu:
2026-09-19T18:00:14+00:00,exam-service,2,10,cpu:
2026-09-19T18:00:14+00:00,history-service,2,10,cpu:
2026-09-19T18:00:14+00:00,lab-service,2,10,cpu:
2026-09-19T18:00:14+00:00,notification-service,2,10,cpu:
2026-09-19T18:00:14+00:00,patient-service,2,10,cpu:
2026-09-19T18:00:14+00:00,result-service,2,10,cpu:
2026-09-19T18:00:14+00:00,triage-service,2,10,cpu:
2026-09-19T18:00:23+00:00,audit-service,2,10,cpu:
2026-09-19T18:00:23+00:00,auth-service,2,10,cpu:
2026-09-19T18:00:23+00:00,consent-service,2,10,cpu:
2026-09-19T18:00:23+00:00,exam-service,2,10,cpu:
2026-09-19T18:00:23+00:00,history-service,2,10,cpu:
2026-09-19T18:00:23+00:00,lab-service,2,10,cpu:
2026-09-19T18:00:23+00:00,notification-service,2,10,cpu:
2026-09-19T18:00:23+00:00,patient-service,2,10,cpu:
2026-09-19T18:00:23+00:00,result-service,2,10,cpu:
2026-09-19T18:00:23+00:00,triage-service,2,10,cpu:
2026-09-19T18:00:29+00:00,audit-service,2,10,cpu:
2026-09-19T18:00:29+00:00,auth-service,2,10,cpu:
2026-09-19T18:00:29+00:00,consent-service,2,10,cpu:
2026-09-19T18:00:29+00:00,exam-service,2,10,cpu:
2026-09-19T18:00:29+00:00,history-service,2,10,cpu:
2026-09-19T18:00:29+00:00,lab-service,2,10,cpu:
2026-09-19T18:00:29+00:00,notification-service,2,10,cpu:
2026-09-19T18:00:29+00:00,patient-service,2,10,cpu:
2026-09-19T18:00:29+00:00,result-service,2,10,cpu:
2026-09-19T18:00:29+00:00,triage-service,2,10,cpu:
2026-09-19T18:00:35+00:00,audit-service,2,10,cpu:
2026-09-19T18:00:35+00:00,auth-service,2,10,cpu:
2026-09-19T18:00:35+00:00,consent-service,2,10,cpu:
2026-09-19T18:00:35+00:00,exam-service,2,10,cpu:
2026-09-19T18:00:35+00:00,history-service,2,10,cpu:
2026-09-19T18:00:35+00:00,lab-service,2,10,cpu:
2026-09-19T18:00:35+00:00,notification-service,2,10,cpu:
2026-09-19T18:00:35+00:00,patient-service,2,10,cpu:
2026-09-19T18:00:35+00:00,result-service,2,10,cpu:
2026-09-19T18:00:35+00:00,triage-service,2,10,cpu:
2026-09-19T18:00:44+00:00,audit-service,2,10,cpu:
2026-09-19T18:00:44+00:00,auth-service,2,10,cpu:
2026-09-19T18:00:44+00:00,consent-service,2,10,cpu:
2026-09-19T18:00:44+00:00,exam-service,2,10,cpu:
2026-09-19T18:00:44+00:00,history-service,2,10,cpu:
2026-09-19T18:00:44+00:00,lab-service,2,10,cpu:
2026-09-19T18:00:44+00:00,notification-service,2,10,cpu:
2026-09-19T18:00:44+00:00,patient-service,2,10,cpu:
2026-09-19T18:00:44+00:00,result-service,2,10,cpu:
2026-09-19T18:00:44+00:00,triage-service,2,10,cpu:
2026-09-19T18:00:50+00:00,audit-service,2,10,cpu:
2026-09-19T18:00:50+00:00,auth-service,2,10,cpu:
2026-09-19T18:00:50+00:00,consent-service,2,10,cpu:
2026-09-19T18:00:50+00:00,exam-service,2,10,cpu:
2026-09-19T18:00:50+00:00,history-service,2,10,cpu:
2026-09-19T18:00:50+00:00,lab-service,2,10,cpu:
2026-09-19T18:00:50+00:00,notification-service,2,10,cpu:
2026-09-19T18:00:50+00:00,patient-service,2,10,cpu:
2026-09-19T18:00:50+00:00,result-service,2,10,cpu:
2026-09-19T18:00:50+00:00,triage-service,2,10,cpu:
2026-09-19T18:00:56+00:00,audit-service,2,10,cpu:
2026-09-19T18:00:56+00:00,auth-service,2,10,cpu:
2026-09-19T18:00:56+00:00,consent-service,2,10,cpu:
2026-09-19T18:00:56+00:00,exam-service,2,10,cpu:
2026-09-19T18:00:56+00:00,history-service,2,10,cpu:
2026-09-19T18:00:56+00:00,lab-service,2,10,cpu:
2026-09-19T18:00:56+00:00,notification-service,2,10,cpu:
2026-09-19T18:00:56+00:00,patient-service,2,10,cpu:
2026-09-19T18:00:56+00:00,result-service,2,10,cpu:
2026-09-19T18:00:56+00:00,triage-service,2,10,cpu:
2026-09-19T18:01:04+00:00,audit-service,2,10,cpu:
2026-09-19T18:01:04+00:00,auth-service,2,10,cpu:
2026-09-19T18:01:04+00:00,consent-service,2,10,cpu:
2026-09-19T18:01:04+00:00,exam-service,2,10,cpu:
2026-09-19T18:01:04+00:00,history-service,2,10,cpu:
2026-09-19T18:01:04+00:00,lab-service,2,10,cpu:
2026-09-19T18:01:04+00:00,notification-service,2,10,cpu:
2026-09-19T18:01:04+00:00,patient-service,2,10,cpu:
2026-09-19T18:01:04+00:00,result-service,2,10,cpu:
2026-09-19T18:01:04+00:00,triage-service,2,10,cpu:
2026-09-19T18:01:10+00:00,audit-service,2,10,cpu:
2026-09-19T18:01:10+00:00,auth-service,2,10,cpu:
2026-09-19T18:01:10+00:00,consent-service,2,10,cpu:
2026-09-19T18:01:10+00:00,exam-service,2,10,cpu:
2026-09-19T18:01:10+00:00,history-service,2,10,cpu:
2026-09-19T18:01:10+00:00,lab-service,2,10,cpu:
2026-09-19T18:01:10+00:00,notification-service,2,10,cpu:
2026-09-19T18:01:10+00:00,patient-service,2,10,cpu:
2026-09-19T18:01:10+00:00,result-service,2,10,cpu:
2026-09-19T18:01:10+00:00,triage-service,2,10,cpu:
2026-09-19T18:01:15+00:00,audit-service,2,10,cpu:
2026-09-19T18:01:15+00:00,auth-service,2,10,cpu:
2026-09-19T18:01:15+00:00,consent-service,2,10,cpu:
2026-09-19T18:01:15+00:00,exam-service,2,10,cpu:
2026-09-19T18:01:15+00:00,history-service,2,10,cpu:
2026-09-19T18:01:15+00:00,lab-service,2,10,cpu:
2026-09-19T18:01:15+00:00,notification-service,2,10,cpu:
2026-09-19T18:01:15+00:00,patient-service,2,10,cpu:
2026-09-19T18:01:15+00:00,result-service,2,10,cpu:
2026-09-19T18:01:15+00:00,triage-service,2,10,cpu:
2026-09-19T18:01:23+00:00,audit-service,2,10,cpu:
2026-09-19T18:01:23+00:00,auth-service,2,10,cpu:
2026-09-19T18:01:23+00:00,consent-service,2,10,cpu:
2026-09-19T18:01:23+00:00,exam-service,2,10,cpu:
2026-09-19T18:01:23+00:00,history-service,2,10,cpu:
2026-09-19T18:01:23+00:00,lab-service,2,10,cpu:
2026-09-19T18:01:23+00:00,notification-service,2,10,cpu:
2026-09-19T18:01:23+00:00,patient-service,2,10,cpu:
2026-09-19T18:01:23+00:00,result-service,2,10,cpu:
2026-09-19T18:01:23+00:00,triage-service,2,10,cpu:
2026-09-19T18:01:29+00:00,audit-service,2,10,cpu:
2026-09-19T18:01:29+00:00,auth-service,2,10,cpu:
2026-09-19T18:01:29+00:00,consent-service,2,10,cpu:
2026-09-19T18:01:29+00:00,exam-service,2,10,cpu:
2026-09-19T18:01:29+00:00,history-service,2,10,cpu:
2026-09-19T18:01:29+00:00,lab-service,2,10,cpu:
2026-09-19T18:01:29+00:00,notification-service,2,10,cpu:
2026-09-19T18:01:29+00:00,patient-service,2,10,cpu:
2026-09-19T18:01:29+00:00,result-service,2,10,cpu:
2026-09-19T18:01:29+00:00,triage-service,2,10,cpu:
2026-09-19T18:01:35+00:00,audit-service,2,10,cpu:
2026-09-19T18:01:35+00:00,auth-service,2,10,cpu:
2026-09-19T18:01:35+00:00,consent-service,2,10,cpu:
2026-09-19T18:01:35+00:00,exam-service,2,10,cpu:
2026-09-19T18:01:35+00:00,history-service,2,10,cpu:
2026-09-19T18:01:35+00:00,lab-service,2,10,cpu:
2026-09-19T18:01:35+00:00,notification-service,2,10,cpu:
2026-09-19T18:01:35+00:00,patient-service,2,10,cpu:
2026-09-19T18:01:35+00:00,result-service,2,10,cpu:
2026-09-19T18:01:35+00:00,triage-service,2,10,cpu:
2026-09-19T18:01:44+00:00,audit-service,2,10,cpu:
2026-09-19T18:01:44+00:00,auth-service,2,10,cpu:
2026-09-19T18:01:44+00:00,consent-service,2,10,cpu:
2026-09-19T18:01:44+00:00,exam-service,2,10,cpu:
2026-09-19T18:01:44+00:00,history-service,2,10,cpu:
2026-09-19T18:01:44+00:00,lab-service,2,10,cpu:
2026-09-19T18:01:44+00:00,notification-service,2,10,cpu:
2026-09-19T18:01:44+00:00,patient-service,2,10,cpu:
2026-09-19T18:01:44+00:00,result-service,2,10,cpu:
2026-09-19T18:01:44+00:00,triage-service,2,10,cpu:
2026-09-19T18:01:50+00:00,audit-service,2,10,cpu:
2026-09-19T18:01:50+00:00,auth-service,2,10,cpu:
2026-09-19T18:01:50+00:00,consent-service,2,10,cpu:
2026-09-19T18:01:50+00:00,exam-service,2,10,cpu:
2026-09-19T18:01:50+00:00,history-service,2,10,cpu:
2026-09-19T18:01:50+00:00,lab-service,2,10,cpu:
2026-09-19T18:01:50+00:00,notification-service,2,10,cpu:
2026-09-19T18:01:50+00:00,patient-service,2,10,cpu:
2026-09-19T18:01:50+00:00,result-service,2,10,cpu:
2026-09-19T18:01:50+00:00,triage-service,2,10,cpu:
2026-09-19T18:01:56+00:00,audit-service,2,10,cpu:
2026-09-19T18:01:56+00:00,auth-service,2,10,cpu:
2026-09-19T18:01:56+00:00,consent-service,2,10,cpu:
2026-09-19T18:01:56+00:00,exam-service,2,10,cpu:
2026-09-19T18:01:56+00:00,history-service,2,10,cpu:
2026-09-19T18:01:56+00:00,lab-service,2,10,cpu:
2026-09-19T18:01:56+00:00,notification-service,2,10,cpu:
2026-09-19T18:01:56+00:00,patient-service,2,10,cpu:
2026-09-19T18:01:56+00:00,result-service,2,10,cpu:
2026-09-19T18:01:56+00:00,triage-service,2,10,cpu:
2026-09-19T18:02:03+00:00,audit-service,2,10,cpu:
2026-09-19T18:02:03+00:00,auth-service,2,10,cpu:
2026-09-19T18:02:03+00:00,consent-service,2,10,cpu:
2026-09-19T18:02:03+00:00,exam-service,2,10,cpu:
2026-09-19T18:02:03+00:00,history-service,2,10,cpu:
2026-09-19T18:02:03+00:00,lab-service,2,10,cpu:
2026-09-19T18:02:03+00:00,notification-service,2,10,cpu:
2026-09-19T18:02:03+00:00,patient-service,2,10,cpu:
2026-09-19T18:02:03+00:00,result-service,2,10,cpu:
2026-09-19T18:02:03+00:00,triage-service,2,10,cpu:
2026-09-19T18:02:09+00:00,audit-service,2,10,cpu:
2026-09-19T18:02:09+00:00,auth-service,2,10,cpu:
2026-09-19T18:02:09+00:00,consent-service,2,10,cpu:
2026-09-19T18:02:09+00:00,exam-service,2,10,cpu:
2026-09-19T18:02:09+00:00,history-service,2,10,cpu:
2026-09-19T18:02:09+00:00,lab-service,2,10,cpu:
2026-09-19T18:02:09+00:00,notification-service,2,10,cpu:
2026-09-19T18:02:09+00:00,patient-service,2,10,cpu:
2026-09-19T18:02:09+00:00,result-service,2,10,cpu:
2026-09-19T18:02:09+00:00,triage-service,2,10,cpu:
2026-09-19T18:02:14+00:00,audit-service,2,10,cpu:
2026-09-19T18:02:14+00:00,auth-service,2,10,cpu:
2026-09-19T18:02:14+00:00,consent-service,2,10,cpu:
2026-09-19T18:02:14+00:00,exam-service,2,10,cpu:
2026-09-19T18:02:14+00:00,history-service,2,10,cpu:
2026-09-19T18:02:14+00:00,lab-service,2,10,cpu:
2026-09-19T18:02:14+00:00,notification-service,2,10,cpu:
2026-09-19T18:02:14+00:00,patient-service,2,10,cpu:
2026-09-19T18:02:14+00:00,result-service,2,10,cpu:
2026-09-19T18:02:14+00:00,triage-service,2,10,cpu:
2026-09-19T18:02:22+00:00,audit-service,2,10,cpu:
2026-09-19T18:02:22+00:00,auth-service,2,10,cpu:
2026-09-19T18:02:22+00:00,consent-service,2,10,cpu:
2026-09-19T18:02:22+00:00,exam-service,2,10,cpu:
2026-09-19T18:02:22+00:00,history-service,2,10,cpu:
2026-09-19T18:02:22+00:00,lab-service,2,10,cpu:
2026-09-19T18:02:22+00:00,notification-service,2,10,cpu:
2026-09-19T18:02:22+00:00,patient-service,2,10,cpu:
2026-09-19T18:02:22+00:00,result-service,2,10,cpu:
2026-09-19T18:02:22+00:00,triage-service,2,10,cpu:
2026-09-19T18:02:28+00:00,audit-service,2,10,cpu:
2026-09-19T18:02:28+00:00,auth-service,2,10,cpu:
2026-09-19T18:02:28+00:00,consent-service,2,10,cpu:
2026-09-19T18:02:28+00:00,exam-service,2,10,cpu:
2026-09-19T18:02:28+00:00,history-service,2,10,cpu:
2026-09-19T18:02:28+00:00,lab-service,2,10,cpu:
2026-09-19T18:02:28+00:00,notification-service,2,10,cpu:
2026-09-19T18:02:28+00:00,patient-service,2,10,cpu:
2026-09-19T18:02:28+00:00,result-service,2,10,cpu:
2026-09-19T18:02:28+00:00,triage-service,2,10,cpu:
2026-09-19T18:02:34+00:00,audit-service,2,10,cpu:
2026-09-19T18:02:34+00:00,auth-service,2,10,cpu:
2026-09-19T18:02:34+00:00,consent-service,2,10,cpu:
2026-09-19T18:02:34+00:00,exam-service,2,10,cpu:
2026-09-19T18:02:34+00:00,history-service,2,10,cpu:
2026-09-19T18:02:34+00:00,lab-service,2,10,cpu:
2026-09-19T18:02:34+00:00,notification-service,2,10,cpu:
2026-09-19T18:02:34+00:00,patient-service,2,10,cpu:
2026-09-19T18:02:34+00:00,result-service,2,10,cpu:
2026-09-19T18:02:34+00:00,triage-service,2,10,cpu:
2026-09-19T18:02:42+00:00,audit-service,2,10,cpu:
2026-09-19T18:02:42+00:00,auth-service,2,10,cpu:
2026-09-19T18:02:42+00:00,consent-service,2,10,cpu:
2026-09-19T18:02:42+00:00,exam-service,2,10,cpu:
2026-09-19T18:02:42+00:00,history-service,2,10,cpu:
2026-09-19T18:02:42+00:00,lab-service,2,10,cpu:
2026-09-19T18:02:42+00:00,notification-service,2,10,cpu:
2026-09-19T18:02:42+00:00,patient-service,2,10,cpu:
2026-09-19T18:02:42+00:00,result-service,2,10,cpu:
2026-09-19T18:02:42+00:00,triage-service,2,10,cpu:
2026-09-19T18:02:47+00:00,audit-service,2,10,cpu:
2026-09-19T18:02:47+00:00,auth-service,2,10,cpu:
2026-09-19T18:02:47+00:00,consent-service,2,10,cpu:
2026-09-19T18:02:47+00:00,exam-service,2,10,cpu:
2026-09-19T18:02:47+00:00,history-service,2,10,cpu:
2026-09-19T18:02:47+00:00,lab-service,2,10,cpu:
2026-09-19T18:02:47+00:00,notification-service,2,10,cpu:
2026-09-19T18:02:47+00:00,patient-service,2,10,cpu:
2026-09-19T18:02:47+00:00,result-service,2,10,cpu:
2026-09-19T18:02:47+00:00,triage-service,2,10,cpu:
2026-09-19T18:02:53+00:00,audit-service,2,10,cpu:
2026-09-19T18:02:53+00:00,auth-service,2,10,cpu:
2026-09-19T18:02:53+00:00,consent-service,2,10,cpu:
2026-09-19T18:02:53+00:00,exam-service,2,10,cpu:
2026-09-19T18:02:53+00:00,history-service,2,10,cpu:
2026-09-19T18:02:53+00:00,lab-service,2,10,cpu:
2026-09-19T18:02:53+00:00,notification-service,2,10,cpu:
2026-09-19T18:02:53+00:00,patient-service,2,10,cpu:
2026-09-19T18:02:53+00:00,result-service,2,10,cpu:
2026-09-19T18:02:53+00:00,triage-service,2,10,cpu:
2026-09-19T18:03:01+00:00,audit-service,2,10,cpu:
2026-09-19T18:03:01+00:00,auth-service,2,10,cpu:
2026-09-19T18:03:01+00:00,consent-service,2,10,cpu:
2026-09-19T18:03:01+00:00,exam-service,2,10,cpu:
2026-09-19T18:03:01+00:00,history-service,2,10,cpu:
2026-09-19T18:03:01+00:00,lab-service,2,10,cpu:
2026-09-19T18:03:01+00:00,notification-service,2,10,cpu:
2026-09-19T18:03:01+00:00,patient-service,2,10,cpu:
2026-09-19T18:03:01+00:00,result-service,2,10,cpu:
2026-09-19T18:03:01+00:00,triage-service,2,10,cpu:
2026-09-19T18:03:07+00:00,audit-service,2,10,cpu:
2026-09-19T18:03:07+00:00,auth-service,2,10,cpu:
2026-09-19T18:03:07+00:00,consent-service,2,10,cpu:
2026-09-19T18:03:07+00:00,exam-service,2,10,cpu:
2026-09-19T18:03:07+00:00,history-service,2,10,cpu:
2026-09-19T18:03:07+00:00,lab-service,2,10,cpu:
2026-09-19T18:03:07+00:00,notification-service,2,10,cpu:
2026-09-19T18:03:07+00:00,patient-service,2,10,cpu:
2026-09-19T18:03:07+00:00,result-service,2,10,cpu:
2026-09-19T18:03:07+00:00,triage-service,2,10,cpu:
2026-09-19T18:03:13+00:00,audit-service,2,10,cpu:
2026-09-19T18:03:13+00:00,auth-service,2,10,cpu:
2026-09-19T18:03:13+00:00,consent-service,2,10,cpu:
2026-09-19T18:03:13+00:00,exam-service,2,10,cpu:
2026-09-19T18:03:13+00:00,history-service,2,10,cpu:
2026-09-19T18:03:13+00:00,lab-service,2,10,cpu:
2026-09-19T18:03:13+00:00,notification-service,2,10,cpu:
2026-09-19T18:03:13+00:00,patient-service,2,10,cpu:
2026-09-19T18:03:13+00:00,result-service,2,10,cpu:
2026-09-19T18:03:13+00:00,triage-service,2,10,cpu:
2026-09-19T18:03:21+00:00,audit-service,2,10,cpu:
2026-09-19T18:03:21+00:00,auth-service,2,10,cpu:
2026-09-19T18:03:21+00:00,consent-service,2,10,cpu:
2026-09-19T18:03:21+00:00,exam-service,2,10,cpu:
2026-09-19T18:03:21+00:00,history-service,2,10,cpu:
2026-09-19T18:03:21+00:00,lab-service,2,10,cpu:
2026-09-19T18:03:21+00:00,notification-service,2,10,cpu:
2026-09-19T18:03:21+00:00,patient-service,2,10,cpu:
2026-09-19T18:03:21+00:00,result-service,2,10,cpu:
2026-09-19T18:03:21+00:00,triage-service,2,10,cpu:
2026-09-19T18:03:26+00:00,audit-service,2,10,cpu:
2026-09-19T18:03:26+00:00,auth-service,2,10,cpu:
2026-09-19T18:03:26+00:00,consent-service,2,10,cpu:
2026-09-19T18:03:26+00:00,exam-service,2,10,cpu:
2026-09-19T18:03:26+00:00,history-service,2,10,cpu:
2026-09-19T18:03:26+00:00,lab-service,2,10,cpu:
2026-09-19T18:03:26+00:00,notification-service,2,10,cpu:
2026-09-19T18:03:26+00:00,patient-service,2,10,cpu:
2026-09-19T18:03:26+00:00,result-service,2,10,cpu:
2026-09-19T18:03:26+00:00,triage-service,2,10,cpu:
2026-09-19T18:03:32+00:00,audit-service,2,10,cpu:
2026-09-19T18:03:32+00:00,auth-service,2,10,cpu:
2026-09-19T18:03:32+00:00,consent-service,2,10,cpu:
2026-09-19T18:03:32+00:00,exam-service,2,10,cpu:
2026-09-19T18:03:32+00:00,history-service,2,10,cpu:
2026-09-19T18:03:32+00:00,lab-service,2,10,cpu:
2026-09-19T18:03:32+00:00,notification-service,2,10,cpu:
2026-09-19T18:03:32+00:00,patient-service,2,10,cpu:
2026-09-19T18:03:32+00:00,result-service,2,10,cpu:
2026-09-19T18:03:32+00:00,triage-service,2,10,cpu:
2026-09-19T18:03:40+00:00,audit-service,2,10,cpu:
2026-09-19T18:03:40+00:00,auth-service,2,10,cpu:
2026-09-19T18:03:40+00:00,consent-service,2,10,cpu:
2026-09-19T18:03:40+00:00,exam-service,2,10,cpu:
2026-09-19T18:03:40+00:00,history-service,2,10,cpu:
2026-09-19T18:03:40+00:00,lab-service,2,10,cpu:
2026-09-19T18:03:40+00:00,notification-service,2,10,cpu:
2026-09-19T18:03:40+00:00,patient-service,2,10,cpu:
2026-09-19T18:03:40+00:00,result-service,2,10,cpu:
2026-09-19T18:03:40+00:00,triage-service,2,10,cpu:
2026-09-19T18:03:46+00:00,audit-service,2,10,cpu:
2026-09-19T18:03:46+00:00,auth-service,2,10,cpu:
2026-09-19T18:03:46+00:00,consent-service,2,10,cpu:
2026-09-19T18:03:46+00:00,exam-service,2,10,cpu:
2026-09-19T18:03:46+00:00,history-service,2,10,cpu:
2026-09-19T18:03:46+00:00,lab-service,2,10,cpu:
2026-09-19T18:03:46+00:00,notification-service,2,10,cpu:
2026-09-19T18:03:46+00:00,patient-service,2,10,cpu:
2026-09-19T18:03:46+00:00,result-service,2,10,cpu:
2026-09-19T18:03:46+00:00,triage-service,2,10,cpu:
2026-09-19T18:03:52+00:00,audit-service,2,10,cpu:
2026-09-19T18:03:52+00:00,auth-service,2,10,cpu:
2026-09-19T18:03:52+00:00,consent-service,2,10,cpu:
2026-09-19T18:03:52+00:00,exam-service,2,10,cpu:
2026-09-19T18:03:52+00:00,history-service,2,10,cpu:
2026-09-19T18:03:52+00:00,lab-service,2,10,cpu:
2026-09-19T18:03:52+00:00,notification-service,2,10,cpu:
2026-09-19T18:03:52+00:00,patient-service,2,10,cpu:
2026-09-19T18:03:52+00:00,result-service,2,10,cpu:
2026-09-19T18:03:52+00:00,triage-service,2,10,cpu:
2026-09-19T18:03:59+00:00,audit-service,2,10,cpu:
2026-09-19T18:03:59+00:00,auth-service,2,10,cpu:
2026-09-19T18:03:59+00:00,consent-service,2,10,cpu:
2026-09-19T18:03:59+00:00,exam-service,2,10,cpu:
2026-09-19T18:03:59+00:00,history-service,2,10,cpu:
2026-09-19T18:03:59+00:00,lab-service,2,10,cpu:
2026-09-19T18:03:59+00:00,notification-service,2,10,cpu:
2026-09-19T18:03:59+00:00,patient-service,2,10,cpu:
2026-09-19T18:03:59+00:00,result-service,2,10,cpu:
2026-09-19T18:03:59+00:00,triage-service,2,10,cpu:
2026-09-19T18:04:05+00:00,audit-service,2,10,cpu:
2026-09-19T18:04:05+00:00,auth-service,2,10,cpu:
2026-09-19T18:04:05+00:00,consent-service,2,10,cpu:
2026-09-19T18:04:05+00:00,exam-service,2,10,cpu:
2026-09-19T18:04:05+00:00,history-service,2,10,cpu:
2026-09-19T18:04:05+00:00,lab-service,2,10,cpu:
2026-09-19T18:04:05+00:00,notification-service,2,10,cpu:
2026-09-19T18:04:05+00:00,patient-service,2,10,cpu:
2026-09-19T18:04:05+00:00,result-service,2,10,cpu:
2026-09-19T18:04:05+00:00,triage-service,2,10,cpu:
2026-09-19T18:04:11+00:00,audit-service,2,10,cpu:
2026-09-19T18:04:11+00:00,auth-service,2,10,cpu:
2026-09-19T18:04:11+00:00,consent-service,2,10,cpu:
2026-09-19T18:04:11+00:00,exam-service,2,10,cpu:
2026-09-19T18:04:11+00:00,history-service,2,10,cpu:
2026-09-19T18:04:11+00:00,lab-service,2,10,cpu:
2026-09-19T18:04:11+00:00,notification-service,2,10,cpu:
2026-09-19T18:04:11+00:00,patient-service,2,10,cpu:
2026-09-19T18:04:11+00:00,result-service,2,10,cpu:
2026-09-19T18:04:11+00:00,triage-service,2,10,cpu:
2026-09-19T18:04:19+00:00,audit-service,2,10,cpu:
2026-09-19T18:04:19+00:00,auth-service,2,10,cpu:
2026-09-19T18:04:19+00:00,consent-service,2,10,cpu:
2026-09-19T18:04:19+00:00,exam-service,2,10,cpu:
2026-09-19T18:04:19+00:00,history-service,2,10,cpu:
2026-09-19T18:04:19+00:00,lab-service,2,10,cpu:
2026-09-19T18:04:19+00:00,notification-service,2,10,cpu:
2026-09-19T18:04:19+00:00,patient-service,2,10,cpu:
2026-09-19T18:04:19+00:00,result-service,2,10,cpu:
2026-09-19T18:04:19+00:00,triage-service,2,10,cpu:
2026-09-19T18:04:26+00:00,audit-service,2,10,cpu:
2026-09-19T18:04:26+00:00,auth-service,2,10,cpu:
2026-09-19T18:04:26+00:00,consent-service,2,10,cpu:
2026-09-19T18:04:26+00:00,exam-service,2,10,cpu:
2026-09-19T18:04:26+00:00,history-service,2,10,cpu:
2026-09-19T18:04:26+00:00,lab-service,2,10,cpu:
2026-09-19T18:04:26+00:00,notification-service,2,10,cpu:
2026-09-19T18:04:26+00:00,patient-service,2,10,cpu:
2026-09-19T18:04:26+00:00,result-service,2,10,cpu:
2026-09-19T18:04:26+00:00,triage-service,2,10,cpu:
2026-09-19T18:04:31+00:00,audit-service,2,10,cpu:
2026-09-19T18:04:31+00:00,auth-service,2,10,cpu:
2026-09-19T18:04:31+00:00,consent-service,2,10,cpu:
2026-09-19T18:04:31+00:00,exam-service,2,10,cpu:
2026-09-19T18:04:31+00:00,history-service,2,10,cpu:
2026-09-19T18:04:31+00:00,lab-service,2,10,cpu:
2026-09-19T18:04:31+00:00,notification-service,2,10,cpu:
2026-09-19T18:04:31+00:00,patient-service,2,10,cpu:
2026-09-19T18:04:31+00:00,result-service,2,10,cpu:
2026-09-19T18:04:31+00:00,triage-service,2,10,cpu:
2026-09-19T18:04:39+00:00,audit-service,2,10,cpu:
2026-09-19T18:04:39+00:00,auth-service,2,10,cpu:
2026-09-19T18:04:39+00:00,consent-service,2,10,cpu:
2026-09-19T18:04:39+00:00,exam-service,2,10,cpu:
2026-09-19T18:04:39+00:00,history-service,2,10,cpu:
2026-09-19T18:04:39+00:00,lab-service,2,10,cpu:
2026-09-19T18:04:39+00:00,notification-service,2,10,cpu:
2026-09-19T18:04:39+00:00,patient-service,2,10,cpu:
2026-09-19T18:04:39+00:00,result-service,2,10,cpu:
2026-09-19T18:04:39+00:00,triage-service,2,10,cpu:
2026-09-19T18:04:46+00:00,audit-service,2,10,cpu:
2026-09-19T18:04:46+00:00,auth-service,2,10,cpu:
2026-09-19T18:04:46+00:00,consent-service,2,10,cpu:
2026-09-19T18:04:46+00:00,exam-service,2,10,cpu:
2026-09-19T18:04:46+00:00,history-service,2,10,cpu:
2026-09-19T18:04:46+00:00,lab-service,2,10,cpu:
2026-09-19T18:04:46+00:00,notification-service,2,10,cpu:
2026-09-19T18:04:46+00:00,patient-service,2,10,cpu:
2026-09-19T18:04:46+00:00,result-service,2,10,cpu:
2026-09-19T18:04:46+00:00,triage-service,2,10,cpu:
2026-09-19T18:04:52+00:00,audit-service,2,10,cpu:
2026-09-19T18:04:52+00:00,auth-service,2,10,cpu:
2026-09-19T18:04:52+00:00,consent-service,2,10,cpu:
2026-09-19T18:04:52+00:00,exam-service,2,10,cpu:
2026-09-19T18:04:52+00:00,history-service,2,10,cpu:
2026-09-19T18:04:52+00:00,lab-service,2,10,cpu:
2026-09-19T18:04:52+00:00,notification-service,2,10,cpu:
2026-09-19T18:04:52+00:00,patient-service,2,10,cpu:
2026-09-19T18:04:52+00:00,result-service,2,10,cpu:
2026-09-19T18:04:52+00:00,triage-service,2,10,cpu:
2026-09-19T18:04:59+00:00,audit-service,2,10,cpu:
2026-09-19T18:04:59+00:00,auth-service,2,10,cpu:
2026-09-19T18:04:59+00:00,consent-service,2,10,cpu:
2026-09-19T18:04:59+00:00,exam-service,2,10,cpu:
2026-09-19T18:04:59+00:00,history-service,2,10,cpu:
2026-09-19T18:04:59+00:00,lab-service,2,10,cpu:
2026-09-19T18:04:59+00:00,notification-service,2,10,cpu:
2026-09-19T18:04:59+00:00,patient-service,2,10,cpu:
2026-09-19T18:04:59+00:00,result-service,2,10,cpu:
2026-09-19T18:04:59+00:00,triage-service,2,10,cpu:
2026-09-19T18:05:04+00:00,audit-service,2,10,cpu:
2026-09-19T18:05:04+00:00,auth-service,2,10,cpu:
2026-09-19T18:05:04+00:00,consent-service,2,10,cpu:
2026-09-19T18:05:04+00:00,exam-service,2,10,cpu:
2026-09-19T18:05:04+00:00,history-service,2,10,cpu:
2026-09-19T18:05:04+00:00,lab-service,2,10,cpu:
2026-09-19T18:05:04+00:00,notification-service,2,10,cpu:
2026-09-19T18:05:04+00:00,patient-service,2,10,cpu:
2026-09-19T18:05:04+00:00,result-service,2,10,cpu:
2026-09-19T18:05:04+00:00,triage-service,2,10,cpu:
2026-09-19T18:05:10+00:00,audit-service,2,10,cpu:
2026-09-19T18:05:10+00:00,auth-service,2,10,cpu:
2026-09-19T18:05:10+00:00,consent-service,2,10,cpu:
2026-09-19T18:05:10+00:00,exam-service,2,10,cpu:
2026-09-19T18:05:10+00:00,history-service,2,10,cpu:
2026-09-19T18:05:10+00:00,lab-service,2,10,cpu:
2026-09-19T18:05:10+00:00,notification-service,2,10,cpu:
2026-09-19T18:05:10+00:00,patient-service,2,10,cpu:
2026-09-19T18:05:10+00:00,result-service,2,10,cpu:
2026-09-19T18:05:10+00:00,triage-service,2,10,cpu:
2026-09-19T18:05:18+00:00,audit-service,2,10,cpu:
2026-09-19T18:05:18+00:00,auth-service,2,10,cpu:
2026-09-19T18:05:18+00:00,consent-service,2,10,cpu:
2026-09-19T18:05:18+00:00,exam-service,2,10,cpu:
2026-09-19T18:05:18+00:00,history-service,2,10,cpu:
2026-09-19T18:05:18+00:00,lab-service,2,10,cpu:
2026-09-19T18:05:18+00:00,notification-service,2,10,cpu:
2026-09-19T18:05:18+00:00,patient-service,2,10,cpu:
2026-09-19T18:05:18+00:00,result-service,2,10,cpu:
2026-09-19T18:05:18+00:00,triage-service,2,10,cpu:
2026-09-19T18:05:24+00:00,audit-service,2,10,cpu:
2026-09-19T18:05:24+00:00,auth-service,2,10,cpu:
2026-09-19T18:05:24+00:00,consent-service,2,10,cpu:
2026-09-19T18:05:24+00:00,exam-service,2,10,cpu:
2026-09-19T18:05:24+00:00,history-service,2,10,cpu:
2026-09-19T18:05:24+00:00,lab-service,2,10,cpu:
2026-09-19T18:05:24+00:00,notification-service,2,10,cpu:
2026-09-19T18:05:24+00:00,patient-service,2,10,cpu:
2026-09-19T18:05:24+00:00,result-service,2,10,cpu:
2026-09-19T18:05:24+00:00,triage-service,2,10,cpu:
2026-09-19T18:05:29+00:00,audit-service,2,10,cpu:
2026-09-19T18:05:29+00:00,auth-service,2,10,cpu:
2026-09-19T18:05:29+00:00,consent-service,2,10,cpu:
2026-09-19T18:05:29+00:00,exam-service,2,10,cpu:
2026-09-19T18:05:29+00:00,history-service,2,10,cpu:
2026-09-19T18:05:29+00:00,lab-service,2,10,cpu:
2026-09-19T18:05:29+00:00,notification-service,2,10,cpu:
2026-09-19T18:05:29+00:00,patient-service,2,10,cpu:
2026-09-19T18:05:29+00:00,result-service,2,10,cpu:
2026-09-19T18:05:29+00:00,triage-service,2,10,cpu:
2026-09-19T18:05:37+00:00,audit-service,2,10,cpu:
2026-09-19T18:05:37+00:00,auth-service,2,10,cpu:
2026-09-19T18:05:37+00:00,consent-service,2,10,cpu:
2026-09-19T18:05:37+00:00,exam-service,2,10,cpu:
2026-09-19T18:05:37+00:00,history-service,2,10,cpu:
2026-09-19T18:05:37+00:00,lab-service,2,10,cpu:
2026-09-19T18:05:37+00:00,notification-service,2,10,cpu:
2026-09-19T18:05:37+00:00,patient-service,2,10,cpu:
2026-09-19T18:05:37+00:00,result-service,2,10,cpu:
2026-09-19T18:05:37+00:00,triage-service,2,10,cpu:
2026-09-19T18:05:43+00:00,audit-service,2,10,cpu:
2026-09-19T18:05:43+00:00,auth-service,2,10,cpu:
2026-09-19T18:05:43+00:00,consent-service,2,10,cpu:
2026-09-19T18:05:43+00:00,exam-service,2,10,cpu:
2026-09-19T18:05:43+00:00,history-service,2,10,cpu:
2026-09-19T18:05:43+00:00,lab-service,2,10,cpu:
2026-09-19T18:05:43+00:00,notification-service,2,10,cpu:
2026-09-19T18:05:43+00:00,patient-service,2,10,cpu:
2026-09-19T18:05:43+00:00,result-service,2,10,cpu:
2026-09-19T18:05:43+00:00,triage-service,2,10,cpu:
2026-09-19T18:05:48+00:00,audit-service,2,10,cpu:
2026-09-19T18:05:48+00:00,auth-service,2,10,cpu:
2026-09-19T18:05:48+00:00,consent-service,2,10,cpu:
2026-09-19T18:05:48+00:00,exam-service,2,10,cpu:
2026-09-19T18:05:48+00:00,history-service,2,10,cpu:
2026-09-19T18:05:48+00:00,lab-service,2,10,cpu:
2026-09-19T18:05:48+00:00,notification-service,2,10,cpu:
2026-09-19T18:05:48+00:00,patient-service,2,10,cpu:
2026-09-19T18:05:48+00:00,result-service,2,10,cpu:
2026-09-19T18:05:48+00:00,triage-service,2,10,cpu:
2026-09-19T18:05:57+00:00,audit-service,2,10,cpu:
2026-09-19T18:05:57+00:00,auth-service,2,10,cpu:
2026-09-19T18:05:57+00:00,consent-service,2,10,cpu:
2026-09-19T18:05:57+00:00,exam-service,2,10,cpu:
2026-09-19T18:05:57+00:00,history-service,2,10,cpu:
2026-09-19T18:05:57+00:00,lab-service,2,10,cpu:
2026-09-19T18:05:57+00:00,notification-service,2,10,cpu:
2026-09-19T18:05:57+00:00,patient-service,2,10,cpu:
2026-09-19T18:05:57+00:00,result-service,2,10,cpu:
2026-09-19T18:05:57+00:00,triage-service,2,10,cpu:
2026-09-19T18:06:03+00:00,audit-service,2,10,cpu:
2026-09-19T18:06:03+00:00,auth-service,2,10,cpu:
2026-09-19T18:06:03+00:00,consent-service,2,10,cpu:
2026-09-19T18:06:03+00:00,exam-service,2,10,cpu:
2026-09-19T18:06:03+00:00,history-service,2,10,cpu:
2026-09-19T18:06:03+00:00,lab-service,2,10,cpu:
2026-09-19T18:06:03+00:00,notification-service,2,10,cpu:
2026-09-19T18:06:03+00:00,patient-service,2,10,cpu:
2026-09-19T18:06:03+00:00,result-service,2,10,cpu:
2026-09-19T18:06:03+00:00,triage-service,2,10,cpu:
2026-09-19T18:06:09+00:00,audit-service,2,10,cpu:
2026-09-19T18:06:09+00:00,auth-service,2,10,cpu:
2026-09-19T18:06:09+00:00,consent-service,2,10,cpu:
2026-09-19T18:06:09+00:00,exam-service,2,10,cpu:
2026-09-19T18:06:09+00:00,history-service,2,10,cpu:
2026-09-19T18:06:09+00:00,lab-service,2,10,cpu:
2026-09-19T18:06:09+00:00,notification-service,2,10,cpu:
2026-09-19T18:06:09+00:00,patient-service,2,10,cpu:
2026-09-19T18:06:09+00:00,result-service,2,10,cpu:
2026-09-19T18:06:09+00:00,triage-service,2,10,cpu:
2026-09-19T18:06:17+00:00,audit-service,2,10,cpu:
2026-09-19T18:06:17+00:00,auth-service,2,10,cpu:
2026-09-19T18:06:17+00:00,consent-service,2,10,cpu:
2026-09-19T18:06:17+00:00,exam-service,2,10,cpu:
2026-09-19T18:06:17+00:00,history-service,2,10,cpu:
2026-09-19T18:06:17+00:00,lab-service,2,10,cpu:
2026-09-19T18:06:17+00:00,notification-service,2,10,cpu:
2026-09-19T18:06:17+00:00,patient-service,2,10,cpu:
2026-09-19T18:06:17+00:00,result-service,2,10,cpu:
2026-09-19T18:06:17+00:00,triage-service,2,10,cpu:
2026-09-19T18:06:23+00:00,audit-service,2,10,cpu:
2026-09-19T18:06:23+00:00,auth-service,2,10,cpu:
2026-09-19T18:06:23+00:00,consent-service,2,10,cpu:
2026-09-19T18:06:23+00:00,exam-service,2,10,cpu:
2026-09-19T18:06:23+00:00,history-service,2,10,cpu:
2026-09-19T18:06:23+00:00,lab-service,2,10,cpu:
2026-09-19T18:06:23+00:00,notification-service,2,10,cpu:
2026-09-19T18:06:23+00:00,patient-service,2,10,cpu:
2026-09-19T18:06:23+00:00,result-service,2,10,cpu:
2026-09-19T18:06:23+00:00,triage-service,2,10,cpu:
2026-09-19T18:06:29+00:00,audit-service,2,10,cpu:
2026-09-19T18:06:29+00:00,auth-service,2,10,cpu:
2026-09-19T18:06:29+00:00,consent-service,2,10,cpu:
2026-09-19T18:06:29+00:00,exam-service,2,10,cpu:
2026-09-19T18:06:29+00:00,history-service,2,10,cpu:
2026-09-19T18:06:29+00:00,lab-service,2,10,cpu:
2026-09-19T18:06:29+00:00,notification-service,2,10,cpu:
2026-09-19T18:06:29+00:00,patient-service,2,10,cpu:
2026-09-19T18:06:29+00:00,result-service,2,10,cpu:
2026-09-19T18:06:29+00:00,triage-service,2,10,cpu:
2026-09-19T18:06:37+00:00,audit-service,2,10,cpu:
2026-09-19T18:06:37+00:00,auth-service,2,10,cpu:
2026-09-19T18:06:37+00:00,consent-service,2,10,cpu:
2026-09-19T18:06:37+00:00,exam-service,2,10,cpu:
2026-09-19T18:06:37+00:00,history-service,2,10,cpu:
2026-09-19T18:06:37+00:00,lab-service,2,10,cpu:
2026-09-19T18:06:37+00:00,notification-service,2,10,cpu:
2026-09-19T18:06:37+00:00,patient-service,2,10,cpu:
2026-09-19T18:06:37+00:00,result-service,2,10,cpu:
2026-09-19T18:06:37+00:00,triage-service,2,10,cpu:
2026-09-19T18:06:44+00:00,audit-service,2,10,cpu:
2026-09-19T18:06:44+00:00,auth-service,2,10,cpu:
2026-09-19T18:06:44+00:00,consent-service,2,10,cpu:
2026-09-19T18:06:44+00:00,exam-service,2,10,cpu:
2026-09-19T18:06:44+00:00,history-service,2,10,cpu:
2026-09-19T18:06:44+00:00,lab-service,2,10,cpu:
2026-09-19T18:06:44+00:00,notification-service,2,10,cpu:
2026-09-19T18:06:44+00:00,patient-service,2,10,cpu:
2026-09-19T18:06:44+00:00,result-service,2,10,cpu:
2026-09-19T18:06:44+00:00,triage-service,2,10,cpu:
2026-09-19T18:06:49+00:00,audit-service,2,10,cpu:
2026-09-19T18:06:49+00:00,auth-service,2,10,cpu:
2026-09-19T18:06:49+00:00,consent-service,2,10,cpu:
2026-09-19T18:06:49+00:00,exam-service,2,10,cpu:
2026-09-19T18:06:49+00:00,history-service,2,10,cpu:
2026-09-19T18:06:49+00:00,lab-service,2,10,cpu:
2026-09-19T18:06:49+00:00,notification-service,2,10,cpu:
2026-09-19T18:06:49+00:00,patient-service,2,10,cpu:
2026-09-19T18:06:49+00:00,result-service,2,10,cpu:
2026-09-19T18:06:49+00:00,triage-service,2,10,cpu:
2026-09-19T18:06:57+00:00,audit-service,2,10,cpu:
2026-09-19T18:06:57+00:00,auth-service,2,10,cpu:
2026-09-19T18:06:57+00:00,consent-service,2,10,cpu:
2026-09-19T18:06:57+00:00,exam-service,2,10,cpu:
2026-09-19T18:06:57+00:00,history-service,2,10,cpu:
2026-09-19T18:06:57+00:00,lab-service,2,10,cpu:
2026-09-19T18:06:57+00:00,notification-service,2,10,cpu:
2026-09-19T18:06:57+00:00,patient-service,2,10,cpu:
2026-09-19T18:06:57+00:00,result-service,2,10,cpu:
2026-09-19T18:06:57+00:00,triage-service,2,10,cpu:
2026-09-19T18:07:03+00:00,audit-service,2,10,cpu:
2026-09-19T18:07:03+00:00,auth-service,2,10,cpu:
2026-09-19T18:07:03+00:00,consent-service,2,10,cpu:
2026-09-19T18:07:03+00:00,exam-service,2,10,cpu:
2026-09-19T18:07:03+00:00,history-service,2,10,cpu:
2026-09-19T18:07:03+00:00,lab-service,2,10,cpu:
2026-09-19T18:07:03+00:00,notification-service,2,10,cpu:
2026-09-19T18:07:03+00:00,patient-service,2,10,cpu:
2026-09-19T18:07:03+00:00,result-service,2,10,cpu:
2026-09-19T18:07:03+00:00,triage-service,2,10,cpu:
2026-09-19T18:07:09+00:00,audit-service,2,10,cpu:
2026-09-19T18:07:09+00:00,auth-service,2,10,cpu:
2026-09-19T18:07:09+00:00,consent-service,2,10,cpu:
2026-09-19T18:07:09+00:00,exam-service,2,10,cpu:
2026-09-19T18:07:09+00:00,history-service,2,10,cpu:
2026-09-19T18:07:09+00:00,lab-service,2,10,cpu:
2026-09-19T18:07:09+00:00,notification-service,2,10,cpu:
2026-09-19T18:07:09+00:00,patient-service,2,10,cpu:
2026-09-19T18:07:09+00:00,result-service,2,10,cpu:
2026-09-19T18:07:09+00:00,triage-service,2,10,cpu:
2026-09-19T18:07:17+00:00,audit-service,2,10,cpu:
2026-09-19T18:07:17+00:00,auth-service,2,10,cpu:
2026-09-19T18:07:17+00:00,consent-service,2,10,cpu:
2026-09-19T18:07:17+00:00,exam-service,2,10,cpu:
2026-09-19T18:07:17+00:00,history-service,2,10,cpu:
2026-09-19T18:07:17+00:00,lab-service,2,10,cpu:
2026-09-19T18:07:17+00:00,notification-service,2,10,cpu:
2026-09-19T18:07:17+00:00,patient-service,2,10,cpu:
2026-09-19T18:07:17+00:00,result-service,2,10,cpu:
2026-09-19T18:07:17+00:00,triage-service,2,10,cpu:
2026-09-19T18:07:22+00:00,audit-service,2,10,cpu:
2026-09-19T18:07:22+00:00,auth-service,2,10,cpu:
2026-09-19T18:07:22+00:00,consent-service,2,10,cpu:
2026-09-19T18:07:22+00:00,exam-service,2,10,cpu:
2026-09-19T18:07:22+00:00,history-service,2,10,cpu:
2026-09-19T18:07:22+00:00,lab-service,2,10,cpu:
2026-09-19T18:07:22+00:00,notification-service,2,10,cpu:
2026-09-19T18:07:22+00:00,patient-service,2,10,cpu:
2026-09-19T18:07:22+00:00,result-service,2,10,cpu:
2026-09-19T18:07:22+00:00,triage-service,2,10,cpu:
2026-09-19T18:07:29+00:00,audit-service,2,10,cpu:
2026-09-19T18:07:29+00:00,auth-service,2,10,cpu:
2026-09-19T18:07:29+00:00,consent-service,2,10,cpu:
2026-09-19T18:07:29+00:00,exam-service,2,10,cpu:
2026-09-19T18:07:29+00:00,history-service,2,10,cpu:
2026-09-19T18:07:29+00:00,lab-service,2,10,cpu:
2026-09-19T18:07:29+00:00,notification-service,2,10,cpu:
2026-09-19T18:07:29+00:00,patient-service,2,10,cpu:
2026-09-19T18:07:29+00:00,result-service,2,10,cpu:
2026-09-19T18:07:29+00:00,triage-service,2,10,cpu:
2026-09-19T18:07:37+00:00,audit-service,2,10,cpu:
2026-09-19T18:07:37+00:00,auth-service,2,10,cpu:
2026-09-19T18:07:37+00:00,consent-service,2,10,cpu:
2026-09-19T18:07:37+00:00,exam-service,2,10,cpu:
2026-09-19T18:07:37+00:00,history-service,2,10,cpu:
2026-09-19T18:07:37+00:00,lab-service,2,10,cpu:
2026-09-19T18:07:37+00:00,notification-service,2,10,cpu:
2026-09-19T18:07:37+00:00,patient-service,2,10,cpu:
2026-09-19T18:07:37+00:00,result-service,2,10,cpu:
2026-09-19T18:07:37+00:00,triage-service,2,10,cpu:
2026-09-19T18:07:44+00:00,audit-service,2,10,cpu:
2026-09-19T18:07:44+00:00,auth-service,2,10,cpu:
2026-09-19T18:07:44+00:00,consent-service,2,10,cpu:
2026-09-19T18:07:44+00:00,exam-service,2,10,cpu:
2026-09-19T18:07:44+00:00,history-service,2,10,cpu:
2026-09-19T18:07:44+00:00,lab-service,2,10,cpu:
2026-09-19T18:07:44+00:00,notification-service,2,10,cpu:
2026-09-19T18:07:44+00:00,patient-service,2,10,cpu:
2026-09-19T18:07:44+00:00,result-service,2,10,cpu:
2026-09-19T18:07:44+00:00,triage-service,2,10,cpu:
2026-09-19T18:07:51+00:00,audit-service,2,10,cpu:
2026-09-19T18:07:51+00:00,auth-service,2,10,cpu:
2026-09-19T18:07:51+00:00,consent-service,2,10,cpu:
2026-09-19T18:07:51+00:00,exam-service,2,10,cpu:
2026-09-19T18:07:51+00:00,history-service,2,10,cpu:
2026-09-19T18:07:51+00:00,lab-service,2,10,cpu:
2026-09-19T18:07:51+00:00,notification-service,2,10,cpu:
2026-09-19T18:07:51+00:00,patient-service,2,10,cpu:
2026-09-19T18:07:51+00:00,result-service,2,10,cpu:
2026-09-19T18:07:51+00:00,triage-service,2,10,cpu:
2026-09-19T18:07:59+00:00,audit-service,2,10,cpu:
2026-09-19T18:07:59+00:00,auth-service,2,10,cpu:
2026-09-19T18:07:59+00:00,consent-service,2,10,cpu:
2026-09-19T18:07:59+00:00,exam-service,2,10,cpu:
2026-09-19T18:07:59+00:00,history-service,2,10,cpu:
2026-09-19T18:07:59+00:00,lab-service,2,10,cpu:
2026-09-19T18:07:59+00:00,notification-service,2,10,cpu:
2026-09-19T18:07:59+00:00,patient-service,2,10,cpu:
2026-09-19T18:07:59+00:00,result-service,2,10,cpu:
2026-09-19T18:07:59+00:00,triage-service,2,10,cpu:
2026-09-19T18:08:05+00:00,audit-service,2,10,cpu:
2026-09-19T18:08:05+00:00,auth-service,2,10,cpu:
2026-09-19T18:08:05+00:00,consent-service,2,10,cpu:
2026-09-19T18:08:05+00:00,exam-service,2,10,cpu:
2026-09-19T18:08:05+00:00,history-service,2,10,cpu:
2026-09-19T18:08:05+00:00,lab-service,2,10,cpu:
2026-09-19T18:08:05+00:00,notification-service,2,10,cpu:
2026-09-19T18:08:05+00:00,patient-service,2,10,cpu:
2026-09-19T18:08:05+00:00,result-service,2,10,cpu:
2026-09-19T18:08:05+00:00,triage-service,2,10,cpu:
2026-09-19T18:08:12+00:00,audit-service,2,10,cpu:
2026-09-19T18:08:12+00:00,auth-service,2,10,cpu:
2026-09-19T18:08:12+00:00,consent-service,2,10,cpu:
2026-09-19T18:08:12+00:00,exam-service,2,10,cpu:
2026-09-19T18:08:12+00:00,history-service,2,10,cpu:
2026-09-19T18:08:12+00:00,lab-service,2,10,cpu:
2026-09-19T18:08:12+00:00,notification-service,2,10,cpu:
2026-09-19T18:08:12+00:00,patient-service,2,10,cpu:
2026-09-19T18:08:12+00:00,result-service,2,10,cpu:
2026-09-19T18:08:12+00:00,triage-service,2,10,cpu:
2026-09-19T18:08:20+00:00,audit-service,2,10,cpu:
2026-09-19T18:08:20+00:00,auth-service,2,10,cpu:
2026-09-19T18:08:20+00:00,consent-service,2,10,cpu:
2026-09-19T18:08:20+00:00,exam-service,2,10,cpu:
2026-09-19T18:08:20+00:00,history-service,2,10,cpu:
2026-09-19T18:08:20+00:00,lab-service,2,10,cpu:
2026-09-19T18:08:20+00:00,notification-service,2,10,cpu:
2026-09-19T18:08:20+00:00,patient-service,2,10,cpu:
2026-09-19T18:08:20+00:00,result-service,2,10,cpu:
2026-09-19T18:08:20+00:00,triage-service,2,10,cpu:
2026-09-19T18:08:26+00:00,audit-service,2,10,cpu:
2026-09-19T18:08:26+00:00,auth-service,2,10,cpu:
2026-09-19T18:08:26+00:00,consent-service,2,10,cpu:
2026-09-19T18:08:26+00:00,exam-service,2,10,cpu:
2026-09-19T18:08:26+00:00,history-service,2,10,cpu:
2026-09-19T18:08:26+00:00,lab-service,2,10,cpu:
2026-09-19T18:08:26+00:00,notification-service,2,10,cpu:
2026-09-19T18:08:26+00:00,patient-service,2,10,cpu:
2026-09-19T18:08:26+00:00,result-service,2,10,cpu:
2026-09-19T18:08:26+00:00,triage-service,2,10,cpu:
2026-09-19T18:08:33+00:00,audit-service,2,10,cpu:
2026-09-19T18:08:33+00:00,auth-service,2,10,cpu:
2026-09-19T18:08:33+00:00,consent-service,2,10,cpu:
2026-09-19T18:08:33+00:00,exam-service,2,10,cpu:
2026-09-19T18:08:33+00:00,history-service,2,10,cpu:
2026-09-19T18:08:33+00:00,lab-service,2,10,cpu:
2026-09-19T18:08:33+00:00,notification-service,2,10,cpu:
2026-09-19T18:08:33+00:00,patient-service,2,10,cpu:
2026-09-19T18:08:33+00:00,result-service,2,10,cpu:
2026-09-19T18:08:33+00:00,triage-service,2,10,cpu:
2026-09-19T18:08:41+00:00,audit-service,2,10,cpu:
2026-09-19T18:08:41+00:00,auth-service,2,10,cpu:
2026-09-19T18:08:41+00:00,consent-service,2,10,cpu:
2026-09-19T18:08:41+00:00,exam-service,2,10,cpu:
2026-09-19T18:08:41+00:00,history-service,2,10,cpu:
2026-09-19T18:08:41+00:00,lab-service,2,10,cpu:
2026-09-19T18:08:41+00:00,notification-service,2,10,cpu:
2026-09-19T18:08:41+00:00,patient-service,2,10,cpu:
2026-09-19T18:08:41+00:00,result-service,2,10,cpu:
2026-09-19T18:08:41+00:00,triage-service,2,10,cpu:
2026-09-19T18:08:47+00:00,audit-service,2,10,cpu:
2026-09-19T18:08:47+00:00,auth-service,2,10,cpu:
2026-09-19T18:08:47+00:00,consent-service,2,10,cpu:
2026-09-19T18:08:47+00:00,exam-service,2,10,cpu:
2026-09-19T18:08:47+00:00,history-service,2,10,cpu:
2026-09-19T18:08:47+00:00,lab-service,2,10,cpu:
2026-09-19T18:08:47+00:00,notification-service,2,10,cpu:
2026-09-19T18:08:47+00:00,patient-service,2,10,cpu:
2026-09-19T18:08:47+00:00,result-service,2,10,cpu:
2026-09-19T18:08:47+00:00,triage-service,2,10,cpu:
2026-09-19T18:08:52+00:00,audit-service,2,10,cpu:
2026-09-19T18:08:52+00:00,auth-service,2,10,cpu:
2026-09-19T18:08:52+00:00,consent-service,2,10,cpu:
2026-09-19T18:08:52+00:00,exam-service,2,10,cpu:
2026-09-19T18:08:52+00:00,history-service,2,10,cpu:
2026-09-19T18:08:52+00:00,lab-service,2,10,cpu:
2026-09-19T18:08:52+00:00,notification-service,2,10,cpu:
2026-09-19T18:08:52+00:00,patient-service,2,10,cpu:
2026-09-19T18:08:52+00:00,result-service,2,10,cpu:
2026-09-19T18:08:52+00:00,triage-service,2,10,cpu:
2026-09-19T18:09:00+00:00,audit-service,2,10,cpu:
2026-09-19T18:09:00+00:00,auth-service,2,10,cpu:
2026-09-19T18:09:00+00:00,consent-service,2,10,cpu:
2026-09-19T18:09:00+00:00,exam-service,2,10,cpu:
2026-09-19T18:09:00+00:00,history-service,2,10,cpu:
2026-09-19T18:09:00+00:00,lab-service,2,10,cpu:
2026-09-19T18:09:00+00:00,notification-service,2,10,cpu:
2026-09-19T18:09:00+00:00,patient-service,2,10,cpu:
2026-09-19T18:09:00+00:00,result-service,2,10,cpu:
2026-09-19T18:09:00+00:00,triage-service,2,10,cpu:
2026-09-19T18:09:06+00:00,audit-service,2,10,cpu:
2026-09-19T18:09:06+00:00,auth-service,2,10,cpu:
2026-09-19T18:09:06+00:00,consent-service,2,10,cpu:
2026-09-19T18:09:06+00:00,exam-service,2,10,cpu:
2026-09-19T18:09:06+00:00,history-service,2,10,cpu:
2026-09-19T18:09:06+00:00,lab-service,2,10,cpu:
2026-09-19T18:09:06+00:00,notification-service,2,10,cpu:
2026-09-19T18:09:06+00:00,patient-service,2,10,cpu:
2026-09-19T18:09:06+00:00,result-service,2,10,cpu:
2026-09-19T18:09:06+00:00,triage-service,2,10,cpu:
2026-09-19T18:09:12+00:00,audit-service,2,10,cpu:
2026-09-19T18:09:12+00:00,auth-service,2,10,cpu:
2026-09-19T18:09:12+00:00,consent-service,2,10,cpu:
2026-09-19T18:09:12+00:00,exam-service,2,10,cpu:
2026-09-19T18:09:12+00:00,history-service,2,10,cpu:
2026-09-19T18:09:12+00:00,lab-service,2,10,cpu:
2026-09-19T18:09:12+00:00,notification-service,2,10,cpu:
2026-09-19T18:09:12+00:00,patient-service,2,10,cpu:
2026-09-19T18:09:12+00:00,result-service,2,10,cpu:
2026-09-19T18:09:12+00:00,triage-service,2,10,cpu:
2026-09-19T18:09:20+00:00,audit-service,2,10,cpu:
2026-09-19T18:09:20+00:00,auth-service,2,10,cpu:
2026-09-19T18:09:20+00:00,consent-service,2,10,cpu:
2026-09-19T18:09:20+00:00,exam-service,2,10,cpu:
2026-09-19T18:09:20+00:00,history-service,2,10,cpu:
2026-09-19T18:09:20+00:00,lab-service,2,10,cpu:
2026-09-19T18:09:20+00:00,notification-service,2,10,cpu:
2026-09-19T18:09:20+00:00,patient-service,2,10,cpu:
2026-09-19T18:09:20+00:00,result-service,2,10,cpu:
2026-09-19T18:09:20+00:00,triage-service,2,10,cpu:
2026-09-19T18:09:26+00:00,audit-service,2,10,cpu:
2026-09-19T18:09:26+00:00,auth-service,2,10,cpu:
2026-09-19T18:09:26+00:00,consent-service,2,10,cpu:
2026-09-19T18:09:26+00:00,exam-service,2,10,cpu:
2026-09-19T18:09:26+00:00,history-service,2,10,cpu:
2026-09-19T18:09:26+00:00,lab-service,2,10,cpu:
2026-09-19T18:09:26+00:00,notification-service,2,10,cpu:
2026-09-19T18:09:26+00:00,patient-service,2,10,cpu:
2026-09-19T18:09:26+00:00,result-service,2,10,cpu:
2026-09-19T18:09:26+00:00,triage-service,2,10,cpu:
2026-09-19T18:09:32+00:00,audit-service,2,10,cpu:
2026-09-19T18:09:32+00:00,auth-service,2,10,cpu:
2026-09-19T18:09:32+00:00,consent-service,2,10,cpu:
2026-09-19T18:09:32+00:00,exam-service,2,10,cpu:
2026-09-19T18:09:32+00:00,history-service,2,10,cpu:
2026-09-19T18:09:32+00:00,lab-service,2,10,cpu:
2026-09-19T18:09:32+00:00,notification-service,2,10,cpu:
2026-09-19T18:09:32+00:00,patient-service,2,10,cpu:
2026-09-19T18:09:32+00:00,result-service,2,10,cpu:
2026-09-19T18:09:32+00:00,triage-service,2,10,cpu:
2026-09-19T18:09:40+00:00,audit-service,2,10,cpu:
2026-09-19T18:09:40+00:00,auth-service,2,10,cpu:
2026-09-19T18:09:40+00:00,consent-service,2,10,cpu:
2026-09-19T18:09:40+00:00,exam-service,2,10,cpu:
2026-09-19T18:09:40+00:00,history-service,2,10,cpu:
2026-09-19T18:09:40+00:00,lab-service,2,10,cpu:
2026-09-19T18:09:40+00:00,notification-service,2,10,cpu:
2026-09-19T18:09:40+00:00,patient-service,2,10,cpu:
2026-09-19T18:09:40+00:00,result-service,2,10,cpu:
2026-09-19T18:09:40+00:00,triage-service,2,10,cpu:
2026-09-19T18:09:46+00:00,audit-service,2,10,cpu:
2026-09-19T18:09:46+00:00,auth-service,2,10,cpu:
2026-09-19T18:09:46+00:00,consent-service,2,10,cpu:
2026-09-19T18:09:46+00:00,exam-service,2,10,cpu:
2026-09-19T18:09:46+00:00,history-service,2,10,cpu:
2026-09-19T18:09:46+00:00,lab-service,2,10,cpu:
2026-09-19T18:09:46+00:00,notification-service,2,10,cpu:
2026-09-19T18:09:46+00:00,patient-service,2,10,cpu:
2026-09-19T18:09:46+00:00,result-service,2,10,cpu:
2026-09-19T18:09:46+00:00,triage-service,2,10,cpu:
2026-09-19T18:09:52+00:00,audit-service,2,10,cpu:
2026-09-19T18:09:52+00:00,auth-service,2,10,cpu:
2026-09-19T18:09:52+00:00,consent-service,2,10,cpu:
2026-09-19T18:09:52+00:00,exam-service,2,10,cpu:
2026-09-19T18:09:52+00:00,history-service,2,10,cpu:
2026-09-19T18:09:52+00:00,lab-service,2,10,cpu:
2026-09-19T18:09:52+00:00,notification-service,2,10,cpu:
2026-09-19T18:09:52+00:00,patient-service,2,10,cpu:
2026-09-19T18:09:52+00:00,result-service,2,10,cpu:
2026-09-19T18:09:52+00:00,triage-service,2,10,cpu:
2026-09-19T18:10:00+00:00,audit-service,2,10,cpu:
2026-09-19T18:10:00+00:00,auth-service,2,10,cpu:
2026-09-19T18:10:00+00:00,consent-service,2,10,cpu:
2026-09-19T18:10:00+00:00,exam-service,2,10,cpu:
2026-09-19T18:10:00+00:00,history-service,2,10,cpu:
2026-09-19T18:10:00+00:00,lab-service,2,10,cpu:
2026-09-19T18:10:00+00:00,notification-service,2,10,cpu:
2026-09-19T18:10:00+00:00,patient-service,2,10,cpu:
2026-09-19T18:10:00+00:00,result-service,2,10,cpu:
2026-09-19T18:10:00+00:00,triage-service,2,10,cpu:
2026-09-19T18:10:06+00:00,audit-service,2,10,cpu:
2026-09-19T18:10:06+00:00,auth-service,2,10,cpu:
2026-09-19T18:10:06+00:00,consent-service,2,10,cpu:
2026-09-19T18:10:06+00:00,exam-service,2,10,cpu:
2026-09-19T18:10:06+00:00,history-service,2,10,cpu:
2026-09-19T18:10:06+00:00,lab-service,2,10,cpu:
2026-09-19T18:10:06+00:00,notification-service,2,10,cpu:
2026-09-19T18:10:06+00:00,patient-service,2,10,cpu:
2026-09-19T18:10:06+00:00,result-service,2,10,cpu:
2026-09-19T18:10:06+00:00,triage-service,2,10,cpu:
2026-09-19T18:10:12+00:00,audit-service,2,10,cpu:
2026-09-19T18:10:12+00:00,auth-service,2,10,cpu:
2026-09-19T18:10:12+00:00,consent-service,2,10,cpu:
2026-09-19T18:10:12+00:00,exam-service,2,10,cpu:
2026-09-19T18:10:12+00:00,history-service,2,10,cpu:
2026-09-19T18:10:12+00:00,lab-service,2,10,cpu:
2026-09-19T18:10:12+00:00,notification-service,2,10,cpu:
2026-09-19T18:10:12+00:00,patient-service,2,10,cpu:
2026-09-19T18:10:12+00:00,result-service,2,10,cpu:
2026-09-19T18:10:12+00:00,triage-service,2,10,cpu:
2026-09-19T18:10:20+00:00,audit-service,2,10,cpu:
2026-09-19T18:10:20+00:00,auth-service,2,10,cpu:
2026-09-19T18:10:20+00:00,consent-service,2,10,cpu:
2026-09-19T18:10:20+00:00,exam-service,2,10,cpu:
2026-09-19T18:10:20+00:00,history-service,2,10,cpu:
2026-09-19T18:10:20+00:00,lab-service,2,10,cpu:
2026-09-19T18:10:20+00:00,notification-service,2,10,cpu:
2026-09-19T18:10:20+00:00,patient-service,2,10,cpu:
2026-09-19T18:10:20+00:00,result-service,2,10,cpu:
2026-09-19T18:10:20+00:00,triage-service,2,10,cpu:
2026-09-19T18:10:26+00:00,audit-service,2,10,cpu:
2026-09-19T18:10:26+00:00,auth-service,2,10,cpu:
2026-09-19T18:10:26+00:00,consent-service,2,10,cpu:
2026-09-19T18:10:26+00:00,exam-service,2,10,cpu:
2026-09-19T18:10:26+00:00,history-service,2,10,cpu:
2026-09-19T18:10:26+00:00,lab-service,2,10,cpu:
2026-09-19T18:10:26+00:00,notification-service,2,10,cpu:
2026-09-19T18:10:26+00:00,patient-service,2,10,cpu:
2026-09-19T18:10:26+00:00,result-service,2,10,cpu:
2026-09-19T18:10:26+00:00,triage-service,2,10,cpu:
2026-09-19T18:10:32+00:00,audit-service,2,10,cpu:
2026-09-19T18:10:32+00:00,auth-service,2,10,cpu:
2026-09-19T18:10:32+00:00,consent-service,2,10,cpu:
2026-09-19T18:10:32+00:00,exam-service,2,10,cpu:
2026-09-19T18:10:32+00:00,history-service,2,10,cpu:
2026-09-19T18:10:32+00:00,lab-service,2,10,cpu:
2026-09-19T18:10:32+00:00,notification-service,2,10,cpu:
2026-09-19T18:10:32+00:00,patient-service,2,10,cpu:
2026-09-19T18:10:32+00:00,result-service,2,10,cpu:
2026-09-19T18:10:32+00:00,triage-service,2,10,cpu:
2026-09-19T18:10:40+00:00,audit-service,2,10,cpu:
2026-09-19T18:10:40+00:00,auth-service,2,10,cpu:
2026-09-19T18:10:40+00:00,consent-service,2,10,cpu:
2026-09-19T18:10:40+00:00,exam-service,2,10,cpu:
2026-09-19T18:10:40+00:00,history-service,2,10,cpu:
2026-09-19T18:10:40+00:00,lab-service,2,10,cpu:
2026-09-19T18:10:40+00:00,notification-service,2,10,cpu:
2026-09-19T18:10:40+00:00,patient-service,2,10,cpu:
2026-09-19T18:10:40+00:00,result-service,2,10,cpu:
2026-09-19T18:10:40+00:00,triage-service,2,10,cpu:
2026-09-19T18:10:46+00:00,audit-service,2,10,cpu:
2026-09-19T18:10:46+00:00,auth-service,2,10,cpu:
2026-09-19T18:10:46+00:00,consent-service,2,10,cpu:
2026-09-19T18:10:46+00:00,exam-service,2,10,cpu:
2026-09-19T18:10:46+00:00,history-service,2,10,cpu:
2026-09-19T18:10:46+00:00,lab-service,2,10,cpu:
2026-09-19T18:10:46+00:00,notification-service,2,10,cpu:
2026-09-19T18:10:46+00:00,patient-service,2,10,cpu:
2026-09-19T18:10:46+00:00,result-service,2,10,cpu:
2026-09-19T18:10:46+00:00,triage-service,2,10,cpu:
2026-09-19T18:10:51+00:00,audit-service,2,10,cpu:
2026-09-19T18:10:51+00:00,auth-service,2,10,cpu:
2026-09-19T18:10:51+00:00,consent-service,2,10,cpu:
2026-09-19T18:10:51+00:00,exam-service,2,10,cpu:
2026-09-19T18:10:51+00:00,history-service,2,10,cpu:
2026-09-19T18:10:51+00:00,lab-service,2,10,cpu:
2026-09-19T18:10:51+00:00,notification-service,2,10,cpu:
2026-09-19T18:10:51+00:00,patient-service,2,10,cpu:
2026-09-19T18:10:51+00:00,result-service,2,10,cpu:
2026-09-19T18:10:51+00:00,triage-service,2,10,cpu:
2026-09-19T18:10:59+00:00,audit-service,2,10,cpu:
2026-09-19T18:10:59+00:00,auth-service,2,10,cpu:
2026-09-19T18:10:59+00:00,consent-service,2,10,cpu:
2026-09-19T18:10:59+00:00,exam-service,2,10,cpu:
2026-09-19T18:10:59+00:00,history-service,2,10,cpu:
2026-09-19T18:10:59+00:00,lab-service,2,10,cpu:
2026-09-19T18:10:59+00:00,notification-service,2,10,cpu:
2026-09-19T18:10:59+00:00,patient-service,2,10,cpu:
2026-09-19T18:10:59+00:00,result-service,2,10,cpu:
2026-09-19T18:10:59+00:00,triage-service,2,10,cpu:
2026-09-19T18:11:05+00:00,audit-service,2,10,cpu:
2026-09-19T18:11:05+00:00,auth-service,2,10,cpu:
2026-09-19T18:11:05+00:00,consent-service,2,10,cpu:
2026-09-19T18:11:05+00:00,exam-service,2,10,cpu:
2026-09-19T18:11:05+00:00,history-service,2,10,cpu:
2026-09-19T18:11:05+00:00,lab-service,2,10,cpu:
2026-09-19T18:11:05+00:00,notification-service,2,10,cpu:
2026-09-19T18:11:05+00:00,patient-service,2,10,cpu:
2026-09-19T18:11:05+00:00,result-service,2,10,cpu:
2026-09-19T18:11:05+00:00,triage-service,2,10,cpu:
2026-09-19T18:11:10+00:00,audit-service,2,10,cpu:
2026-09-19T18:11:10+00:00,auth-service,2,10,cpu:
2026-09-19T18:11:10+00:00,consent-service,2,10,cpu:
2026-09-19T18:11:10+00:00,exam-service,2,10,cpu:
2026-09-19T18:11:10+00:00,history-service,2,10,cpu:
2026-09-19T18:11:10+00:00,lab-service,2,10,cpu:
2026-09-19T18:11:10+00:00,notification-service,2,10,cpu:
2026-09-19T18:11:10+00:00,patient-service,2,10,cpu:
2026-09-19T18:11:10+00:00,result-service,2,10,cpu:
2026-09-19T18:11:10+00:00,triage-service,2,10,cpu:
2026-09-19T18:11:18+00:00,audit-service,2,10,cpu:
2026-09-19T18:11:18+00:00,auth-service,2,10,cpu:
2026-09-19T18:11:18+00:00,consent-service,2,10,cpu:
2026-09-19T18:11:18+00:00,exam-service,2,10,cpu:
2026-09-19T18:11:18+00:00,history-service,2,10,cpu:
2026-09-19T18:11:18+00:00,lab-service,2,10,cpu:
2026-09-19T18:11:18+00:00,notification-service,2,10,cpu:
2026-09-19T18:11:18+00:00,patient-service,2,10,cpu:
2026-09-19T18:11:18+00:00,result-service,2,10,cpu:
2026-09-19T18:11:18+00:00,triage-service,2,10,cpu:
2026-09-19T18:11:24+00:00,audit-service,2,10,cpu:
2026-09-19T18:11:24+00:00,auth-service,2,10,cpu:
2026-09-19T18:11:24+00:00,consent-service,2,10,cpu:
2026-09-19T18:11:24+00:00,exam-service,2,10,cpu:
2026-09-19T18:11:24+00:00,history-service,2,10,cpu:
2026-09-19T18:11:24+00:00,lab-service,2,10,cpu:
2026-09-19T18:11:24+00:00,notification-service,2,10,cpu:
2026-09-19T18:11:24+00:00,patient-service,2,10,cpu:
2026-09-19T18:11:24+00:00,result-service,2,10,cpu:
2026-09-19T18:11:24+00:00,triage-service,2,10,cpu:
2026-09-19T18:11:29+00:00,audit-service,2,10,cpu:
2026-09-19T18:11:29+00:00,auth-service,2,10,cpu:
2026-09-19T18:11:29+00:00,consent-service,2,10,cpu:
2026-09-19T18:11:29+00:00,exam-service,2,10,cpu:
2026-09-19T18:11:29+00:00,history-service,2,10,cpu:
2026-09-19T18:11:29+00:00,lab-service,2,10,cpu:
2026-09-19T18:11:29+00:00,notification-service,2,10,cpu:
2026-09-19T18:11:29+00:00,patient-service,2,10,cpu:
2026-09-19T18:11:29+00:00,result-service,2,10,cpu:
2026-09-19T18:11:29+00:00,triage-service,2,10,cpu:
2026-09-19T18:11:37+00:00,audit-service,2,10,cpu:
2026-09-19T18:11:37+00:00,auth-service,2,10,cpu:
2026-09-19T18:11:37+00:00,consent-service,2,10,cpu:
2026-09-19T18:11:37+00:00,exam-service,2,10,cpu:
2026-09-19T18:11:37+00:00,history-service,2,10,cpu:
2026-09-19T18:11:37+00:00,lab-service,2,10,cpu:
2026-09-19T18:11:37+00:00,notification-service,2,10,cpu:
2026-09-19T18:11:37+00:00,patient-service,2,10,cpu:
2026-09-19T18:11:37+00:00,result-service,2,10,cpu:
2026-09-19T18:11:37+00:00,triage-service,2,10,cpu:
2026-09-19T18:11:42+00:00,audit-service,2,10,cpu:
2026-09-19T18:11:42+00:00,auth-service,2,10,cpu:
2026-09-19T18:11:42+00:00,consent-service,2,10,cpu:
2026-09-19T18:11:42+00:00,exam-service,2,10,cpu:
2026-09-19T18:11:42+00:00,history-service,2,10,cpu:
2026-09-19T18:11:42+00:00,lab-service,2,10,cpu:
2026-09-19T18:11:42+00:00,notification-service,2,10,cpu:
2026-09-19T18:11:42+00:00,patient-service,2,10,cpu:
2026-09-19T18:11:42+00:00,result-service,2,10,cpu:
2026-09-19T18:11:42+00:00,triage-service,2,10,cpu:
2026-09-19T18:11:48+00:00,audit-service,2,10,cpu:
2026-09-19T18:11:48+00:00,auth-service,2,10,cpu:
2026-09-19T18:11:48+00:00,consent-service,2,10,cpu:
2026-09-19T18:11:48+00:00,exam-service,2,10,cpu:
2026-09-19T18:11:48+00:00,history-service,2,10,cpu:
2026-09-19T18:11:48+00:00,lab-service,2,10,cpu:
2026-09-19T18:11:48+00:00,notification-service,2,10,cpu:
2026-09-19T18:11:48+00:00,patient-service,2,10,cpu:
2026-09-19T18:11:48+00:00,result-service,2,10,cpu:
2026-09-19T18:11:48+00:00,triage-service,2,10,cpu:
2026-09-19T18:11:56+00:00,audit-service,2,10,cpu:
2026-09-19T18:11:56+00:00,auth-service,2,10,cpu:
2026-09-19T18:11:56+00:00,consent-service,2,10,cpu:
2026-09-19T18:11:56+00:00,exam-service,2,10,cpu:
2026-09-19T18:11:56+00:00,history-service,2,10,cpu:
2026-09-19T18:11:56+00:00,lab-service,2,10,cpu:
2026-09-19T18:11:56+00:00,notification-service,2,10,cpu:
2026-09-19T18:11:56+00:00,patient-service,2,10,cpu:
2026-09-19T18:11:56+00:00,result-service,2,10,cpu:
2026-09-19T18:11:56+00:00,triage-service,2,10,cpu:
2026-09-19T18:12:01+00:00,audit-service,2,10,cpu:
2026-09-19T18:12:01+00:00,auth-service,2,10,cpu:
2026-09-19T18:12:01+00:00,consent-service,2,10,cpu:
2026-09-19T18:12:01+00:00,exam-service,2,10,cpu:
2026-09-19T18:12:01+00:00,history-service,2,10,cpu:
2026-09-19T18:12:01+00:00,lab-service,2,10,cpu:
2026-09-19T18:12:01+00:00,notification-service,2,10,cpu:
2026-09-19T18:12:01+00:00,patient-service,2,10,cpu:
2026-09-19T18:12:01+00:00,result-service,2,10,cpu:
2026-09-19T18:12:01+00:00,triage-service,2,10,cpu:
2026-09-19T18:12:07+00:00,audit-service,2,10,cpu:
2026-09-19T18:12:07+00:00,auth-service,2,10,cpu:
2026-09-19T18:12:07+00:00,consent-service,2,10,cpu:
2026-09-19T18:12:07+00:00,exam-service,2,10,cpu:
2026-09-19T18:12:07+00:00,history-service,2,10,cpu:
2026-09-19T18:12:07+00:00,lab-service,2,10,cpu:
2026-09-19T18:12:07+00:00,notification-service,2,10,cpu:
2026-09-19T18:12:07+00:00,patient-service,2,10,cpu:
2026-09-19T18:12:07+00:00,result-service,2,10,cpu:
2026-09-19T18:12:07+00:00,triage-service,2,10,cpu:
2026-09-19T18:12:14+00:00,audit-service,2,10,cpu:
2026-09-19T18:12:14+00:00,auth-service,2,10,cpu:
2026-09-19T18:12:14+00:00,consent-service,2,10,cpu:
2026-09-19T18:12:14+00:00,exam-service,2,10,cpu:
2026-09-19T18:12:14+00:00,history-service,2,10,cpu:
2026-09-19T18:12:14+00:00,lab-service,2,10,cpu:
2026-09-19T18:12:14+00:00,notification-service,2,10,cpu:
2026-09-19T18:12:14+00:00,patient-service,2,10,cpu:
2026-09-19T18:12:14+00:00,result-service,2,10,cpu:
2026-09-19T18:12:14+00:00,triage-service,2,10,cpu:
2026-09-19T18:12:20+00:00,audit-service,2,10,cpu:
2026-09-19T18:12:20+00:00,auth-service,2,10,cpu:
2026-09-19T18:12:20+00:00,consent-service,2,10,cpu:
2026-09-19T18:12:20+00:00,exam-service,2,10,cpu:
2026-09-19T18:12:20+00:00,history-service,2,10,cpu:
2026-09-19T18:12:20+00:00,lab-service,2,10,cpu:
2026-09-19T18:12:20+00:00,notification-service,2,10,cpu:
2026-09-19T18:12:20+00:00,patient-service,2,10,cpu:
2026-09-19T18:12:20+00:00,result-service,2,10,cpu:
2026-09-19T18:12:20+00:00,triage-service,2,10,cpu:
2026-09-19T18:12:26+00:00,audit-service,2,10,cpu:
2026-09-19T18:12:26+00:00,auth-service,2,10,cpu:
2026-09-19T18:12:26+00:00,consent-service,2,10,cpu:
2026-09-19T18:12:26+00:00,exam-service,2,10,cpu:
2026-09-19T18:12:26+00:00,history-service,2,10,cpu:
2026-09-19T18:12:26+00:00,lab-service,2,10,cpu:
2026-09-19T18:12:26+00:00,notification-service,2,10,cpu:
2026-09-19T18:12:26+00:00,patient-service,2,10,cpu:
2026-09-19T18:12:26+00:00,result-service,2,10,cpu:
2026-09-19T18:12:26+00:00,triage-service,2,10,cpu:
2026-09-19T18:12:33+00:00,audit-service,2,10,cpu:
2026-09-19T18:12:33+00:00,auth-service,2,10,cpu:
2026-09-19T18:12:33+00:00,consent-service,2,10,cpu:
2026-09-19T18:12:33+00:00,exam-service,2,10,cpu:
2026-09-19T18:12:33+00:00,history-service,2,10,cpu:
2026-09-19T18:12:33+00:00,lab-service,2,10,cpu:
2026-09-19T18:12:33+00:00,notification-service,2,10,cpu:
2026-09-19T18:12:33+00:00,patient-service,2,10,cpu:
2026-09-19T18:12:33+00:00,result-service,2,10,cpu:
2026-09-19T18:12:33+00:00,triage-service,2,10,cpu:
2026-09-19T18:12:39+00:00,audit-service,2,10,cpu:
2026-09-19T18:12:39+00:00,auth-service,2,10,cpu:
2026-09-19T18:12:39+00:00,consent-service,2,10,cpu:
2026-09-19T18:12:39+00:00,exam-service,2,10,cpu:
2026-09-19T18:12:39+00:00,history-service,2,10,cpu:
2026-09-19T18:12:39+00:00,lab-service,2,10,cpu:
2026-09-19T18:12:39+00:00,notification-service,2,10,cpu:
2026-09-19T18:12:39+00:00,patient-service,2,10,cpu:
2026-09-19T18:12:39+00:00,result-service,2,10,cpu:
2026-09-19T18:12:39+00:00,triage-service,2,10,cpu:
2026-09-19T18:12:44+00:00,audit-service,2,10,cpu:
2026-09-19T18:12:44+00:00,auth-service,2,10,cpu:
2026-09-19T18:12:44+00:00,consent-service,2,10,cpu:
2026-09-19T18:12:44+00:00,exam-service,2,10,cpu:
2026-09-19T18:12:44+00:00,history-service,2,10,cpu:
2026-09-19T18:12:44+00:00,lab-service,2,10,cpu:
2026-09-19T18:12:44+00:00,notification-service,2,10,cpu:
2026-09-19T18:12:44+00:00,patient-service,2,10,cpu:
2026-09-19T18:12:44+00:00,result-service,2,10,cpu:
2026-09-19T18:12:44+00:00,triage-service,2,10,cpu:
2026-09-19T18:12:52+00:00,audit-service,2,10,cpu:
2026-09-19T18:12:52+00:00,auth-service,2,10,cpu:
2026-09-19T18:12:52+00:00,consent-service,2,10,cpu:
2026-09-19T18:12:52+00:00,exam-service,2,10,cpu:
2026-09-19T18:12:52+00:00,history-service,2,10,cpu:
2026-09-19T18:12:52+00:00,lab-service,2,10,cpu:
2026-09-19T18:12:52+00:00,notification-service,2,10,cpu:
2026-09-19T18:12:52+00:00,patient-service,2,10,cpu:
2026-09-19T18:12:52+00:00,result-service,2,10,cpu:
2026-09-19T18:12:52+00:00,triage-service,2,10,cpu:
2026-09-19T18:12:57+00:00,audit-service,2,10,cpu:
2026-09-19T18:12:57+00:00,auth-service,2,10,cpu:
2026-09-19T18:12:57+00:00,consent-service,2,10,cpu:
2026-09-19T18:12:57+00:00,exam-service,2,10,cpu:
2026-09-19T18:12:57+00:00,history-service,2,10,cpu:
2026-09-19T18:12:57+00:00,lab-service,2,10,cpu:
2026-09-19T18:12:57+00:00,notification-service,2,10,cpu:
2026-09-19T18:12:57+00:00,patient-service,2,10,cpu:
2026-09-19T18:12:57+00:00,result-service,2,10,cpu:
2026-09-19T18:12:57+00:00,triage-service,2,10,cpu:
2026-09-19T18:13:03+00:00,audit-service,2,10,cpu:
2026-09-19T18:13:03+00:00,auth-service,2,10,cpu:
2026-09-19T18:13:03+00:00,consent-service,2,10,cpu:
2026-09-19T18:13:03+00:00,exam-service,2,10,cpu:
2026-09-19T18:13:03+00:00,history-service,2,10,cpu:
2026-09-19T18:13:03+00:00,lab-service,2,10,cpu:
2026-09-19T18:13:03+00:00,notification-service,2,10,cpu:
2026-09-19T18:13:03+00:00,patient-service,2,10,cpu:
2026-09-19T18:13:03+00:00,result-service,2,10,cpu:
2026-09-19T18:13:03+00:00,triage-service,2,10,cpu:
2026-09-19T18:13:11+00:00,audit-service,2,10,cpu:
2026-09-19T18:13:11+00:00,auth-service,2,10,cpu:
2026-09-19T18:13:11+00:00,consent-service,2,10,cpu:
2026-09-19T18:13:11+00:00,exam-service,2,10,cpu:
2026-09-19T18:13:11+00:00,history-service,2,10,cpu:
2026-09-19T18:13:11+00:00,lab-service,2,10,cpu:
2026-09-19T18:13:11+00:00,notification-service,2,10,cpu:
2026-09-19T18:13:11+00:00,patient-service,2,10,cpu:
2026-09-19T18:13:11+00:00,result-service,2,10,cpu:
2026-09-19T18:13:11+00:00,triage-service,2,10,cpu:
2026-09-19T18:13:16+00:00,audit-service,2,10,cpu:
2026-09-19T18:13:16+00:00,auth-service,2,10,cpu:
2026-09-19T18:13:16+00:00,consent-service,2,10,cpu:
2026-09-19T18:13:16+00:00,exam-service,2,10,cpu:
2026-09-19T18:13:16+00:00,history-service,2,10,cpu:
2026-09-19T18:13:16+00:00,lab-service,2,10,cpu:
2026-09-19T18:13:16+00:00,notification-service,2,10,cpu:
2026-09-19T18:13:16+00:00,patient-service,2,10,cpu:
2026-09-19T18:13:16+00:00,result-service,2,10,cpu:
2026-09-19T18:13:16+00:00,triage-service,2,10,cpu:
2026-09-19T18:13:22+00:00,audit-service,2,10,cpu:
2026-09-19T18:13:22+00:00,auth-service,2,10,cpu:
2026-09-19T18:13:22+00:00,consent-service,2,10,cpu:
2026-09-19T18:13:22+00:00,exam-service,2,10,cpu:
2026-09-19T18:13:22+00:00,history-service,2,10,cpu:
2026-09-19T18:13:22+00:00,lab-service,2,10,cpu:
2026-09-19T18:13:22+00:00,notification-service,2,10,cpu:
2026-09-19T18:13:22+00:00,patient-service,2,10,cpu:
2026-09-19T18:13:22+00:00,result-service,2,10,cpu:
2026-09-19T18:13:22+00:00,triage-service,2,10,cpu:
2026-09-19T18:13:30+00:00,audit-service,2,10,cpu:
2026-09-19T18:13:30+00:00,auth-service,2,10,cpu:
2026-09-19T18:13:30+00:00,consent-service,2,10,cpu:
2026-09-19T18:13:30+00:00,exam-service,2,10,cpu:
2026-09-19T18:13:30+00:00,history-service,2,10,cpu:
2026-09-19T18:13:30+00:00,lab-service,2,10,cpu:
2026-09-19T18:13:30+00:00,notification-service,2,10,cpu:
2026-09-19T18:13:30+00:00,patient-service,2,10,cpu:
2026-09-19T18:13:30+00:00,result-service,2,10,cpu:
2026-09-19T18:13:30+00:00,triage-service,2,10,cpu:
2026-09-19T18:13:36+00:00,audit-service,2,10,cpu:
2026-09-19T18:13:36+00:00,auth-service,2,10,cpu:
2026-09-19T18:13:36+00:00,consent-service,2,10,cpu:
2026-09-19T18:13:36+00:00,exam-service,2,10,cpu:
2026-09-19T18:13:36+00:00,history-service,2,10,cpu:
2026-09-19T18:13:36+00:00,lab-service,2,10,cpu:
2026-09-19T18:13:36+00:00,notification-service,2,10,cpu:
2026-09-19T18:13:36+00:00,patient-service,2,10,cpu:
2026-09-19T18:13:36+00:00,result-service,2,10,cpu:
2026-09-19T18:13:36+00:00,triage-service,2,10,cpu:
2026-09-19T18:13:42+00:00,audit-service,2,10,cpu:
2026-09-19T18:13:42+00:00,auth-service,2,10,cpu:
2026-09-19T18:13:42+00:00,consent-service,2,10,cpu:
2026-09-19T18:13:42+00:00,exam-service,2,10,cpu:
2026-09-19T18:13:42+00:00,history-service,2,10,cpu:
2026-09-19T18:13:42+00:00,lab-service,2,10,cpu:
2026-09-19T18:13:42+00:00,notification-service,2,10,cpu:
2026-09-19T18:13:42+00:00,patient-service,2,10,cpu:
2026-09-19T18:13:42+00:00,result-service,2,10,cpu:
2026-09-19T18:13:42+00:00,triage-service,2,10,cpu:
2026-09-19T18:13:50+00:00,audit-service,2,10,cpu:
2026-09-19T18:13:50+00:00,auth-service,2,10,cpu:
2026-09-19T18:13:50+00:00,consent-service,2,10,cpu:
2026-09-19T18:13:50+00:00,exam-service,2,10,cpu:
2026-09-19T18:13:50+00:00,history-service,2,10,cpu:
2026-09-19T18:13:50+00:00,lab-service,2,10,cpu:
2026-09-19T18:13:50+00:00,notification-service,2,10,cpu:
2026-09-19T18:13:50+00:00,patient-service,2,10,cpu:
2026-09-19T18:13:50+00:00,result-service,2,10,cpu:
2026-09-19T18:13:50+00:00,triage-service,2,10,cpu:
2026-09-19T18:13:55+00:00,audit-service,2,10,cpu:
2026-09-19T18:13:55+00:00,auth-service,2,10,cpu:
2026-09-19T18:13:55+00:00,consent-service,2,10,cpu:
2026-09-19T18:13:55+00:00,exam-service,2,10,cpu:
2026-09-19T18:13:55+00:00,history-service,2,10,cpu:
2026-09-19T18:13:55+00:00,lab-service,2,10,cpu:
2026-09-19T18:13:55+00:00,notification-service,2,10,cpu:
2026-09-19T18:13:55+00:00,patient-service,2,10,cpu:
2026-09-19T18:13:55+00:00,result-service,2,10,cpu:
2026-09-19T18:13:55+00:00,triage-service,2,10,cpu:
2026-09-19T18:14:02+00:00,audit-service,2,10,cpu:
2026-09-19T18:14:02+00:00,auth-service,2,10,cpu:
2026-09-19T18:14:02+00:00,consent-service,2,10,cpu:
2026-09-19T18:14:02+00:00,exam-service,2,10,cpu:
2026-09-19T18:14:02+00:00,history-service,2,10,cpu:
2026-09-19T18:14:02+00:00,lab-service,2,10,cpu:
2026-09-19T18:14:02+00:00,notification-service,2,10,cpu:
2026-09-19T18:14:02+00:00,patient-service,2,10,cpu:
2026-09-19T18:14:02+00:00,result-service,2,10,cpu:
2026-09-19T18:14:02+00:00,triage-service,2,10,cpu:
2026-09-19T18:14:10+00:00,audit-service,2,10,cpu:
2026-09-19T18:14:10+00:00,auth-service,2,10,cpu:
2026-09-19T18:14:10+00:00,consent-service,2,10,cpu:
2026-09-19T18:14:10+00:00,exam-service,2,10,cpu:
2026-09-19T18:14:10+00:00,history-service,2,10,cpu:
2026-09-19T18:14:10+00:00,lab-service,2,10,cpu:
2026-09-19T18:14:10+00:00,notification-service,2,10,cpu:
2026-09-19T18:14:10+00:00,patient-service,2,10,cpu:
2026-09-19T18:14:10+00:00,result-service,2,10,cpu:
2026-09-19T18:14:10+00:00,triage-service,2,10,cpu:
2026-09-19T18:14:16+00:00,audit-service,2,10,cpu:
2026-09-19T18:14:16+00:00,auth-service,2,10,cpu:
2026-09-19T18:14:16+00:00,consent-service,2,10,cpu:
2026-09-19T18:14:16+00:00,exam-service,2,10,cpu:
2026-09-19T18:14:16+00:00,history-service,2,10,cpu:
2026-09-19T18:14:16+00:00,lab-service,2,10,cpu:
2026-09-19T18:14:16+00:00,notification-service,2,10,cpu:
2026-09-19T18:14:16+00:00,patient-service,2,10,cpu:
2026-09-19T18:14:16+00:00,result-service,2,10,cpu:
2026-09-19T18:14:16+00:00,triage-service,2,10,cpu:
2026-09-19T18:14:22+00:00,audit-service,2,10,cpu:
2026-09-19T18:14:22+00:00,auth-service,2,10,cpu:
2026-09-19T18:14:22+00:00,consent-service,2,10,cpu:
2026-09-19T18:14:22+00:00,exam-service,2,10,cpu:
2026-09-19T18:14:22+00:00,history-service,2,10,cpu:
2026-09-19T18:14:22+00:00,lab-service,2,10,cpu:
2026-09-19T18:14:22+00:00,notification-service,2,10,cpu:
2026-09-19T18:14:22+00:00,patient-service,2,10,cpu:
2026-09-19T18:14:22+00:00,result-service,2,10,cpu:
2026-09-19T18:14:22+00:00,triage-service,2,10,cpu:
2026-09-19T18:14:29+00:00,audit-service,2,10,cpu:
2026-09-19T18:14:29+00:00,auth-service,2,10,cpu:
2026-09-19T18:14:29+00:00,consent-service,2,10,cpu:
2026-09-19T18:14:29+00:00,exam-service,2,10,cpu:
2026-09-19T18:14:29+00:00,history-service,2,10,cpu:
2026-09-19T18:14:29+00:00,lab-service,2,10,cpu:
2026-09-19T18:14:29+00:00,notification-service,2,10,cpu:
2026-09-19T18:14:29+00:00,patient-service,2,10,cpu:
2026-09-19T18:14:29+00:00,result-service,2,10,cpu:
2026-09-19T18:14:29+00:00,triage-service,2,10,cpu:
2026-09-19T18:14:34+00:00,audit-service,2,10,cpu:
2026-09-19T18:14:34+00:00,auth-service,2,10,cpu:
2026-09-19T18:14:34+00:00,consent-service,2,10,cpu:
2026-09-19T18:14:34+00:00,exam-service,2,10,cpu:
2026-09-19T18:14:34+00:00,history-service,2,10,cpu:
2026-09-19T18:14:34+00:00,lab-service,2,10,cpu:
2026-09-19T18:14:34+00:00,notification-service,2,10,cpu:
2026-09-19T18:14:34+00:00,patient-service,2,10,cpu:
2026-09-19T18:14:34+00:00,result-service,2,10,cpu:
2026-09-19T18:14:34+00:00,triage-service,2,10,cpu:
2026-09-19T18:14:41+00:00,audit-service,2,10,cpu:
2026-09-19T18:14:41+00:00,auth-service,2,10,cpu:
2026-09-19T18:14:41+00:00,consent-service,2,10,cpu:
2026-09-19T18:14:41+00:00,exam-service,2,10,cpu:
2026-09-19T18:14:41+00:00,history-service,2,10,cpu:
2026-09-19T18:14:41+00:00,lab-service,2,10,cpu:
2026-09-19T18:14:41+00:00,notification-service,2,10,cpu:
2026-09-19T18:14:41+00:00,patient-service,2,10,cpu:
2026-09-19T18:14:41+00:00,result-service,2,10,cpu:
2026-09-19T18:14:41+00:00,triage-service,2,10,cpu:
2026-09-19T18:14:50+00:00,audit-service,2,10,cpu:
2026-09-19T18:14:50+00:00,auth-service,2,10,cpu:
2026-09-19T18:14:50+00:00,consent-service,2,10,cpu:
2026-09-19T18:14:50+00:00,exam-service,2,10,cpu:
2026-09-19T18:14:50+00:00,history-service,2,10,cpu:
2026-09-19T18:14:50+00:00,lab-service,2,10,cpu:
2026-09-19T18:14:50+00:00,notification-service,2,10,cpu:
2026-09-19T18:14:50+00:00,patient-service,2,10,cpu:
2026-09-19T18:14:50+00:00,result-service,2,10,cpu:
2026-09-19T18:14:50+00:00,triage-service,2,10,cpu:
2026-09-19T18:14:56+00:00,audit-service,2,10,cpu:
2026-09-19T18:14:56+00:00,auth-service,2,10,cpu:
2026-09-19T18:14:56+00:00,consent-service,2,10,cpu:
2026-09-19T18:14:56+00:00,exam-service,2,10,cpu:
2026-09-19T18:14:56+00:00,history-service,2,10,cpu:
2026-09-19T18:14:56+00:00,lab-service,2,10,cpu:
2026-09-19T18:14:56+00:00,notification-service,2,10,cpu:
2026-09-19T18:14:56+00:00,patient-service,2,10,cpu:
2026-09-19T18:14:56+00:00,result-service,2,10,cpu:
2026-09-19T18:14:56+00:00,triage-service,2,10,cpu:
2026-09-19T18:15:02+00:00,audit-service,2,10,cpu:
2026-09-19T18:15:02+00:00,auth-service,2,10,cpu:
2026-09-19T18:15:02+00:00,consent-service,2,10,cpu:
2026-09-19T18:15:02+00:00,exam-service,2,10,cpu:
2026-09-19T18:15:02+00:00,history-service,2,10,cpu:
2026-09-19T18:15:02+00:00,lab-service,2,10,cpu:
2026-09-19T18:15:02+00:00,notification-service,2,10,cpu:
2026-09-19T18:15:02+00:00,patient-service,2,10,cpu:
2026-09-19T18:15:02+00:00,result-service,2,10,cpu:
2026-09-19T18:15:02+00:00,triage-service,2,10,cpu:
2026-09-19T18:15:10+00:00,audit-service,2,10,cpu:
2026-09-19T18:15:10+00:00,auth-service,2,10,cpu:
2026-09-19T18:15:10+00:00,consent-service,2,10,cpu:
2026-09-19T18:15:10+00:00,exam-service,2,10,cpu:
2026-09-19T18:15:10+00:00,history-service,2,10,cpu:
2026-09-19T18:15:10+00:00,lab-service,2,10,cpu:
2026-09-19T18:15:10+00:00,notification-service,2,10,cpu:
2026-09-19T18:15:10+00:00,patient-service,2,10,cpu:
2026-09-19T18:15:10+00:00,result-service,2,10,cpu:
2026-09-19T18:15:10+00:00,triage-service,2,10,cpu:
2026-09-19T18:15:15+00:00,audit-service,2,10,cpu:
2026-09-19T18:15:15+00:00,auth-service,2,10,cpu:
2026-09-19T18:15:15+00:00,consent-service,2,10,cpu:
2026-09-19T18:15:15+00:00,exam-service,2,10,cpu:
2026-09-19T18:15:15+00:00,history-service,2,10,cpu:
2026-09-19T18:15:15+00:00,lab-service,2,10,cpu:
2026-09-19T18:15:15+00:00,notification-service,2,10,cpu:
2026-09-19T18:15:15+00:00,patient-service,2,10,cpu:
2026-09-19T18:15:15+00:00,result-service,2,10,cpu:
2026-09-19T18:15:15+00:00,triage-service,2,10,cpu:
2026-09-19T18:15:22+00:00,audit-service,2,10,cpu:
2026-09-19T18:15:22+00:00,auth-service,2,10,cpu:
2026-09-19T18:15:22+00:00,consent-service,2,10,cpu:
2026-09-19T18:15:22+00:00,exam-service,2,10,cpu:
2026-09-19T18:15:22+00:00,history-service,2,10,cpu:
2026-09-19T18:15:22+00:00,lab-service,2,10,cpu:
2026-09-19T18:15:22+00:00,notification-service,2,10,cpu:
2026-09-19T18:15:22+00:00,patient-service,2,10,cpu:
2026-09-19T18:15:22+00:00,result-service,2,10,cpu:
2026-09-19T18:15:22+00:00,triage-service,2,10,cpu:
2026-09-19T18:15:29+00:00,audit-service,2,10,cpu:
2026-09-19T18:15:29+00:00,auth-service,2,10,cpu:
2026-09-19T18:15:29+00:00,consent-service,2,10,cpu:
2026-09-19T18:15:29+00:00,exam-service,2,10,cpu:
2026-09-19T18:15:29+00:00,history-service,2,10,cpu:
2026-09-19T18:15:29+00:00,lab-service,2,10,cpu:
2026-09-19T18:15:29+00:00,notification-service,2,10,cpu:
2026-09-19T18:15:29+00:00,patient-service,2,10,cpu:
2026-09-19T18:15:29+00:00,result-service,2,10,cpu:
2026-09-19T18:15:29+00:00,triage-service,2,10,cpu:
2026-09-19T18:15:36+00:00,audit-service,2,10,cpu:
2026-09-19T18:15:36+00:00,auth-service,2,10,cpu:
2026-09-19T18:15:36+00:00,consent-service,2,10,cpu:
2026-09-19T18:15:36+00:00,exam-service,2,10,cpu:
2026-09-19T18:15:36+00:00,history-service,2,10,cpu:
2026-09-19T18:15:36+00:00,lab-service,2,10,cpu:
2026-09-19T18:15:36+00:00,notification-service,2,10,cpu:
2026-09-19T18:15:36+00:00,patient-service,2,10,cpu:
2026-09-19T18:15:36+00:00,result-service,2,10,cpu:
2026-09-19T18:15:36+00:00,triage-service,2,10,cpu:
2026-09-19T18:15:42+00:00,audit-service,2,10,cpu:
2026-09-19T18:15:42+00:00,auth-service,2,10,cpu:
2026-09-19T18:15:42+00:00,consent-service,2,10,cpu:
2026-09-19T18:15:42+00:00,exam-service,2,10,cpu:
2026-09-19T18:15:42+00:00,history-service,2,10,cpu:
2026-09-19T18:15:42+00:00,lab-service,2,10,cpu:
2026-09-19T18:15:42+00:00,notification-service,2,10,cpu:
2026-09-19T18:15:42+00:00,patient-service,2,10,cpu:
2026-09-19T18:15:42+00:00,result-service,2,10,cpu:
2026-09-19T18:15:42+00:00,triage-service,2,10,cpu:
2026-09-19T18:15:49+00:00,audit-service,2,10,cpu:
2026-09-19T18:15:49+00:00,auth-service,2,10,cpu:
2026-09-19T18:15:49+00:00,consent-service,2,10,cpu:
2026-09-19T18:15:49+00:00,exam-service,2,10,cpu:
2026-09-19T18:15:49+00:00,history-service,2,10,cpu:
2026-09-19T18:15:49+00:00,lab-service,2,10,cpu:
2026-09-19T18:15:49+00:00,notification-service,2,10,cpu:
2026-09-19T18:15:49+00:00,patient-service,2,10,cpu:
2026-09-19T18:15:49+00:00,result-service,2,10,cpu:
2026-09-19T18:15:49+00:00,triage-service,2,10,cpu:
2026-09-19T18:15:55+00:00,audit-service,2,10,cpu:
2026-09-19T18:15:55+00:00,auth-service,2,10,cpu:
2026-09-19T18:15:55+00:00,consent-service,2,10,cpu:
2026-09-19T18:15:55+00:00,exam-service,2,10,cpu:
2026-09-19T18:15:55+00:00,history-service,2,10,cpu:
2026-09-19T18:15:55+00:00,lab-service,2,10,cpu:
2026-09-19T18:15:55+00:00,notification-service,2,10,cpu:
2026-09-19T18:15:55+00:00,patient-service,2,10,cpu:
2026-09-19T18:15:55+00:00,result-service,2,10,cpu:
2026-09-19T18:15:55+00:00,triage-service,2,10,cpu:
2026-09-19T18:16:01+00:00,audit-service,2,10,cpu:
2026-09-19T18:16:01+00:00,auth-service,2,10,cpu:
2026-09-19T18:16:01+00:00,consent-service,2,10,cpu:
2026-09-19T18:16:01+00:00,exam-service,2,10,cpu:
2026-09-19T18:16:01+00:00,history-service,2,10,cpu:
2026-09-19T18:16:01+00:00,lab-service,2,10,cpu:
2026-09-19T18:16:01+00:00,notification-service,2,10,cpu:
2026-09-19T18:16:01+00:00,patient-service,2,10,cpu:
2026-09-19T18:16:01+00:00,result-service,2,10,cpu:
2026-09-19T18:16:01+00:00,triage-service,2,10,cpu:
2026-09-19T18:16:09+00:00,audit-service,2,10,cpu:
2026-09-19T18:16:09+00:00,auth-service,2,10,cpu:
2026-09-19T18:16:09+00:00,consent-service,2,10,cpu:
2026-09-19T18:16:09+00:00,exam-service,2,10,cpu:
2026-09-19T18:16:09+00:00,history-service,2,10,cpu:
2026-09-19T18:16:09+00:00,lab-service,2,10,cpu:
2026-09-19T18:16:09+00:00,notification-service,2,10,cpu:
2026-09-19T18:16:09+00:00,patient-service,2,10,cpu:
2026-09-19T18:16:09+00:00,result-service,2,10,cpu:
2026-09-19T18:16:09+00:00,triage-service,2,10,cpu:
2026-09-19T18:16:15+00:00,audit-service,2,10,cpu:
2026-09-19T18:16:15+00:00,auth-service,2,10,cpu:
2026-09-19T18:16:15+00:00,consent-service,2,10,cpu:
2026-09-19T18:16:15+00:00,exam-service,2,10,cpu:
2026-09-19T18:16:15+00:00,history-service,2,10,cpu:
2026-09-19T18:16:15+00:00,lab-service,2,10,cpu:
2026-09-19T18:16:15+00:00,notification-service,2,10,cpu:
2026-09-19T18:16:15+00:00,patient-service,2,10,cpu:
2026-09-19T18:16:15+00:00,result-service,2,10,cpu:
2026-09-19T18:16:15+00:00,triage-service,2,10,cpu:
2026-09-19T18:16:21+00:00,audit-service,2,10,cpu:
2026-09-19T18:16:21+00:00,auth-service,2,10,cpu:
2026-09-19T18:16:21+00:00,consent-service,2,10,cpu:
2026-09-19T18:16:21+00:00,exam-service,2,10,cpu:
2026-09-19T18:16:21+00:00,history-service,2,10,cpu:
2026-09-19T18:16:21+00:00,lab-service,2,10,cpu:
2026-09-19T18:16:21+00:00,notification-service,2,10,cpu:
2026-09-19T18:16:21+00:00,patient-service,2,10,cpu:
2026-09-19T18:16:21+00:00,result-service,2,10,cpu:
2026-09-19T18:16:21+00:00,triage-service,2,10,cpu:
2026-09-19T18:16:29+00:00,audit-service,2,10,cpu:
2026-09-19T18:16:29+00:00,auth-service,2,10,cpu:
2026-09-19T18:16:29+00:00,consent-service,2,10,cpu:
2026-09-19T18:16:29+00:00,exam-service,2,10,cpu:
2026-09-19T18:16:29+00:00,history-service,2,10,cpu:
2026-09-19T18:16:29+00:00,lab-service,2,10,cpu:
2026-09-19T18:16:29+00:00,notification-service,2,10,cpu:
2026-09-19T18:16:29+00:00,patient-service,2,10,cpu:
2026-09-19T18:16:29+00:00,result-service,2,10,cpu:
2026-09-19T18:16:29+00:00,triage-service,2,10,cpu:
2026-09-19T18:16:35+00:00,audit-service,2,10,cpu:
2026-09-19T18:16:35+00:00,auth-service,2,10,cpu:
2026-09-19T18:16:35+00:00,consent-service,2,10,cpu:
2026-09-19T18:16:35+00:00,exam-service,2,10,cpu:
2026-09-19T18:16:35+00:00,history-service,2,10,cpu:
2026-09-19T18:16:35+00:00,lab-service,2,10,cpu:
2026-09-19T18:16:35+00:00,notification-service,2,10,cpu:
2026-09-19T18:16:35+00:00,patient-service,2,10,cpu:
2026-09-19T18:16:35+00:00,result-service,2,10,cpu:
2026-09-19T18:16:35+00:00,triage-service,2,10,cpu:
2026-09-19T18:16:41+00:00,audit-service,2,10,cpu:
2026-09-19T18:16:41+00:00,auth-service,2,10,cpu:
2026-09-19T18:16:41+00:00,consent-service,2,10,cpu:
2026-09-19T18:16:41+00:00,exam-service,2,10,cpu:
2026-09-19T18:16:41+00:00,history-service,2,10,cpu:
2026-09-19T18:16:41+00:00,lab-service,2,10,cpu:
2026-09-19T18:16:41+00:00,notification-service,2,10,cpu:
2026-09-19T18:16:41+00:00,patient-service,2,10,cpu:
2026-09-19T18:16:41+00:00,result-service,2,10,cpu:
2026-09-19T18:16:41+00:00,triage-service,2,10,cpu:
2026-09-19T18:16:49+00:00,audit-service,2,10,cpu:
2026-09-19T18:16:49+00:00,auth-service,2,10,cpu:
2026-09-19T18:16:49+00:00,consent-service,2,10,cpu:
2026-09-19T18:16:49+00:00,exam-service,2,10,cpu:
2026-09-19T18:16:49+00:00,history-service,2,10,cpu:
2026-09-19T18:16:49+00:00,lab-service,2,10,cpu:
2026-09-19T18:16:49+00:00,notification-service,2,10,cpu:
2026-09-19T18:16:49+00:00,patient-service,2,10,cpu:
2026-09-19T18:16:49+00:00,result-service,2,10,cpu:
2026-09-19T18:16:49+00:00,triage-service,2,10,cpu:
2026-09-19T18:16:55+00:00,audit-service,2,10,cpu:
2026-09-19T18:16:55+00:00,auth-service,2,10,cpu:
2026-09-19T18:16:55+00:00,consent-service,2,10,cpu:
2026-09-19T18:16:55+00:00,exam-service,2,10,cpu:
2026-09-19T18:16:55+00:00,history-service,2,10,cpu:
2026-09-19T18:16:55+00:00,lab-service,2,10,cpu:
2026-09-19T18:16:55+00:00,notification-service,2,10,cpu:
2026-09-19T18:16:55+00:00,patient-service,2,10,cpu:
2026-09-19T18:16:55+00:00,result-service,2,10,cpu:
2026-09-19T18:16:55+00:00,triage-service,2,10,cpu:
2026-09-19T18:17:01+00:00,audit-service,2,10,cpu:
2026-09-19T18:17:01+00:00,auth-service,2,10,cpu:
2026-09-19T18:17:01+00:00,consent-service,2,10,cpu:
2026-09-19T18:17:01+00:00,exam-service,2,10,cpu:
2026-09-19T18:17:01+00:00,history-service,2,10,cpu:
2026-09-19T18:17:01+00:00,lab-service,2,10,cpu:
2026-09-19T18:17:01+00:00,notification-service,2,10,cpu:
2026-09-19T18:17:01+00:00,patient-service,2,10,cpu:
2026-09-19T18:17:01+00:00,result-service,2,10,cpu:
2026-09-19T18:17:01+00:00,triage-service,2,10,cpu:
2026-09-19T18:17:09+00:00,audit-service,2,10,cpu:
2026-09-19T18:17:09+00:00,auth-service,2,10,cpu:
2026-09-19T18:17:09+00:00,consent-service,2,10,cpu:
2026-09-19T18:17:09+00:00,exam-service,2,10,cpu:
2026-09-19T18:17:09+00:00,history-service,2,10,cpu:
2026-09-19T18:17:09+00:00,lab-service,2,10,cpu:
2026-09-19T18:17:09+00:00,notification-service,2,10,cpu:
2026-09-19T18:17:09+00:00,patient-service,2,10,cpu:
2026-09-19T18:17:09+00:00,result-service,2,10,cpu:
2026-09-19T18:17:09+00:00,triage-service,2,10,cpu:
2026-09-19T18:17:15+00:00,audit-service,2,10,cpu:
2026-09-19T18:17:15+00:00,auth-service,2,10,cpu:
2026-09-19T18:17:15+00:00,consent-service,2,10,cpu:
2026-09-19T18:17:15+00:00,exam-service,2,10,cpu:
2026-09-19T18:17:15+00:00,history-service,2,10,cpu:
2026-09-19T18:17:15+00:00,lab-service,2,10,cpu:
2026-09-19T18:17:15+00:00,notification-service,2,10,cpu:
2026-09-19T18:17:15+00:00,patient-service,2,10,cpu:
2026-09-19T18:17:15+00:00,result-service,2,10,cpu:
2026-09-19T18:17:15+00:00,triage-service,2,10,cpu:
2026-09-19T18:17:21+00:00,audit-service,2,10,cpu:
2026-09-19T18:17:21+00:00,auth-service,2,10,cpu:
2026-09-19T18:17:21+00:00,consent-service,2,10,cpu:
2026-09-19T18:17:21+00:00,exam-service,2,10,cpu:
2026-09-19T18:17:21+00:00,history-service,2,10,cpu:
2026-09-19T18:17:21+00:00,lab-service,2,10,cpu:
2026-09-19T18:17:21+00:00,notification-service,2,10,cpu:
2026-09-19T18:17:21+00:00,patient-service,2,10,cpu:
2026-09-19T18:17:21+00:00,result-service,2,10,cpu:
2026-09-19T18:17:21+00:00,triage-service,2,10,cpu:
2026-09-19T18:17:29+00:00,audit-service,2,10,cpu:
2026-09-19T18:17:29+00:00,auth-service,2,10,cpu:
2026-09-19T18:17:29+00:00,consent-service,2,10,cpu:
2026-09-19T18:17:29+00:00,exam-service,2,10,cpu:
2026-09-19T18:17:29+00:00,history-service,2,10,cpu:
2026-09-19T18:17:29+00:00,lab-service,2,10,cpu:
2026-09-19T18:17:29+00:00,notification-service,2,10,cpu:
2026-09-19T18:17:29+00:00,patient-service,2,10,cpu:
2026-09-19T18:17:29+00:00,result-service,2,10,cpu:
2026-09-19T18:17:29+00:00,triage-service,2,10,cpu:
2026-09-19T18:17:35+00:00,audit-service,2,10,cpu:
2026-09-19T18:17:35+00:00,auth-service,2,10,cpu:
2026-09-19T18:17:35+00:00,consent-service,2,10,cpu:
2026-09-19T18:17:35+00:00,exam-service,2,10,cpu:
2026-09-19T18:17:35+00:00,history-service,2,10,cpu:
2026-09-19T18:17:35+00:00,lab-service,2,10,cpu:
2026-09-19T18:17:35+00:00,notification-service,2,10,cpu:
2026-09-19T18:17:35+00:00,patient-service,2,10,cpu:
2026-09-19T18:17:35+00:00,result-service,2,10,cpu:
2026-09-19T18:17:35+00:00,triage-service,2,10,cpu:
2026-09-19T18:17:41+00:00,audit-service,2,10,cpu:
2026-09-19T18:17:41+00:00,auth-service,2,10,cpu:
2026-09-19T18:17:41+00:00,consent-service,2,10,cpu:
2026-09-19T18:17:41+00:00,exam-service,2,10,cpu:
2026-09-19T18:17:41+00:00,history-service,2,10,cpu:
2026-09-19T18:17:41+00:00,lab-service,2,10,cpu:
2026-09-19T18:17:41+00:00,notification-service,2,10,cpu:
2026-09-19T18:17:41+00:00,patient-service,2,10,cpu:
2026-09-19T18:17:41+00:00,result-service,2,10,cpu:
2026-09-19T18:17:41+00:00,triage-service,2,10,cpu:
2026-09-19T18:17:49+00:00,audit-service,2,10,cpu:
2026-09-19T18:17:49+00:00,auth-service,2,10,cpu:
2026-09-19T18:17:49+00:00,consent-service,2,10,cpu:
2026-09-19T18:17:49+00:00,exam-service,2,10,cpu:
2026-09-19T18:17:49+00:00,history-service,2,10,cpu:
2026-09-19T18:17:49+00:00,lab-service,2,10,cpu:
2026-09-19T18:17:49+00:00,notification-service,2,10,cpu:
2026-09-19T18:17:49+00:00,patient-service,2,10,cpu:
2026-09-19T18:17:49+00:00,result-service,2,10,cpu:
2026-09-19T18:17:49+00:00,triage-service,2,10,cpu:
2026-09-19T18:17:55+00:00,audit-service,2,10,cpu:
2026-09-19T18:17:55+00:00,auth-service,2,10,cpu:
2026-09-19T18:17:55+00:00,consent-service,2,10,cpu:
2026-09-19T18:17:55+00:00,exam-service,2,10,cpu:
2026-09-19T18:17:55+00:00,history-service,2,10,cpu:
2026-09-19T18:17:55+00:00,lab-service,2,10,cpu:
2026-09-19T18:17:55+00:00,notification-service,2,10,cpu:
2026-09-19T18:17:55+00:00,patient-service,2,10,cpu:
2026-09-19T18:17:55+00:00,result-service,2,10,cpu:
2026-09-19T18:17:55+00:00,triage-service,2,10,cpu:
2026-09-19T18:18:00+00:00,audit-service,2,10,cpu:
2026-09-19T18:18:00+00:00,auth-service,2,10,cpu:
2026-09-19T18:18:00+00:00,consent-service,2,10,cpu:
2026-09-19T18:18:00+00:00,exam-service,2,10,cpu:
2026-09-19T18:18:00+00:00,history-service,2,10,cpu:
2026-09-19T18:18:00+00:00,lab-service,2,10,cpu:
2026-09-19T18:18:00+00:00,notification-service,2,10,cpu:
2026-09-19T18:18:00+00:00,patient-service,2,10,cpu:
2026-09-19T18:18:00+00:00,result-service,2,10,cpu:
2026-09-19T18:18:00+00:00,triage-service,2,10,cpu:
2026-09-19T18:18:08+00:00,audit-service,2,10,cpu:
2026-09-19T18:18:08+00:00,auth-service,2,10,cpu:
2026-09-19T18:18:08+00:00,consent-service,2,10,cpu:
2026-09-19T18:18:08+00:00,exam-service,2,10,cpu:
2026-09-19T18:18:08+00:00,history-service,2,10,cpu:
2026-09-19T18:18:08+00:00,lab-service,2,10,cpu:
2026-09-19T18:18:08+00:00,notification-service,2,10,cpu:
2026-09-19T18:18:08+00:00,patient-service,2,10,cpu:
2026-09-19T18:18:08+00:00,result-service,2,10,cpu:
2026-09-19T18:18:08+00:00,triage-service,2,10,cpu:
2026-09-19T18:18:14+00:00,audit-service,2,10,cpu:
2026-09-19T18:18:14+00:00,auth-service,2,10,cpu:
2026-09-19T18:18:14+00:00,consent-service,2,10,cpu:
2026-09-19T18:18:14+00:00,exam-service,2,10,cpu:
2026-09-19T18:18:14+00:00,history-service,2,10,cpu:
2026-09-19T18:18:14+00:00,lab-service,2,10,cpu:
2026-09-19T18:18:14+00:00,notification-service,2,10,cpu:
2026-09-19T18:18:14+00:00,patient-service,2,10,cpu:
2026-09-19T18:18:14+00:00,result-service,2,10,cpu:
2026-09-19T18:18:14+00:00,triage-service,2,10,cpu:
2026-09-19T18:18:20+00:00,audit-service,2,10,cpu:
2026-09-19T18:18:20+00:00,auth-service,2,10,cpu:
2026-09-19T18:18:20+00:00,consent-service,2,10,cpu:
2026-09-19T18:18:20+00:00,exam-service,2,10,cpu:
2026-09-19T18:18:20+00:00,history-service,2,10,cpu:
2026-09-19T18:18:20+00:00,lab-service,2,10,cpu:
2026-09-19T18:18:20+00:00,notification-service,2,10,cpu:
2026-09-19T18:18:20+00:00,patient-service,2,10,cpu:
2026-09-19T18:18:20+00:00,result-service,2,10,cpu:
2026-09-19T18:18:20+00:00,triage-service,2,10,cpu:
2026-09-19T18:18:27+00:00,audit-service,2,10,cpu:
2026-09-19T18:18:27+00:00,auth-service,2,10,cpu:
2026-09-19T18:18:27+00:00,consent-service,2,10,cpu:
2026-09-19T18:18:27+00:00,exam-service,2,10,cpu:
2026-09-19T18:18:27+00:00,history-service,2,10,cpu:
2026-09-19T18:18:27+00:00,lab-service,2,10,cpu:
2026-09-19T18:18:27+00:00,notification-service,2,10,cpu:
2026-09-19T18:18:27+00:00,patient-service,2,10,cpu:
2026-09-19T18:18:27+00:00,result-service,2,10,cpu:
2026-09-19T18:18:27+00:00,triage-service,2,10,cpu:
2026-09-19T18:18:33+00:00,audit-service,2,10,cpu:
2026-09-19T18:18:33+00:00,auth-service,2,10,cpu:
2026-09-19T18:18:33+00:00,consent-service,2,10,cpu:
2026-09-19T18:18:33+00:00,exam-service,2,10,cpu:
2026-09-19T18:18:33+00:00,history-service,2,10,cpu:
2026-09-19T18:18:33+00:00,lab-service,2,10,cpu:
2026-09-19T18:18:33+00:00,notification-service,2,10,cpu:
2026-09-19T18:18:33+00:00,patient-service,2,10,cpu:
2026-09-19T18:18:33+00:00,result-service,2,10,cpu:
2026-09-19T18:18:33+00:00,triage-service,2,10,cpu:
2026-09-19T18:18:39+00:00,audit-service,2,10,cpu:
2026-09-19T18:18:39+00:00,auth-service,2,10,cpu:
2026-09-19T18:18:39+00:00,consent-service,2,10,cpu:
2026-09-19T18:18:39+00:00,exam-service,2,10,cpu:
2026-09-19T18:18:39+00:00,history-service,2,10,cpu:
2026-09-19T18:18:39+00:00,lab-service,2,10,cpu:
2026-09-19T18:18:39+00:00,notification-service,2,10,cpu:
2026-09-19T18:18:39+00:00,patient-service,2,10,cpu:
2026-09-19T18:18:39+00:00,result-service,2,10,cpu:
2026-09-19T18:18:39+00:00,triage-service,2,10,cpu:
2026-09-19T18:18:46+00:00,audit-service,2,10,cpu:
2026-09-19T18:18:46+00:00,auth-service,2,10,cpu:
2026-09-19T18:18:46+00:00,consent-service,2,10,cpu:
2026-09-19T18:18:46+00:00,exam-service,2,10,cpu:
2026-09-19T18:18:46+00:00,history-service,2,10,cpu:
2026-09-19T18:18:46+00:00,lab-service,2,10,cpu:
2026-09-19T18:18:46+00:00,notification-service,2,10,cpu:
2026-09-19T18:18:46+00:00,patient-service,2,10,cpu:
2026-09-19T18:18:46+00:00,result-service,2,10,cpu:
2026-09-19T18:18:46+00:00,triage-service,2,10,cpu:
2026-09-19T18:18:52+00:00,audit-service,2,10,cpu:
2026-09-19T18:18:52+00:00,auth-service,2,10,cpu:
2026-09-19T18:18:52+00:00,consent-service,2,10,cpu:
2026-09-19T18:18:52+00:00,exam-service,2,10,cpu:
2026-09-19T18:18:52+00:00,history-service,2,10,cpu:
2026-09-19T18:18:52+00:00,lab-service,2,10,cpu:
2026-09-19T18:18:52+00:00,notification-service,2,10,cpu:
2026-09-19T18:18:52+00:00,patient-service,2,10,cpu:
2026-09-19T18:18:52+00:00,result-service,2,10,cpu:
2026-09-19T18:18:52+00:00,triage-service,2,10,cpu:
2026-09-19T18:18:57+00:00,audit-service,2,10,cpu:
2026-09-19T18:18:57+00:00,auth-service,2,10,cpu:
2026-09-19T18:18:57+00:00,consent-service,2,10,cpu:
2026-09-19T18:18:57+00:00,exam-service,2,10,cpu:
2026-09-19T18:18:57+00:00,history-service,2,10,cpu:
2026-09-19T18:18:57+00:00,lab-service,2,10,cpu:
2026-09-19T18:18:57+00:00,notification-service,2,10,cpu:
2026-09-19T18:18:57+00:00,patient-service,2,10,cpu:
2026-09-19T18:18:57+00:00,result-service,2,10,cpu:
2026-09-19T18:18:57+00:00,triage-service,2,10,cpu:
2026-09-19T18:19:05+00:00,audit-service,2,10,cpu:
2026-09-19T18:19:05+00:00,auth-service,2,10,cpu:
2026-09-19T18:19:05+00:00,consent-service,2,10,cpu:
2026-09-19T18:19:05+00:00,exam-service,2,10,cpu:
2026-09-19T18:19:05+00:00,history-service,2,10,cpu:
2026-09-19T18:19:05+00:00,lab-service,2,10,cpu:
2026-09-19T18:19:05+00:00,notification-service,2,10,cpu:
2026-09-19T18:19:05+00:00,patient-service,2,10,cpu:
2026-09-19T18:19:05+00:00,result-service,2,10,cpu:
2026-09-19T18:19:05+00:00,triage-service,2,10,cpu:
2026-09-19T18:19:10+00:00,audit-service,2,10,cpu:
2026-09-19T18:19:10+00:00,auth-service,2,10,cpu:
2026-09-19T18:19:10+00:00,consent-service,2,10,cpu:
2026-09-19T18:19:10+00:00,exam-service,2,10,cpu:
2026-09-19T18:19:10+00:00,history-service,2,10,cpu:
2026-09-19T18:19:10+00:00,lab-service,2,10,cpu:
2026-09-19T18:19:10+00:00,notification-service,2,10,cpu:
2026-09-19T18:19:10+00:00,patient-service,2,10,cpu:
2026-09-19T18:19:10+00:00,result-service,2,10,cpu:
2026-09-19T18:19:10+00:00,triage-service,2,10,cpu:
2026-09-19T18:19:16+00:00,audit-service,2,10,cpu:
2026-09-19T18:19:16+00:00,auth-service,2,10,cpu:
2026-09-19T18:19:16+00:00,consent-service,2,10,cpu:
2026-09-19T18:19:16+00:00,exam-service,2,10,cpu:
2026-09-19T18:19:16+00:00,history-service,2,10,cpu:
2026-09-19T18:19:16+00:00,lab-service,2,10,cpu:
2026-09-19T18:19:16+00:00,notification-service,2,10,cpu:
2026-09-19T18:19:16+00:00,patient-service,2,10,cpu:
2026-09-19T18:19:16+00:00,result-service,2,10,cpu:
2026-09-19T18:19:16+00:00,triage-service,2,10,cpu:
2026-09-19T18:19:24+00:00,audit-service,2,10,cpu:
2026-09-19T18:19:24+00:00,auth-service,2,10,cpu:
2026-09-19T18:19:24+00:00,consent-service,2,10,cpu:
2026-09-19T18:19:24+00:00,exam-service,2,10,cpu:
2026-09-19T18:19:24+00:00,history-service,2,10,cpu:
2026-09-19T18:19:24+00:00,lab-service,2,10,cpu:
2026-09-19T18:19:24+00:00,notification-service,2,10,cpu:
2026-09-19T18:19:24+00:00,patient-service,2,10,cpu:
2026-09-19T18:19:24+00:00,result-service,2,10,cpu:
2026-09-19T18:19:24+00:00,triage-service,2,10,cpu:
2026-09-19T18:19:29+00:00,audit-service,2,10,cpu:
2026-09-19T18:19:29+00:00,auth-service,2,10,cpu:
2026-09-19T18:19:29+00:00,consent-service,2,10,cpu:
2026-09-19T18:19:29+00:00,exam-service,2,10,cpu:
2026-09-19T18:19:29+00:00,history-service,2,10,cpu:
2026-09-19T18:19:29+00:00,lab-service,2,10,cpu:
2026-09-19T18:19:29+00:00,notification-service,2,10,cpu:
2026-09-19T18:19:29+00:00,patient-service,2,10,cpu:
2026-09-19T18:19:29+00:00,result-service,2,10,cpu:
2026-09-19T18:19:29+00:00,triage-service,2,10,cpu:
2026-09-19T18:19:35+00:00,audit-service,2,10,cpu:
2026-09-19T18:19:35+00:00,auth-service,2,10,cpu:
2026-09-19T18:19:35+00:00,consent-service,2,10,cpu:
2026-09-19T18:19:35+00:00,exam-service,2,10,cpu:
2026-09-19T18:19:35+00:00,history-service,2,10,cpu:
2026-09-19T18:19:35+00:00,lab-service,2,10,cpu:
2026-09-19T18:19:35+00:00,notification-service,2,10,cpu:
2026-09-19T18:19:35+00:00,patient-service,2,10,cpu:
2026-09-19T18:19:35+00:00,result-service,2,10,cpu:
2026-09-19T18:19:35+00:00,triage-service,2,10,cpu:
2026-09-19T18:19:42+00:00,audit-service,2,10,cpu:
2026-09-19T18:19:42+00:00,auth-service,2,10,cpu:
2026-09-19T18:19:42+00:00,consent-service,2,10,cpu:
2026-09-19T18:19:42+00:00,exam-service,2,10,cpu:
2026-09-19T18:19:42+00:00,history-service,2,10,cpu:
2026-09-19T18:19:42+00:00,lab-service,2,10,cpu:
2026-09-19T18:19:42+00:00,notification-service,2,10,cpu:
2026-09-19T18:19:42+00:00,patient-service,2,10,cpu:
2026-09-19T18:19:42+00:00,result-service,2,10,cpu:
2026-09-19T18:19:42+00:00,triage-service,2,10,cpu:
2026-09-19T18:19:47+00:00,audit-service,2,10,cpu:
2026-09-19T18:19:47+00:00,auth-service,2,10,cpu:
2026-09-19T18:19:47+00:00,consent-service,2,10,cpu:
2026-09-19T18:19:47+00:00,exam-service,2,10,cpu:
2026-09-19T18:19:47+00:00,history-service,2,10,cpu:
2026-09-19T18:19:47+00:00,lab-service,2,10,cpu:
2026-09-19T18:19:47+00:00,notification-service,2,10,cpu:
2026-09-19T18:19:47+00:00,patient-service,2,10,cpu:
2026-09-19T18:19:47+00:00,result-service,2,10,cpu:
2026-09-19T18:19:47+00:00,triage-service,2,10,cpu:
2026-09-19T18:19:54+00:00,audit-service,2,10,cpu:
2026-09-19T18:19:54+00:00,auth-service,2,10,cpu:
2026-09-19T18:19:54+00:00,consent-service,2,10,cpu:
2026-09-19T18:19:54+00:00,exam-service,2,10,cpu:
2026-09-19T18:19:54+00:00,history-service,2,10,cpu:
2026-09-19T18:19:54+00:00,lab-service,2,10,cpu:
2026-09-19T18:19:54+00:00,notification-service,2,10,cpu:
2026-09-19T18:19:54+00:00,patient-service,2,10,cpu:
2026-09-19T18:19:54+00:00,result-service,2,10,cpu:
2026-09-19T18:19:54+00:00,triage-service,2,10,cpu:
2026-09-19T18:20:02+00:00,audit-service,2,10,cpu:
2026-09-19T18:20:02+00:00,auth-service,2,10,cpu:
2026-09-19T18:20:02+00:00,consent-service,2,10,cpu:
2026-09-19T18:20:02+00:00,exam-service,2,10,cpu:
2026-09-19T18:20:02+00:00,history-service,2,10,cpu:
2026-09-19T18:20:02+00:00,lab-service,2,10,cpu:
2026-09-19T18:20:02+00:00,notification-service,2,10,cpu:
2026-09-19T18:20:02+00:00,patient-service,2,10,cpu:
2026-09-19T18:20:02+00:00,result-service,2,10,cpu:
2026-09-19T18:20:02+00:00,triage-service,2,10,cpu:
2026-09-19T18:20:08+00:00,audit-service,2,10,cpu:
2026-09-19T18:20:08+00:00,auth-service,2,10,cpu:
2026-09-19T18:20:08+00:00,consent-service,2,10,cpu:
2026-09-19T18:20:08+00:00,exam-service,2,10,cpu:
2026-09-19T18:20:08+00:00,history-service,2,10,cpu:
2026-09-19T18:20:08+00:00,lab-service,2,10,cpu:
2026-09-19T18:20:08+00:00,notification-service,2,10,cpu:
2026-09-19T18:20:08+00:00,patient-service,2,10,cpu:
2026-09-19T18:20:08+00:00,result-service,2,10,cpu:
2026-09-19T18:20:08+00:00,triage-service,2,10,cpu:
2026-09-19T18:20:13+00:00,audit-service,2,10,cpu:
2026-09-19T18:20:13+00:00,auth-service,2,10,cpu:
2026-09-19T18:20:13+00:00,consent-service,2,10,cpu:
2026-09-19T18:20:13+00:00,exam-service,2,10,cpu:
2026-09-19T18:20:13+00:00,history-service,2,10,cpu:
2026-09-19T18:20:13+00:00,lab-service,2,10,cpu:
2026-09-19T18:20:13+00:00,notification-service,2,10,cpu:
2026-09-19T18:20:13+00:00,patient-service,2,10,cpu:
2026-09-19T18:20:13+00:00,result-service,2,10,cpu:
2026-09-19T18:20:13+00:00,triage-service,2,10,cpu:
2026-09-19T18:20:21+00:00,audit-service,2,10,cpu:
2026-09-19T18:20:21+00:00,auth-service,2,10,cpu:
2026-09-19T18:20:21+00:00,consent-service,2,10,cpu:
2026-09-19T18:20:21+00:00,exam-service,2,10,cpu:
2026-09-19T18:20:21+00:00,history-service,2,10,cpu:
2026-09-19T18:20:21+00:00,lab-service,2,10,cpu:
2026-09-19T18:20:21+00:00,notification-service,2,10,cpu:
2026-09-19T18:20:21+00:00,patient-service,2,10,cpu:
2026-09-19T18:20:21+00:00,result-service,2,10,cpu:
2026-09-19T18:20:21+00:00,triage-service,2,10,cpu:
2026-09-19T18:20:27+00:00,audit-service,2,10,cpu:
2026-09-19T18:20:27+00:00,auth-service,2,10,cpu:
2026-09-19T18:20:27+00:00,consent-service,2,10,cpu:
2026-09-19T18:20:27+00:00,exam-service,2,10,cpu:
2026-09-19T18:20:27+00:00,history-service,2,10,cpu:
2026-09-19T18:20:27+00:00,lab-service,2,10,cpu:
2026-09-19T18:20:27+00:00,notification-service,2,10,cpu:
2026-09-19T18:20:27+00:00,patient-service,2,10,cpu:
2026-09-19T18:20:27+00:00,result-service,2,10,cpu:
2026-09-19T18:20:27+00:00,triage-service,2,10,cpu:
2026-09-19T18:20:33+00:00,audit-service,2,10,cpu:
2026-09-19T18:20:33+00:00,auth-service,2,10,cpu:
2026-09-19T18:20:33+00:00,consent-service,2,10,cpu:
2026-09-19T18:20:33+00:00,exam-service,2,10,cpu:
2026-09-19T18:20:33+00:00,history-service,2,10,cpu:
2026-09-19T18:20:33+00:00,lab-service,2,10,cpu:
2026-09-19T18:20:33+00:00,notification-service,2,10,cpu:
2026-09-19T18:20:33+00:00,patient-service,2,10,cpu:
2026-09-19T18:20:33+00:00,result-service,2,10,cpu:
2026-09-19T18:20:33+00:00,triage-service,2,10,cpu:
2026-09-19T18:20:41+00:00,audit-service,2,10,cpu:
2026-09-19T18:20:41+00:00,auth-service,2,10,cpu:
2026-09-19T18:20:41+00:00,consent-service,2,10,cpu:
2026-09-19T18:20:41+00:00,exam-service,2,10,cpu:
2026-09-19T18:20:41+00:00,history-service,2,10,cpu:
2026-09-19T18:20:41+00:00,lab-service,2,10,cpu:
2026-09-19T18:20:41+00:00,notification-service,2,10,cpu:
2026-09-19T18:20:41+00:00,patient-service,2,10,cpu:
2026-09-19T18:20:41+00:00,result-service,2,10,cpu:
2026-09-19T18:20:41+00:00,triage-service,2,10,cpu:
2026-09-19T18:20:47+00:00,audit-service,2,10,cpu:
2026-09-19T18:20:47+00:00,auth-service,2,10,cpu:
2026-09-19T18:20:47+00:00,consent-service,2,10,cpu:
2026-09-19T18:20:47+00:00,exam-service,2,10,cpu:
2026-09-19T18:20:47+00:00,history-service,2,10,cpu:
2026-09-19T18:20:47+00:00,lab-service,2,10,cpu:
2026-09-19T18:20:47+00:00,notification-service,2,10,cpu:
2026-09-19T18:20:47+00:00,patient-service,2,10,cpu:
2026-09-19T18:20:47+00:00,result-service,2,10,cpu:
2026-09-19T18:20:47+00:00,triage-service,2,10,cpu:
2026-09-19T18:20:53+00:00,audit-service,2,10,cpu:
2026-09-19T18:20:53+00:00,auth-service,2,10,cpu:
2026-09-19T18:20:53+00:00,consent-service,2,10,cpu:
2026-09-19T18:20:53+00:00,exam-service,2,10,cpu:
2026-09-19T18:20:53+00:00,history-service,2,10,cpu:
2026-09-19T18:20:53+00:00,lab-service,2,10,cpu:
2026-09-19T18:20:53+00:00,notification-service,2,10,cpu:
2026-09-19T18:20:53+00:00,patient-service,2,10,cpu:
2026-09-19T18:20:53+00:00,result-service,2,10,cpu:
2026-09-19T18:20:53+00:00,triage-service,2,10,cpu:
2026-09-19T18:21:01+00:00,audit-service,2,10,cpu:
2026-09-19T18:21:01+00:00,auth-service,2,10,cpu:
2026-09-19T18:21:01+00:00,consent-service,2,10,cpu:
2026-09-19T18:21:01+00:00,exam-service,2,10,cpu:
2026-09-19T18:21:01+00:00,history-service,2,10,cpu:
2026-09-19T18:21:01+00:00,lab-service,2,10,cpu:
2026-09-19T18:21:01+00:00,notification-service,2,10,cpu:
2026-09-19T18:21:01+00:00,patient-service,2,10,cpu:
2026-09-19T18:21:01+00:00,result-service,2,10,cpu:
2026-09-19T18:21:01+00:00,triage-service,2,10,cpu:
2026-09-19T18:21:07+00:00,audit-service,2,10,cpu:
2026-09-19T18:21:07+00:00,auth-service,2,10,cpu:
2026-09-19T18:21:07+00:00,consent-service,2,10,cpu:
2026-09-19T18:21:07+00:00,exam-service,2,10,cpu:
2026-09-19T18:21:07+00:00,history-service,2,10,cpu:
2026-09-19T18:21:07+00:00,lab-service,2,10,cpu:
2026-09-19T18:21:07+00:00,notification-service,2,10,cpu:
2026-09-19T18:21:07+00:00,patient-service,2,10,cpu:
2026-09-19T18:21:07+00:00,result-service,2,10,cpu:
2026-09-19T18:21:07+00:00,triage-service,2,10,cpu:
2026-09-19T18:21:13+00:00,audit-service,2,10,cpu:
2026-09-19T18:21:13+00:00,auth-service,2,10,cpu:
2026-09-19T18:21:13+00:00,consent-service,2,10,cpu:
2026-09-19T18:21:13+00:00,exam-service,2,10,cpu:
2026-09-19T18:21:13+00:00,history-service,2,10,cpu:
2026-09-19T18:21:13+00:00,lab-service,2,10,cpu:
2026-09-19T18:21:13+00:00,notification-service,2,10,cpu:
2026-09-19T18:21:13+00:00,patient-service,2,10,cpu:
2026-09-19T18:21:13+00:00,result-service,2,10,cpu:
2026-09-19T18:21:13+00:00,triage-service,2,10,cpu:
2026-09-19T18:21:21+00:00,audit-service,2,10,cpu:
2026-09-19T18:21:21+00:00,auth-service,2,10,cpu:
2026-09-19T18:21:21+00:00,consent-service,2,10,cpu:
2026-09-19T18:21:21+00:00,exam-service,2,10,cpu:
2026-09-19T18:21:21+00:00,history-service,2,10,cpu:
2026-09-19T18:21:21+00:00,lab-service,2,10,cpu:
2026-09-19T18:21:21+00:00,notification-service,2,10,cpu:
2026-09-19T18:21:21+00:00,patient-service,2,10,cpu:
2026-09-19T18:21:21+00:00,result-service,2,10,cpu:
2026-09-19T18:21:21+00:00,triage-service,2,10,cpu:
2026-09-19T18:21:27+00:00,audit-service,2,10,cpu:
2026-09-19T18:21:27+00:00,auth-service,2,10,cpu:
2026-09-19T18:21:27+00:00,consent-service,2,10,cpu:
2026-09-19T18:21:27+00:00,exam-service,2,10,cpu:
2026-09-19T18:21:27+00:00,history-service,2,10,cpu:
2026-09-19T18:21:27+00:00,lab-service,2,10,cpu:
2026-09-19T18:21:27+00:00,notification-service,2,10,cpu:
2026-09-19T18:21:27+00:00,patient-service,2,10,cpu:
2026-09-19T18:21:27+00:00,result-service,2,10,cpu:
2026-09-19T18:21:27+00:00,triage-service,2,10,cpu:
2026-09-19T18:21:33+00:00,audit-service,2,10,cpu:
2026-09-19T18:21:33+00:00,auth-service,2,10,cpu:
2026-09-19T18:21:33+00:00,consent-service,2,10,cpu:
2026-09-19T18:21:33+00:00,exam-service,2,10,cpu:
2026-09-19T18:21:33+00:00,history-service,2,10,cpu:
2026-09-19T18:21:33+00:00,lab-service,2,10,cpu:
2026-09-19T18:21:33+00:00,notification-service,2,10,cpu:
2026-09-19T18:21:33+00:00,patient-service,2,10,cpu:
2026-09-19T18:21:33+00:00,result-service,2,10,cpu:
2026-09-19T18:21:33+00:00,triage-service,2,10,cpu:
2026-09-19T18:21:41+00:00,audit-service,2,10,cpu:
2026-09-19T18:21:41+00:00,auth-service,2,10,cpu:
2026-09-19T18:21:41+00:00,consent-service,2,10,cpu:
2026-09-19T18:21:41+00:00,exam-service,2,10,cpu:
2026-09-19T18:21:41+00:00,history-service,2,10,cpu:
2026-09-19T18:21:41+00:00,lab-service,2,10,cpu:
2026-09-19T18:21:41+00:00,notification-service,2,10,cpu:
2026-09-19T18:21:41+00:00,patient-service,2,10,cpu:
2026-09-19T18:21:41+00:00,result-service,2,10,cpu:
2026-09-19T18:21:41+00:00,triage-service,2,10,cpu:
2026-09-19T18:21:47+00:00,audit-service,2,10,cpu:
2026-09-19T18:21:47+00:00,auth-service,2,10,cpu:
2026-09-19T18:21:47+00:00,consent-service,2,10,cpu:
2026-09-19T18:21:47+00:00,exam-service,2,10,cpu:
2026-09-19T18:21:47+00:00,history-service,2,10,cpu:
2026-09-19T18:21:47+00:00,lab-service,2,10,cpu:
2026-09-19T18:21:47+00:00,notification-service,2,10,cpu:
2026-09-19T18:21:47+00:00,patient-service,2,10,cpu:
2026-09-19T18:21:47+00:00,result-service,2,10,cpu:
2026-09-19T18:21:47+00:00,triage-service,2,10,cpu:
2026-09-19T18:21:53+00:00,audit-service,2,10,cpu:
2026-09-19T18:21:53+00:00,auth-service,2,10,cpu:
2026-09-19T18:21:53+00:00,consent-service,2,10,cpu:
2026-09-19T18:21:53+00:00,exam-service,2,10,cpu:
2026-09-19T18:21:53+00:00,history-service,2,10,cpu:
2026-09-19T18:21:53+00:00,lab-service,2,10,cpu:
2026-09-19T18:21:53+00:00,notification-service,2,10,cpu:
2026-09-19T18:21:53+00:00,patient-service,2,10,cpu:
2026-09-19T18:21:53+00:00,result-service,2,10,cpu:
2026-09-19T18:21:53+00:00,triage-service,2,10,cpu:
2026-09-19T18:22:02+00:00,audit-service,2,10,cpu:
2026-09-19T18:22:02+00:00,auth-service,2,10,cpu:
2026-09-19T18:22:02+00:00,consent-service,2,10,cpu:
2026-09-19T18:22:02+00:00,exam-service,2,10,cpu:
2026-09-19T18:22:02+00:00,history-service,2,10,cpu:
2026-09-19T18:22:02+00:00,lab-service,2,10,cpu:
2026-09-19T18:22:02+00:00,notification-service,2,10,cpu:
2026-09-19T18:22:02+00:00,patient-service,2,10,cpu:
2026-09-19T18:22:02+00:00,result-service,2,10,cpu:
2026-09-19T18:22:02+00:00,triage-service,2,10,cpu:
2026-09-19T18:22:08+00:00,audit-service,2,10,cpu:
2026-09-19T18:22:08+00:00,auth-service,2,10,cpu:
2026-09-19T18:22:08+00:00,consent-service,2,10,cpu:
2026-09-19T18:22:08+00:00,exam-service,2,10,cpu:
2026-09-19T18:22:08+00:00,history-service,2,10,cpu:
2026-09-19T18:22:08+00:00,lab-service,2,10,cpu:
2026-09-19T18:22:08+00:00,notification-service,2,10,cpu:
2026-09-19T18:22:08+00:00,patient-service,2,10,cpu:
2026-09-19T18:22:08+00:00,result-service,2,10,cpu:
2026-09-19T18:22:08+00:00,triage-service,2,10,cpu:
2026-09-19T18:22:15+00:00,audit-service,2,10,cpu:
2026-09-19T18:22:15+00:00,auth-service,2,10,cpu:
2026-09-19T18:22:15+00:00,consent-service,2,10,cpu:
2026-09-19T18:22:15+00:00,exam-service,2,10,cpu:
2026-09-19T18:22:15+00:00,history-service,2,10,cpu:
2026-09-19T18:22:15+00:00,lab-service,2,10,cpu:
2026-09-19T18:22:15+00:00,notification-service,2,10,cpu:
2026-09-19T18:22:15+00:00,patient-service,2,10,cpu:
2026-09-19T18:22:15+00:00,result-service,2,10,cpu:
2026-09-19T18:22:15+00:00,triage-service,2,10,cpu:
2026-09-19T18:22:23+00:00,audit-service,2,10,cpu:
2026-09-19T18:22:23+00:00,auth-service,2,10,cpu:
2026-09-19T18:22:23+00:00,consent-service,2,10,cpu:
2026-09-19T18:22:23+00:00,exam-service,2,10,cpu:
2026-09-19T18:22:23+00:00,history-service,2,10,cpu:
2026-09-19T18:22:23+00:00,lab-service,2,10,cpu:
2026-09-19T18:22:23+00:00,notification-service,2,10,cpu:
2026-09-19T18:22:23+00:00,patient-service,2,10,cpu:
2026-09-19T18:22:23+00:00,result-service,2,10,cpu:
2026-09-19T18:22:23+00:00,triage-service,2,10,cpu:
2026-09-19T18:22:29+00:00,audit-service,2,10,cpu:
2026-09-19T18:22:29+00:00,auth-service,2,10,cpu:
2026-09-19T18:22:29+00:00,consent-service,2,10,cpu:
2026-09-19T18:22:29+00:00,exam-service,2,10,cpu:
2026-09-19T18:22:29+00:00,history-service,2,10,cpu:
2026-09-19T18:22:29+00:00,lab-service,2,10,cpu:
2026-09-19T18:22:29+00:00,notification-service,2,10,cpu:
2026-09-19T18:22:29+00:00,patient-service,2,10,cpu:
2026-09-19T18:22:29+00:00,result-service,2,10,cpu:
2026-09-19T18:22:29+00:00,triage-service,2,10,cpu:
2026-09-19T18:22:35+00:00,audit-service,2,10,cpu:
2026-09-19T18:22:35+00:00,auth-service,2,10,cpu:
2026-09-19T18:22:35+00:00,consent-service,2,10,cpu:
2026-09-19T18:22:35+00:00,exam-service,2,10,cpu:
2026-09-19T18:22:35+00:00,history-service,2,10,cpu:
2026-09-19T18:22:35+00:00,lab-service,2,10,cpu:
2026-09-19T18:22:35+00:00,notification-service,2,10,cpu:
2026-09-19T18:22:35+00:00,patient-service,2,10,cpu:
2026-09-19T18:22:35+00:00,result-service,2,10,cpu:
2026-09-19T18:22:35+00:00,triage-service,2,10,cpu:
2026-09-19T18:22:43+00:00,audit-service,2,10,cpu:
2026-09-19T18:22:43+00:00,auth-service,2,10,cpu:
2026-09-19T18:22:43+00:00,consent-service,2,10,cpu:
2026-09-19T18:22:43+00:00,exam-service,2,10,cpu:
2026-09-19T18:22:43+00:00,history-service,2,10,cpu:
2026-09-19T18:22:43+00:00,lab-service,2,10,cpu:
2026-09-19T18:22:43+00:00,notification-service,2,10,cpu:
2026-09-19T18:22:43+00:00,patient-service,2,10,cpu:
2026-09-19T18:22:43+00:00,result-service,2,10,cpu:
2026-09-19T18:22:43+00:00,triage-service,2,10,cpu:
2026-09-19T18:22:49+00:00,audit-service,2,10,cpu:
2026-09-19T18:22:49+00:00,auth-service,2,10,cpu:
2026-09-19T18:22:49+00:00,consent-service,2,10,cpu:
2026-09-19T18:22:49+00:00,exam-service,2,10,cpu:
2026-09-19T18:22:49+00:00,history-service,2,10,cpu:
2026-09-19T18:22:49+00:00,lab-service,2,10,cpu:
2026-09-19T18:22:49+00:00,notification-service,2,10,cpu:
2026-09-19T18:22:49+00:00,patient-service,2,10,cpu:
2026-09-19T18:22:49+00:00,result-service,2,10,cpu:
2026-09-19T18:22:49+00:00,triage-service,2,10,cpu:
2026-09-19T18:22:55+00:00,audit-service,2,10,cpu:
2026-09-19T18:22:55+00:00,auth-service,2,10,cpu:
2026-09-19T18:22:55+00:00,consent-service,2,10,cpu:
2026-09-19T18:22:55+00:00,exam-service,2,10,cpu:
2026-09-19T18:22:55+00:00,history-service,2,10,cpu:
2026-09-19T18:22:55+00:00,lab-service,2,10,cpu:
2026-09-19T18:22:55+00:00,notification-service,2,10,cpu:
2026-09-19T18:22:55+00:00,patient-service,2,10,cpu:
2026-09-19T18:22:55+00:00,result-service,2,10,cpu:
2026-09-19T18:22:55+00:00,triage-service,2,10,cpu:
2026-09-19T18:23:02+00:00,audit-service,2,10,cpu:
2026-09-19T18:23:02+00:00,auth-service,2,10,cpu:
2026-09-19T18:23:02+00:00,consent-service,2,10,cpu:
2026-09-19T18:23:02+00:00,exam-service,2,10,cpu:
2026-09-19T18:23:02+00:00,history-service,2,10,cpu:
2026-09-19T18:23:02+00:00,lab-service,2,10,cpu:
2026-09-19T18:23:02+00:00,notification-service,2,10,cpu:
2026-09-19T18:23:02+00:00,patient-service,2,10,cpu:
2026-09-19T18:23:02+00:00,result-service,2,10,cpu:
2026-09-19T18:23:02+00:00,triage-service,2,10,cpu:
2026-09-19T18:23:08+00:00,audit-service,2,10,cpu:
2026-09-19T18:23:08+00:00,auth-service,2,10,cpu:
2026-09-19T18:23:08+00:00,consent-service,2,10,cpu:
2026-09-19T18:23:08+00:00,exam-service,2,10,cpu:
2026-09-19T18:23:08+00:00,history-service,2,10,cpu:
2026-09-19T18:23:08+00:00,lab-service,2,10,cpu:
2026-09-19T18:23:08+00:00,notification-service,2,10,cpu:
2026-09-19T18:23:08+00:00,patient-service,2,10,cpu:
2026-09-19T18:23:08+00:00,result-service,2,10,cpu:
2026-09-19T18:23:08+00:00,triage-service,2,10,cpu:
2026-09-19T18:23:14+00:00,audit-service,2,10,cpu:
2026-09-19T18:23:14+00:00,auth-service,2,10,cpu:
2026-09-19T18:23:14+00:00,consent-service,2,10,cpu:
2026-09-19T18:23:14+00:00,exam-service,2,10,cpu:
2026-09-19T18:23:14+00:00,history-service,2,10,cpu:
2026-09-19T18:23:14+00:00,lab-service,2,10,cpu:
2026-09-19T18:23:14+00:00,notification-service,2,10,cpu:
2026-09-19T18:23:14+00:00,patient-service,2,10,cpu:
2026-09-19T18:23:14+00:00,result-service,2,10,cpu:
2026-09-19T18:23:14+00:00,triage-service,2,10,cpu:
2026-09-19T18:23:22+00:00,audit-service,2,10,cpu:
2026-09-19T18:23:22+00:00,auth-service,2,10,cpu:
2026-09-19T18:23:22+00:00,consent-service,2,10,cpu:
2026-09-19T18:23:22+00:00,exam-service,2,10,cpu:
2026-09-19T18:23:22+00:00,history-service,2,10,cpu:
2026-09-19T18:23:22+00:00,lab-service,2,10,cpu:
2026-09-19T18:23:22+00:00,notification-service,2,10,cpu:
2026-09-19T18:23:22+00:00,patient-service,2,10,cpu:
2026-09-19T18:23:22+00:00,result-service,2,10,cpu:
2026-09-19T18:23:22+00:00,triage-service,2,10,cpu:
2026-09-19T18:23:28+00:00,audit-service,2,10,cpu:
2026-09-19T18:23:28+00:00,auth-service,2,10,cpu:
2026-09-19T18:23:28+00:00,consent-service,2,10,cpu:
2026-09-19T18:23:28+00:00,exam-service,2,10,cpu:
2026-09-19T18:23:28+00:00,history-service,2,10,cpu:
2026-09-19T18:23:28+00:00,lab-service,2,10,cpu:
2026-09-19T18:23:28+00:00,notification-service,2,10,cpu:
2026-09-19T18:23:28+00:00,patient-service,2,10,cpu:
2026-09-19T18:23:28+00:00,result-service,2,10,cpu:
2026-09-19T18:23:28+00:00,triage-service,2,10,cpu:
2026-09-19T18:23:34+00:00,audit-service,2,10,cpu:
2026-09-19T18:23:34+00:00,auth-service,2,10,cpu:
2026-09-19T18:23:34+00:00,consent-service,2,10,cpu:
2026-09-19T18:23:34+00:00,exam-service,2,10,cpu:
2026-09-19T18:23:34+00:00,history-service,2,10,cpu:
2026-09-19T18:23:34+00:00,lab-service,2,10,cpu:
2026-09-19T18:23:34+00:00,notification-service,2,10,cpu:
2026-09-19T18:23:34+00:00,patient-service,2,10,cpu:
2026-09-19T18:23:34+00:00,result-service,2,10,cpu:
2026-09-19T18:23:34+00:00,triage-service,2,10,cpu:
2026-09-19T18:23:42+00:00,audit-service,2,10,cpu:
2026-09-19T18:23:42+00:00,auth-service,2,10,cpu:
2026-09-19T18:23:42+00:00,consent-service,2,10,cpu:
2026-09-19T18:23:42+00:00,exam-service,2,10,cpu:
2026-09-19T18:23:42+00:00,history-service,2,10,cpu:
2026-09-19T18:23:42+00:00,lab-service,2,10,cpu:
2026-09-19T18:23:42+00:00,notification-service,2,10,cpu:
2026-09-19T18:23:42+00:00,patient-service,2,10,cpu:
2026-09-19T18:23:42+00:00,result-service,2,10,cpu:
2026-09-19T18:23:42+00:00,triage-service,2,10,cpu:
2026-09-19T18:23:48+00:00,audit-service,2,10,cpu:
2026-09-19T18:23:48+00:00,auth-service,2,10,cpu:
2026-09-19T18:23:48+00:00,consent-service,2,10,cpu:
2026-09-19T18:23:48+00:00,exam-service,2,10,cpu:
2026-09-19T18:23:48+00:00,history-service,2,10,cpu:
2026-09-19T18:23:48+00:00,lab-service,2,10,cpu:
2026-09-19T18:23:48+00:00,notification-service,2,10,cpu:
2026-09-19T18:23:48+00:00,patient-service,2,10,cpu:
2026-09-19T18:23:48+00:00,result-service,2,10,cpu:
2026-09-19T18:23:48+00:00,triage-service,2,10,cpu:
2026-09-19T18:23:53+00:00,audit-service,2,10,cpu:
2026-09-19T18:23:53+00:00,auth-service,2,10,cpu:
2026-09-19T18:23:53+00:00,consent-service,2,10,cpu:
2026-09-19T18:23:53+00:00,exam-service,2,10,cpu:
2026-09-19T18:23:53+00:00,history-service,2,10,cpu:
2026-09-19T18:23:53+00:00,lab-service,2,10,cpu:
2026-09-19T18:23:53+00:00,notification-service,2,10,cpu:
2026-09-19T18:23:53+00:00,patient-service,2,10,cpu:
2026-09-19T18:23:53+00:00,result-service,2,10,cpu:
2026-09-19T18:23:53+00:00,triage-service,2,10,cpu:
2026-09-19T18:24:02+00:00,audit-service,2,10,cpu:
2026-09-19T18:24:02+00:00,auth-service,2,10,cpu:
2026-09-19T18:24:02+00:00,consent-service,2,10,cpu:
2026-09-19T18:24:02+00:00,exam-service,2,10,cpu:
2026-09-19T18:24:02+00:00,history-service,2,10,cpu:
2026-09-19T18:24:02+00:00,lab-service,2,10,cpu:
2026-09-19T18:24:02+00:00,notification-service,2,10,cpu:
2026-09-19T18:24:02+00:00,patient-service,2,10,cpu:
2026-09-19T18:24:02+00:00,result-service,2,10,cpu:
2026-09-19T18:24:02+00:00,triage-service,2,10,cpu:
2026-09-19T18:24:08+00:00,audit-service,2,10,cpu:
2026-09-19T18:24:08+00:00,auth-service,2,10,cpu:
2026-09-19T18:24:08+00:00,consent-service,2,10,cpu:
2026-09-19T18:24:08+00:00,exam-service,2,10,cpu:
2026-09-19T18:24:08+00:00,history-service,2,10,cpu:
2026-09-19T18:24:08+00:00,lab-service,2,10,cpu:
2026-09-19T18:24:08+00:00,notification-service,2,10,cpu:
2026-09-19T18:24:08+00:00,patient-service,2,10,cpu:
2026-09-19T18:24:08+00:00,result-service,2,10,cpu:
2026-09-19T18:24:08+00:00,triage-service,2,10,cpu:
2026-09-19T18:24:14+00:00,audit-service,2,10,cpu:
2026-09-19T18:24:14+00:00,auth-service,2,10,cpu:
2026-09-19T18:24:14+00:00,consent-service,2,10,cpu:
2026-09-19T18:24:14+00:00,exam-service,2,10,cpu:
2026-09-19T18:24:14+00:00,history-service,2,10,cpu:
2026-09-19T18:24:14+00:00,lab-service,2,10,cpu:
2026-09-19T18:24:14+00:00,notification-service,2,10,cpu:
2026-09-19T18:24:14+00:00,patient-service,2,10,cpu:
2026-09-19T18:24:14+00:00,result-service,2,10,cpu:
2026-09-19T18:24:14+00:00,triage-service,2,10,cpu:
2026-09-19T18:24:22+00:00,audit-service,2,10,cpu:
2026-09-19T18:24:22+00:00,auth-service,2,10,cpu:
2026-09-19T18:24:22+00:00,consent-service,2,10,cpu:
2026-09-19T18:24:22+00:00,exam-service,2,10,cpu:
2026-09-19T18:24:22+00:00,history-service,2,10,cpu:
2026-09-19T18:24:22+00:00,lab-service,2,10,cpu:
2026-09-19T18:24:22+00:00,notification-service,2,10,cpu:
2026-09-19T18:24:22+00:00,patient-service,2,10,cpu:
2026-09-19T18:24:22+00:00,result-service,2,10,cpu:
2026-09-19T18:24:22+00:00,triage-service,2,10,cpu:
2026-09-19T18:24:28+00:00,audit-service,2,10,cpu:
2026-09-19T18:24:28+00:00,auth-service,2,10,cpu:
2026-09-19T18:24:28+00:00,consent-service,2,10,cpu:
2026-09-19T18:24:28+00:00,exam-service,2,10,cpu:
2026-09-19T18:24:28+00:00,history-service,2,10,cpu:
2026-09-19T18:24:28+00:00,lab-service,2,10,cpu:
2026-09-19T18:24:28+00:00,notification-service,2,10,cpu:
2026-09-19T18:24:28+00:00,patient-service,2,10,cpu:
2026-09-19T18:24:28+00:00,result-service,2,10,cpu:
2026-09-19T18:24:28+00:00,triage-service,2,10,cpu:
2026-09-19T18:24:33+00:00,audit-service,2,10,cpu:
2026-09-19T18:24:33+00:00,auth-service,2,10,cpu:
2026-09-19T18:24:33+00:00,consent-service,2,10,cpu:
2026-09-19T18:24:33+00:00,exam-service,2,10,cpu:
2026-09-19T18:24:33+00:00,history-service,2,10,cpu:
2026-09-19T18:24:33+00:00,lab-service,2,10,cpu:
2026-09-19T18:24:33+00:00,notification-service,2,10,cpu:
2026-09-19T18:24:33+00:00,patient-service,2,10,cpu:
2026-09-19T18:24:33+00:00,result-service,2,10,cpu:
2026-09-19T18:24:33+00:00,triage-service,2,10,cpu:
2026-09-19T18:24:41+00:00,audit-service,2,10,cpu:
2026-09-19T18:24:41+00:00,auth-service,2,10,cpu:
2026-09-19T18:24:41+00:00,consent-service,2,10,cpu:
2026-09-19T18:24:41+00:00,exam-service,2,10,cpu:
2026-09-19T18:24:41+00:00,history-service,2,10,cpu:
2026-09-19T18:24:41+00:00,lab-service,2,10,cpu:
2026-09-19T18:24:41+00:00,notification-service,2,10,cpu:
2026-09-19T18:24:41+00:00,patient-service,2,10,cpu:
2026-09-19T18:24:41+00:00,result-service,2,10,cpu:
2026-09-19T18:24:41+00:00,triage-service,2,10,cpu:
2026-09-19T18:24:47+00:00,audit-service,2,10,cpu:
2026-09-19T18:24:47+00:00,auth-service,2,10,cpu:
2026-09-19T18:24:47+00:00,consent-service,2,10,cpu:
2026-09-19T18:24:47+00:00,exam-service,2,10,cpu:
2026-09-19T18:24:47+00:00,history-service,2,10,cpu:
2026-09-19T18:24:47+00:00,lab-service,2,10,cpu:
2026-09-19T18:24:47+00:00,notification-service,2,10,cpu:
2026-09-19T18:24:47+00:00,patient-service,2,10,cpu:
2026-09-19T18:24:47+00:00,result-service,2,10,cpu:
2026-09-19T18:24:47+00:00,triage-service,2,10,cpu:
2026-09-19T18:24:52+00:00,audit-service,2,10,cpu:
2026-09-19T18:24:52+00:00,auth-service,2,10,cpu:
2026-09-19T18:24:52+00:00,consent-service,2,10,cpu:
2026-09-19T18:24:52+00:00,exam-service,2,10,cpu:
2026-09-19T18:24:52+00:00,history-service,2,10,cpu:
2026-09-19T18:24:52+00:00,lab-service,2,10,cpu:
2026-09-19T18:24:52+00:00,notification-service,2,10,cpu:
2026-09-19T18:24:52+00:00,patient-service,2,10,cpu:
2026-09-19T18:24:52+00:00,result-service,2,10,cpu:
2026-09-19T18:24:52+00:00,triage-service,2,10,cpu:
2026-09-19T18:25:00+00:00,audit-service,2,10,cpu:
2026-09-19T18:25:00+00:00,auth-service,2,10,cpu:
2026-09-19T18:25:00+00:00,consent-service,2,10,cpu:
2026-09-19T18:25:00+00:00,exam-service,2,10,cpu:
2026-09-19T18:25:00+00:00,history-service,2,10,cpu:
2026-09-19T18:25:00+00:00,lab-service,2,10,cpu:
2026-09-19T18:25:00+00:00,notification-service,2,10,cpu:
2026-09-19T18:25:00+00:00,patient-service,2,10,cpu:
2026-09-19T18:25:00+00:00,result-service,2,10,cpu:
2026-09-19T18:25:00+00:00,triage-service,2,10,cpu:
2026-09-19T18:25:06+00:00,audit-service,2,10,cpu:
2026-09-19T18:25:06+00:00,auth-service,2,10,cpu:
2026-09-19T18:25:06+00:00,consent-service,2,10,cpu:
2026-09-19T18:25:06+00:00,exam-service,2,10,cpu:
2026-09-19T18:25:06+00:00,history-service,2,10,cpu:
2026-09-19T18:25:06+00:00,lab-service,2,10,cpu:
2026-09-19T18:25:06+00:00,notification-service,2,10,cpu:
2026-09-19T18:25:06+00:00,patient-service,2,10,cpu:
2026-09-19T18:25:06+00:00,result-service,2,10,cpu:
2026-09-19T18:25:06+00:00,triage-service,2,10,cpu:
2026-09-19T18:25:12+00:00,audit-service,2,10,cpu:
2026-09-19T18:25:12+00:00,auth-service,2,10,cpu:
2026-09-19T18:25:12+00:00,consent-service,2,10,cpu:
2026-09-19T18:25:12+00:00,exam-service,2,10,cpu:
2026-09-19T18:25:12+00:00,history-service,2,10,cpu:
2026-09-19T18:25:12+00:00,lab-service,2,10,cpu:
2026-09-19T18:25:12+00:00,notification-service,2,10,cpu:
2026-09-19T18:25:12+00:00,patient-service,2,10,cpu:
2026-09-19T18:25:12+00:00,result-service,2,10,cpu:
2026-09-19T18:25:12+00:00,triage-service,2,10,cpu:
2026-09-19T18:25:19+00:00,audit-service,2,10,cpu:
2026-09-19T18:25:19+00:00,auth-service,2,10,cpu:
2026-09-19T18:25:19+00:00,consent-service,2,10,cpu:
2026-09-19T18:25:19+00:00,exam-service,2,10,cpu:
2026-09-19T18:25:19+00:00,history-service,2,10,cpu:
2026-09-19T18:25:19+00:00,lab-service,2,10,cpu:
2026-09-19T18:25:19+00:00,notification-service,2,10,cpu:
2026-09-19T18:25:19+00:00,patient-service,2,10,cpu:
2026-09-19T18:25:19+00:00,result-service,2,10,cpu:
2026-09-19T18:25:19+00:00,triage-service,2,10,cpu:
2026-09-19T18:25:25+00:00,audit-service,2,10,cpu:
2026-09-19T18:25:25+00:00,auth-service,2,10,cpu:
2026-09-19T18:25:25+00:00,consent-service,2,10,cpu:
2026-09-19T18:25:25+00:00,exam-service,2,10,cpu:
2026-09-19T18:25:25+00:00,history-service,2,10,cpu:
2026-09-19T18:25:25+00:00,lab-service,2,10,cpu:
2026-09-19T18:25:25+00:00,notification-service,2,10,cpu:
2026-09-19T18:25:25+00:00,patient-service,2,10,cpu:
2026-09-19T18:25:25+00:00,result-service,2,10,cpu:
2026-09-19T18:25:25+00:00,triage-service,2,10,cpu:
2026-09-19T18:25:31+00:00,audit-service,2,10,cpu:
2026-09-19T18:25:31+00:00,auth-service,2,10,cpu:
2026-09-19T18:25:31+00:00,consent-service,2,10,cpu:
2026-09-19T18:25:31+00:00,exam-service,2,10,cpu:
2026-09-19T18:25:31+00:00,history-service,2,10,cpu:
2026-09-19T18:25:31+00:00,lab-service,2,10,cpu:
2026-09-19T18:25:31+00:00,notification-service,2,10,cpu:
2026-09-19T18:25:31+00:00,patient-service,2,10,cpu:
2026-09-19T18:25:31+00:00,result-service,2,10,cpu:
2026-09-19T18:25:31+00:00,triage-service,2,10,cpu:
2026-09-19T18:25:38+00:00,audit-service,2,10,cpu:
2026-09-19T18:25:38+00:00,auth-service,2,10,cpu:
2026-09-19T18:25:38+00:00,consent-service,2,10,cpu:
2026-09-19T18:25:38+00:00,exam-service,2,10,cpu:
2026-09-19T18:25:38+00:00,history-service,2,10,cpu:
2026-09-19T18:25:38+00:00,lab-service,2,10,cpu:
2026-09-19T18:25:38+00:00,notification-service,2,10,cpu:
2026-09-19T18:25:38+00:00,patient-service,2,10,cpu:
2026-09-19T18:25:38+00:00,result-service,2,10,cpu:
2026-09-19T18:25:38+00:00,triage-service,2,10,cpu:
2026-09-19T18:25:44+00:00,audit-service,2,10,cpu:
2026-09-19T18:25:44+00:00,auth-service,2,10,cpu:
2026-09-19T18:25:44+00:00,consent-service,2,10,cpu:
2026-09-19T18:25:44+00:00,exam-service,2,10,cpu:
2026-09-19T18:25:44+00:00,history-service,2,10,cpu:
2026-09-19T18:25:44+00:00,lab-service,2,10,cpu:
2026-09-19T18:25:44+00:00,notification-service,2,10,cpu:
2026-09-19T18:25:44+00:00,patient-service,2,10,cpu:
2026-09-19T18:25:44+00:00,result-service,2,10,cpu:
2026-09-19T18:25:44+00:00,triage-service,2,10,cpu:
2026-09-19T18:25:50+00:00,audit-service,2,10,cpu:
2026-09-19T18:25:50+00:00,auth-service,2,10,cpu:
2026-09-19T18:25:50+00:00,consent-service,2,10,cpu:
2026-09-19T18:25:50+00:00,exam-service,2,10,cpu:
2026-09-19T18:25:50+00:00,history-service,2,10,cpu:
2026-09-19T18:25:50+00:00,lab-service,2,10,cpu:
2026-09-19T18:25:50+00:00,notification-service,2,10,cpu:
2026-09-19T18:25:50+00:00,patient-service,2,10,cpu:
2026-09-19T18:25:50+00:00,result-service,2,10,cpu:
2026-09-19T18:25:50+00:00,triage-service,2,10,cpu:
2026-09-19T18:25:58+00:00,audit-service,2,10,cpu:
2026-09-19T18:25:58+00:00,auth-service,2,10,cpu:
2026-09-19T18:25:58+00:00,consent-service,2,10,cpu:
2026-09-19T18:25:58+00:00,exam-service,2,10,cpu:
2026-09-19T18:25:58+00:00,history-service,2,10,cpu:
2026-09-19T18:25:58+00:00,lab-service,2,10,cpu:
2026-09-19T18:25:58+00:00,notification-service,2,10,cpu:
2026-09-19T18:25:58+00:00,patient-service,2,10,cpu:
2026-09-19T18:25:58+00:00,result-service,2,10,cpu:
2026-09-19T18:25:58+00:00,triage-service,2,10,cpu:
2026-09-19T18:26:04+00:00,audit-service,2,10,cpu:
2026-09-19T18:26:04+00:00,auth-service,2,10,cpu:
2026-09-19T18:26:04+00:00,consent-service,2,10,cpu:
2026-09-19T18:26:04+00:00,exam-service,2,10,cpu:
2026-09-19T18:26:04+00:00,history-service,2,10,cpu:
2026-09-19T18:26:04+00:00,lab-service,2,10,cpu:
2026-09-19T18:26:04+00:00,notification-service,2,10,cpu:
2026-09-19T18:26:04+00:00,patient-service,2,10,cpu:
2026-09-19T18:26:04+00:00,result-service,2,10,cpu:
2026-09-19T18:26:04+00:00,triage-service,2,10,cpu:
2026-09-19T18:26:09+00:00,audit-service,2,10,cpu:
2026-09-19T18:26:09+00:00,auth-service,2,10,cpu:
2026-09-19T18:26:09+00:00,consent-service,2,10,cpu:
2026-09-19T18:26:09+00:00,exam-service,2,10,cpu:
2026-09-19T18:26:09+00:00,history-service,2,10,cpu:
2026-09-19T18:26:09+00:00,lab-service,2,10,cpu:
2026-09-19T18:26:09+00:00,notification-service,2,10,cpu:
2026-09-19T18:26:09+00:00,patient-service,2,10,cpu:
2026-09-19T18:26:09+00:00,result-service,2,10,cpu:
2026-09-19T18:26:09+00:00,triage-service,2,10,cpu:
2026-09-19T18:26:17+00:00,audit-service,2,10,cpu:
2026-09-19T18:26:17+00:00,auth-service,2,10,cpu:
2026-09-19T18:26:17+00:00,consent-service,2,10,cpu:
2026-09-19T18:26:17+00:00,exam-service,2,10,cpu:
2026-09-19T18:26:17+00:00,history-service,2,10,cpu:
2026-09-19T18:26:17+00:00,lab-service,2,10,cpu:
2026-09-19T18:26:17+00:00,notification-service,2,10,cpu:
2026-09-19T18:26:17+00:00,patient-service,2,10,cpu:
2026-09-19T18:26:17+00:00,result-service,2,10,cpu:
2026-09-19T18:26:17+00:00,triage-service,2,10,cpu:
2026-09-19T18:26:22+00:00,audit-service,2,10,cpu:
2026-09-19T18:26:22+00:00,auth-service,2,10,cpu:
2026-09-19T18:26:22+00:00,consent-service,2,10,cpu:
2026-09-19T18:26:22+00:00,exam-service,2,10,cpu:
2026-09-19T18:26:22+00:00,history-service,2,10,cpu:
2026-09-19T18:26:22+00:00,lab-service,2,10,cpu:
2026-09-19T18:26:22+00:00,notification-service,2,10,cpu:
2026-09-19T18:26:22+00:00,patient-service,2,10,cpu:
2026-09-19T18:26:22+00:00,result-service,2,10,cpu:
2026-09-19T18:26:22+00:00,triage-service,2,10,cpu:
2026-09-19T18:26:28+00:00,audit-service,2,10,cpu:
2026-09-19T18:26:28+00:00,auth-service,2,10,cpu:
2026-09-19T18:26:28+00:00,consent-service,2,10,cpu:
2026-09-19T18:26:28+00:00,exam-service,2,10,cpu:
2026-09-19T18:26:28+00:00,history-service,2,10,cpu:
2026-09-19T18:26:28+00:00,lab-service,2,10,cpu:
2026-09-19T18:26:28+00:00,notification-service,2,10,cpu:
2026-09-19T18:26:28+00:00,patient-service,2,10,cpu:
2026-09-19T18:26:28+00:00,result-service,2,10,cpu:
2026-09-19T18:26:28+00:00,triage-service,2,10,cpu:
2026-09-19T18:26:36+00:00,audit-service,2,10,cpu:
2026-09-19T18:26:36+00:00,auth-service,2,10,cpu:
2026-09-19T18:26:36+00:00,consent-service,2,10,cpu:
2026-09-19T18:26:36+00:00,exam-service,2,10,cpu:
2026-09-19T18:26:36+00:00,history-service,2,10,cpu:
2026-09-19T18:26:36+00:00,lab-service,2,10,cpu:
2026-09-19T18:26:36+00:00,notification-service,2,10,cpu:
2026-09-19T18:26:36+00:00,patient-service,2,10,cpu:
2026-09-19T18:26:36+00:00,result-service,2,10,cpu:
2026-09-19T18:26:36+00:00,triage-service,2,10,cpu:
2026-09-19T18:26:42+00:00,audit-service,2,10,cpu:
2026-09-19T18:26:42+00:00,auth-service,2,10,cpu:
2026-09-19T18:26:42+00:00,consent-service,2,10,cpu:
2026-09-19T18:26:42+00:00,exam-service,2,10,cpu:
2026-09-19T18:26:42+00:00,history-service,2,10,cpu:
2026-09-19T18:26:42+00:00,lab-service,2,10,cpu:
2026-09-19T18:26:42+00:00,notification-service,2,10,cpu:
2026-09-19T18:26:42+00:00,patient-service,2,10,cpu:
2026-09-19T18:26:42+00:00,result-service,2,10,cpu:
2026-09-19T18:26:42+00:00,triage-service,2,10,cpu:
2026-09-19T18:26:48+00:00,audit-service,2,10,cpu:
2026-09-19T18:26:48+00:00,auth-service,2,10,cpu:
2026-09-19T18:26:48+00:00,consent-service,2,10,cpu:
2026-09-19T18:26:48+00:00,exam-service,2,10,cpu:
2026-09-19T18:26:48+00:00,history-service,2,10,cpu:
2026-09-19T18:26:48+00:00,lab-service,2,10,cpu:
2026-09-19T18:26:48+00:00,notification-service,2,10,cpu:
2026-09-19T18:26:48+00:00,patient-service,2,10,cpu:
2026-09-19T18:26:48+00:00,result-service,2,10,cpu:
2026-09-19T18:26:48+00:00,triage-service,2,10,cpu:
2026-09-19T18:26:55+00:00,audit-service,2,10,cpu:
2026-09-19T18:26:55+00:00,auth-service,2,10,cpu:
2026-09-19T18:26:55+00:00,consent-service,2,10,cpu:
2026-09-19T18:26:55+00:00,exam-service,2,10,cpu:
2026-09-19T18:26:55+00:00,history-service,2,10,cpu:
2026-09-19T18:26:55+00:00,lab-service,2,10,cpu:
2026-09-19T18:26:55+00:00,notification-service,2,10,cpu:
2026-09-19T18:26:55+00:00,patient-service,2,10,cpu:
2026-09-19T18:26:55+00:00,result-service,2,10,cpu:
2026-09-19T18:26:55+00:00,triage-service,2,10,cpu:
2026-09-19T18:27:01+00:00,audit-service,2,10,cpu:
2026-09-19T18:27:01+00:00,auth-service,2,10,cpu:
2026-09-19T18:27:01+00:00,consent-service,2,10,cpu:
2026-09-19T18:27:01+00:00,exam-service,2,10,cpu:
2026-09-19T18:27:01+00:00,history-service,2,10,cpu:
2026-09-19T18:27:01+00:00,lab-service,2,10,cpu:
2026-09-19T18:27:01+00:00,notification-service,2,10,cpu:
2026-09-19T18:27:01+00:00,patient-service,2,10,cpu:
2026-09-19T18:27:01+00:00,result-service,2,10,cpu:
2026-09-19T18:27:01+00:00,triage-service,2,10,cpu:
2026-09-19T18:27:06+00:00,audit-service,2,10,cpu:
2026-09-19T18:27:06+00:00,auth-service,2,10,cpu:
2026-09-19T18:27:06+00:00,consent-service,2,10,cpu:
2026-09-19T18:27:06+00:00,exam-service,2,10,cpu:
2026-09-19T18:27:06+00:00,history-service,2,10,cpu:
2026-09-19T18:27:06+00:00,lab-service,2,10,cpu:
2026-09-19T18:27:06+00:00,notification-service,2,10,cpu:
2026-09-19T18:27:06+00:00,patient-service,2,10,cpu:
2026-09-19T18:27:06+00:00,result-service,2,10,cpu:
2026-09-19T18:27:06+00:00,triage-service,2,10,cpu:
2026-09-19T18:27:14+00:00,audit-service,2,10,cpu:
2026-09-19T18:27:14+00:00,auth-service,2,10,cpu:
2026-09-19T18:27:14+00:00,consent-service,2,10,cpu:
2026-09-19T18:27:14+00:00,exam-service,2,10,cpu:
2026-09-19T18:27:14+00:00,history-service,2,10,cpu:
2026-09-19T18:27:14+00:00,lab-service,2,10,cpu:
2026-09-19T18:27:14+00:00,notification-service,2,10,cpu:
2026-09-19T18:27:14+00:00,patient-service,2,10,cpu:
2026-09-19T18:27:14+00:00,result-service,2,10,cpu:
2026-09-19T18:27:14+00:00,triage-service,2,10,cpu:
2026-09-19T18:27:19+00:00,audit-service,2,10,cpu:
2026-09-19T18:27:19+00:00,auth-service,2,10,cpu:
2026-09-19T18:27:19+00:00,consent-service,2,10,cpu:
2026-09-19T18:27:19+00:00,exam-service,2,10,cpu:
2026-09-19T18:27:19+00:00,history-service,2,10,cpu:
2026-09-19T18:27:19+00:00,lab-service,2,10,cpu:
2026-09-19T18:27:19+00:00,notification-service,2,10,cpu:
2026-09-19T18:27:19+00:00,patient-service,2,10,cpu:
2026-09-19T18:27:19+00:00,result-service,2,10,cpu:
2026-09-19T18:27:19+00:00,triage-service,2,10,cpu:
2026-09-19T18:27:25+00:00,audit-service,2,10,cpu:
2026-09-19T18:27:25+00:00,auth-service,2,10,cpu:
2026-09-19T18:27:25+00:00,consent-service,2,10,cpu:
2026-09-19T18:27:25+00:00,exam-service,2,10,cpu:
2026-09-19T18:27:25+00:00,history-service,2,10,cpu:
2026-09-19T18:27:25+00:00,lab-service,2,10,cpu:
2026-09-19T18:27:25+00:00,notification-service,2,10,cpu:
2026-09-19T18:27:25+00:00,patient-service,2,10,cpu:
2026-09-19T18:27:25+00:00,result-service,2,10,cpu:
2026-09-19T18:27:25+00:00,triage-service,2,10,cpu:
2026-09-19T18:27:32+00:00,audit-service,2,10,cpu:
2026-09-19T18:27:32+00:00,auth-service,2,10,cpu:
2026-09-19T18:27:32+00:00,consent-service,2,10,cpu:
2026-09-19T18:27:32+00:00,exam-service,2,10,cpu:
2026-09-19T18:27:32+00:00,history-service,2,10,cpu:
2026-09-19T18:27:32+00:00,lab-service,2,10,cpu:
2026-09-19T18:27:32+00:00,notification-service,2,10,cpu:
2026-09-19T18:27:32+00:00,patient-service,2,10,cpu:
2026-09-19T18:27:32+00:00,result-service,2,10,cpu:
2026-09-19T18:27:32+00:00,triage-service,2,10,cpu:
2026-09-19T18:27:38+00:00,audit-service,2,10,cpu:
2026-09-19T18:27:38+00:00,auth-service,2,10,cpu:
2026-09-19T18:27:38+00:00,consent-service,2,10,cpu:
2026-09-19T18:27:38+00:00,exam-service,2,10,cpu:
2026-09-19T18:27:38+00:00,history-service,2,10,cpu:
2026-09-19T18:27:38+00:00,lab-service,2,10,cpu:
2026-09-19T18:27:38+00:00,notification-service,2,10,cpu:
2026-09-19T18:27:38+00:00,patient-service,2,10,cpu:
2026-09-19T18:27:38+00:00,result-service,2,10,cpu:
2026-09-19T18:27:38+00:00,triage-service,2,10,cpu:
2026-09-19T18:27:44+00:00,audit-service,2,10,cpu:
2026-09-19T18:27:44+00:00,auth-service,2,10,cpu:
2026-09-19T18:27:44+00:00,consent-service,2,10,cpu:
2026-09-19T18:27:44+00:00,exam-service,2,10,cpu:
2026-09-19T18:27:44+00:00,history-service,2,10,cpu:
2026-09-19T18:27:44+00:00,lab-service,2,10,cpu:
2026-09-19T18:27:44+00:00,notification-service,2,10,cpu:
2026-09-19T18:27:44+00:00,patient-service,2,10,cpu:
2026-09-19T18:27:44+00:00,result-service,2,10,cpu:
2026-09-19T18:27:44+00:00,triage-service,2,10,cpu:
2026-09-19T18:27:51+00:00,audit-service,2,10,cpu:
2026-09-19T18:27:51+00:00,auth-service,2,10,cpu:
2026-09-19T18:27:51+00:00,consent-service,2,10,cpu:
2026-09-19T18:27:51+00:00,exam-service,2,10,cpu:
2026-09-19T18:27:51+00:00,history-service,2,10,cpu:
2026-09-19T18:27:51+00:00,lab-service,2,10,cpu:
2026-09-19T18:27:51+00:00,notification-service,2,10,cpu:
2026-09-19T18:27:51+00:00,patient-service,2,10,cpu:
2026-09-19T18:27:51+00:00,result-service,2,10,cpu:
2026-09-19T18:27:51+00:00,triage-service,2,10,cpu:
2026-09-19T18:27:57+00:00,audit-service,2,10,cpu:
2026-09-19T18:27:57+00:00,auth-service,2,10,cpu:
2026-09-19T18:27:57+00:00,consent-service,2,10,cpu:
2026-09-19T18:27:57+00:00,exam-service,2,10,cpu:
2026-09-19T18:27:57+00:00,history-service,2,10,cpu:
2026-09-19T18:27:57+00:00,lab-service,2,10,cpu:
2026-09-19T18:27:57+00:00,notification-service,2,10,cpu:
2026-09-19T18:27:57+00:00,patient-service,2,10,cpu:
2026-09-19T18:27:57+00:00,result-service,2,10,cpu:
2026-09-19T18:27:57+00:00,triage-service,2,10,cpu:
2026-09-19T18:28:02+00:00,audit-service,2,10,cpu:
2026-09-19T18:28:02+00:00,auth-service,2,10,cpu:
2026-09-19T18:28:02+00:00,consent-service,2,10,cpu:
2026-09-19T18:28:02+00:00,exam-service,2,10,cpu:
2026-09-19T18:28:02+00:00,history-service,2,10,cpu:
2026-09-19T18:28:02+00:00,lab-service,2,10,cpu:
2026-09-19T18:28:02+00:00,notification-service,2,10,cpu:
2026-09-19T18:28:02+00:00,patient-service,2,10,cpu:
2026-09-19T18:28:02+00:00,result-service,2,10,cpu:
2026-09-19T18:28:02+00:00,triage-service,2,10,cpu:
2026-09-19T18:28:10+00:00,audit-service,2,10,cpu:
2026-09-19T18:28:10+00:00,auth-service,2,10,cpu:
2026-09-19T18:28:10+00:00,consent-service,2,10,cpu:
2026-09-19T18:28:10+00:00,exam-service,2,10,cpu:
2026-09-19T18:28:10+00:00,history-service,2,10,cpu:
2026-09-19T18:28:10+00:00,lab-service,2,10,cpu:
2026-09-19T18:28:10+00:00,notification-service,2,10,cpu:
2026-09-19T18:28:10+00:00,patient-service,2,10,cpu:
2026-09-19T18:28:10+00:00,result-service,2,10,cpu:
2026-09-19T18:28:10+00:00,triage-service,2,10,cpu:
2026-09-19T18:28:16+00:00,audit-service,2,10,cpu:
2026-09-19T18:28:16+00:00,auth-service,2,10,cpu:
2026-09-19T18:28:16+00:00,consent-service,2,10,cpu:
2026-09-19T18:28:16+00:00,exam-service,2,10,cpu:
2026-09-19T18:28:16+00:00,history-service,2,10,cpu:
2026-09-19T18:28:16+00:00,lab-service,2,10,cpu:
2026-09-19T18:28:16+00:00,notification-service,2,10,cpu:
2026-09-19T18:28:16+00:00,patient-service,2,10,cpu:
2026-09-19T18:28:16+00:00,result-service,2,10,cpu:
2026-09-19T18:28:16+00:00,triage-service,2,10,cpu:
2026-09-19T18:28:22+00:00,audit-service,2,10,cpu:
2026-09-19T18:28:22+00:00,auth-service,2,10,cpu:
2026-09-19T18:28:22+00:00,consent-service,2,10,cpu:
2026-09-19T18:28:22+00:00,exam-service,2,10,cpu:
2026-09-19T18:28:22+00:00,history-service,2,10,cpu:
2026-09-19T18:28:22+00:00,lab-service,2,10,cpu:
2026-09-19T18:28:22+00:00,notification-service,2,10,cpu:
2026-09-19T18:28:22+00:00,patient-service,2,10,cpu:
2026-09-19T18:28:22+00:00,result-service,2,10,cpu:
2026-09-19T18:28:22+00:00,triage-service,2,10,cpu:
2026-09-19T18:28:30+00:00,audit-service,2,10,cpu:
2026-09-19T18:28:30+00:00,auth-service,2,10,cpu:
2026-09-19T18:28:30+00:00,consent-service,2,10,cpu:
2026-09-19T18:28:30+00:00,exam-service,2,10,cpu:
2026-09-19T18:28:30+00:00,history-service,2,10,cpu:
2026-09-19T18:28:30+00:00,lab-service,2,10,cpu:
2026-09-19T18:28:30+00:00,notification-service,2,10,cpu:
2026-09-19T18:28:30+00:00,patient-service,2,10,cpu:
2026-09-19T18:28:30+00:00,result-service,2,10,cpu:
2026-09-19T18:28:30+00:00,triage-service,2,10,cpu:
2026-09-19T18:28:36+00:00,audit-service,2,10,cpu:
2026-09-19T18:28:36+00:00,auth-service,2,10,cpu:
2026-09-19T18:28:36+00:00,consent-service,2,10,cpu:
2026-09-19T18:28:36+00:00,exam-service,2,10,cpu:
2026-09-19T18:28:36+00:00,history-service,2,10,cpu:
2026-09-19T18:28:36+00:00,lab-service,2,10,cpu:
2026-09-19T18:28:36+00:00,notification-service,2,10,cpu:
2026-09-19T18:28:36+00:00,patient-service,2,10,cpu:
2026-09-19T18:28:36+00:00,result-service,2,10,cpu:
2026-09-19T18:28:36+00:00,triage-service,2,10,cpu:
2026-09-19T18:28:42+00:00,audit-service,2,10,cpu:
2026-09-19T18:28:42+00:00,auth-service,2,10,cpu:
2026-09-19T18:28:42+00:00,consent-service,2,10,cpu:
2026-09-19T18:28:42+00:00,exam-service,2,10,cpu:
2026-09-19T18:28:42+00:00,history-service,2,10,cpu:
2026-09-19T18:28:42+00:00,lab-service,2,10,cpu:
2026-09-19T18:28:42+00:00,notification-service,2,10,cpu:
2026-09-19T18:28:42+00:00,patient-service,2,10,cpu:
2026-09-19T18:28:42+00:00,result-service,2,10,cpu:
2026-09-19T18:28:42+00:00,triage-service,2,10,cpu:
2026-09-19T18:28:50+00:00,audit-service,2,10,cpu:
2026-09-19T18:28:50+00:00,auth-service,2,10,cpu:
2026-09-19T18:28:50+00:00,consent-service,2,10,cpu:
2026-09-19T18:28:50+00:00,exam-service,2,10,cpu:
2026-09-19T18:28:50+00:00,history-service,2,10,cpu:
2026-09-19T18:28:50+00:00,lab-service,2,10,cpu:
2026-09-19T18:28:50+00:00,notification-service,2,10,cpu:
2026-09-19T18:28:50+00:00,patient-service,2,10,cpu:
2026-09-19T18:28:50+00:00,result-service,2,10,cpu:
2026-09-19T18:28:50+00:00,triage-service,2,10,cpu:
2026-09-19T18:28:57+00:00,audit-service,2,10,cpu:
2026-09-19T18:28:57+00:00,auth-service,2,10,cpu:
2026-09-19T18:28:57+00:00,consent-service,2,10,cpu:
2026-09-19T18:28:57+00:00,exam-service,2,10,cpu:
2026-09-19T18:28:57+00:00,history-service,2,10,cpu:
2026-09-19T18:28:57+00:00,lab-service,2,10,cpu:
2026-09-19T18:28:57+00:00,notification-service,2,10,cpu:
2026-09-19T18:28:57+00:00,patient-service,2,10,cpu:
2026-09-19T18:28:57+00:00,result-service,2,10,cpu:
2026-09-19T18:28:57+00:00,triage-service,2,10,cpu:
2026-09-19T18:29:02+00:00,audit-service,2,10,cpu:
2026-09-19T18:29:02+00:00,auth-service,2,10,cpu:
2026-09-19T18:29:02+00:00,consent-service,2,10,cpu:
2026-09-19T18:29:02+00:00,exam-service,2,10,cpu:
2026-09-19T18:29:02+00:00,history-service,2,10,cpu:
2026-09-19T18:29:02+00:00,lab-service,2,10,cpu:
2026-09-19T18:29:02+00:00,notification-service,2,10,cpu:
2026-09-19T18:29:02+00:00,patient-service,2,10,cpu:
2026-09-19T18:29:02+00:00,result-service,2,10,cpu:
2026-09-19T18:29:02+00:00,triage-service,2,10,cpu:
2026-09-19T18:29:10+00:00,audit-service,2,10,cpu:
2026-09-19T18:29:10+00:00,auth-service,2,10,cpu:
2026-09-19T18:29:10+00:00,consent-service,2,10,cpu:
2026-09-19T18:29:10+00:00,exam-service,2,10,cpu:
2026-09-19T18:29:10+00:00,history-service,2,10,cpu:
2026-09-19T18:29:10+00:00,lab-service,2,10,cpu:
2026-09-19T18:29:10+00:00,notification-service,2,10,cpu:
2026-09-19T18:29:10+00:00,patient-service,2,10,cpu:
2026-09-19T18:29:10+00:00,result-service,2,10,cpu:
2026-09-19T18:29:10+00:00,triage-service,2,10,cpu:
2026-09-19T18:29:16+00:00,audit-service,2,10,cpu:
2026-09-19T18:29:16+00:00,auth-service,2,10,cpu:
2026-09-19T18:29:16+00:00,consent-service,2,10,cpu:
2026-09-19T18:29:16+00:00,exam-service,2,10,cpu:
2026-09-19T18:29:16+00:00,history-service,2,10,cpu:
2026-09-19T18:29:16+00:00,lab-service,2,10,cpu:
2026-09-19T18:29:16+00:00,notification-service,2,10,cpu:
2026-09-19T18:29:16+00:00,patient-service,2,10,cpu:
2026-09-19T18:29:16+00:00,result-service,2,10,cpu:
2026-09-19T18:29:16+00:00,triage-service,2,10,cpu:
2026-09-19T18:29:22+00:00,audit-service,2,10,cpu:
2026-09-19T18:29:22+00:00,auth-service,2,10,cpu:
2026-09-19T18:29:22+00:00,consent-service,2,10,cpu:
2026-09-19T18:29:22+00:00,exam-service,2,10,cpu:
2026-09-19T18:29:22+00:00,history-service,2,10,cpu:
2026-09-19T18:29:22+00:00,lab-service,2,10,cpu:
2026-09-19T18:29:22+00:00,notification-service,2,10,cpu:
2026-09-19T18:29:22+00:00,patient-service,2,10,cpu:
2026-09-19T18:29:22+00:00,result-service,2,10,cpu:
2026-09-19T18:29:22+00:00,triage-service,2,10,cpu:
2026-09-19T18:29:30+00:00,audit-service,2,10,cpu:
2026-09-19T18:29:30+00:00,auth-service,2,10,cpu:
2026-09-19T18:29:30+00:00,consent-service,2,10,cpu:
2026-09-19T18:29:30+00:00,exam-service,2,10,cpu:
2026-09-19T18:29:30+00:00,history-service,2,10,cpu:
2026-09-19T18:29:30+00:00,lab-service,2,10,cpu:
2026-09-19T18:29:30+00:00,notification-service,2,10,cpu:
2026-09-19T18:29:30+00:00,patient-service,2,10,cpu:
2026-09-19T18:29:30+00:00,result-service,2,10,cpu:
2026-09-19T18:29:30+00:00,triage-service,2,10,cpu:
2026-09-19T18:29:36+00:00,audit-service,2,10,cpu:
2026-09-19T18:29:36+00:00,auth-service,2,10,cpu:
2026-09-19T18:29:36+00:00,consent-service,2,10,cpu:
2026-09-19T18:29:36+00:00,exam-service,2,10,cpu:
2026-09-19T18:29:36+00:00,history-service,2,10,cpu:
2026-09-19T18:29:36+00:00,lab-service,2,10,cpu:
2026-09-19T18:29:36+00:00,notification-service,2,10,cpu:
2026-09-19T18:29:36+00:00,patient-service,2,10,cpu:
2026-09-19T18:29:36+00:00,result-service,2,10,cpu:
2026-09-19T18:29:36+00:00,triage-service,2,10,cpu:
2026-09-19T18:29:42+00:00,audit-service,2,10,cpu:
2026-09-19T18:29:42+00:00,auth-service,2,10,cpu:
2026-09-19T18:29:42+00:00,consent-service,2,10,cpu:
2026-09-19T18:29:42+00:00,exam-service,2,10,cpu:
2026-09-19T18:29:42+00:00,history-service,2,10,cpu:
2026-09-19T18:29:42+00:00,lab-service,2,10,cpu:
2026-09-19T18:29:42+00:00,notification-service,2,10,cpu:
2026-09-19T18:29:42+00:00,patient-service,2,10,cpu:
2026-09-19T18:29:42+00:00,result-service,2,10,cpu:
2026-09-19T18:29:42+00:00,triage-service,2,10,cpu:
2026-09-19T18:29:51+00:00,audit-service,2,10,cpu:
2026-09-19T18:29:51+00:00,auth-service,2,10,cpu:
2026-09-19T18:29:51+00:00,consent-service,2,10,cpu:
2026-09-19T18:29:51+00:00,exam-service,2,10,cpu:
2026-09-19T18:29:51+00:00,history-service,2,10,cpu:
2026-09-19T18:29:51+00:00,lab-service,2,10,cpu:
2026-09-19T18:29:51+00:00,notification-service,2,10,cpu:
2026-09-19T18:29:51+00:00,patient-service,2,10,cpu:
2026-09-19T18:29:51+00:00,result-service,2,10,cpu:
2026-09-19T18:29:51+00:00,triage-service,2,10,cpu:
2026-09-19T18:29:57+00:00,audit-service,2,10,cpu:
2026-09-19T18:29:57+00:00,auth-service,2,10,cpu:
2026-09-19T18:29:57+00:00,consent-service,2,10,cpu:
2026-09-19T18:29:57+00:00,exam-service,2,10,cpu:
2026-09-19T18:29:57+00:00,history-service,2,10,cpu:
2026-09-19T18:29:57+00:00,lab-service,2,10,cpu:
2026-09-19T18:29:57+00:00,notification-service,2,10,cpu:
2026-09-19T18:29:57+00:00,patient-service,2,10,cpu:
2026-09-19T18:29:57+00:00,result-service,2,10,cpu:
2026-09-19T18:29:57+00:00,triage-service,2,10,cpu:
2026-09-19T18:30:04+00:00,audit-service,2,10,cpu:
2026-09-19T18:30:04+00:00,auth-service,2,10,cpu:
2026-09-19T18:30:04+00:00,consent-service,2,10,cpu:
2026-09-19T18:30:04+00:00,exam-service,2,10,cpu:
2026-09-19T18:30:04+00:00,history-service,2,10,cpu:
2026-09-19T18:30:04+00:00,lab-service,2,10,cpu:
2026-09-19T18:30:04+00:00,notification-service,2,10,cpu:
2026-09-19T18:30:04+00:00,patient-service,2,10,cpu:
2026-09-19T18:30:04+00:00,result-service,2,10,cpu:
2026-09-19T18:30:04+00:00,triage-service,2,10,cpu:
2026-09-19T18:30:12+00:00,audit-service,2,10,cpu:
2026-09-19T18:30:12+00:00,auth-service,2,10,cpu:
2026-09-19T18:30:12+00:00,consent-service,2,10,cpu:
2026-09-19T18:30:12+00:00,exam-service,2,10,cpu:
2026-09-19T18:30:12+00:00,history-service,2,10,cpu:
2026-09-19T18:30:12+00:00,lab-service,2,10,cpu:
2026-09-19T18:30:12+00:00,notification-service,2,10,cpu:
2026-09-19T18:30:12+00:00,patient-service,2,10,cpu:
2026-09-19T18:30:12+00:00,result-service,2,10,cpu:
2026-09-19T18:30:12+00:00,triage-service,2,10,cpu:
2026-09-19T18:30:18+00:00,audit-service,2,10,cpu:
2026-09-19T18:30:18+00:00,auth-service,2,10,cpu:
2026-09-19T18:30:18+00:00,consent-service,2,10,cpu:
2026-09-19T18:30:18+00:00,exam-service,2,10,cpu:
2026-09-19T18:30:18+00:00,history-service,2,10,cpu:
2026-09-19T18:30:18+00:00,lab-service,2,10,cpu:
2026-09-19T18:30:18+00:00,notification-service,2,10,cpu:
2026-09-19T18:30:18+00:00,patient-service,2,10,cpu:
2026-09-19T18:30:18+00:00,result-service,2,10,cpu:
2026-09-19T18:30:18+00:00,triage-service,2,10,cpu:
2026-09-19T18:30:23+00:00,audit-service,2,10,cpu:
2026-09-19T18:30:23+00:00,auth-service,2,10,cpu:
2026-09-19T18:30:23+00:00,consent-service,2,10,cpu:
2026-09-19T18:30:23+00:00,exam-service,2,10,cpu:
2026-09-19T18:30:23+00:00,history-service,2,10,cpu:
2026-09-19T18:30:23+00:00,lab-service,2,10,cpu:
2026-09-19T18:30:23+00:00,notification-service,2,10,cpu:
2026-09-19T18:30:23+00:00,patient-service,2,10,cpu:
2026-09-19T18:30:23+00:00,result-service,2,10,cpu:
2026-09-19T18:30:23+00:00,triage-service,2,10,cpu:
2026-09-19T18:30:31+00:00,audit-service,2,10,cpu:
2026-09-19T18:30:31+00:00,auth-service,2,10,cpu:
2026-09-19T18:30:31+00:00,consent-service,2,10,cpu:
2026-09-19T18:30:31+00:00,exam-service,2,10,cpu:
2026-09-19T18:30:31+00:00,history-service,2,10,cpu:
2026-09-19T18:30:31+00:00,lab-service,2,10,cpu:
2026-09-19T18:30:31+00:00,notification-service,2,10,cpu:
2026-09-19T18:30:31+00:00,patient-service,2,10,cpu:
2026-09-19T18:30:31+00:00,result-service,2,10,cpu:
2026-09-19T18:30:31+00:00,triage-service,2,10,cpu:
2026-09-19T18:30:38+00:00,audit-service,2,10,cpu:
2026-09-19T18:30:38+00:00,auth-service,2,10,cpu:
2026-09-19T18:30:38+00:00,consent-service,2,10,cpu:
2026-09-19T18:30:38+00:00,exam-service,2,10,cpu:
2026-09-19T18:30:38+00:00,history-service,2,10,cpu:
2026-09-19T18:30:38+00:00,lab-service,2,10,cpu:
2026-09-19T18:30:38+00:00,notification-service,2,10,cpu:
2026-09-19T18:30:38+00:00,patient-service,2,10,cpu:
2026-09-19T18:30:38+00:00,result-service,2,10,cpu:
2026-09-19T18:30:38+00:00,triage-service,2,10,cpu:
2026-09-19T18:30:44+00:00,audit-service,2,10,cpu:
2026-09-19T18:30:44+00:00,auth-service,2,10,cpu:
2026-09-19T18:30:44+00:00,consent-service,2,10,cpu:
2026-09-19T18:30:44+00:00,exam-service,2,10,cpu:
2026-09-19T18:30:44+00:00,history-service,2,10,cpu:
2026-09-19T18:30:44+00:00,lab-service,2,10,cpu:
2026-09-19T18:30:44+00:00,notification-service,2,10,cpu:
2026-09-19T18:30:44+00:00,patient-service,2,10,cpu:
2026-09-19T18:30:44+00:00,result-service,2,10,cpu:
2026-09-19T18:30:44+00:00,triage-service,2,10,cpu:
2026-09-19T18:30:52+00:00,audit-service,2,10,cpu:
2026-09-19T18:30:52+00:00,auth-service,2,10,cpu:
2026-09-19T18:30:52+00:00,consent-service,2,10,cpu:
2026-09-19T18:30:52+00:00,exam-service,2,10,cpu:
2026-09-19T18:30:52+00:00,history-service,2,10,cpu:
2026-09-19T18:30:52+00:00,lab-service,2,10,cpu:
2026-09-19T18:30:52+00:00,notification-service,2,10,cpu:
2026-09-19T18:30:52+00:00,patient-service,2,10,cpu:
2026-09-19T18:30:52+00:00,result-service,2,10,cpu:
2026-09-19T18:30:52+00:00,triage-service,2,10,cpu:
2026-09-19T18:30:58+00:00,audit-service,2,10,cpu:
2026-09-19T18:30:58+00:00,auth-service,2,10,cpu:
2026-09-19T18:30:58+00:00,consent-service,2,10,cpu:
2026-09-19T18:30:58+00:00,exam-service,2,10,cpu:
2026-09-19T18:30:58+00:00,history-service,2,10,cpu:
2026-09-19T18:30:58+00:00,lab-service,2,10,cpu:
2026-09-19T18:30:58+00:00,notification-service,2,10,cpu:
2026-09-19T18:30:58+00:00,patient-service,2,10,cpu:
2026-09-19T18:30:58+00:00,result-service,2,10,cpu:
2026-09-19T18:30:58+00:00,triage-service,2,10,cpu:
2026-09-19T18:31:04+00:00,audit-service,2,10,cpu:
2026-09-19T18:31:04+00:00,auth-service,2,10,cpu:
2026-09-19T18:31:04+00:00,consent-service,2,10,cpu:
2026-09-19T18:31:04+00:00,exam-service,2,10,cpu:
2026-09-19T18:31:04+00:00,history-service,2,10,cpu:
2026-09-19T18:31:04+00:00,lab-service,2,10,cpu:
2026-09-19T18:31:04+00:00,notification-service,2,10,cpu:
2026-09-19T18:31:04+00:00,patient-service,2,10,cpu:
2026-09-19T18:31:04+00:00,result-service,2,10,cpu:
2026-09-19T18:31:04+00:00,triage-service,2,10,cpu:
2026-09-19T18:31:12+00:00,audit-service,2,10,cpu:
2026-09-19T18:31:12+00:00,auth-service,2,10,cpu:
2026-09-19T18:31:12+00:00,consent-service,2,10,cpu:
2026-09-19T18:31:12+00:00,exam-service,2,10,cpu:
2026-09-19T18:31:12+00:00,history-service,2,10,cpu:
2026-09-19T18:31:12+00:00,lab-service,2,10,cpu:
2026-09-19T18:31:12+00:00,notification-service,2,10,cpu:
2026-09-19T18:31:12+00:00,patient-service,2,10,cpu:
2026-09-19T18:31:12+00:00,result-service,2,10,cpu:
2026-09-19T18:31:12+00:00,triage-service,2,10,cpu:
2026-09-19T18:31:18+00:00,audit-service,2,10,cpu:
2026-09-19T18:31:18+00:00,auth-service,2,10,cpu:
2026-09-19T18:31:18+00:00,consent-service,2,10,cpu:
2026-09-19T18:31:18+00:00,exam-service,2,10,cpu:
2026-09-19T18:31:18+00:00,history-service,2,10,cpu:
2026-09-19T18:31:18+00:00,lab-service,2,10,cpu:
2026-09-19T18:31:18+00:00,notification-service,2,10,cpu:
2026-09-19T18:31:18+00:00,patient-service,2,10,cpu:
2026-09-19T18:31:18+00:00,result-service,2,10,cpu:
2026-09-19T18:31:18+00:00,triage-service,2,10,cpu:
2026-09-19T18:31:23+00:00,audit-service,2,10,cpu:
2026-09-19T18:31:23+00:00,auth-service,2,10,cpu:
2026-09-19T18:31:23+00:00,consent-service,2,10,cpu:
2026-09-19T18:31:23+00:00,exam-service,2,10,cpu:
2026-09-19T18:31:23+00:00,history-service,2,10,cpu:
2026-09-19T18:31:23+00:00,lab-service,2,10,cpu:
2026-09-19T18:31:23+00:00,notification-service,2,10,cpu:
2026-09-19T18:31:23+00:00,patient-service,2,10,cpu:
2026-09-19T18:31:23+00:00,result-service,2,10,cpu:
2026-09-19T18:31:23+00:00,triage-service,2,10,cpu:
2026-09-19T18:31:31+00:00,audit-service,2,10,cpu:
2026-09-19T18:31:31+00:00,auth-service,2,10,cpu:
2026-09-19T18:31:31+00:00,consent-service,2,10,cpu:
2026-09-19T18:31:31+00:00,exam-service,2,10,cpu:
2026-09-19T18:31:31+00:00,history-service,2,10,cpu:
2026-09-19T18:31:31+00:00,lab-service,2,10,cpu:
2026-09-19T18:31:31+00:00,notification-service,2,10,cpu:
2026-09-19T18:31:31+00:00,patient-service,2,10,cpu:
2026-09-19T18:31:31+00:00,result-service,2,10,cpu:
2026-09-19T18:31:31+00:00,triage-service,2,10,cpu:
2026-09-19T18:31:37+00:00,audit-service,2,10,cpu:
2026-09-19T18:31:37+00:00,auth-service,2,10,cpu:
2026-09-19T18:31:37+00:00,consent-service,2,10,cpu:
2026-09-19T18:31:37+00:00,exam-service,2,10,cpu:
2026-09-19T18:31:37+00:00,history-service,2,10,cpu:
2026-09-19T18:31:37+00:00,lab-service,2,10,cpu:
2026-09-19T18:31:37+00:00,notification-service,2,10,cpu:
2026-09-19T18:31:37+00:00,patient-service,2,10,cpu:
2026-09-19T18:31:37+00:00,result-service,2,10,cpu:
2026-09-19T18:31:37+00:00,triage-service,2,10,cpu:
2026-09-19T18:31:43+00:00,audit-service,2,10,cpu:
2026-09-19T18:31:43+00:00,auth-service,2,10,cpu:
2026-09-19T18:31:43+00:00,consent-service,2,10,cpu:
2026-09-19T18:31:43+00:00,exam-service,2,10,cpu:
2026-09-19T18:31:43+00:00,history-service,2,10,cpu:
2026-09-19T18:31:43+00:00,lab-service,2,10,cpu:
2026-09-19T18:31:43+00:00,notification-service,2,10,cpu:
2026-09-19T18:31:43+00:00,patient-service,2,10,cpu:
2026-09-19T18:31:43+00:00,result-service,2,10,cpu:
2026-09-19T18:31:43+00:00,triage-service,2,10,cpu:
2026-09-19T18:31:51+00:00,audit-service,2,10,cpu:
2026-09-19T18:31:51+00:00,auth-service,2,10,cpu:
2026-09-19T18:31:51+00:00,consent-service,2,10,cpu:
2026-09-19T18:31:51+00:00,exam-service,2,10,cpu:
2026-09-19T18:31:51+00:00,history-service,2,10,cpu:
2026-09-19T18:31:51+00:00,lab-service,2,10,cpu:
2026-09-19T18:31:51+00:00,notification-service,2,10,cpu:
2026-09-19T18:31:51+00:00,patient-service,2,10,cpu:
2026-09-19T18:31:51+00:00,result-service,2,10,cpu:
2026-09-19T18:31:51+00:00,triage-service,2,10,cpu:
2026-09-19T18:31:57+00:00,audit-service,2,10,cpu:
2026-09-19T18:31:57+00:00,auth-service,2,10,cpu:
2026-09-19T18:31:57+00:00,consent-service,2,10,cpu:
2026-09-19T18:31:57+00:00,exam-service,2,10,cpu:
2026-09-19T18:31:57+00:00,history-service,2,10,cpu:
2026-09-19T18:31:57+00:00,lab-service,2,10,cpu:
2026-09-19T18:31:57+00:00,notification-service,2,10,cpu:
2026-09-19T18:31:57+00:00,patient-service,2,10,cpu:
2026-09-19T18:31:57+00:00,result-service,2,10,cpu:
2026-09-19T18:31:57+00:00,triage-service,2,10,cpu:
2026-09-19T18:32:03+00:00,audit-service,2,10,cpu:
2026-09-19T18:32:03+00:00,auth-service,2,10,cpu:
2026-09-19T18:32:03+00:00,consent-service,2,10,cpu:
2026-09-19T18:32:03+00:00,exam-service,2,10,cpu:
2026-09-19T18:32:03+00:00,history-service,2,10,cpu:
2026-09-19T18:32:03+00:00,lab-service,2,10,cpu:
2026-09-19T18:32:03+00:00,notification-service,2,10,cpu:
2026-09-19T18:32:03+00:00,patient-service,2,10,cpu:
2026-09-19T18:32:03+00:00,result-service,2,10,cpu:
2026-09-19T18:32:03+00:00,triage-service,2,10,cpu:
2026-09-19T18:32:11+00:00,audit-service,2,10,cpu:
2026-09-19T18:32:11+00:00,auth-service,2,10,cpu:
2026-09-19T18:32:11+00:00,consent-service,2,10,cpu:
2026-09-19T18:32:11+00:00,exam-service,2,10,cpu:
2026-09-19T18:32:11+00:00,history-service,2,10,cpu:
2026-09-19T18:32:11+00:00,lab-service,2,10,cpu:
2026-09-19T18:32:11+00:00,notification-service,2,10,cpu:
2026-09-19T18:32:11+00:00,patient-service,2,10,cpu:
2026-09-19T18:32:11+00:00,result-service,2,10,cpu:
2026-09-19T18:32:11+00:00,triage-service,2,10,cpu:
2026-09-19T18:32:17+00:00,audit-service,2,10,cpu:
2026-09-19T18:32:17+00:00,auth-service,2,10,cpu:
2026-09-19T18:32:17+00:00,consent-service,2,10,cpu:
2026-09-19T18:32:17+00:00,exam-service,2,10,cpu:
2026-09-19T18:32:17+00:00,history-service,2,10,cpu:
2026-09-19T18:32:17+00:00,lab-service,2,10,cpu:
2026-09-19T18:32:17+00:00,notification-service,2,10,cpu:
2026-09-19T18:32:17+00:00,patient-service,2,10,cpu:
2026-09-19T18:32:17+00:00,result-service,2,10,cpu:
2026-09-19T18:32:17+00:00,triage-service,2,10,cpu:
2026-09-19T18:32:23+00:00,audit-service,2,10,cpu:
2026-09-19T18:32:23+00:00,auth-service,2,10,cpu:
2026-09-19T18:32:23+00:00,consent-service,2,10,cpu:
2026-09-19T18:32:23+00:00,exam-service,2,10,cpu:
2026-09-19T18:32:23+00:00,history-service,2,10,cpu:
2026-09-19T18:32:23+00:00,lab-service,2,10,cpu:
2026-09-19T18:32:23+00:00,notification-service,2,10,cpu:
2026-09-19T18:32:23+00:00,patient-service,2,10,cpu:
2026-09-19T18:32:23+00:00,result-service,2,10,cpu:
2026-09-19T18:32:23+00:00,triage-service,2,10,cpu:
2026-09-19T18:32:31+00:00,audit-service,2,10,cpu:
2026-09-19T18:32:31+00:00,auth-service,2,10,cpu:
2026-09-19T18:32:31+00:00,consent-service,2,10,cpu:
2026-09-19T18:32:31+00:00,exam-service,2,10,cpu:
2026-09-19T18:32:31+00:00,history-service,2,10,cpu:
2026-09-19T18:32:31+00:00,lab-service,2,10,cpu:
2026-09-19T18:32:31+00:00,notification-service,2,10,cpu:
2026-09-19T18:32:31+00:00,patient-service,2,10,cpu:
2026-09-19T18:32:31+00:00,result-service,2,10,cpu:
2026-09-19T18:32:31+00:00,triage-service,2,10,cpu:
2026-09-19T18:32:37+00:00,audit-service,2,10,cpu:
2026-09-19T18:32:37+00:00,auth-service,2,10,cpu:
2026-09-19T18:32:37+00:00,consent-service,2,10,cpu:
2026-09-19T18:32:37+00:00,exam-service,2,10,cpu:
2026-09-19T18:32:37+00:00,history-service,2,10,cpu:
2026-09-19T18:32:37+00:00,lab-service,2,10,cpu:
2026-09-19T18:32:37+00:00,notification-service,2,10,cpu:
2026-09-19T18:32:37+00:00,patient-service,2,10,cpu:
2026-09-19T18:32:37+00:00,result-service,2,10,cpu:
2026-09-19T18:32:37+00:00,triage-service,2,10,cpu:
2026-09-19T18:32:43+00:00,audit-service,2,10,cpu:
2026-09-19T18:32:43+00:00,auth-service,2,10,cpu:
2026-09-19T18:32:43+00:00,consent-service,2,10,cpu:
2026-09-19T18:32:43+00:00,exam-service,2,10,cpu:
2026-09-19T18:32:43+00:00,history-service,2,10,cpu:
2026-09-19T18:32:43+00:00,lab-service,2,10,cpu:
2026-09-19T18:32:43+00:00,notification-service,2,10,cpu:
2026-09-19T18:32:43+00:00,patient-service,2,10,cpu:
2026-09-19T18:32:43+00:00,result-service,2,10,cpu:
2026-09-19T18:32:43+00:00,triage-service,2,10,cpu:
2026-09-19T18:32:50+00:00,audit-service,2,10,cpu:
2026-09-19T18:32:50+00:00,auth-service,2,10,cpu:
2026-09-19T18:32:50+00:00,consent-service,2,10,cpu:
2026-09-19T18:32:50+00:00,exam-service,2,10,cpu:
2026-09-19T18:32:50+00:00,history-service,2,10,cpu:
2026-09-19T18:32:50+00:00,lab-service,2,10,cpu:
2026-09-19T18:32:50+00:00,notification-service,2,10,cpu:
2026-09-19T18:32:50+00:00,patient-service,2,10,cpu:
2026-09-19T18:32:50+00:00,result-service,2,10,cpu:
2026-09-19T18:32:50+00:00,triage-service,2,10,cpu:
2026-09-19T18:32:56+00:00,audit-service,2,10,cpu:
2026-09-19T18:32:56+00:00,auth-service,2,10,cpu:
2026-09-19T18:32:56+00:00,consent-service,2,10,cpu:
2026-09-19T18:32:56+00:00,exam-service,2,10,cpu:
2026-09-19T18:32:56+00:00,history-service,2,10,cpu:
2026-09-19T18:32:56+00:00,lab-service,2,10,cpu:
2026-09-19T18:32:56+00:00,notification-service,2,10,cpu:
2026-09-19T18:32:56+00:00,patient-service,2,10,cpu:
2026-09-19T18:32:56+00:00,result-service,2,10,cpu:
2026-09-19T18:32:56+00:00,triage-service,2,10,cpu:
2026-09-19T18:33:02+00:00,audit-service,2,10,cpu:
2026-09-19T18:33:02+00:00,auth-service,2,10,cpu:
2026-09-19T18:33:02+00:00,consent-service,2,10,cpu:
2026-09-19T18:33:02+00:00,exam-service,2,10,cpu:
2026-09-19T18:33:02+00:00,history-service,2,10,cpu:
2026-09-19T18:33:02+00:00,lab-service,2,10,cpu:
2026-09-19T18:33:02+00:00,notification-service,2,10,cpu:
2026-09-19T18:33:02+00:00,patient-service,2,10,cpu:
2026-09-19T18:33:02+00:00,result-service,2,10,cpu:
2026-09-19T18:33:02+00:00,triage-service,2,10,cpu:
2026-09-19T18:33:09+00:00,audit-service,2,10,cpu:
2026-09-19T18:33:09+00:00,auth-service,2,10,cpu:
2026-09-19T18:33:09+00:00,consent-service,2,10,cpu:
2026-09-19T18:33:09+00:00,exam-service,2,10,cpu:
2026-09-19T18:33:09+00:00,history-service,2,10,cpu:
2026-09-19T18:33:09+00:00,lab-service,2,10,cpu:
2026-09-19T18:33:09+00:00,notification-service,2,10,cpu:
2026-09-19T18:33:09+00:00,patient-service,2,10,cpu:
2026-09-19T18:33:09+00:00,result-service,2,10,cpu:
2026-09-19T18:33:09+00:00,triage-service,2,10,cpu:
2026-09-19T18:33:15+00:00,audit-service,2,10,cpu:
2026-09-19T18:33:15+00:00,auth-service,2,10,cpu:
2026-09-19T18:33:15+00:00,consent-service,2,10,cpu:
2026-09-19T18:33:15+00:00,exam-service,2,10,cpu:
2026-09-19T18:33:15+00:00,history-service,2,10,cpu:
2026-09-19T18:33:15+00:00,lab-service,2,10,cpu:
2026-09-19T18:33:15+00:00,notification-service,2,10,cpu:
2026-09-19T18:33:15+00:00,patient-service,2,10,cpu:
2026-09-19T18:33:15+00:00,result-service,2,10,cpu:
2026-09-19T18:33:15+00:00,triage-service,2,10,cpu:
2026-09-19T18:33:21+00:00,audit-service,2,10,cpu:
2026-09-19T18:33:21+00:00,auth-service,2,10,cpu:
2026-09-19T18:33:21+00:00,consent-service,2,10,cpu:
2026-09-19T18:33:21+00:00,exam-service,2,10,cpu:
2026-09-19T18:33:21+00:00,history-service,2,10,cpu:
2026-09-19T18:33:21+00:00,lab-service,2,10,cpu:
2026-09-19T18:33:21+00:00,notification-service,2,10,cpu:
2026-09-19T18:33:21+00:00,patient-service,2,10,cpu:
2026-09-19T18:33:21+00:00,result-service,2,10,cpu:
2026-09-19T18:33:21+00:00,triage-service,2,10,cpu:
2026-09-19T18:33:29+00:00,audit-service,2,10,cpu:
2026-09-19T18:33:29+00:00,auth-service,2,10,cpu:
2026-09-19T18:33:29+00:00,consent-service,2,10,cpu:
2026-09-19T18:33:29+00:00,exam-service,2,10,cpu:
2026-09-19T18:33:29+00:00,history-service,2,10,cpu:
2026-09-19T18:33:29+00:00,lab-service,2,10,cpu:
2026-09-19T18:33:29+00:00,notification-service,2,10,cpu:
2026-09-19T18:33:29+00:00,patient-service,2,10,cpu:
2026-09-19T18:33:29+00:00,result-service,2,10,cpu:
2026-09-19T18:33:29+00:00,triage-service,2,10,cpu:
2026-09-19T18:33:35+00:00,audit-service,2,10,cpu:
2026-09-19T18:33:35+00:00,auth-service,2,10,cpu:
2026-09-19T18:33:35+00:00,consent-service,2,10,cpu:
2026-09-19T18:33:35+00:00,exam-service,2,10,cpu:
2026-09-19T18:33:35+00:00,history-service,2,10,cpu:
2026-09-19T18:33:35+00:00,lab-service,2,10,cpu:
2026-09-19T18:33:35+00:00,notification-service,2,10,cpu:
2026-09-19T18:33:35+00:00,patient-service,2,10,cpu:
2026-09-19T18:33:35+00:00,result-service,2,10,cpu:
2026-09-19T18:33:35+00:00,triage-service,2,10,cpu:
2026-09-19T18:33:40+00:00,audit-service,2,10,cpu:
2026-09-19T18:33:40+00:00,auth-service,2,10,cpu:
2026-09-19T18:33:40+00:00,consent-service,2,10,cpu:
2026-09-19T18:33:40+00:00,exam-service,2,10,cpu:
2026-09-19T18:33:40+00:00,history-service,2,10,cpu:
2026-09-19T18:33:40+00:00,lab-service,2,10,cpu:
2026-09-19T18:33:40+00:00,notification-service,2,10,cpu:
2026-09-19T18:33:40+00:00,patient-service,2,10,cpu:
2026-09-19T18:33:40+00:00,result-service,2,10,cpu:
2026-09-19T18:33:40+00:00,triage-service,2,10,cpu:
2026-09-19T18:33:48+00:00,audit-service,2,10,cpu:
2026-09-19T18:33:48+00:00,auth-service,2,10,cpu:
2026-09-19T18:33:48+00:00,consent-service,2,10,cpu:
2026-09-19T18:33:48+00:00,exam-service,2,10,cpu:
2026-09-19T18:33:48+00:00,history-service,2,10,cpu:
2026-09-19T18:33:48+00:00,lab-service,2,10,cpu:
2026-09-19T18:33:48+00:00,notification-service,2,10,cpu:
2026-09-19T18:33:48+00:00,patient-service,2,10,cpu:
2026-09-19T18:33:48+00:00,result-service,2,10,cpu:
2026-09-19T18:33:48+00:00,triage-service,2,10,cpu:
2026-09-19T18:33:54+00:00,audit-service,2,10,cpu:
2026-09-19T18:33:54+00:00,auth-service,2,10,cpu:
2026-09-19T18:33:54+00:00,consent-service,2,10,cpu:
2026-09-19T18:33:54+00:00,exam-service,2,10,cpu:
2026-09-19T18:33:54+00:00,history-service,2,10,cpu:
2026-09-19T18:33:54+00:00,lab-service,2,10,cpu:
2026-09-19T18:33:54+00:00,notification-service,2,10,cpu:
2026-09-19T18:33:54+00:00,patient-service,2,10,cpu:
2026-09-19T18:33:54+00:00,result-service,2,10,cpu:
2026-09-19T18:33:54+00:00,triage-service,2,10,cpu:
2026-09-19T18:33:59+00:00,audit-service,2,10,cpu:
2026-09-19T18:33:59+00:00,auth-service,2,10,cpu:
2026-09-19T18:33:59+00:00,consent-service,2,10,cpu:
2026-09-19T18:33:59+00:00,exam-service,2,10,cpu:
2026-09-19T18:33:59+00:00,history-service,2,10,cpu:
2026-09-19T18:33:59+00:00,lab-service,2,10,cpu:
2026-09-19T18:33:59+00:00,notification-service,2,10,cpu:
2026-09-19T18:33:59+00:00,patient-service,2,10,cpu:
2026-09-19T18:33:59+00:00,result-service,2,10,cpu:
2026-09-19T18:33:59+00:00,triage-service,2,10,cpu:
2026-09-19T18:34:07+00:00,audit-service,2,10,cpu:
2026-09-19T18:34:07+00:00,auth-service,2,10,cpu:
2026-09-19T18:34:07+00:00,consent-service,2,10,cpu:
2026-09-19T18:34:07+00:00,exam-service,2,10,cpu:
2026-09-19T18:34:07+00:00,history-service,2,10,cpu:
2026-09-19T18:34:07+00:00,lab-service,2,10,cpu:
2026-09-19T18:34:07+00:00,notification-service,2,10,cpu:
2026-09-19T18:34:07+00:00,patient-service,2,10,cpu:
2026-09-19T18:34:07+00:00,result-service,2,10,cpu:
2026-09-19T18:34:07+00:00,triage-service,2,10,cpu:
2026-09-19T18:34:13+00:00,audit-service,2,10,cpu:
2026-09-19T18:34:13+00:00,auth-service,2,10,cpu:
2026-09-19T18:34:13+00:00,consent-service,2,10,cpu:
2026-09-19T18:34:13+00:00,exam-service,2,10,cpu:
2026-09-19T18:34:13+00:00,history-service,2,10,cpu:
2026-09-19T18:34:13+00:00,lab-service,2,10,cpu:
2026-09-19T18:34:13+00:00,notification-service,2,10,cpu:
2026-09-19T18:34:13+00:00,patient-service,2,10,cpu:
2026-09-19T18:34:13+00:00,result-service,2,10,cpu:
2026-09-19T18:34:13+00:00,triage-service,2,10,cpu:
2026-09-19T18:34:19+00:00,audit-service,2,10,cpu:
2026-09-19T18:34:19+00:00,auth-service,2,10,cpu:
2026-09-19T18:34:19+00:00,consent-service,2,10,cpu:
2026-09-19T18:34:19+00:00,exam-service,2,10,cpu:
2026-09-19T18:34:19+00:00,history-service,2,10,cpu:
2026-09-19T18:34:19+00:00,lab-service,2,10,cpu:
2026-09-19T18:34:19+00:00,notification-service,2,10,cpu:
2026-09-19T18:34:19+00:00,patient-service,2,10,cpu:
2026-09-19T18:34:19+00:00,result-service,2,10,cpu:
2026-09-19T18:34:19+00:00,triage-service,2,10,cpu:
2026-09-19T18:34:27+00:00,audit-service,2,10,cpu:
2026-09-19T18:34:27+00:00,auth-service,2,10,cpu:
2026-09-19T18:34:27+00:00,consent-service,2,10,cpu:
2026-09-19T18:34:27+00:00,exam-service,2,10,cpu:
2026-09-19T18:34:27+00:00,history-service,2,10,cpu:
2026-09-19T18:34:27+00:00,lab-service,2,10,cpu:
2026-09-19T18:34:27+00:00,notification-service,2,10,cpu:
2026-09-19T18:34:27+00:00,patient-service,2,10,cpu:
2026-09-19T18:34:27+00:00,result-service,2,10,cpu:
2026-09-19T18:34:27+00:00,triage-service,2,10,cpu:
2026-09-19T18:34:32+00:00,audit-service,2,10,cpu:
2026-09-19T18:34:32+00:00,auth-service,2,10,cpu:
2026-09-19T18:34:32+00:00,consent-service,2,10,cpu:
2026-09-19T18:34:32+00:00,exam-service,2,10,cpu:
2026-09-19T18:34:32+00:00,history-service,2,10,cpu:
2026-09-19T18:34:32+00:00,lab-service,2,10,cpu:
2026-09-19T18:34:32+00:00,notification-service,2,10,cpu:
2026-09-19T18:34:32+00:00,patient-service,2,10,cpu:
2026-09-19T18:34:32+00:00,result-service,2,10,cpu:
2026-09-19T18:34:32+00:00,triage-service,2,10,cpu:
2026-09-19T18:34:38+00:00,audit-service,2,10,cpu:
2026-09-19T18:34:38+00:00,auth-service,2,10,cpu:
2026-09-19T18:34:38+00:00,consent-service,2,10,cpu:
2026-09-19T18:34:38+00:00,exam-service,2,10,cpu:
2026-09-19T18:34:38+00:00,history-service,2,10,cpu:
2026-09-19T18:34:38+00:00,lab-service,2,10,cpu:
2026-09-19T18:34:38+00:00,notification-service,2,10,cpu:
2026-09-19T18:34:38+00:00,patient-service,2,10,cpu:
2026-09-19T18:34:38+00:00,result-service,2,10,cpu:
2026-09-19T18:34:38+00:00,triage-service,2,10,cpu:
2026-09-19T18:34:45+00:00,audit-service,2,10,cpu:
2026-09-19T18:34:45+00:00,auth-service,2,10,cpu:
2026-09-19T18:34:45+00:00,consent-service,2,10,cpu:
2026-09-19T18:34:45+00:00,exam-service,2,10,cpu:
2026-09-19T18:34:45+00:00,history-service,2,10,cpu:
2026-09-19T18:34:45+00:00,lab-service,2,10,cpu:
2026-09-19T18:34:45+00:00,notification-service,2,10,cpu:
2026-09-19T18:34:45+00:00,patient-service,2,10,cpu:
2026-09-19T18:34:45+00:00,result-service,2,10,cpu:
2026-09-19T18:34:45+00:00,triage-service,2,10,cpu:
2026-09-19T18:34:51+00:00,audit-service,2,10,cpu:
2026-09-19T18:34:51+00:00,auth-service,2,10,cpu:
2026-09-19T18:34:51+00:00,consent-service,2,10,cpu:
2026-09-19T18:34:51+00:00,exam-service,2,10,cpu:
2026-09-19T18:34:51+00:00,history-service,2,10,cpu:
2026-09-19T18:34:51+00:00,lab-service,2,10,cpu:
2026-09-19T18:34:51+00:00,notification-service,2,10,cpu:
2026-09-19T18:34:51+00:00,patient-service,2,10,cpu:
2026-09-19T18:34:51+00:00,result-service,2,10,cpu:
2026-09-19T18:34:51+00:00,triage-service,2,10,cpu:
2026-09-19T18:34:57+00:00,audit-service,2,10,cpu:
2026-09-19T18:34:57+00:00,auth-service,2,10,cpu:
2026-09-19T18:34:57+00:00,consent-service,2,10,cpu:
2026-09-19T18:34:57+00:00,exam-service,2,10,cpu:
2026-09-19T18:34:57+00:00,history-service,2,10,cpu:
2026-09-19T18:34:57+00:00,lab-service,2,10,cpu:
2026-09-19T18:34:57+00:00,notification-service,2,10,cpu:
2026-09-19T18:34:57+00:00,patient-service,2,10,cpu:
2026-09-19T18:34:57+00:00,result-service,2,10,cpu:
2026-09-19T18:34:57+00:00,triage-service,2,10,cpu:
2026-09-19T18:35:04+00:00,audit-service,2,10,cpu:
2026-09-19T18:35:04+00:00,auth-service,2,10,cpu:
2026-09-19T18:35:04+00:00,consent-service,2,10,cpu:
2026-09-19T18:35:04+00:00,exam-service,2,10,cpu:
2026-09-19T18:35:04+00:00,history-service,2,10,cpu:
2026-09-19T18:35:04+00:00,lab-service,2,10,cpu:
2026-09-19T18:35:04+00:00,notification-service,2,10,cpu:
2026-09-19T18:35:04+00:00,patient-service,2,10,cpu:
2026-09-19T18:35:04+00:00,result-service,2,10,cpu:
2026-09-19T18:35:04+00:00,triage-service,2,10,cpu:
2026-09-19T18:35:10+00:00,audit-service,2,10,cpu:
2026-09-19T18:35:10+00:00,auth-service,2,10,cpu:
2026-09-19T18:35:10+00:00,consent-service,2,10,cpu:
2026-09-19T18:35:10+00:00,exam-service,2,10,cpu:
2026-09-19T18:35:10+00:00,history-service,2,10,cpu:
2026-09-19T18:35:10+00:00,lab-service,2,10,cpu:
2026-09-19T18:35:10+00:00,notification-service,2,10,cpu:
2026-09-19T18:35:10+00:00,patient-service,2,10,cpu:
2026-09-19T18:35:10+00:00,result-service,2,10,cpu:
2026-09-19T18:35:10+00:00,triage-service,2,10,cpu:
2026-09-19T18:35:16+00:00,audit-service,2,10,cpu:
2026-09-19T18:35:16+00:00,auth-service,2,10,cpu:
2026-09-19T18:35:16+00:00,consent-service,2,10,cpu:
2026-09-19T18:35:16+00:00,exam-service,2,10,cpu:
2026-09-19T18:35:16+00:00,history-service,2,10,cpu:
2026-09-19T18:35:16+00:00,lab-service,2,10,cpu:
2026-09-19T18:35:16+00:00,notification-service,2,10,cpu:
2026-09-19T18:35:16+00:00,patient-service,2,10,cpu:
2026-09-19T18:35:16+00:00,result-service,2,10,cpu:
2026-09-19T18:35:16+00:00,triage-service,2,10,cpu:
2026-09-19T18:35:23+00:00,audit-service,2,10,cpu:
2026-09-19T18:35:23+00:00,auth-service,2,10,cpu:
2026-09-19T18:35:23+00:00,consent-service,2,10,cpu:
2026-09-19T18:35:23+00:00,exam-service,2,10,cpu:
2026-09-19T18:35:23+00:00,history-service,2,10,cpu:
2026-09-19T18:35:23+00:00,lab-service,2,10,cpu:
2026-09-19T18:35:23+00:00,notification-service,2,10,cpu:
2026-09-19T18:35:23+00:00,patient-service,2,10,cpu:
2026-09-19T18:35:23+00:00,result-service,2,10,cpu:
2026-09-19T18:35:23+00:00,triage-service,2,10,cpu:
2026-09-19T18:35:29+00:00,audit-service,2,10,cpu:
2026-09-19T18:35:29+00:00,auth-service,2,10,cpu:
2026-09-19T18:35:29+00:00,consent-service,2,10,cpu:
2026-09-19T18:35:29+00:00,exam-service,2,10,cpu:
2026-09-19T18:35:29+00:00,history-service,2,10,cpu:
2026-09-19T18:35:29+00:00,lab-service,2,10,cpu:
2026-09-19T18:35:29+00:00,notification-service,2,10,cpu:
2026-09-19T18:35:29+00:00,patient-service,2,10,cpu:
2026-09-19T18:35:29+00:00,result-service,2,10,cpu:
2026-09-19T18:35:29+00:00,triage-service,2,10,cpu:
2026-09-19T18:35:34+00:00,audit-service,2,10,cpu:
2026-09-19T18:35:34+00:00,auth-service,2,10,cpu:
2026-09-19T18:35:34+00:00,consent-service,2,10,cpu:
2026-09-19T18:35:34+00:00,exam-service,2,10,cpu:
2026-09-19T18:35:34+00:00,history-service,2,10,cpu:
2026-09-19T18:35:34+00:00,lab-service,2,10,cpu:
2026-09-19T18:35:34+00:00,notification-service,2,10,cpu:
2026-09-19T18:35:34+00:00,patient-service,2,10,cpu:
2026-09-19T18:35:34+00:00,result-service,2,10,cpu:
2026-09-19T18:35:34+00:00,triage-service,2,10,cpu:
2026-09-19T18:35:42+00:00,audit-service,2,10,cpu:
2026-09-19T18:35:42+00:00,auth-service,2,10,cpu:
2026-09-19T18:35:42+00:00,consent-service,2,10,cpu:
2026-09-19T18:35:42+00:00,exam-service,2,10,cpu:
2026-09-19T18:35:42+00:00,history-service,2,10,cpu:
2026-09-19T18:35:42+00:00,lab-service,2,10,cpu:
2026-09-19T18:35:42+00:00,notification-service,2,10,cpu:
2026-09-19T18:35:42+00:00,patient-service,2,10,cpu:
2026-09-19T18:35:42+00:00,result-service,2,10,cpu:
2026-09-19T18:35:42+00:00,triage-service,2,10,cpu:
2026-09-19T18:35:48+00:00,audit-service,2,10,cpu:
2026-09-19T18:35:48+00:00,auth-service,2,10,cpu:
2026-09-19T18:35:48+00:00,consent-service,2,10,cpu:
2026-09-19T18:35:48+00:00,exam-service,2,10,cpu:
2026-09-19T18:35:48+00:00,history-service,2,10,cpu:
2026-09-19T18:35:48+00:00,lab-service,2,10,cpu:
2026-09-19T18:35:48+00:00,notification-service,2,10,cpu:
2026-09-19T18:35:48+00:00,patient-service,2,10,cpu:
2026-09-19T18:35:48+00:00,result-service,2,10,cpu:
2026-09-19T18:35:48+00:00,triage-service,2,10,cpu:
2026-09-19T18:35:54+00:00,audit-service,2,10,cpu:
2026-09-19T18:35:54+00:00,auth-service,2,10,cpu:
2026-09-19T18:35:54+00:00,consent-service,2,10,cpu:
2026-09-19T18:35:54+00:00,exam-service,2,10,cpu:
2026-09-19T18:35:54+00:00,history-service,2,10,cpu:
2026-09-19T18:35:54+00:00,lab-service,2,10,cpu:
2026-09-19T18:35:54+00:00,notification-service,2,10,cpu:
2026-09-19T18:35:54+00:00,patient-service,2,10,cpu:
2026-09-19T18:35:54+00:00,result-service,2,10,cpu:
2026-09-19T18:35:54+00:00,triage-service,2,10,cpu:
2026-09-19T18:36:01+00:00,audit-service,2,10,cpu:
2026-09-19T18:36:01+00:00,auth-service,2,10,cpu:
2026-09-19T18:36:01+00:00,consent-service,2,10,cpu:
2026-09-19T18:36:01+00:00,exam-service,2,10,cpu:
2026-09-19T18:36:01+00:00,history-service,2,10,cpu:
2026-09-19T18:36:01+00:00,lab-service,2,10,cpu:
2026-09-19T18:36:01+00:00,notification-service,2,10,cpu:
2026-09-19T18:36:01+00:00,patient-service,2,10,cpu:
2026-09-19T18:36:01+00:00,result-service,2,10,cpu:
2026-09-19T18:36:01+00:00,triage-service,2,10,cpu:
2026-09-19T18:36:07+00:00,audit-service,2,10,cpu:
2026-09-19T18:36:07+00:00,auth-service,2,10,cpu:
2026-09-19T18:36:07+00:00,consent-service,2,10,cpu:
2026-09-19T18:36:07+00:00,exam-service,2,10,cpu:
2026-09-19T18:36:07+00:00,history-service,2,10,cpu:
2026-09-19T18:36:07+00:00,lab-service,2,10,cpu:
2026-09-19T18:36:07+00:00,notification-service,2,10,cpu:
2026-09-19T18:36:07+00:00,patient-service,2,10,cpu:
2026-09-19T18:36:07+00:00,result-service,2,10,cpu:
2026-09-19T18:36:07+00:00,triage-service,2,10,cpu:
2026-09-19T18:36:13+00:00,audit-service,2,10,cpu:
2026-09-19T18:36:13+00:00,auth-service,2,10,cpu:
2026-09-19T18:36:13+00:00,consent-service,2,10,cpu:
2026-09-19T18:36:13+00:00,exam-service,2,10,cpu:
2026-09-19T18:36:13+00:00,history-service,2,10,cpu:
2026-09-19T18:36:13+00:00,lab-service,2,10,cpu:
2026-09-19T18:36:13+00:00,notification-service,2,10,cpu:
2026-09-19T18:36:13+00:00,patient-service,2,10,cpu:
2026-09-19T18:36:13+00:00,result-service,2,10,cpu:
2026-09-19T18:36:13+00:00,triage-service,2,10,cpu:
2026-09-19T18:36:21+00:00,audit-service,2,10,cpu:
2026-09-19T18:36:21+00:00,auth-service,2,10,cpu:
2026-09-19T18:36:21+00:00,consent-service,2,10,cpu:
2026-09-19T18:36:21+00:00,exam-service,2,10,cpu:
2026-09-19T18:36:21+00:00,history-service,2,10,cpu:
2026-09-19T18:36:21+00:00,lab-service,2,10,cpu:
2026-09-19T18:36:21+00:00,notification-service,2,10,cpu:
2026-09-19T18:36:21+00:00,patient-service,2,10,cpu:
2026-09-19T18:36:21+00:00,result-service,2,10,cpu:
2026-09-19T18:36:21+00:00,triage-service,2,10,cpu:
2026-09-19T18:36:27+00:00,audit-service,2,10,cpu:
2026-09-19T18:36:27+00:00,auth-service,2,10,cpu:
2026-09-19T18:36:27+00:00,consent-service,2,10,cpu:
2026-09-19T18:36:27+00:00,exam-service,2,10,cpu:
2026-09-19T18:36:27+00:00,history-service,2,10,cpu:
2026-09-19T18:36:27+00:00,lab-service,2,10,cpu:
2026-09-19T18:36:27+00:00,notification-service,2,10,cpu:
2026-09-19T18:36:27+00:00,patient-service,2,10,cpu:
2026-09-19T18:36:27+00:00,result-service,2,10,cpu:
2026-09-19T18:36:27+00:00,triage-service,2,10,cpu:
2026-09-19T18:36:33+00:00,audit-service,2,10,cpu:
2026-09-19T18:36:33+00:00,auth-service,2,10,cpu:
2026-09-19T18:36:33+00:00,consent-service,2,10,cpu:
2026-09-19T18:36:33+00:00,exam-service,2,10,cpu:
2026-09-19T18:36:33+00:00,history-service,2,10,cpu:
2026-09-19T18:36:33+00:00,lab-service,2,10,cpu:
2026-09-19T18:36:33+00:00,notification-service,2,10,cpu:
2026-09-19T18:36:33+00:00,patient-service,2,10,cpu:
2026-09-19T18:36:33+00:00,result-service,2,10,cpu:
2026-09-19T18:36:33+00:00,triage-service,2,10,cpu:
2026-09-19T18:36:41+00:00,audit-service,2,10,cpu:
2026-09-19T18:36:41+00:00,auth-service,2,10,cpu:
2026-09-19T18:36:41+00:00,consent-service,2,10,cpu:
2026-09-19T18:36:41+00:00,exam-service,2,10,cpu:
2026-09-19T18:36:41+00:00,history-service,2,10,cpu:
2026-09-19T18:36:41+00:00,lab-service,2,10,cpu:
2026-09-19T18:36:41+00:00,notification-service,2,10,cpu:
2026-09-19T18:36:41+00:00,patient-service,2,10,cpu:
2026-09-19T18:36:41+00:00,result-service,2,10,cpu:
2026-09-19T18:36:41+00:00,triage-service,2,10,cpu:
2026-09-19T18:36:47+00:00,audit-service,2,10,cpu:
2026-09-19T18:36:47+00:00,auth-service,2,10,cpu:
2026-09-19T18:36:47+00:00,consent-service,2,10,cpu:
2026-09-19T18:36:47+00:00,exam-service,2,10,cpu:
2026-09-19T18:36:47+00:00,history-service,2,10,cpu:
2026-09-19T18:36:47+00:00,lab-service,2,10,cpu:
2026-09-19T18:36:47+00:00,notification-service,2,10,cpu:
2026-09-19T18:36:47+00:00,patient-service,2,10,cpu:
2026-09-19T18:36:47+00:00,result-service,2,10,cpu:
2026-09-19T18:36:47+00:00,triage-service,2,10,cpu:
2026-09-19T18:36:53+00:00,audit-service,2,10,cpu:
2026-09-19T18:36:53+00:00,auth-service,2,10,cpu:
2026-09-19T18:36:53+00:00,consent-service,2,10,cpu:
2026-09-19T18:36:53+00:00,exam-service,2,10,cpu:
2026-09-19T18:36:53+00:00,history-service,2,10,cpu:
2026-09-19T18:36:53+00:00,lab-service,2,10,cpu:
2026-09-19T18:36:53+00:00,notification-service,2,10,cpu:
2026-09-19T18:36:53+00:00,patient-service,2,10,cpu:
2026-09-19T18:36:53+00:00,result-service,2,10,cpu:
2026-09-19T18:36:53+00:00,triage-service,2,10,cpu:
2026-09-19T18:37:01+00:00,audit-service,2,10,cpu:
2026-09-19T18:37:01+00:00,auth-service,2,10,cpu:
2026-09-19T18:37:01+00:00,consent-service,2,10,cpu:
2026-09-19T18:37:01+00:00,exam-service,2,10,cpu:
2026-09-19T18:37:01+00:00,history-service,2,10,cpu:
2026-09-19T18:37:01+00:00,lab-service,2,10,cpu:
2026-09-19T18:37:01+00:00,notification-service,2,10,cpu:
2026-09-19T18:37:01+00:00,patient-service,2,10,cpu:
2026-09-19T18:37:01+00:00,result-service,2,10,cpu:
2026-09-19T18:37:01+00:00,triage-service,2,10,cpu:
2026-09-19T18:37:07+00:00,audit-service,2,10,cpu:
2026-09-19T18:37:07+00:00,auth-service,2,10,cpu:
2026-09-19T18:37:07+00:00,consent-service,2,10,cpu:
2026-09-19T18:37:07+00:00,exam-service,2,10,cpu:
2026-09-19T18:37:07+00:00,history-service,2,10,cpu:
2026-09-19T18:37:07+00:00,lab-service,2,10,cpu:
2026-09-19T18:37:07+00:00,notification-service,2,10,cpu:
2026-09-19T18:37:07+00:00,patient-service,2,10,cpu:
2026-09-19T18:37:07+00:00,result-service,2,10,cpu:
2026-09-19T18:37:07+00:00,triage-service,2,10,cpu:
2026-09-19T18:37:13+00:00,audit-service,2,10,cpu:
2026-09-19T18:37:13+00:00,auth-service,2,10,cpu:
2026-09-19T18:37:13+00:00,consent-service,2,10,cpu:
2026-09-19T18:37:13+00:00,exam-service,2,10,cpu:
2026-09-19T18:37:13+00:00,history-service,2,10,cpu:
2026-09-19T18:37:13+00:00,lab-service,2,10,cpu:
2026-09-19T18:37:13+00:00,notification-service,2,10,cpu:
2026-09-19T18:37:13+00:00,patient-service,2,10,cpu:
2026-09-19T18:37:13+00:00,result-service,2,10,cpu:
2026-09-19T18:37:13+00:00,triage-service,2,10,cpu:
2026-09-19T18:37:22+00:00,audit-service,2,10,cpu:
2026-09-19T18:37:22+00:00,auth-service,2,10,cpu:
2026-09-19T18:37:22+00:00,consent-service,2,10,cpu:
2026-09-19T18:37:22+00:00,exam-service,2,10,cpu:
2026-09-19T18:37:22+00:00,history-service,2,10,cpu:
2026-09-19T18:37:22+00:00,lab-service,2,10,cpu:
2026-09-19T18:37:22+00:00,notification-service,2,10,cpu:
2026-09-19T18:37:22+00:00,patient-service,2,10,cpu:
2026-09-19T18:37:22+00:00,result-service,2,10,cpu:
2026-09-19T18:37:22+00:00,triage-service,2,10,cpu:
2026-09-19T18:37:28+00:00,audit-service,2,10,cpu:
2026-09-19T18:37:28+00:00,auth-service,2,10,cpu:
2026-09-19T18:37:28+00:00,consent-service,2,10,cpu:
2026-09-19T18:37:28+00:00,exam-service,2,10,cpu:
2026-09-19T18:37:28+00:00,history-service,2,10,cpu:
2026-09-19T18:37:28+00:00,lab-service,2,10,cpu:
2026-09-19T18:37:28+00:00,notification-service,2,10,cpu:
2026-09-19T18:37:28+00:00,patient-service,2,10,cpu:
2026-09-19T18:37:28+00:00,result-service,2,10,cpu:
2026-09-19T18:37:28+00:00,triage-service,2,10,cpu:
2026-09-19T18:37:35+00:00,audit-service,2,10,cpu:
2026-09-19T18:37:35+00:00,auth-service,2,10,cpu:
2026-09-19T18:37:35+00:00,consent-service,2,10,cpu:
2026-09-19T18:37:35+00:00,exam-service,2,10,cpu:
2026-09-19T18:37:35+00:00,history-service,2,10,cpu:
2026-09-19T18:37:35+00:00,lab-service,2,10,cpu:
2026-09-19T18:37:35+00:00,notification-service,2,10,cpu:
2026-09-19T18:37:35+00:00,patient-service,2,10,cpu:
2026-09-19T18:37:35+00:00,result-service,2,10,cpu:
2026-09-19T18:37:35+00:00,triage-service,2,10,cpu:
2026-09-19T18:37:44+00:00,audit-service,2,10,cpu:
2026-09-19T18:37:44+00:00,auth-service,2,10,cpu:
2026-09-19T18:37:44+00:00,consent-service,2,10,cpu:
2026-09-19T18:37:44+00:00,exam-service,2,10,cpu:
2026-09-19T18:37:44+00:00,history-service,2,10,cpu:
2026-09-19T18:37:44+00:00,lab-service,2,10,cpu:
2026-09-19T18:37:44+00:00,notification-service,2,10,cpu:
2026-09-19T18:37:44+00:00,patient-service,2,10,cpu:
2026-09-19T18:37:44+00:00,result-service,2,10,cpu:
2026-09-19T18:37:44+00:00,triage-service,2,10,cpu:
2026-09-19T18:37:50+00:00,audit-service,2,10,cpu:
2026-09-19T18:37:50+00:00,auth-service,2,10,cpu:
2026-09-19T18:37:50+00:00,consent-service,2,10,cpu:
2026-09-19T18:37:50+00:00,exam-service,2,10,cpu:
2026-09-19T18:37:50+00:00,history-service,2,10,cpu:
2026-09-19T18:37:50+00:00,lab-service,2,10,cpu:
2026-09-19T18:37:50+00:00,notification-service,2,10,cpu:
2026-09-19T18:37:50+00:00,patient-service,2,10,cpu:
2026-09-19T18:37:50+00:00,result-service,2,10,cpu:
2026-09-19T18:37:50+00:00,triage-service,2,10,cpu:
2026-09-19T18:37:57+00:00,audit-service,2,10,cpu:
2026-09-19T18:37:57+00:00,auth-service,2,10,cpu:
2026-09-19T18:37:57+00:00,consent-service,2,10,cpu:
2026-09-19T18:37:57+00:00,exam-service,2,10,cpu:
2026-09-19T18:37:57+00:00,history-service,2,10,cpu:
2026-09-19T18:37:57+00:00,lab-service,2,10,cpu:
2026-09-19T18:37:57+00:00,notification-service,2,10,cpu:
2026-09-19T18:37:57+00:00,patient-service,2,10,cpu:
2026-09-19T18:37:57+00:00,result-service,2,10,cpu:
2026-09-19T18:37:57+00:00,triage-service,2,10,cpu:
2026-09-19T18:38:04+00:00,audit-service,2,10,cpu:
2026-09-19T18:38:04+00:00,auth-service,2,10,cpu:
2026-09-19T18:38:04+00:00,consent-service,2,10,cpu:
2026-09-19T18:38:04+00:00,exam-service,2,10,cpu:
2026-09-19T18:38:04+00:00,history-service,2,10,cpu:
2026-09-19T18:38:04+00:00,lab-service,2,10,cpu:
2026-09-19T18:38:04+00:00,notification-service,2,10,cpu:
2026-09-19T18:38:04+00:00,patient-service,2,10,cpu:
2026-09-19T18:38:04+00:00,result-service,2,10,cpu:
2026-09-19T18:38:04+00:00,triage-service,2,10,cpu:
2026-09-19T18:38:10+00:00,audit-service,2,10,cpu:
2026-09-19T18:38:10+00:00,auth-service,2,10,cpu:
2026-09-19T18:38:10+00:00,consent-service,2,10,cpu:
2026-09-19T18:38:10+00:00,exam-service,2,10,cpu:
2026-09-19T18:38:10+00:00,history-service,2,10,cpu:
2026-09-19T18:38:10+00:00,lab-service,2,10,cpu:
2026-09-19T18:38:10+00:00,notification-service,2,10,cpu:
2026-09-19T18:38:10+00:00,patient-service,2,10,cpu:
2026-09-19T18:38:10+00:00,result-service,2,10,cpu:
2026-09-19T18:38:10+00:00,triage-service,2,10,cpu:
2026-09-19T18:38:16+00:00,audit-service,2,10,cpu:
2026-09-19T18:38:16+00:00,auth-service,2,10,cpu:
2026-09-19T18:38:16+00:00,consent-service,2,10,cpu:
2026-09-19T18:38:16+00:00,exam-service,2,10,cpu:
2026-09-19T18:38:16+00:00,history-service,2,10,cpu:
2026-09-19T18:38:16+00:00,lab-service,2,10,cpu:
2026-09-19T18:38:16+00:00,notification-service,2,10,cpu:
2026-09-19T18:38:16+00:00,patient-service,2,10,cpu:
2026-09-19T18:38:16+00:00,result-service,2,10,cpu:
2026-09-19T18:38:16+00:00,triage-service,2,10,cpu:
2026-09-19T18:38:24+00:00,audit-service,2,10,cpu:
2026-09-19T18:38:24+00:00,auth-service,2,10,cpu:
2026-09-19T18:38:24+00:00,consent-service,2,10,cpu:
2026-09-19T18:38:24+00:00,exam-service,2,10,cpu:
2026-09-19T18:38:24+00:00,history-service,2,10,cpu:
2026-09-19T18:38:24+00:00,lab-service,2,10,cpu:
2026-09-19T18:38:24+00:00,notification-service,2,10,cpu:
2026-09-19T18:38:24+00:00,patient-service,2,10,cpu:
2026-09-19T18:38:24+00:00,result-service,2,10,cpu:
2026-09-19T18:38:24+00:00,triage-service,2,10,cpu:
2026-09-19T18:38:30+00:00,audit-service,2,10,cpu:
2026-09-19T18:38:30+00:00,auth-service,2,10,cpu:
2026-09-19T18:38:30+00:00,consent-service,2,10,cpu:
2026-09-19T18:38:30+00:00,exam-service,2,10,cpu:
2026-09-19T18:38:30+00:00,history-service,2,10,cpu:
2026-09-19T18:38:30+00:00,lab-service,2,10,cpu:
2026-09-19T18:38:30+00:00,notification-service,2,10,cpu:
2026-09-19T18:38:30+00:00,patient-service,2,10,cpu:
2026-09-19T18:38:30+00:00,result-service,2,10,cpu:
2026-09-19T18:38:30+00:00,triage-service,2,10,cpu:
2026-09-19T18:38:37+00:00,audit-service,2,10,cpu:
2026-09-19T18:38:37+00:00,auth-service,2,10,cpu:
2026-09-19T18:38:37+00:00,consent-service,2,10,cpu:
2026-09-19T18:38:37+00:00,exam-service,2,10,cpu:
2026-09-19T18:38:37+00:00,history-service,2,10,cpu:
2026-09-19T18:38:37+00:00,lab-service,2,10,cpu:
2026-09-19T18:38:37+00:00,notification-service,2,10,cpu:
2026-09-19T18:38:37+00:00,patient-service,2,10,cpu:
2026-09-19T18:38:37+00:00,result-service,2,10,cpu:
2026-09-19T18:38:37+00:00,triage-service,2,10,cpu:
2026-09-19T18:38:44+00:00,audit-service,2,10,cpu:
2026-09-19T18:38:44+00:00,auth-service,2,10,cpu:
2026-09-19T18:38:44+00:00,consent-service,2,10,cpu:
2026-09-19T18:38:44+00:00,exam-service,2,10,cpu:
2026-09-19T18:38:44+00:00,history-service,2,10,cpu:
2026-09-19T18:38:44+00:00,lab-service,2,10,cpu:
2026-09-19T18:38:44+00:00,notification-service,2,10,cpu:
2026-09-19T18:38:44+00:00,patient-service,2,10,cpu:
2026-09-19T18:38:44+00:00,result-service,2,10,cpu:
2026-09-19T18:38:44+00:00,triage-service,2,10,cpu:
2026-09-19T18:38:50+00:00,audit-service,2,10,cpu:
2026-09-19T18:38:50+00:00,auth-service,2,10,cpu:
2026-09-19T18:38:50+00:00,consent-service,2,10,cpu:
2026-09-19T18:38:50+00:00,exam-service,2,10,cpu:
2026-09-19T18:38:50+00:00,history-service,2,10,cpu:
2026-09-19T18:38:50+00:00,lab-service,2,10,cpu:
2026-09-19T18:38:50+00:00,notification-service,2,10,cpu:
2026-09-19T18:38:50+00:00,patient-service,2,10,cpu:
2026-09-19T18:38:50+00:00,result-service,2,10,cpu:
2026-09-19T18:38:50+00:00,triage-service,2,10,cpu:
2026-09-19T18:38:56+00:00,audit-service,2,10,cpu:
2026-09-19T18:38:56+00:00,auth-service,2,10,cpu:
2026-09-19T18:38:56+00:00,consent-service,2,10,cpu:
2026-09-19T18:38:56+00:00,exam-service,2,10,cpu:
2026-09-19T18:38:56+00:00,history-service,2,10,cpu:
2026-09-19T18:38:56+00:00,lab-service,2,10,cpu:
2026-09-19T18:38:56+00:00,notification-service,2,10,cpu:
2026-09-19T18:38:56+00:00,patient-service,2,10,cpu:
2026-09-19T18:38:56+00:00,result-service,2,10,cpu:
2026-09-19T18:38:56+00:00,triage-service,2,10,cpu:
2026-09-19T18:39:04+00:00,audit-service,2,10,cpu:
2026-09-19T18:39:04+00:00,auth-service,2,10,cpu:
2026-09-19T18:39:04+00:00,consent-service,2,10,cpu:
2026-09-19T18:39:04+00:00,exam-service,2,10,cpu:
2026-09-19T18:39:04+00:00,history-service,2,10,cpu:
2026-09-19T18:39:04+00:00,lab-service,2,10,cpu:
2026-09-19T18:39:04+00:00,notification-service,2,10,cpu:
2026-09-19T18:39:04+00:00,patient-service,2,10,cpu:
2026-09-19T18:39:04+00:00,result-service,2,10,cpu:
2026-09-19T18:39:04+00:00,triage-service,2,10,cpu:
2026-09-19T18:39:09+00:00,audit-service,2,10,cpu:
2026-09-19T18:39:09+00:00,auth-service,2,10,cpu:
2026-09-19T18:39:09+00:00,consent-service,2,10,cpu:
2026-09-19T18:39:09+00:00,exam-service,2,10,cpu:
2026-09-19T18:39:09+00:00,history-service,2,10,cpu:
2026-09-19T18:39:09+00:00,lab-service,2,10,cpu:
2026-09-19T18:39:09+00:00,notification-service,2,10,cpu:
2026-09-19T18:39:09+00:00,patient-service,2,10,cpu:
2026-09-19T18:39:09+00:00,result-service,2,10,cpu:
2026-09-19T18:39:09+00:00,triage-service,2,10,cpu:
2026-09-19T18:39:16+00:00,audit-service,2,10,cpu:
2026-09-19T18:39:16+00:00,auth-service,2,10,cpu:
2026-09-19T18:39:16+00:00,consent-service,2,10,cpu:
2026-09-19T18:39:16+00:00,exam-service,2,10,cpu:
2026-09-19T18:39:16+00:00,history-service,2,10,cpu:
2026-09-19T18:39:16+00:00,lab-service,2,10,cpu:
2026-09-19T18:39:16+00:00,notification-service,2,10,cpu:
2026-09-19T18:39:16+00:00,patient-service,2,10,cpu:
2026-09-19T18:39:16+00:00,result-service,2,10,cpu:
2026-09-19T18:39:16+00:00,triage-service,2,10,cpu:
2026-09-19T18:39:23+00:00,audit-service,2,10,cpu:
2026-09-19T18:39:23+00:00,auth-service,2,10,cpu:
2026-09-19T18:39:23+00:00,consent-service,2,10,cpu:
2026-09-19T18:39:23+00:00,exam-service,2,10,cpu:
2026-09-19T18:39:23+00:00,history-service,2,10,cpu:
2026-09-19T18:39:23+00:00,lab-service,2,10,cpu:
2026-09-19T18:39:23+00:00,notification-service,2,10,cpu:
2026-09-19T18:39:23+00:00,patient-service,2,10,cpu:
2026-09-19T18:39:23+00:00,result-service,2,10,cpu:
2026-09-19T18:39:23+00:00,triage-service,2,10,cpu:
2026-09-19T18:39:29+00:00,audit-service,2,10,cpu:
2026-09-19T18:39:29+00:00,auth-service,2,10,cpu:
2026-09-19T18:39:29+00:00,consent-service,2,10,cpu:
2026-09-19T18:39:29+00:00,exam-service,2,10,cpu:
2026-09-19T18:39:29+00:00,history-service,2,10,cpu:
2026-09-19T18:39:29+00:00,lab-service,2,10,cpu:
2026-09-19T18:39:29+00:00,notification-service,2,10,cpu:
2026-09-19T18:39:29+00:00,patient-service,2,10,cpu:
2026-09-19T18:39:29+00:00,result-service,2,10,cpu:
2026-09-19T18:39:29+00:00,triage-service,2,10,cpu:
2026-09-19T18:39:35+00:00,audit-service,2,10,cpu:
2026-09-19T18:39:35+00:00,auth-service,2,10,cpu:
2026-09-19T18:39:35+00:00,consent-service,2,10,cpu:
2026-09-19T18:39:35+00:00,exam-service,2,10,cpu:
2026-09-19T18:39:35+00:00,history-service,2,10,cpu:
2026-09-19T18:39:35+00:00,lab-service,2,10,cpu:
2026-09-19T18:39:35+00:00,notification-service,2,10,cpu:
2026-09-19T18:39:35+00:00,patient-service,2,10,cpu:
2026-09-19T18:39:35+00:00,result-service,2,10,cpu:
2026-09-19T18:39:35+00:00,triage-service,2,10,cpu:
2026-09-19T18:39:43+00:00,audit-service,2,10,cpu:
2026-09-19T18:39:43+00:00,auth-service,2,10,cpu:
2026-09-19T18:39:43+00:00,consent-service,2,10,cpu:
2026-09-19T18:39:43+00:00,exam-service,2,10,cpu:
2026-09-19T18:39:43+00:00,history-service,2,10,cpu:
2026-09-19T18:39:43+00:00,lab-service,2,10,cpu:
2026-09-19T18:39:43+00:00,notification-service,2,10,cpu:
2026-09-19T18:39:43+00:00,patient-service,2,10,cpu:
2026-09-19T18:39:43+00:00,result-service,2,10,cpu:
2026-09-19T18:39:43+00:00,triage-service,2,10,cpu:
2026-09-19T18:39:49+00:00,audit-service,2,10,cpu:
2026-09-19T18:39:49+00:00,auth-service,2,10,cpu:
2026-09-19T18:39:49+00:00,consent-service,2,10,cpu:
2026-09-19T18:39:49+00:00,exam-service,2,10,cpu:
2026-09-19T18:39:49+00:00,history-service,2,10,cpu:
2026-09-19T18:39:49+00:00,lab-service,2,10,cpu:
2026-09-19T18:39:49+00:00,notification-service,2,10,cpu:
2026-09-19T18:39:49+00:00,patient-service,2,10,cpu:
2026-09-19T18:39:49+00:00,result-service,2,10,cpu:
2026-09-19T18:39:49+00:00,triage-service,2,10,cpu:
2026-09-19T18:39:55+00:00,audit-service,2,10,cpu:
2026-09-19T18:39:55+00:00,auth-service,2,10,cpu:
2026-09-19T18:39:55+00:00,consent-service,2,10,cpu:
2026-09-19T18:39:55+00:00,exam-service,2,10,cpu:
2026-09-19T18:39:55+00:00,history-service,2,10,cpu:
2026-09-19T18:39:55+00:00,lab-service,2,10,cpu:
2026-09-19T18:39:55+00:00,notification-service,2,10,cpu:
2026-09-19T18:39:55+00:00,patient-service,2,10,cpu:
2026-09-19T18:39:55+00:00,result-service,2,10,cpu:
2026-09-19T18:39:55+00:00,triage-service,2,10,cpu:
2026-09-19T18:40:02+00:00,audit-service,2,10,cpu:
2026-09-19T18:40:02+00:00,auth-service,2,10,cpu:
2026-09-19T18:40:02+00:00,consent-service,2,10,cpu:
2026-09-19T18:40:02+00:00,exam-service,2,10,cpu:
2026-09-19T18:40:02+00:00,history-service,2,10,cpu:
2026-09-19T18:40:02+00:00,lab-service,2,10,cpu:
2026-09-19T18:40:02+00:00,notification-service,2,10,cpu:
2026-09-19T18:40:02+00:00,patient-service,2,10,cpu:
2026-09-19T18:40:02+00:00,result-service,2,10,cpu:
2026-09-19T18:40:02+00:00,triage-service,2,10,cpu:
2026-09-19T18:40:08+00:00,audit-service,2,10,cpu:
2026-09-19T18:40:08+00:00,auth-service,2,10,cpu:
2026-09-19T18:40:08+00:00,consent-service,2,10,cpu:
2026-09-19T18:40:08+00:00,exam-service,2,10,cpu:
2026-09-19T18:40:08+00:00,history-service,2,10,cpu:
2026-09-19T18:40:08+00:00,lab-service,2,10,cpu:
2026-09-19T18:40:08+00:00,notification-service,2,10,cpu:
2026-09-19T18:40:08+00:00,patient-service,2,10,cpu:
2026-09-19T18:40:08+00:00,result-service,2,10,cpu:
2026-09-19T18:40:08+00:00,triage-service,2,10,cpu:
2026-09-19T18:40:14+00:00,audit-service,2,10,cpu:
2026-09-19T18:40:14+00:00,auth-service,2,10,cpu:
2026-09-19T18:40:14+00:00,consent-service,2,10,cpu:
2026-09-19T18:40:14+00:00,exam-service,2,10,cpu:
2026-09-19T18:40:14+00:00,history-service,2,10,cpu:
2026-09-19T18:40:14+00:00,lab-service,2,10,cpu:
2026-09-19T18:40:14+00:00,notification-service,2,10,cpu:
2026-09-19T18:40:14+00:00,patient-service,2,10,cpu:
2026-09-19T18:40:14+00:00,result-service,2,10,cpu:
2026-09-19T18:40:14+00:00,triage-service,2,10,cpu:
2026-09-19T18:40:22+00:00,audit-service,2,10,cpu:
2026-09-19T18:40:22+00:00,auth-service,2,10,cpu:
2026-09-19T18:40:22+00:00,consent-service,2,10,cpu:
2026-09-19T18:40:22+00:00,exam-service,2,10,cpu:
2026-09-19T18:40:22+00:00,history-service,2,10,cpu:
2026-09-19T18:40:22+00:00,lab-service,2,10,cpu:
2026-09-19T18:40:22+00:00,notification-service,2,10,cpu:
2026-09-19T18:40:22+00:00,patient-service,2,10,cpu:
2026-09-19T18:40:22+00:00,result-service,2,10,cpu:
2026-09-19T18:40:22+00:00,triage-service,2,10,cpu:
2026-09-19T18:40:28+00:00,audit-service,2,10,cpu:
2026-09-19T18:40:28+00:00,auth-service,2,10,cpu:
2026-09-19T18:40:28+00:00,consent-service,2,10,cpu:
2026-09-19T18:40:28+00:00,exam-service,2,10,cpu:
2026-09-19T18:40:28+00:00,history-service,2,10,cpu:
2026-09-19T18:40:28+00:00,lab-service,2,10,cpu:
2026-09-19T18:40:28+00:00,notification-service,2,10,cpu:
2026-09-19T18:40:28+00:00,patient-service,2,10,cpu:
2026-09-19T18:40:28+00:00,result-service,2,10,cpu:
2026-09-19T18:40:28+00:00,triage-service,2,10,cpu:
2026-09-19T18:40:34+00:00,audit-service,2,10,cpu:
2026-09-19T18:40:34+00:00,auth-service,2,10,cpu:
2026-09-19T18:40:34+00:00,consent-service,2,10,cpu:
2026-09-19T18:40:34+00:00,exam-service,2,10,cpu:
2026-09-19T18:40:34+00:00,history-service,2,10,cpu:
2026-09-19T18:40:34+00:00,lab-service,2,10,cpu:
2026-09-19T18:40:34+00:00,notification-service,2,10,cpu:
2026-09-19T18:40:34+00:00,patient-service,2,10,cpu:
2026-09-19T18:40:34+00:00,result-service,2,10,cpu:
2026-09-19T18:40:34+00:00,triage-service,2,10,cpu:
2026-09-19T18:40:41+00:00,audit-service,2,10,cpu:
2026-09-19T18:40:41+00:00,auth-service,2,10,cpu:
2026-09-19T18:40:41+00:00,consent-service,2,10,cpu:
2026-09-19T18:40:41+00:00,exam-service,2,10,cpu:
2026-09-19T18:40:41+00:00,history-service,2,10,cpu:
2026-09-19T18:40:41+00:00,lab-service,2,10,cpu:
2026-09-19T18:40:41+00:00,notification-service,2,10,cpu:
2026-09-19T18:40:41+00:00,patient-service,2,10,cpu:
2026-09-19T18:40:41+00:00,result-service,2,10,cpu:
2026-09-19T18:40:41+00:00,triage-service,2,10,cpu:
2026-09-19T18:40:47+00:00,audit-service,2,10,cpu:
2026-09-19T18:40:47+00:00,auth-service,2,10,cpu:
2026-09-19T18:40:47+00:00,consent-service,2,10,cpu:
2026-09-19T18:40:47+00:00,exam-service,2,10,cpu:
2026-09-19T18:40:47+00:00,history-service,2,10,cpu:
2026-09-19T18:40:47+00:00,lab-service,2,10,cpu:
2026-09-19T18:40:47+00:00,notification-service,2,10,cpu:
2026-09-19T18:40:47+00:00,patient-service,2,10,cpu:
2026-09-19T18:40:47+00:00,result-service,2,10,cpu:
2026-09-19T18:40:47+00:00,triage-service,2,10,cpu:
2026-09-19T18:40:52+00:00,audit-service,2,10,cpu:
2026-09-19T18:40:52+00:00,auth-service,2,10,cpu:
2026-09-19T18:40:52+00:00,consent-service,2,10,cpu:
2026-09-19T18:40:52+00:00,exam-service,2,10,cpu:
2026-09-19T18:40:52+00:00,history-service,2,10,cpu:
2026-09-19T18:40:52+00:00,lab-service,2,10,cpu:
2026-09-19T18:40:52+00:00,notification-service,2,10,cpu:
2026-09-19T18:40:52+00:00,patient-service,2,10,cpu:
2026-09-19T18:40:52+00:00,result-service,2,10,cpu:
2026-09-19T18:40:52+00:00,triage-service,2,10,cpu:
2026-09-19T18:41:00+00:00,audit-service,2,10,cpu:
2026-09-19T18:41:00+00:00,auth-service,2,10,cpu:
2026-09-19T18:41:00+00:00,consent-service,2,10,cpu:
2026-09-19T18:41:00+00:00,exam-service,2,10,cpu:
2026-09-19T18:41:00+00:00,history-service,2,10,cpu:
2026-09-19T18:41:00+00:00,lab-service,2,10,cpu:
2026-09-19T18:41:00+00:00,notification-service,2,10,cpu:
2026-09-19T18:41:00+00:00,patient-service,2,10,cpu:
2026-09-19T18:41:00+00:00,result-service,2,10,cpu:
2026-09-19T18:41:00+00:00,triage-service,2,10,cpu:
2026-09-19T18:41:06+00:00,audit-service,2,10,cpu:
2026-09-19T18:41:06+00:00,auth-service,2,10,cpu:
2026-09-19T18:41:06+00:00,consent-service,2,10,cpu:
2026-09-19T18:41:06+00:00,exam-service,2,10,cpu:
2026-09-19T18:41:06+00:00,history-service,2,10,cpu:
2026-09-19T18:41:06+00:00,lab-service,2,10,cpu:
2026-09-19T18:41:06+00:00,notification-service,2,10,cpu:
2026-09-19T18:41:06+00:00,patient-service,2,10,cpu:
2026-09-19T18:41:06+00:00,result-service,2,10,cpu:
2026-09-19T18:41:06+00:00,triage-service,2,10,cpu:
2026-09-19T18:41:12+00:00,audit-service,2,10,cpu:
2026-09-19T18:41:12+00:00,auth-service,2,10,cpu:
2026-09-19T18:41:12+00:00,consent-service,2,10,cpu:
2026-09-19T18:41:12+00:00,exam-service,2,10,cpu:
2026-09-19T18:41:12+00:00,history-service,2,10,cpu:
2026-09-19T18:41:12+00:00,lab-service,2,10,cpu:
2026-09-19T18:41:12+00:00,notification-service,2,10,cpu:
2026-09-19T18:41:12+00:00,patient-service,2,10,cpu:
2026-09-19T18:41:12+00:00,result-service,2,10,cpu:
2026-09-19T18:41:12+00:00,triage-service,2,10,cpu:
2026-09-19T18:41:20+00:00,audit-service,2,10,cpu:
2026-09-19T18:41:20+00:00,auth-service,2,10,cpu:
2026-09-19T18:41:20+00:00,consent-service,2,10,cpu:
2026-09-19T18:41:20+00:00,exam-service,2,10,cpu:
2026-09-19T18:41:20+00:00,history-service,2,10,cpu:
2026-09-19T18:41:20+00:00,lab-service,2,10,cpu:
2026-09-19T18:41:20+00:00,notification-service,2,10,cpu:
2026-09-19T18:41:20+00:00,patient-service,2,10,cpu:
2026-09-19T18:41:20+00:00,result-service,2,10,cpu:
2026-09-19T18:41:20+00:00,triage-service,2,10,cpu:
2026-09-19T18:41:26+00:00,audit-service,2,10,cpu:
2026-09-19T18:41:26+00:00,auth-service,2,10,cpu:
2026-09-19T18:41:26+00:00,consent-service,2,10,cpu:
2026-09-19T18:41:26+00:00,exam-service,2,10,cpu:
2026-09-19T18:41:26+00:00,history-service,2,10,cpu:
2026-09-19T18:41:26+00:00,lab-service,2,10,cpu:
2026-09-19T18:41:26+00:00,notification-service,2,10,cpu:
2026-09-19T18:41:26+00:00,patient-service,2,10,cpu:
2026-09-19T18:41:26+00:00,result-service,2,10,cpu:
2026-09-19T18:41:26+00:00,triage-service,2,10,cpu:
2026-09-19T18:41:31+00:00,audit-service,2,10,cpu:
2026-09-19T18:41:31+00:00,auth-service,2,10,cpu:
2026-09-19T18:41:31+00:00,consent-service,2,10,cpu:
2026-09-19T18:41:31+00:00,exam-service,2,10,cpu:
2026-09-19T18:41:31+00:00,history-service,2,10,cpu:
2026-09-19T18:41:31+00:00,lab-service,2,10,cpu:
2026-09-19T18:41:31+00:00,notification-service,2,10,cpu:
2026-09-19T18:41:31+00:00,patient-service,2,10,cpu:
2026-09-19T18:41:31+00:00,result-service,2,10,cpu:
2026-09-19T18:41:31+00:00,triage-service,2,10,cpu:
2026-09-19T18:41:39+00:00,audit-service,2,10,cpu:
2026-09-19T18:41:39+00:00,auth-service,2,10,cpu:
2026-09-19T18:41:39+00:00,consent-service,2,10,cpu:
2026-09-19T18:41:39+00:00,exam-service,2,10,cpu:
2026-09-19T18:41:39+00:00,history-service,2,10,cpu:
2026-09-19T18:41:39+00:00,lab-service,2,10,cpu:
2026-09-19T18:41:39+00:00,notification-service,2,10,cpu:
2026-09-19T18:41:39+00:00,patient-service,2,10,cpu:
2026-09-19T18:41:39+00:00,result-service,2,10,cpu:
2026-09-19T18:41:39+00:00,triage-service,2,10,cpu:
2026-09-19T18:41:44+00:00,audit-service,2,10,cpu:
2026-09-19T18:41:44+00:00,auth-service,2,10,cpu:
2026-09-19T18:41:44+00:00,consent-service,2,10,cpu:
2026-09-19T18:41:44+00:00,exam-service,2,10,cpu:
2026-09-19T18:41:44+00:00,history-service,2,10,cpu:
2026-09-19T18:41:44+00:00,lab-service,2,10,cpu:
2026-09-19T18:41:44+00:00,notification-service,2,10,cpu:
2026-09-19T18:41:44+00:00,patient-service,2,10,cpu:
2026-09-19T18:41:44+00:00,result-service,2,10,cpu:
2026-09-19T18:41:44+00:00,triage-service,2,10,cpu:
2026-09-19T18:41:50+00:00,audit-service,2,10,cpu:
2026-09-19T18:41:50+00:00,auth-service,2,10,cpu:
2026-09-19T18:41:50+00:00,consent-service,2,10,cpu:
2026-09-19T18:41:50+00:00,exam-service,2,10,cpu:
2026-09-19T18:41:50+00:00,history-service,2,10,cpu:
2026-09-19T18:41:50+00:00,lab-service,2,10,cpu:
2026-09-19T18:41:50+00:00,notification-service,2,10,cpu:
2026-09-19T18:41:50+00:00,patient-service,2,10,cpu:
2026-09-19T18:41:50+00:00,result-service,2,10,cpu:
2026-09-19T18:41:50+00:00,triage-service,2,10,cpu:
2026-09-19T18:41:58+00:00,audit-service,2,10,cpu:
2026-09-19T18:41:58+00:00,auth-service,2,10,cpu:
2026-09-19T18:41:58+00:00,consent-service,2,10,cpu:
2026-09-19T18:41:58+00:00,exam-service,2,10,cpu:
2026-09-19T18:41:58+00:00,history-service,2,10,cpu:
2026-09-19T18:41:58+00:00,lab-service,2,10,cpu:
2026-09-19T18:41:58+00:00,notification-service,2,10,cpu:
2026-09-19T18:41:58+00:00,patient-service,2,10,cpu:
2026-09-19T18:41:58+00:00,result-service,2,10,cpu:
2026-09-19T18:41:58+00:00,triage-service,2,10,cpu:
2026-09-19T18:42:04+00:00,audit-service,2,10,cpu:
2026-09-19T18:42:04+00:00,auth-service,2,10,cpu:
2026-09-19T18:42:04+00:00,consent-service,2,10,cpu:
2026-09-19T18:42:04+00:00,exam-service,2,10,cpu:
2026-09-19T18:42:04+00:00,history-service,2,10,cpu:
2026-09-19T18:42:04+00:00,lab-service,2,10,cpu:
2026-09-19T18:42:04+00:00,notification-service,2,10,cpu:
2026-09-19T18:42:04+00:00,patient-service,2,10,cpu:
2026-09-19T18:42:04+00:00,result-service,2,10,cpu:
2026-09-19T18:42:04+00:00,triage-service,2,10,cpu:
2026-09-19T18:42:10+00:00,audit-service,2,10,cpu:
2026-09-19T18:42:10+00:00,auth-service,2,10,cpu:
2026-09-19T18:42:10+00:00,consent-service,2,10,cpu:
2026-09-19T18:42:10+00:00,exam-service,2,10,cpu:
2026-09-19T18:42:10+00:00,history-service,2,10,cpu:
2026-09-19T18:42:10+00:00,lab-service,2,10,cpu:
2026-09-19T18:42:10+00:00,notification-service,2,10,cpu:
2026-09-19T18:42:10+00:00,patient-service,2,10,cpu:
2026-09-19T18:42:10+00:00,result-service,2,10,cpu:
2026-09-19T18:42:10+00:00,triage-service,2,10,cpu:
2026-09-19T18:42:17+00:00,audit-service,2,10,cpu:
2026-09-19T18:42:17+00:00,auth-service,2,10,cpu:
2026-09-19T18:42:17+00:00,consent-service,2,10,cpu:
2026-09-19T18:42:17+00:00,exam-service,2,10,cpu:
2026-09-19T18:42:17+00:00,history-service,2,10,cpu:
2026-09-19T18:42:17+00:00,lab-service,2,10,cpu:
2026-09-19T18:42:17+00:00,notification-service,2,10,cpu:
2026-09-19T18:42:17+00:00,patient-service,2,10,cpu:
2026-09-19T18:42:17+00:00,result-service,2,10,cpu:
2026-09-19T18:42:17+00:00,triage-service,2,10,cpu:
2026-09-19T18:42:23+00:00,audit-service,2,10,cpu:
2026-09-19T18:42:23+00:00,auth-service,2,10,cpu:
2026-09-19T18:42:23+00:00,consent-service,2,10,cpu:
2026-09-19T18:42:23+00:00,exam-service,2,10,cpu:
2026-09-19T18:42:23+00:00,history-service,2,10,cpu:
2026-09-19T18:42:23+00:00,lab-service,2,10,cpu:
2026-09-19T18:42:23+00:00,notification-service,2,10,cpu:
2026-09-19T18:42:23+00:00,patient-service,2,10,cpu:
2026-09-19T18:42:23+00:00,result-service,2,10,cpu:
2026-09-19T18:42:23+00:00,triage-service,2,10,cpu:
2026-09-19T18:42:28+00:00,audit-service,2,10,cpu:
2026-09-19T18:42:28+00:00,auth-service,2,10,cpu:
2026-09-19T18:42:28+00:00,consent-service,2,10,cpu:
2026-09-19T18:42:28+00:00,exam-service,2,10,cpu:
2026-09-19T18:42:28+00:00,history-service,2,10,cpu:
2026-09-19T18:42:28+00:00,lab-service,2,10,cpu:
2026-09-19T18:42:28+00:00,notification-service,2,10,cpu:
2026-09-19T18:42:28+00:00,patient-service,2,10,cpu:
2026-09-19T18:42:28+00:00,result-service,2,10,cpu:
2026-09-19T18:42:28+00:00,triage-service,2,10,cpu:
2026-09-19T18:42:36+00:00,audit-service,2,10,cpu:
2026-09-19T18:42:36+00:00,auth-service,2,10,cpu:
2026-09-19T18:42:36+00:00,consent-service,2,10,cpu:
2026-09-19T18:42:36+00:00,exam-service,2,10,cpu:
2026-09-19T18:42:36+00:00,history-service,2,10,cpu:
2026-09-19T18:42:36+00:00,lab-service,2,10,cpu:
2026-09-19T18:42:36+00:00,notification-service,2,10,cpu:
2026-09-19T18:42:36+00:00,patient-service,2,10,cpu:
2026-09-19T18:42:36+00:00,result-service,2,10,cpu:
2026-09-19T18:42:36+00:00,triage-service,2,10,cpu:
2026-09-19T18:42:42+00:00,audit-service,2,10,cpu:
2026-09-19T18:42:42+00:00,auth-service,2,10,cpu:
2026-09-19T18:42:42+00:00,consent-service,2,10,cpu:
2026-09-19T18:42:42+00:00,exam-service,2,10,cpu:
2026-09-19T18:42:42+00:00,history-service,2,10,cpu:
2026-09-19T18:42:42+00:00,lab-service,2,10,cpu:
2026-09-19T18:42:42+00:00,notification-service,2,10,cpu:
2026-09-19T18:42:42+00:00,patient-service,2,10,cpu:
2026-09-19T18:42:42+00:00,result-service,2,10,cpu:
2026-09-19T18:42:42+00:00,triage-service,2,10,cpu:
2026-09-19T18:42:48+00:00,audit-service,2,10,cpu:
2026-09-19T18:42:48+00:00,auth-service,2,10,cpu:
2026-09-19T18:42:48+00:00,consent-service,2,10,cpu:
2026-09-19T18:42:48+00:00,exam-service,2,10,cpu:
2026-09-19T18:42:48+00:00,history-service,2,10,cpu:
2026-09-19T18:42:48+00:00,lab-service,2,10,cpu:
2026-09-19T18:42:48+00:00,notification-service,2,10,cpu:
2026-09-19T18:42:48+00:00,patient-service,2,10,cpu:
2026-09-19T18:42:48+00:00,result-service,2,10,cpu:
2026-09-19T18:42:48+00:00,triage-service,2,10,cpu:
2026-09-19T18:42:55+00:00,audit-service,2,10,cpu:
2026-09-19T18:42:55+00:00,auth-service,2,10,cpu:
2026-09-19T18:42:55+00:00,consent-service,2,10,cpu:
2026-09-19T18:42:55+00:00,exam-service,2,10,cpu:
2026-09-19T18:42:55+00:00,history-service,2,10,cpu:
2026-09-19T18:42:55+00:00,lab-service,2,10,cpu:
2026-09-19T18:42:55+00:00,notification-service,2,10,cpu:
2026-09-19T18:42:55+00:00,patient-service,2,10,cpu:
2026-09-19T18:42:55+00:00,result-service,2,10,cpu:
2026-09-19T18:42:55+00:00,triage-service,2,10,cpu:
2026-09-19T18:43:01+00:00,audit-service,2,10,cpu:
2026-09-19T18:43:01+00:00,auth-service,2,10,cpu:
2026-09-19T18:43:01+00:00,consent-service,2,10,cpu:
2026-09-19T18:43:01+00:00,exam-service,2,10,cpu:
2026-09-19T18:43:01+00:00,history-service,2,10,cpu:
2026-09-19T18:43:01+00:00,lab-service,2,10,cpu:
2026-09-19T18:43:01+00:00,notification-service,2,10,cpu:
2026-09-19T18:43:01+00:00,patient-service,2,10,cpu:
2026-09-19T18:43:01+00:00,result-service,2,10,cpu:
2026-09-19T18:43:01+00:00,triage-service,2,10,cpu:
2026-09-19T18:43:06+00:00,audit-service,2,10,cpu:
2026-09-19T18:43:06+00:00,auth-service,2,10,cpu:
2026-09-19T18:43:06+00:00,consent-service,2,10,cpu:
2026-09-19T18:43:06+00:00,exam-service,2,10,cpu:
2026-09-19T18:43:06+00:00,history-service,2,10,cpu:
2026-09-19T18:43:06+00:00,lab-service,2,10,cpu:
2026-09-19T18:43:06+00:00,notification-service,2,10,cpu:
2026-09-19T18:43:06+00:00,patient-service,2,10,cpu:
2026-09-19T18:43:06+00:00,result-service,2,10,cpu:
2026-09-19T18:43:06+00:00,triage-service,2,10,cpu:
