ts,grupo,topico,lag
2026-09-19T15:16:11+00:00,audit-service,audit.events,0
2026-09-19T15:16:11+00:00,audit-service,audit.events,0
2026-09-19T15:16:11+00:00,audit-service,audit.events,0
2026-09-19T15:16:11+00:00,lab-service,exam.requested,0
2026-09-19T15:16:11+00:00,lab-service,exam.requested,0
2026-09-19T15:16:11+00:00,notification-service,exam.completed,0
2026-09-19T15:16:11+00:00,notification-service,exam.completed,0
2026-09-19T15:16:11+00:00,result-service,exam.completed,0
2026-09-19T15:16:11+00:00,result-service,exam.completed,0
2026-09-19T15:16:31+00:00,audit-service,audit.events,0
2026-09-19T15:16:31+00:00,audit-service,audit.events,0
2026-09-19T15:16:31+00:00,audit-service,audit.events,0
2026-09-19T15:16:31+00:00,lab-service,exam.requested,0
2026-09-19T15:16:31+00:00,lab-service,exam.requested,0
2026-09-19T15:16:31+00:00,notification-service,exam.completed,0
2026-09-19T15:16:31+00:00,notification-service,exam.completed,0
2026-09-19T15:16:31+00:00,result-service,exam.completed,0
2026-09-19T15:16:31+00:00,result-service,exam.completed,0
2026-09-19T15:16:50+00:00,audit-service,audit.events,0
2026-09-19T15:16:50+00:00,audit-service,audit.events,0
2026-09-19T15:16:50+00:00,audit-service,audit.events,0
2026-09-19T15:16:50+00:00,lab-service,exam.requested,0
2026-09-19T15:16:50+00:00,lab-service,exam.requested,0
2026-09-19T15:16:50+00:00,notification-service,exam.completed,0
2026-09-19T15:16:50+00:00,notification-service,exam.completed,0
2026-09-19T15:16:50+00:00,result-service,exam.completed,0
2026-09-19T15:16:50+00:00,result-service,exam.completed,0
2026-09-19T15:17:10+00:00,audit-service,audit.events,0
2026-09-19T15:17:10+00:00,audit-service,audit.events,0
2026-09-19T15:17:10+00:00,audit-service,audit.events,0
2026-09-19T15:17:10+00:00,lab-service,exam.requested,0
2026-09-19T15:17:10+00:00,lab-service,exam.requested,0
2026-09-19T15:17:10+00:00,notification-service,exam.completed,0
2026-09-19T15:17:10+00:00,notification-service,exam.completed,0
2026-09-19T15:17:10+00:00,result-service,exam.completed,0
2026-09-19T15:17:10+00:00,result-service,exam.completed,0
2026-09-19T15:17:28+00:00,audit-service,audit.events,0
2026-09-19T15:17:28+00:00,audit-service,audit.events,0
2026-09-19T15:17:28+00:00,audit-service,audit.events,0
2026-09-19T15:17:28+00:00,lab-service,exam.requested,0
2026-09-19T15:17:28+00:00,lab-service,exam.requested,0
2026-09-19T15:17:28+00:00,notification-service,exam.completed,0
2026-09-19T15:17:28+00:00,notification-service,exam.completed,0
2026-09-19T15:17:28+00:00,result-service,exam.completed,0
2026-09-19T15:17:28+00:00,result-service,exam.completed,0
2026-09-19T15:17:47+00:00,audit-service,audit.events,0
2026-09-19T15:17:47+00:00,audit-service,audit.events,1
2026-09-19T15:17:47+00:00,audit-service,audit.events,0
2026-09-19T15:17:47+00:00,lab-service,exam.requested,0
2026-09-19T15:17:47+00:00,lab-service,exam.requested,0
2026-09-19T15:17:47+00:00,notification-service,exam.completed,0
2026-09-19T15:17:47+00:00,notification-service,exam.completed,0
2026-09-19T15:17:47+00:00,result-service,exam.completed,0
2026-09-19T15:17:47+00:00,result-service,exam.completed,0
2026-09-19T15:18:06+00:00,audit-service,audit.events,0
2026-09-19T15:18:06+00:00,audit-service,audit.events,1
2026-09-19T15:18:06+00:00,audit-service,audit.events,0
2026-09-19T15:18:06+00:00,lab-service,exam.requested,0
2026-09-19T15:18:06+00:00,lab-service,exam.requested,0
2026-09-19T15:18:06+00:00,notification-service,exam.completed,0
2026-09-19T15:18:06+00:00,notification-service,exam.completed,0
2026-09-19T15:18:06+00:00,result-service,exam.completed,0
2026-09-19T15:18:06+00:00,result-service,exam.completed,0
2026-09-19T15:18:26+00:00,audit-service,audit.events,0
2026-09-19T15:18:26+00:00,audit-service,audit.events,0
2026-09-19T15:18:26+00:00,audit-service,audit.events,0
2026-09-19T15:18:26+00:00,lab-service,exam.requested,0
2026-09-19T15:18:26+00:00,lab-service,exam.requested,0
2026-09-19T15:18:26+00:00,notification-service,exam.completed,0
2026-09-19T15:18:26+00:00,notification-service,exam.completed,0
2026-09-19T15:18:26+00:00,result-service,exam.completed,0
2026-09-19T15:18:26+00:00,result-service,exam.completed,0
2026-09-19T15:18:46+00:00,audit-service,audit.events,0
2026-09-19T15:18:46+00:00,audit-service,audit.events,2
2026-09-19T15:18:46+00:00,audit-service,audit.events,0
2026-09-19T15:18:46+00:00,lab-service,exam.requested,0
2026-09-19T15:18:46+00:00,lab-service,exam.requested,0
2026-09-19T15:18:46+00:00,notification-service,exam.completed,0
2026-09-19T15:18:46+00:00,notification-service,exam.completed,0
2026-09-19T15:18:46+00:00,result-service,exam.completed,0
2026-09-19T15:18:46+00:00,result-service,exam.completed,0
2026-09-19T15:19:05+00:00,audit-service,audit.events,0
2026-09-19T15:19:05+00:00,audit-service,audit.events,5
2026-09-19T15:19:05+00:00,audit-service,audit.events,0
2026-09-19T15:19:05+00:00,lab-service,exam.requested,0
2026-09-19T15:19:05+00:00,lab-service,exam.requested,0
2026-09-19T15:19:05+00:00,notification-service,exam.completed,0
2026-09-19T15:19:05+00:00,notification-service,exam.completed,0
2026-09-19T15:19:05+00:00,result-service,exam.completed,0
2026-09-19T15:19:05+00:00,result-service,exam.completed,0
2026-09-19T15:19:25+00:00,audit-service,audit.events,0
2026-09-19T15:19:25+00:00,audit-service,audit.events,0
2026-09-19T15:19:25+00:00,audit-service,audit.events,0
2026-09-19T15:19:25+00:00,lab-service,exam.requested,0
2026-09-19T15:19:25+00:00,lab-service,exam.requested,0
2026-09-19T15:19:25+00:00,notification-service,exam.completed,0
2026-09-19T15:19:25+00:00,notification-service,exam.completed,0
2026-09-19T15:19:25+00:00,result-service,exam.completed,0
2026-09-19T15:19:25+00:00,result-service,exam.completed,0
2026-09-19T15:19:45+00:00,audit-service,audit.events,0
2026-09-19T15:19:45+00:00,audit-service,audit.events,0
2026-09-19T15:19:45+00:00,audit-service,audit.events,0
2026-09-19T15:19:45+00:00,lab-service,exam.requested,0
2026-09-19T15:19:45+00:00,lab-service,exam.requested,0
2026-09-19T15:19:45+00:00,notification-service,exam.completed,0
2026-09-19T15:19:45+00:00,notification-service,exam.completed,0
2026-09-19T15:19:45+00:00,result-service,exam.completed,0
2026-09-19T15:19:45+00:00,result-service,exam.completed,0
2026-09-19T15:20:05+00:00,audit-service,audit.events,0
2026-09-19T15:20:05+00:00,audit-service,audit.events,0
2026-09-19T15:20:05+00:00,audit-service,audit.events,0
2026-09-19T15:20:05+00:00,lab-service,exam.requested,0
2026-09-19T15:20:05+00:00,lab-service,exam.requested,0
2026-09-19T15:20:05+00:00,notification-service,exam.completed,0
2026-09-19T15:20:05+00:00,notification-service,exam.completed,0
2026-09-19T15:20:05+00:00,result-service,exam.completed,0
2026-09-19T15:20:05+00:00,result-service,exam.completed,0
2026-09-19T15:20:25+00:00,audit-service,audit.events,0
2026-09-19T15:20:25+00:00,audit-service,audit.events,0
2026-09-19T15:20:25+00:00,audit-service,audit.events,3
2026-09-19T15:20:25+00:00,lab-service,exam.requested,0
2026-09-19T15:20:25+00:00,lab-service,exam.requested,0
2026-09-19T15:20:25+00:00,notification-service,exam.completed,0
2026-09-19T15:20:25+00:00,notification-service,exam.completed,0
2026-09-19T15:20:25+00:00,result-service,exam.completed,0
2026-09-19T15:20:25+00:00,result-service,exam.completed,0
2026-09-19T15:20:45+00:00,audit-service,audit.events,0
2026-09-19T15:20:45+00:00,audit-service,audit.events,0
2026-09-19T15:20:45+00:00,audit-service,audit.events,0
2026-09-19T15:20:45+00:00,lab-service,exam.requested,0
2026-09-19T15:20:45+00:00,lab-service,exam.requested,0
2026-09-19T15:20:45+00:00,notification-service,exam.completed,0
2026-09-19T15:20:45+00:00,notification-service,exam.completed,0
2026-09-19T15:20:45+00:00,result-service,exam.completed,0
2026-09-19T15:20:45+00:00,result-service,exam.completed,0
2026-09-19T15:21:05+00:00,audit-service,audit.events,0
2026-09-19T15:21:05+00:00,audit-service,audit.events,0
2026-09-19T15:21:05+00:00,audit-service,audit.events,3
2026-09-19T15:21:05+00:00,lab-service,exam.requested,0
2026-09-19T15:21:05+00:00,lab-service,exam.requested,0
2026-09-19T15:21:05+00:00,notification-service,exam.completed,0
2026-09-19T15:21:05+00:00,notification-service,exam.completed,0
2026-09-19T15:21:05+00:00,result-service,exam.completed,0
2026-09-19T15:21:05+00:00,result-service,exam.completed,0
2026-09-19T15:21:25+00:00,audit-service,audit.events,0
2026-09-19T15:21:25+00:00,audit-service,audit.events,0
2026-09-19T15:21:25+00:00,audit-service,audit.events,3
2026-09-19T15:21:25+00:00,lab-service,exam.requested,0
2026-09-19T15:21:25+00:00,lab-service,exam.requested,0
2026-09-19T15:21:25+00:00,notification-service,exam.completed,0
2026-09-19T15:21:25+00:00,notification-service,exam.completed,0
2026-09-19T15:21:25+00:00,result-service,exam.completed,0
2026-09-19T15:21:25+00:00,result-service,exam.completed,0
2026-09-19T15:21:47+00:00,audit-service,audit.events,0
2026-09-19T15:21:47+00:00,audit-service,audit.events,0
2026-09-19T15:21:47+00:00,audit-service,audit.events,3
2026-09-19T15:21:47+00:00,lab-service,exam.requested,0
2026-09-19T15:21:47+00:00,lab-service,exam.requested,0
2026-09-19T15:21:47+00:00,notification-service,exam.completed,0
2026-09-19T15:21:47+00:00,notification-service,exam.completed,0
2026-09-19T15:21:47+00:00,result-service,exam.completed,0
2026-09-19T15:21:47+00:00,result-service,exam.completed,0
2026-09-19T15:22:07+00:00,audit-service,audit.events,0
2026-09-19T15:22:07+00:00,audit-service,audit.events,0
2026-09-19T15:22:07+00:00,audit-service,audit.events,2
2026-09-19T15:22:07+00:00,lab-service,exam.requested,0
2026-09-19T15:22:07+00:00,lab-service,exam.requested,0
2026-09-19T15:22:07+00:00,notification-service,exam.completed,0
2026-09-19T15:22:07+00:00,notification-service,exam.completed,0
2026-09-19T15:22:07+00:00,result-service,exam.completed,0
2026-09-19T15:22:07+00:00,result-service,exam.completed,0
2026-09-19T15:22:27+00:00,audit-service,audit.events,0
2026-09-19T15:22:27+00:00,audit-service,audit.events,0
2026-09-19T15:22:27+00:00,audit-service,audit.events,2
2026-09-19T15:22:27+00:00,lab-service,exam.requested,0
2026-09-19T15:22:27+00:00,lab-service,exam.requested,0
2026-09-19T15:22:27+00:00,notification-service,exam.completed,0
2026-09-19T15:22:27+00:00,notification-service,exam.completed,0
2026-09-19T15:22:27+00:00,result-service,exam.completed,0
2026-09-19T15:22:27+00:00,result-service,exam.completed,0
2026-09-19T15:22:47+00:00,audit-service,audit.events,0
2026-09-19T15:22:47+00:00,audit-service,audit.events,0
2026-09-19T15:22:47+00:00,audit-service,audit.events,8
2026-09-19T15:22:47+00:00,lab-service,exam.requested,0
2026-09-19T15:22:47+00:00,lab-service,exam.requested,0
2026-09-19T15:22:47+00:00,notification-service,exam.completed,0
2026-09-19T15:22:47+00:00,notification-service,exam.completed,0
2026-09-19T15:22:47+00:00,result-service,exam.completed,0
2026-09-19T15:22:47+00:00,result-service,exam.completed,0
2026-09-19T15:23:08+00:00,audit-service,audit.events,0
2026-09-19T15:23:08+00:00,audit-service,audit.events,0
2026-09-19T15:23:08+00:00,audit-service,audit.events,2
2026-09-19T15:23:08+00:00,lab-service,exam.requested,0
2026-09-19T15:23:08+00:00,lab-service,exam.requested,0
2026-09-19T15:23:08+00:00,notification-service,exam.completed,0
2026-09-19T15:23:08+00:00,notification-service,exam.completed,0
2026-09-19T15:23:08+00:00,result-service,exam.completed,0
2026-09-19T15:23:08+00:00,result-service,exam.completed,0
2026-09-19T15:23:27+00:00,audit-service,audit.events,0
2026-09-19T15:23:27+00:00,audit-service,audit.events,0
2026-09-19T15:23:27+00:00,audit-service,audit.events,5
2026-09-19T15:23:27+00:00,lab-service,exam.requested,0
2026-09-19T15:23:27+00:00,lab-service,exam.requested,0
2026-09-19T15:23:27+00:00,notification-service,exam.completed,0
2026-09-19T15:23:27+00:00,notification-service,exam.completed,0
2026-09-19T15:23:27+00:00,result-service,exam.completed,0
2026-09-19T15:23:27+00:00,result-service,exam.completed,0
2026-09-19T15:23:47+00:00,audit-service,audit.events,0
2026-09-19T15:23:47+00:00,audit-service,audit.events,0
2026-09-19T15:23:47+00:00,audit-service,audit.events,2
2026-09-19T15:23:47+00:00,lab-service,exam.requested,0
2026-09-19T15:23:47+00:00,lab-service,exam.requested,0
2026-09-19T15:23:47+00:00,notification-service,exam.completed,0
2026-09-19T15:23:47+00:00,notification-service,exam.completed,0
2026-09-19T15:23:47+00:00,result-service,exam.completed,0
2026-09-19T15:23:47+00:00,result-service,exam.completed,0
2026-09-19T15:24:07+00:00,audit-service,audit.events,0
2026-09-19T15:24:07+00:00,audit-service,audit.events,0
2026-09-19T15:24:07+00:00,audit-service,audit.events,3
2026-09-19T15:24:07+00:00,lab-service,exam.requested,0
2026-09-19T15:24:07+00:00,lab-service,exam.requested,0
2026-09-19T15:24:07+00:00,notification-service,exam.completed,0
2026-09-19T15:24:07+00:00,notification-service,exam.completed,0
2026-09-19T15:24:07+00:00,result-service,exam.completed,0
2026-09-19T15:24:07+00:00,result-service,exam.completed,0
2026-09-19T15:24:27+00:00,audit-service,audit.events,0
2026-09-19T15:24:27+00:00,audit-service,audit.events,0
2026-09-19T15:24:27+00:00,audit-service,audit.events,8
2026-09-19T15:24:27+00:00,lab-service,exam.requested,0
2026-09-19T15:24:27+00:00,lab-service,exam.requested,0
2026-09-19T15:24:27+00:00,notification-service,exam.completed,0
2026-09-19T15:24:27+00:00,notification-service,exam.completed,0
2026-09-19T15:24:27+00:00,result-service,exam.completed,0
2026-09-19T15:24:27+00:00,result-service,exam.completed,0
2026-09-19T15:24:47+00:00,audit-service,audit.events,0
2026-09-19T15:24:47+00:00,audit-service,audit.events,0
2026-09-19T15:24:47+00:00,audit-service,audit.events,7
2026-09-19T15:24:47+00:00,lab-service,exam.requested,0
2026-09-19T15:24:47+00:00,lab-service,exam.requested,0
2026-09-19T15:24:47+00:00,notification-service,exam.completed,0
2026-09-19T15:24:47+00:00,notification-service,exam.completed,0
2026-09-19T15:24:47+00:00,result-service,exam.completed,0
2026-09-19T15:24:47+00:00,result-service,exam.completed,0
2026-09-19T15:25:07+00:00,audit-service,audit.events,0
2026-09-19T15:25:07+00:00,audit-service,audit.events,0
2026-09-19T15:25:07+00:00,audit-service,audit.events,3
2026-09-19T15:25:07+00:00,lab-service,exam.requested,0
2026-09-19T15:25:07+00:00,lab-service,exam.requested,0
2026-09-19T15:25:07+00:00,notification-service,exam.completed,0
2026-09-19T15:25:07+00:00,notification-service,exam.completed,0
2026-09-19T15:25:07+00:00,result-service,exam.completed,0
2026-09-19T15:25:07+00:00,result-service,exam.completed,0
2026-09-19T15:25:26+00:00,audit-service,audit.events,0
2026-09-19T15:25:26+00:00,audit-service,audit.events,0
2026-09-19T15:25:26+00:00,audit-service,audit.events,9
2026-09-19T15:25:26+00:00,lab-service,exam.requested,0
2026-09-19T15:25:26+00:00,lab-service,exam.requested,0
2026-09-19T15:25:26+00:00,notification-service,exam.completed,0
2026-09-19T15:25:26+00:00,notification-service,exam.completed,0
2026-09-19T15:25:26+00:00,result-service,exam.completed,0
2026-09-19T15:25:26+00:00,result-service,exam.completed,0
2026-09-19T15:25:46+00:00,audit-service,audit.events,0
2026-09-19T15:25:46+00:00,audit-service,audit.events,0
2026-09-19T15:25:46+00:00,audit-service,audit.events,7
2026-09-19T15:25:46+00:00,lab-service,exam.requested,0
2026-09-19T15:25:46+00:00,lab-service,exam.requested,0
2026-09-19T15:25:46+00:00,notification-service,exam.completed,0
2026-09-19T15:25:46+00:00,notification-service,exam.completed,0
2026-09-19T15:25:46+00:00,result-service,exam.completed,0
2026-09-19T15:25:46+00:00,result-service,exam.completed,0
2026-09-19T15:26:05+00:00,audit-service,audit.events,0
2026-09-19T15:26:05+00:00,audit-service,audit.events,0
2026-09-19T15:26:05+00:00,audit-service,audit.events,6
2026-09-19T15:26:05+00:00,lab-service,exam.requested,0
2026-09-19T15:26:05+00:00,lab-service,exam.requested,0
2026-09-19T15:26:05+00:00,notification-service,exam.completed,0
2026-09-19T15:26:05+00:00,notification-service,exam.completed,0
2026-09-19T15:26:05+00:00,result-service,exam.completed,0
2026-09-19T15:26:05+00:00,result-service,exam.completed,0
2026-09-19T15:26:26+00:00,audit-service,audit.events,0
2026-09-19T15:26:26+00:00,audit-service,audit.events,0
2026-09-19T15:26:26+00:00,audit-service,audit.events,4
2026-09-19T15:26:26+00:00,lab-service,exam.requested,0
2026-09-19T15:26:26+00:00,lab-service,exam.requested,0
2026-09-19T15:26:26+00:00,notification-service,exam.completed,0
2026-09-19T15:26:26+00:00,notification-service,exam.completed,0
2026-09-19T15:26:26+00:00,result-service,exam.completed,0
2026-09-19T15:26:26+00:00,result-service,exam.completed,0
2026-09-19T15:26:46+00:00,audit-service,audit.events,0
2026-09-19T15:26:46+00:00,audit-service,audit.events,0
2026-09-19T15:26:46+00:00,audit-service,audit.events,2
2026-09-19T15:26:46+00:00,lab-service,exam.requested,0
2026-09-19T15:26:46+00:00,lab-service,exam.requested,0
2026-09-19T15:26:46+00:00,notification-service,exam.completed,0
2026-09-19T15:26:46+00:00,notification-service,exam.completed,0
2026-09-19T15:26:46+00:00,result-service,exam.completed,0
2026-09-19T15:26:46+00:00,result-service,exam.completed,0
2026-09-19T15:27:06+00:00,audit-service,audit.events,0
2026-09-19T15:27:06+00:00,audit-service,audit.events,0
2026-09-19T15:27:06+00:00,audit-service,audit.events,0
2026-09-19T15:27:06+00:00,lab-service,exam.requested,0
2026-09-19T15:27:06+00:00,lab-service,exam.requested,0
2026-09-19T15:27:06+00:00,notification-service,exam.completed,0
2026-09-19T15:27:06+00:00,notification-service,exam.completed,0
2026-09-19T15:27:06+00:00,result-service,exam.completed,0
2026-09-19T15:27:06+00:00,result-service,exam.completed,0
2026-09-19T15:27:26+00:00,audit-service,audit.events,0
2026-09-19T15:27:26+00:00,audit-service,audit.events,0
2026-09-19T15:27:26+00:00,audit-service,audit.events,0
2026-09-19T15:27:26+00:00,lab-service,exam.requested,0
2026-09-19T15:27:26+00:00,lab-service,exam.requested,0
2026-09-19T15:27:26+00:00,notification-service,exam.completed,0
2026-09-19T15:27:26+00:00,notification-service,exam.completed,0
2026-09-19T15:27:26+00:00,result-service,exam.completed,0
2026-09-19T15:27:26+00:00,result-service,exam.completed,0
2026-09-19T15:27:46+00:00,audit-service,audit.events,0
2026-09-19T15:27:46+00:00,audit-service,audit.events,0
2026-09-19T15:27:46+00:00,audit-service,audit.events,0
2026-09-19T15:27:46+00:00,lab-service,exam.requested,0
2026-09-19T15:27:46+00:00,lab-service,exam.requested,0
2026-09-19T15:27:46+00:00,notification-service,exam.completed,0
2026-09-19T15:27:46+00:00,notification-service,exam.completed,0
2026-09-19T15:27:46+00:00,result-service,exam.completed,0
2026-09-19T15:27:46+00:00,result-service,exam.completed,0
2026-09-19T15:28:06+00:00,audit-service,audit.events,0
2026-09-19T15:28:06+00:00,audit-service,audit.events,0
2026-09-19T15:28:06+00:00,audit-service,audit.events,2
2026-09-19T15:28:06+00:00,lab-service,exam.requested,0
2026-09-19T15:28:06+00:00,lab-service,exam.requested,0
2026-09-19T15:28:06+00:00,notification-service,exam.completed,0
2026-09-19T15:28:06+00:00,notification-service,exam.completed,0
2026-09-19T15:28:06+00:00,result-service,exam.completed,0
2026-09-19T15:28:06+00:00,result-service,exam.completed,0
2026-09-19T15:28:26+00:00,audit-service,audit.events,0
2026-09-19T15:28:26+00:00,audit-service,audit.events,0
2026-09-19T15:28:26+00:00,audit-service,audit.events,0
2026-09-19T15:28:26+00:00,lab-service,exam.requested,0
2026-09-19T15:28:26+00:00,lab-service,exam.requested,0
2026-09-19T15:28:26+00:00,notification-service,exam.completed,0
2026-09-19T15:28:26+00:00,notification-service,exam.completed,0
2026-09-19T15:28:26+00:00,result-service,exam.completed,0
2026-09-19T15:28:26+00:00,result-service,exam.completed,0
2026-09-19T15:28:46+00:00,audit-service,audit.events,0
2026-09-19T15:28:46+00:00,audit-service,audit.events,0
2026-09-19T15:28:46+00:00,audit-service,audit.events,0
2026-09-19T15:28:46+00:00,lab-service,exam.requested,0
2026-09-19T15:28:46+00:00,lab-service,exam.requested,0
2026-09-19T15:28:46+00:00,notification-service,exam.completed,0
2026-09-19T15:28:46+00:00,notification-service,exam.completed,0
2026-09-19T15:28:46+00:00,result-service,exam.completed,0
2026-09-19T15:28:46+00:00,result-service,exam.completed,0
2026-09-19T15:29:06+00:00,audit-service,audit.events,0
2026-09-19T15:29:06+00:00,audit-service,audit.events,0
2026-09-19T15:29:06+00:00,audit-service,audit.events,0
2026-09-19T15:29:06+00:00,lab-service,exam.requested,0
2026-09-19T15:29:06+00:00,lab-service,exam.requested,0
2026-09-19T15:29:06+00:00,notification-service,exam.completed,0
2026-09-19T15:29:06+00:00,notification-service,exam.completed,0
2026-09-19T15:29:06+00:00,result-service,exam.completed,0
2026-09-19T15:29:06+00:00,result-service,exam.completed,0
2026-09-19T15:29:25+00:00,audit-service,audit.events,0
2026-09-19T15:29:25+00:00,audit-service,audit.events,0
2026-09-19T15:29:25+00:00,audit-service,audit.events,0
2026-09-19T15:29:25+00:00,lab-service,exam.requested,0
2026-09-19T15:29:25+00:00,lab-service,exam.requested,0
2026-09-19T15:29:25+00:00,notification-service,exam.completed,0
2026-09-19T15:29:25+00:00,notification-service,exam.completed,0
2026-09-19T15:29:25+00:00,result-service,exam.completed,0
2026-09-19T15:29:25+00:00,result-service,exam.completed,0
2026-09-19T15:29:44+00:00,audit-service,audit.events,0
2026-09-19T15:29:44+00:00,audit-service,audit.events,0
2026-09-19T15:29:44+00:00,audit-service,audit.events,2
2026-09-19T15:29:44+00:00,lab-service,exam.requested,0
2026-09-19T15:29:44+00:00,lab-service,exam.requested,0
2026-09-19T15:29:44+00:00,notification-service,exam.completed,0
2026-09-19T15:29:44+00:00,notification-service,exam.completed,0
2026-09-19T15:29:44+00:00,result-service,exam.completed,0
2026-09-19T15:29:44+00:00,result-service,exam.completed,0
2026-09-19T15:30:04+00:00,audit-service,audit.events,0
2026-09-19T15:30:04+00:00,audit-service,audit.events,0
2026-09-19T15:30:04+00:00,audit-service,audit.events,2
2026-09-19T15:30:04+00:00,lab-service,exam.requested,0
2026-09-19T15:30:04+00:00,lab-service,exam.requested,0
2026-09-19T15:30:04+00:00,notification-service,exam.completed,0
2026-09-19T15:30:04+00:00,notification-service,exam.completed,0
2026-09-19T15:30:04+00:00,result-service,exam.completed,0
2026-09-19T15:30:04+00:00,result-service,exam.completed,0
2026-09-19T15:30:23+00:00,audit-service,audit.events,0
2026-09-19T15:30:23+00:00,audit-service,audit.events,0
2026-09-19T15:30:23+00:00,audit-service,audit.events,16
2026-09-19T15:30:23+00:00,lab-service,exam.requested,0
2026-09-19T15:30:23+00:00,lab-service,exam.requested,0
2026-09-19T15:30:23+00:00,notification-service,exam.completed,0
2026-09-19T15:30:23+00:00,notification-service,exam.completed,0
2026-09-19T15:30:23+00:00,result-service,exam.completed,0
2026-09-19T15:30:23+00:00,result-service,exam.completed,0
2026-09-19T15:30:42+00:00,audit-service,audit.events,0
2026-09-19T15:30:42+00:00,audit-service,audit.events,0
2026-09-19T15:30:42+00:00,audit-service,audit.events,89
2026-09-19T15:30:42+00:00,lab-service,exam.requested,0
2026-09-19T15:30:42+00:00,lab-service,exam.requested,0
2026-09-19T15:30:42+00:00,notification-service,exam.completed,0
2026-09-19T15:30:42+00:00,notification-service,exam.completed,0
2026-09-19T15:30:42+00:00,result-service,exam.completed,0
2026-09-19T15:30:42+00:00,result-service,exam.completed,0
2026-09-19T15:31:03+00:00,audit-service,audit.events,0
2026-09-19T15:31:03+00:00,audit-service,audit.events,0
2026-09-19T15:31:03+00:00,audit-service,audit.events,1834
2026-09-19T15:31:03+00:00,lab-service,exam.requested,0
2026-09-19T15:31:03+00:00,lab-service,exam.requested,0
2026-09-19T15:31:03+00:00,notification-service,exam.completed,0
2026-09-19T15:31:03+00:00,notification-service,exam.completed,0
2026-09-19T15:31:03+00:00,result-service,exam.completed,0
2026-09-19T15:31:03+00:00,result-service,exam.completed,0
2026-09-19T15:31:22+00:00,audit-service,audit.events,0
2026-09-19T15:31:22+00:00,audit-service,audit.events,0
2026-09-19T15:31:22+00:00,audit-service,audit.events,4186
2026-09-19T15:31:22+00:00,lab-service,exam.requested,0
2026-09-19T15:31:22+00:00,lab-service,exam.requested,0
2026-09-19T15:31:22+00:00,notification-service,exam.completed,0
2026-09-19T15:31:22+00:00,notification-service,exam.completed,0
2026-09-19T15:31:22+00:00,result-service,exam.completed,0
2026-09-19T15:31:22+00:00,result-service,exam.completed,0
2026-09-19T15:31:43+00:00,audit-service,audit.events,0
2026-09-19T15:31:43+00:00,audit-service,audit.events,0
2026-09-19T15:31:43+00:00,audit-service,audit.events,7748
2026-09-19T15:31:43+00:00,lab-service,exam.requested,0
2026-09-19T15:31:43+00:00,lab-service,exam.requested,0
2026-09-19T15:31:43+00:00,notification-service,exam.completed,0
2026-09-19T15:31:43+00:00,notification-service,exam.completed,0
2026-09-19T15:31:43+00:00,result-service,exam.completed,0
2026-09-19T15:31:43+00:00,result-service,exam.completed,0
2026-09-19T15:32:04+00:00,audit-service,audit.events,0
2026-09-19T15:32:04+00:00,audit-service,audit.events,0
2026-09-19T15:32:04+00:00,audit-service,audit.events,11153
2026-09-19T15:32:04+00:00,lab-service,exam.requested,0
2026-09-19T15:32:04+00:00,lab-service,exam.requested,0
2026-09-19T15:32:04+00:00,notification-service,exam.completed,0
2026-09-19T15:32:04+00:00,notification-service,exam.completed,0
2026-09-19T15:32:04+00:00,result-service,exam.completed,0
2026-09-19T15:32:04+00:00,result-service,exam.completed,0
2026-09-19T15:32:27+00:00,audit-service,audit.events,0
2026-09-19T15:32:27+00:00,audit-service,audit.events,0
2026-09-19T15:32:27+00:00,audit-service,audit.events,15345
2026-09-19T15:32:27+00:00,lab-service,exam.requested,0
2026-09-19T15:32:27+00:00,lab-service,exam.requested,0
2026-09-19T15:32:27+00:00,notification-service,exam.completed,0
2026-09-19T15:32:27+00:00,notification-service,exam.completed,0
2026-09-19T15:32:27+00:00,result-service,exam.completed,0
2026-09-19T15:32:27+00:00,result-service,exam.completed,0
2026-09-19T15:32:50+00:00,audit-service,audit.events,0
2026-09-19T15:32:50+00:00,audit-service,audit.events,0
2026-09-19T15:32:50+00:00,audit-service,audit.events,19475
2026-09-19T15:32:50+00:00,lab-service,exam.requested,0
2026-09-19T15:32:50+00:00,lab-service,exam.requested,0
2026-09-19T15:32:50+00:00,notification-service,exam.completed,0
2026-09-19T15:32:50+00:00,notification-service,exam.completed,0
2026-09-19T15:32:50+00:00,result-service,exam.completed,0
2026-09-19T15:32:50+00:00,result-service,exam.completed,0
2026-09-19T15:33:12+00:00,audit-service,audit.events,0
2026-09-19T15:33:12+00:00,audit-service,audit.events,0
2026-09-19T15:33:12+00:00,audit-service,audit.events,22967
2026-09-19T15:33:12+00:00,lab-service,exam.requested,0
2026-09-19T15:33:12+00:00,lab-service,exam.requested,0
2026-09-19T15:33:12+00:00,notification-service,exam.completed,0
2026-09-19T15:33:12+00:00,notification-service,exam.completed,0
2026-09-19T15:33:12+00:00,result-service,exam.completed,0
2026-09-19T15:33:12+00:00,result-service,exam.completed,0
2026-09-19T15:33:34+00:00,audit-service,audit.events,0
2026-09-19T15:33:34+00:00,audit-service,audit.events,0
2026-09-19T15:33:34+00:00,audit-service,audit.events,27185
2026-09-19T15:33:34+00:00,lab-service,exam.requested,0
2026-09-19T15:33:34+00:00,lab-service,exam.requested,0
2026-09-19T15:33:34+00:00,notification-service,exam.completed,0
2026-09-19T15:33:34+00:00,notification-service,exam.completed,0
2026-09-19T15:33:34+00:00,result-service,exam.completed,0
2026-09-19T15:33:34+00:00,result-service,exam.completed,0
2026-09-19T15:33:57+00:00,audit-service,audit.events,0
2026-09-19T15:33:57+00:00,audit-service,audit.events,0
2026-09-19T15:33:57+00:00,audit-service,audit.events,31408
2026-09-19T15:33:57+00:00,lab-service,exam.requested,0
2026-09-19T15:33:57+00:00,lab-service,exam.requested,0
2026-09-19T15:33:57+00:00,notification-service,exam.completed,0
2026-09-19T15:33:57+00:00,notification-service,exam.completed,0
2026-09-19T15:33:57+00:00,result-service,exam.completed,0
2026-09-19T15:33:57+00:00,result-service,exam.completed,0
2026-09-19T15:34:18+00:00,audit-service,audit.events,0
2026-09-19T15:34:18+00:00,audit-service,audit.events,0
2026-09-19T15:34:18+00:00,audit-service,audit.events,35377
2026-09-19T15:34:18+00:00,lab-service,exam.requested,0
2026-09-19T15:34:18+00:00,lab-service,exam.requested,0
2026-09-19T15:34:18+00:00,notification-service,exam.completed,0
2026-09-19T15:34:18+00:00,notification-service,exam.completed,0
2026-09-19T15:34:18+00:00,result-service,exam.completed,0
2026-09-19T15:34:18+00:00,result-service,exam.completed,0
2026-09-19T15:34:40+00:00,audit-service,audit.events,0
2026-09-19T15:34:40+00:00,audit-service,audit.events,0
2026-09-19T15:34:40+00:00,audit-service,audit.events,39816
2026-09-19T15:34:40+00:00,lab-service,exam.requested,0
2026-09-19T15:34:40+00:00,lab-service,exam.requested,0
2026-09-19T15:34:40+00:00,notification-service,exam.completed,0
2026-09-19T15:34:40+00:00,notification-service,exam.completed,0
2026-09-19T15:34:40+00:00,result-service,exam.completed,0
2026-09-19T15:34:40+00:00,result-service,exam.completed,0
2026-09-19T15:35:01+00:00,audit-service,audit.events,0
2026-09-19T15:35:01+00:00,audit-service,audit.events,0
2026-09-19T15:35:01+00:00,audit-service,audit.events,43813
2026-09-19T15:35:01+00:00,lab-service,exam.requested,0
2026-09-19T15:35:01+00:00,lab-service,exam.requested,0
2026-09-19T15:35:01+00:00,notification-service,exam.completed,0
2026-09-19T15:35:01+00:00,notification-service,exam.completed,0
2026-09-19T15:35:01+00:00,result-service,exam.completed,0
2026-09-19T15:35:01+00:00,result-service,exam.completed,0
2026-09-19T15:35:22+00:00,audit-service,audit.events,0
2026-09-19T15:35:22+00:00,audit-service,audit.events,0
2026-09-19T15:35:22+00:00,audit-service,audit.events,48142
2026-09-19T15:35:22+00:00,lab-service,exam.requested,0
2026-09-19T15:35:22+00:00,lab-service,exam.requested,0
2026-09-19T15:35:22+00:00,notification-service,exam.completed,0
2026-09-19T15:35:22+00:00,notification-service,exam.completed,0
2026-09-19T15:35:22+00:00,result-service,exam.completed,0
2026-09-19T15:35:22+00:00,result-service,exam.completed,0
2026-09-19T15:35:42+00:00,audit-service,audit.events,0
2026-09-19T15:35:42+00:00,audit-service,audit.events,0
2026-09-19T15:35:42+00:00,audit-service,audit.events,52153
2026-09-19T15:35:42+00:00,lab-service,exam.requested,0
2026-09-19T15:35:42+00:00,lab-service,exam.requested,0
2026-09-19T15:35:42+00:00,notification-service,exam.completed,0
2026-09-19T15:35:42+00:00,notification-service,exam.completed,0
2026-09-19T15:35:42+00:00,result-service,exam.completed,0
2026-09-19T15:35:42+00:00,result-service,exam.completed,0
2026-09-19T15:36:03+00:00,audit-service,audit.events,0
2026-09-19T15:36:03+00:00,audit-service,audit.events,0
2026-09-19T15:36:03+00:00,audit-service,audit.events,56206
2026-09-19T15:36:03+00:00,lab-service,exam.requested,0
2026-09-19T15:36:03+00:00,lab-service,exam.requested,0
2026-09-19T15:36:03+00:00,notification-service,exam.completed,0
2026-09-19T15:36:03+00:00,notification-service,exam.completed,0
2026-09-19T15:36:03+00:00,result-service,exam.completed,0
2026-09-19T15:36:03+00:00,result-service,exam.completed,0
2026-09-19T15:36:24+00:00,audit-service,audit.events,0
2026-09-19T15:36:24+00:00,audit-service,audit.events,0
2026-09-19T15:36:24+00:00,audit-service,audit.events,60257
2026-09-19T15:36:24+00:00,lab-service,exam.requested,0
2026-09-19T15:36:24+00:00,lab-service,exam.requested,0
2026-09-19T15:36:24+00:00,notification-service,exam.completed,0
2026-09-19T15:36:24+00:00,notification-service,exam.completed,0
2026-09-19T15:36:24+00:00,result-service,exam.completed,0
2026-09-19T15:36:24+00:00,result-service,exam.completed,0
2026-09-19T15:36:46+00:00,audit-service,audit.events,0
2026-09-19T15:36:46+00:00,audit-service,audit.events,0
2026-09-19T15:36:46+00:00,audit-service,audit.events,63525
2026-09-19T15:36:46+00:00,lab-service,exam.requested,0
2026-09-19T15:36:46+00:00,lab-service,exam.requested,0
2026-09-19T15:36:46+00:00,notification-service,exam.completed,0
2026-09-19T15:36:46+00:00,notification-service,exam.completed,0
2026-09-19T15:36:46+00:00,result-service,exam.completed,0
2026-09-19T15:36:46+00:00,result-service,exam.completed,0
2026-09-19T15:37:06+00:00,audit-service,audit.events,0
2026-09-19T15:37:06+00:00,audit-service,audit.events,0
2026-09-19T15:37:06+00:00,audit-service,audit.events,65812
2026-09-19T15:37:06+00:00,lab-service,exam.requested,0
2026-09-19T15:37:06+00:00,lab-service,exam.requested,0
2026-09-19T15:37:06+00:00,notification-service,exam.completed,0
2026-09-19T15:37:06+00:00,notification-service,exam.completed,0
2026-09-19T15:37:06+00:00,result-service,exam.completed,0
2026-09-19T15:37:06+00:00,result-service,exam.completed,0
2026-09-19T15:37:26+00:00,audit-service,audit.events,0
2026-09-19T15:37:26+00:00,audit-service,audit.events,0
2026-09-19T15:37:26+00:00,audit-service,audit.events,66681
2026-09-19T15:37:26+00:00,lab-service,exam.requested,0
2026-09-19T15:37:26+00:00,lab-service,exam.requested,0
2026-09-19T15:37:26+00:00,notification-service,exam.completed,0
2026-09-19T15:37:26+00:00,notification-service,exam.completed,0
2026-09-19T15:37:26+00:00,result-service,exam.completed,0
2026-09-19T15:37:26+00:00,result-service,exam.completed,0
2026-09-19T15:37:46+00:00,audit-service,audit.events,0
2026-09-19T15:37:46+00:00,audit-service,audit.events,0
2026-09-19T15:37:46+00:00,audit-service,audit.events,66571
2026-09-19T15:37:46+00:00,lab-service,exam.requested,0
2026-09-19T15:37:46+00:00,lab-service,exam.requested,0
2026-09-19T15:37:46+00:00,notification-service,exam.completed,0
2026-09-19T15:37:46+00:00,notification-service,exam.completed,0
2026-09-19T15:37:46+00:00,result-service,exam.completed,0
2026-09-19T15:37:46+00:00,result-service,exam.completed,0
2026-09-19T15:38:06+00:00,audit-service,audit.events,0
2026-09-19T15:38:06+00:00,audit-service,audit.events,0
2026-09-19T15:38:06+00:00,audit-service,audit.events,65518
2026-09-19T15:38:06+00:00,lab-service,exam.requested,0
2026-09-19T15:38:06+00:00,lab-service,exam.requested,0
2026-09-19T15:38:06+00:00,notification-service,exam.completed,0
2026-09-19T15:38:06+00:00,notification-service,exam.completed,0
2026-09-19T15:38:06+00:00,result-service,exam.completed,0
2026-09-19T15:38:06+00:00,result-service,exam.completed,0
2026-09-19T15:38:26+00:00,audit-service,audit.events,0
2026-09-19T15:38:26+00:00,audit-service,audit.events,0
2026-09-19T15:38:26+00:00,audit-service,audit.events,63670
2026-09-19T15:38:26+00:00,lab-service,exam.requested,0
2026-09-19T15:38:26+00:00,lab-service,exam.requested,0
2026-09-19T15:38:26+00:00,notification-service,exam.completed,0
2026-09-19T15:38:26+00:00,notification-service,exam.completed,0
2026-09-19T15:38:26+00:00,result-service,exam.completed,0
2026-09-19T15:38:26+00:00,result-service,exam.completed,0
2026-09-19T15:38:46+00:00,audit-service,audit.events,0
2026-09-19T15:38:46+00:00,audit-service,audit.events,0
2026-09-19T15:38:46+00:00,audit-service,audit.events,61602
2026-09-19T15:38:46+00:00,lab-service,exam.requested,0
2026-09-19T15:38:46+00:00,lab-service,exam.requested,0
2026-09-19T15:38:46+00:00,notification-service,exam.completed,0
2026-09-19T15:38:46+00:00,notification-service,exam.completed,0
2026-09-19T15:38:46+00:00,result-service,exam.completed,0
2026-09-19T15:38:46+00:00,result-service,exam.completed,0
2026-09-19T15:39:05+00:00,audit-service,audit.events,0
2026-09-19T15:39:05+00:00,audit-service,audit.events,0
2026-09-19T15:39:05+00:00,audit-service,audit.events,59535
2026-09-19T15:39:05+00:00,lab-service,exam.requested,0
2026-09-19T15:39:05+00:00,lab-service,exam.requested,0
2026-09-19T15:39:05+00:00,notification-service,exam.completed,0
2026-09-19T15:39:05+00:00,notification-service,exam.completed,0
2026-09-19T15:39:05+00:00,result-service,exam.completed,0
2026-09-19T15:39:05+00:00,result-service,exam.completed,0
2026-09-19T15:39:24+00:00,audit-service,audit.events,0
2026-09-19T15:39:24+00:00,audit-service,audit.events,0
2026-09-19T15:39:24+00:00,audit-service,audit.events,57967
2026-09-19T15:39:24+00:00,lab-service,exam.requested,0
2026-09-19T15:39:24+00:00,lab-service,exam.requested,0
2026-09-19T15:39:24+00:00,notification-service,exam.completed,0
2026-09-19T15:39:24+00:00,notification-service,exam.completed,0
2026-09-19T15:39:24+00:00,result-service,exam.completed,0
2026-09-19T15:39:24+00:00,result-service,exam.completed,0
2026-09-19T15:39:44+00:00,audit-service,audit.events,0
2026-09-19T15:39:44+00:00,audit-service,audit.events,0
2026-09-19T15:39:44+00:00,audit-service,audit.events,55967
2026-09-19T15:39:44+00:00,lab-service,exam.requested,0
2026-09-19T15:39:44+00:00,lab-service,exam.requested,0
2026-09-19T15:39:44+00:00,notification-service,exam.completed,0
2026-09-19T15:39:44+00:00,notification-service,exam.completed,0
2026-09-19T15:39:44+00:00,result-service,exam.completed,0
2026-09-19T15:39:44+00:00,result-service,exam.completed,0
2026-09-19T15:40:04+00:00,audit-service,audit.events,0
2026-09-19T15:40:04+00:00,audit-service,audit.events,0
2026-09-19T15:40:04+00:00,audit-service,audit.events,53901
2026-09-19T15:40:04+00:00,lab-service,exam.requested,0
2026-09-19T15:40:04+00:00,lab-service,exam.requested,0
2026-09-19T15:40:04+00:00,notification-service,exam.completed,0
2026-09-19T15:40:04+00:00,notification-service,exam.completed,0
2026-09-19T15:40:04+00:00,result-service,exam.completed,0
2026-09-19T15:40:04+00:00,result-service,exam.completed,0
2026-09-19T15:40:23+00:00,audit-service,audit.events,0
2026-09-19T15:40:23+00:00,audit-service,audit.events,0
2026-09-19T15:40:23+00:00,audit-service,audit.events,51833
2026-09-19T15:40:23+00:00,lab-service,exam.requested,0
2026-09-19T15:40:23+00:00,lab-service,exam.requested,0
2026-09-19T15:40:23+00:00,notification-service,exam.completed,0
2026-09-19T15:40:23+00:00,notification-service,exam.completed,0
2026-09-19T15:40:23+00:00,result-service,exam.completed,0
2026-09-19T15:40:23+00:00,result-service,exam.completed,0
2026-09-19T15:40:43+00:00,audit-service,audit.events,0
2026-09-19T15:40:43+00:00,audit-service,audit.events,0
2026-09-19T15:40:43+00:00,audit-service,audit.events,49766
2026-09-19T15:40:43+00:00,lab-service,exam.requested,0
2026-09-19T15:40:43+00:00,lab-service,exam.requested,0
2026-09-19T15:40:43+00:00,notification-service,exam.completed,0
2026-09-19T15:40:43+00:00,notification-service,exam.completed,0
2026-09-19T15:40:43+00:00,result-service,exam.completed,0
2026-09-19T15:40:43+00:00,result-service,exam.completed,0
2026-09-19T15:41:02+00:00,audit-service,audit.events,0
2026-09-19T15:41:02+00:00,audit-service,audit.events,0
2026-09-19T15:41:02+00:00,audit-service,audit.events,47698
2026-09-19T15:41:02+00:00,lab-service,exam.requested,0
2026-09-19T15:41:02+00:00,lab-service,exam.requested,0
2026-09-19T15:41:02+00:00,notification-service,exam.completed,0
2026-09-19T15:41:02+00:00,notification-service,exam.completed,0
2026-09-19T15:41:02+00:00,result-service,exam.completed,0
2026-09-19T15:41:02+00:00,result-service,exam.completed,0
2026-09-19T15:41:22+00:00,audit-service,audit.events,0
2026-09-19T15:41:22+00:00,audit-service,audit.events,0
2026-09-19T15:41:22+00:00,audit-service,audit.events,45708
2026-09-19T15:41:22+00:00,lab-service,exam.requested,0
2026-09-19T15:41:22+00:00,lab-service,exam.requested,0
2026-09-19T15:41:22+00:00,notification-service,exam.completed,0
2026-09-19T15:41:22+00:00,notification-service,exam.completed,0
2026-09-19T15:41:22+00:00,result-service,exam.completed,0
2026-09-19T15:41:22+00:00,result-service,exam.completed,0
2026-09-19T15:41:41+00:00,audit-service,audit.events,0
2026-09-19T15:41:41+00:00,audit-service,audit.events,0
2026-09-19T15:41:41+00:00,audit-service,audit.events,44274
2026-09-19T15:41:41+00:00,lab-service,exam.requested,0
2026-09-19T15:41:41+00:00,lab-service,exam.requested,0
2026-09-19T15:41:41+00:00,notification-service,exam.completed,0
2026-09-19T15:41:41+00:00,notification-service,exam.completed,0
2026-09-19T15:41:41+00:00,result-service,exam.completed,0
2026-09-19T15:41:41+00:00,result-service,exam.completed,0
2026-09-19T15:42:01+00:00,audit-service,audit.events,0
2026-09-19T15:42:01+00:00,audit-service,audit.events,0
2026-09-19T15:42:01+00:00,audit-service,audit.events,43772
2026-09-19T15:42:01+00:00,lab-service,exam.requested,0
2026-09-19T15:42:01+00:00,lab-service,exam.requested,0
2026-09-19T15:42:01+00:00,notification-service,exam.completed,0
2026-09-19T15:42:01+00:00,notification-service,exam.completed,0
2026-09-19T15:42:01+00:00,result-service,exam.completed,0
2026-09-19T15:42:01+00:00,result-service,exam.completed,0
2026-09-19T15:42:22+00:00,audit-service,audit.events,0
2026-09-19T15:42:22+00:00,audit-service,audit.events,0
2026-09-19T15:42:22+00:00,audit-service,audit.events,44754
2026-09-19T15:42:22+00:00,lab-service,exam.requested,0
2026-09-19T15:42:22+00:00,lab-service,exam.requested,0
2026-09-19T15:42:22+00:00,notification-service,exam.completed,0
2026-09-19T15:42:22+00:00,notification-service,exam.completed,0
2026-09-19T15:42:22+00:00,result-service,exam.completed,0
2026-09-19T15:42:22+00:00,result-service,exam.completed,0
2026-09-19T15:42:41+00:00,audit-service,audit.events,0
2026-09-19T15:42:41+00:00,audit-service,audit.events,0
2026-09-19T15:42:41+00:00,audit-service,audit.events,46176
2026-09-19T15:42:41+00:00,lab-service,exam.requested,0
2026-09-19T15:42:41+00:00,lab-service,exam.requested,0
2026-09-19T15:42:41+00:00,notification-service,exam.completed,0
2026-09-19T15:42:41+00:00,notification-service,exam.completed,0
2026-09-19T15:42:41+00:00,result-service,exam.completed,0
2026-09-19T15:42:41+00:00,result-service,exam.completed,0
2026-09-19T15:43:02+00:00,audit-service,audit.events,0
2026-09-19T15:43:02+00:00,audit-service,audit.events,0
2026-09-19T15:43:02+00:00,audit-service,audit.events,48649
2026-09-19T15:43:02+00:00,lab-service,exam.requested,0
2026-09-19T15:43:02+00:00,lab-service,exam.requested,0
2026-09-19T15:43:02+00:00,notification-service,exam.completed,0
2026-09-19T15:43:02+00:00,notification-service,exam.completed,0
2026-09-19T15:43:02+00:00,result-service,exam.completed,0
2026-09-19T15:43:02+00:00,result-service,exam.completed,0
2026-09-19T15:43:23+00:00,audit-service,audit.events,0
2026-09-19T15:43:23+00:00,audit-service,audit.events,0
2026-09-19T15:43:23+00:00,audit-service,audit.events,52558
2026-09-19T15:43:23+00:00,lab-service,exam.requested,0
2026-09-19T15:43:23+00:00,lab-service,exam.requested,0
2026-09-19T15:43:23+00:00,notification-service,exam.completed,0
2026-09-19T15:43:23+00:00,notification-service,exam.completed,0
2026-09-19T15:43:23+00:00,result-service,exam.completed,0
2026-09-19T15:43:23+00:00,result-service,exam.completed,0
2026-09-19T15:43:45+00:00,audit-service,audit.events,0
2026-09-19T15:43:45+00:00,audit-service,audit.events,0
2026-09-19T15:43:45+00:00,audit-service,audit.events,56682
2026-09-19T15:43:45+00:00,lab-service,exam.requested,0
2026-09-19T15:43:45+00:00,lab-service,exam.requested,0
2026-09-19T15:43:45+00:00,notification-service,exam.completed,0
2026-09-19T15:43:45+00:00,notification-service,exam.completed,0
2026-09-19T15:43:45+00:00,result-service,exam.completed,0
2026-09-19T15:43:45+00:00,result-service,exam.completed,0
2026-09-19T15:44:07+00:00,audit-service,audit.events,0
2026-09-19T15:44:07+00:00,audit-service,audit.events,0
2026-09-19T15:44:07+00:00,audit-service,audit.events,60909
2026-09-19T15:44:07+00:00,lab-service,exam.requested,0
2026-09-19T15:44:07+00:00,lab-service,exam.requested,0
2026-09-19T15:44:07+00:00,notification-service,exam.completed,0
2026-09-19T15:44:07+00:00,notification-service,exam.completed,0
2026-09-19T15:44:07+00:00,result-service,exam.completed,0
2026-09-19T15:44:07+00:00,result-service,exam.completed,0
2026-09-19T15:44:29+00:00,audit-service,audit.events,0
2026-09-19T15:44:29+00:00,audit-service,audit.events,0
2026-09-19T15:44:29+00:00,audit-service,audit.events,64681
2026-09-19T15:44:29+00:00,lab-service,exam.requested,0
2026-09-19T15:44:29+00:00,lab-service,exam.requested,0
2026-09-19T15:44:29+00:00,notification-service,exam.completed,0
2026-09-19T15:44:29+00:00,notification-service,exam.completed,0
2026-09-19T15:44:29+00:00,result-service,exam.completed,0
2026-09-19T15:44:29+00:00,result-service,exam.completed,0
2026-09-19T15:44:51+00:00,audit-service,audit.events,0
2026-09-19T15:44:51+00:00,audit-service,audit.events,0
2026-09-19T15:44:51+00:00,audit-service,audit.events,69062
2026-09-19T15:44:51+00:00,lab-service,exam.requested,0
2026-09-19T15:44:51+00:00,lab-service,exam.requested,0
2026-09-19T15:44:51+00:00,notification-service,exam.completed,0
2026-09-19T15:44:51+00:00,notification-service,exam.completed,0
2026-09-19T15:44:51+00:00,result-service,exam.completed,0
2026-09-19T15:44:51+00:00,result-service,exam.completed,0
2026-09-19T15:45:14+00:00,audit-service,audit.events,0
2026-09-19T15:45:14+00:00,audit-service,audit.events,0
2026-09-19T15:45:14+00:00,audit-service,audit.events,72343
2026-09-19T15:45:14+00:00,lab-service,exam.requested,0
2026-09-19T15:45:14+00:00,lab-service,exam.requested,0
2026-09-19T15:45:14+00:00,notification-service,exam.completed,0
2026-09-19T15:45:14+00:00,notification-service,exam.completed,0
2026-09-19T15:45:14+00:00,result-service,exam.completed,0
2026-09-19T15:45:14+00:00,result-service,exam.completed,0
2026-09-19T15:45:34+00:00,audit-service,audit.events,0
2026-09-19T15:45:34+00:00,audit-service,audit.events,0
2026-09-19T15:45:34+00:00,audit-service,audit.events,75560
2026-09-19T15:45:34+00:00,lab-service,exam.requested,0
2026-09-19T15:45:34+00:00,lab-service,exam.requested,0
2026-09-19T15:45:34+00:00,notification-service,exam.completed,0
2026-09-19T15:45:34+00:00,notification-service,exam.completed,0
2026-09-19T15:45:34+00:00,result-service,exam.completed,0
2026-09-19T15:45:34+00:00,result-service,exam.completed,0
2026-09-19T15:45:56+00:00,audit-service,audit.events,0
2026-09-19T15:45:56+00:00,audit-service,audit.events,0
2026-09-19T15:45:56+00:00,audit-service,audit.events,78446
2026-09-19T15:45:56+00:00,lab-service,exam.requested,0
2026-09-19T15:45:56+00:00,lab-service,exam.requested,0
2026-09-19T15:45:56+00:00,notification-service,exam.completed,0
2026-09-19T15:45:56+00:00,notification-service,exam.completed,0
2026-09-19T15:45:56+00:00,result-service,exam.completed,0
2026-09-19T15:45:56+00:00,result-service,exam.completed,0
2026-09-19T15:46:17+00:00,audit-service,audit.events,0
2026-09-19T15:46:17+00:00,audit-service,audit.events,0
2026-09-19T15:46:17+00:00,audit-service,audit.events,81357
2026-09-19T15:46:17+00:00,lab-service,exam.requested,0
2026-09-19T15:46:17+00:00,lab-service,exam.requested,0
2026-09-19T15:46:17+00:00,notification-service,exam.completed,0
2026-09-19T15:46:17+00:00,notification-service,exam.completed,0
2026-09-19T15:46:17+00:00,result-service,exam.completed,0
2026-09-19T15:46:17+00:00,result-service,exam.completed,0
2026-09-19T15:46:37+00:00,audit-service,audit.events,0
2026-09-19T15:46:37+00:00,audit-service,audit.events,0
2026-09-19T15:46:37+00:00,audit-service,audit.events,83606
2026-09-19T15:46:37+00:00,lab-service,exam.requested,0
2026-09-19T15:46:37+00:00,lab-service,exam.requested,0
2026-09-19T15:46:37+00:00,notification-service,exam.completed,0
2026-09-19T15:46:37+00:00,notification-service,exam.completed,0
2026-09-19T15:46:37+00:00,result-service,exam.completed,0
2026-09-19T15:46:37+00:00,result-service,exam.completed,0
2026-09-19T15:46:58+00:00,audit-service,audit.events,0
2026-09-19T15:46:58+00:00,audit-service,audit.events,0
2026-09-19T15:46:58+00:00,audit-service,audit.events,85338
2026-09-19T15:46:58+00:00,lab-service,exam.requested,0
2026-09-19T15:46:58+00:00,lab-service,exam.requested,0
2026-09-19T15:46:58+00:00,notification-service,exam.completed,0
2026-09-19T15:46:58+00:00,notification-service,exam.completed,0
2026-09-19T15:46:58+00:00,result-service,exam.completed,0
2026-09-19T15:46:58+00:00,result-service,exam.completed,0
2026-09-19T15:47:18+00:00,audit-service,audit.events,0
2026-09-19T15:47:18+00:00,audit-service,audit.events,0
2026-09-19T15:47:18+00:00,audit-service,audit.events,87305
2026-09-19T15:47:18+00:00,lab-service,exam.requested,0
2026-09-19T15:47:18+00:00,lab-service,exam.requested,0
2026-09-19T15:47:18+00:00,notification-service,exam.completed,0
2026-09-19T15:47:18+00:00,notification-service,exam.completed,0
2026-09-19T15:47:18+00:00,result-service,exam.completed,0
2026-09-19T15:47:18+00:00,result-service,exam.completed,0
2026-09-19T15:47:38+00:00,audit-service,audit.events,0
2026-09-19T15:47:38+00:00,audit-service,audit.events,0
2026-09-19T15:47:38+00:00,audit-service,audit.events,88918
2026-09-19T15:47:38+00:00,lab-service,exam.requested,0
2026-09-19T15:47:38+00:00,lab-service,exam.requested,0
2026-09-19T15:47:38+00:00,notification-service,exam.completed,0
2026-09-19T15:47:38+00:00,notification-service,exam.completed,0
2026-09-19T15:47:38+00:00,result-service,exam.completed,0
2026-09-19T15:47:38+00:00,result-service,exam.completed,0
2026-09-19T15:47:58+00:00,audit-service,audit.events,0
2026-09-19T15:47:58+00:00,audit-service,audit.events,0
2026-09-19T15:47:58+00:00,audit-service,audit.events,91296
2026-09-19T15:47:58+00:00,lab-service,exam.requested,0
2026-09-19T15:47:58+00:00,lab-service,exam.requested,0
2026-09-19T15:47:58+00:00,notification-service,exam.completed,0
2026-09-19T15:47:58+00:00,notification-service,exam.completed,0
2026-09-19T15:47:58+00:00,result-service,exam.completed,0
2026-09-19T15:47:58+00:00,result-service,exam.completed,0
2026-09-19T15:48:20+00:00,audit-service,audit.events,0
2026-09-19T15:48:20+00:00,audit-service,audit.events,0
2026-09-19T15:48:20+00:00,audit-service,audit.events,94364
2026-09-19T15:48:20+00:00,lab-service,exam.requested,0
2026-09-19T15:48:20+00:00,lab-service,exam.requested,0
2026-09-19T15:48:20+00:00,notification-service,exam.completed,0
2026-09-19T15:48:20+00:00,notification-service,exam.completed,0
2026-09-19T15:48:20+00:00,result-service,exam.completed,0
2026-09-19T15:48:20+00:00,result-service,exam.completed,0
2026-09-19T15:48:40+00:00,audit-service,audit.events,0
2026-09-19T15:48:40+00:00,audit-service,audit.events,0
2026-09-19T15:48:40+00:00,audit-service,audit.events,96496
2026-09-19T15:48:40+00:00,lab-service,exam.requested,0
2026-09-19T15:48:40+00:00,lab-service,exam.requested,0
2026-09-19T15:48:40+00:00,notification-service,exam.completed,0
2026-09-19T15:48:40+00:00,notification-service,exam.completed,0
2026-09-19T15:48:40+00:00,result-service,exam.completed,0
2026-09-19T15:48:40+00:00,result-service,exam.completed,0
2026-09-19T15:49:02+00:00,audit-service,audit.events,0
2026-09-19T15:49:02+00:00,audit-service,audit.events,0
2026-09-19T15:49:02+00:00,audit-service,audit.events,97454
2026-09-19T15:49:02+00:00,lab-service,exam.requested,0
2026-09-19T15:49:02+00:00,lab-service,exam.requested,0
2026-09-19T15:49:02+00:00,notification-service,exam.completed,0
2026-09-19T15:49:02+00:00,notification-service,exam.completed,0
2026-09-19T15:49:02+00:00,result-service,exam.completed,0
2026-09-19T15:49:02+00:00,result-service,exam.completed,0
2026-09-19T15:49:22+00:00,audit-service,audit.events,0
2026-09-19T15:49:22+00:00,audit-service,audit.events,0
2026-09-19T15:49:22+00:00,audit-service,audit.events,97375
2026-09-19T15:49:22+00:00,lab-service,exam.requested,0
2026-09-19T15:49:22+00:00,lab-service,exam.requested,0
2026-09-19T15:49:22+00:00,notification-service,exam.completed,0
2026-09-19T15:49:22+00:00,notification-service,exam.completed,0
2026-09-19T15:49:22+00:00,result-service,exam.completed,0
2026-09-19T15:49:22+00:00,result-service,exam.completed,0
2026-09-19T15:49:43+00:00,audit-service,audit.events,0
2026-09-19T15:49:43+00:00,audit-service,audit.events,0
2026-09-19T15:49:43+00:00,audit-service,audit.events,96163
2026-09-19T15:49:43+00:00,lab-service,exam.requested,0
2026-09-19T15:49:43+00:00,lab-service,exam.requested,0
2026-09-19T15:49:43+00:00,notification-service,exam.completed,0
2026-09-19T15:49:43+00:00,notification-service,exam.completed,0
2026-09-19T15:49:43+00:00,result-service,exam.completed,0
2026-09-19T15:49:43+00:00,result-service,exam.completed,0
2026-09-19T15:50:02+00:00,audit-service,audit.events,0
2026-09-19T15:50:02+00:00,audit-service,audit.events,0
2026-09-19T15:50:02+00:00,audit-service,audit.events,94288
2026-09-19T15:50:02+00:00,lab-service,exam.requested,0
2026-09-19T15:50:02+00:00,lab-service,exam.requested,0
2026-09-19T15:50:02+00:00,notification-service,exam.completed,0
2026-09-19T15:50:02+00:00,notification-service,exam.completed,0
2026-09-19T15:50:02+00:00,result-service,exam.completed,0
2026-09-19T15:50:02+00:00,result-service,exam.completed,0
2026-09-19T15:50:22+00:00,audit-service,audit.events,0
2026-09-19T15:50:22+00:00,audit-service,audit.events,0
2026-09-19T15:50:22+00:00,audit-service,audit.events,91543
2026-09-19T15:50:22+00:00,lab-service,exam.requested,0
2026-09-19T15:50:22+00:00,lab-service,exam.requested,0
2026-09-19T15:50:22+00:00,notification-service,exam.completed,0
2026-09-19T15:50:22+00:00,notification-service,exam.completed,0
2026-09-19T15:50:22+00:00,result-service,exam.completed,0
2026-09-19T15:50:22+00:00,result-service,exam.completed,0
2026-09-19T15:50:42+00:00,audit-service,audit.events,0
2026-09-19T15:50:42+00:00,audit-service,audit.events,0
2026-09-19T15:50:42+00:00,audit-service,audit.events,88394
2026-09-19T15:50:42+00:00,lab-service,exam.requested,0
2026-09-19T15:50:42+00:00,lab-service,exam.requested,0
2026-09-19T15:50:42+00:00,notification-service,exam.completed,0
2026-09-19T15:50:42+00:00,notification-service,exam.completed,0
2026-09-19T15:50:42+00:00,result-service,exam.completed,0
2026-09-19T15:50:42+00:00,result-service,exam.completed,0
2026-09-19T15:51:02+00:00,audit-service,audit.events,0
2026-09-19T15:51:02+00:00,audit-service,audit.events,0
2026-09-19T15:51:02+00:00,audit-service,audit.events,85323
2026-09-19T15:51:02+00:00,lab-service,exam.requested,0
2026-09-19T15:51:02+00:00,lab-service,exam.requested,0
2026-09-19T15:51:02+00:00,notification-service,exam.completed,0
2026-09-19T15:51:02+00:00,notification-service,exam.completed,0
2026-09-19T15:51:02+00:00,result-service,exam.completed,0
2026-09-19T15:51:02+00:00,result-service,exam.completed,0
2026-09-19T15:51:22+00:00,audit-service,audit.events,0
2026-09-19T15:51:22+00:00,audit-service,audit.events,0
2026-09-19T15:51:22+00:00,audit-service,audit.events,82253
2026-09-19T15:51:22+00:00,lab-service,exam.requested,0
2026-09-19T15:51:22+00:00,lab-service,exam.requested,0
2026-09-19T15:51:22+00:00,notification-service,exam.completed,0
2026-09-19T15:51:22+00:00,notification-service,exam.completed,0
2026-09-19T15:51:22+00:00,result-service,exam.completed,0
2026-09-19T15:51:22+00:00,result-service,exam.completed,0
2026-09-19T15:51:42+00:00,audit-service,audit.events,0
2026-09-19T15:51:42+00:00,audit-service,audit.events,0
2026-09-19T15:51:42+00:00,audit-service,audit.events,79183
2026-09-19T15:51:42+00:00,lab-service,exam.requested,0
2026-09-19T15:51:42+00:00,lab-service,exam.requested,0
2026-09-19T15:51:42+00:00,notification-service,exam.completed,0
2026-09-19T15:51:42+00:00,notification-service,exam.completed,0
2026-09-19T15:51:42+00:00,result-service,exam.completed,0
2026-09-19T15:51:42+00:00,result-service,exam.completed,0
2026-09-19T15:52:01+00:00,audit-service,audit.events,0
2026-09-19T15:52:01+00:00,audit-service,audit.events,0
2026-09-19T15:52:01+00:00,audit-service,audit.events,76613
2026-09-19T15:52:01+00:00,lab-service,exam.requested,0
2026-09-19T15:52:01+00:00,lab-service,exam.requested,0
2026-09-19T15:52:01+00:00,notification-service,exam.completed,0
2026-09-19T15:52:01+00:00,notification-service,exam.completed,0
2026-09-19T15:52:01+00:00,result-service,exam.completed,0
2026-09-19T15:52:01+00:00,result-service,exam.completed,0
2026-09-19T15:52:20+00:00,audit-service,audit.events,0
2026-09-19T15:52:20+00:00,audit-service,audit.events,0
2026-09-19T15:52:20+00:00,audit-service,audit.events,74042
2026-09-19T15:52:20+00:00,lab-service,exam.requested,0
2026-09-19T15:52:20+00:00,lab-service,exam.requested,0
2026-09-19T15:52:20+00:00,notification-service,exam.completed,0
2026-09-19T15:52:20+00:00,notification-service,exam.completed,0
2026-09-19T15:52:20+00:00,result-service,exam.completed,0
2026-09-19T15:52:20+00:00,result-service,exam.completed,0
2026-09-19T15:52:39+00:00,audit-service,audit.events,0
2026-09-19T15:52:39+00:00,audit-service,audit.events,0
2026-09-19T15:52:39+00:00,audit-service,audit.events,71474
2026-09-19T15:52:39+00:00,lab-service,exam.requested,0
2026-09-19T15:52:39+00:00,lab-service,exam.requested,0
2026-09-19T15:52:39+00:00,notification-service,exam.completed,0
2026-09-19T15:52:39+00:00,notification-service,exam.completed,0
2026-09-19T15:52:39+00:00,result-service,exam.completed,0
2026-09-19T15:52:39+00:00,result-service,exam.completed,0
2026-09-19T15:52:59+00:00,audit-service,audit.events,0
2026-09-19T15:52:59+00:00,audit-service,audit.events,0
2026-09-19T15:52:59+00:00,audit-service,audit.events,69406
2026-09-19T15:52:59+00:00,lab-service,exam.requested,0
2026-09-19T15:52:59+00:00,lab-service,exam.requested,0
2026-09-19T15:52:59+00:00,notification-service,exam.completed,0
2026-09-19T15:52:59+00:00,notification-service,exam.completed,0
2026-09-19T15:52:59+00:00,result-service,exam.completed,0
2026-09-19T15:52:59+00:00,result-service,exam.completed,0
2026-09-19T15:53:18+00:00,audit-service,audit.events,0
2026-09-19T15:53:18+00:00,audit-service,audit.events,0
2026-09-19T15:53:18+00:00,audit-service,audit.events,66336
2026-09-19T15:53:18+00:00,lab-service,exam.requested,0
2026-09-19T15:53:18+00:00,lab-service,exam.requested,0
2026-09-19T15:53:18+00:00,notification-service,exam.completed,0
2026-09-19T15:53:18+00:00,notification-service,exam.completed,0
2026-09-19T15:53:18+00:00,result-service,exam.completed,0
2026-09-19T15:53:18+00:00,result-service,exam.completed,0
2026-09-19T15:53:37+00:00,audit-service,audit.events,0
2026-09-19T15:53:37+00:00,audit-service,audit.events,0
2026-09-19T15:53:37+00:00,audit-service,audit.events,64269
2026-09-19T15:53:37+00:00,lab-service,exam.requested,0
2026-09-19T15:53:37+00:00,lab-service,exam.requested,0
2026-09-19T15:53:37+00:00,notification-service,exam.completed,0
2026-09-19T15:53:37+00:00,notification-service,exam.completed,0
2026-09-19T15:53:37+00:00,result-service,exam.completed,0
2026-09-19T15:53:37+00:00,result-service,exam.completed,0
2026-09-19T15:53:56+00:00,audit-service,audit.events,1
2026-09-19T15:53:56+00:00,audit-service,audit.events,0
2026-09-19T15:53:56+00:00,audit-service,audit.events,61701
2026-09-19T15:53:56+00:00,lab-service,exam.requested,0
2026-09-19T15:53:56+00:00,lab-service,exam.requested,0
2026-09-19T15:53:56+00:00,notification-service,exam.completed,0
2026-09-19T15:53:56+00:00,notification-service,exam.completed,0
2026-09-19T15:53:56+00:00,result-service,exam.completed,0
2026-09-19T15:53:56+00:00,result-service,exam.completed,0
2026-09-19T15:54:16+00:00,audit-service,audit.events,7
2026-09-19T15:54:16+00:00,audit-service,audit.events,0
2026-09-19T15:54:16+00:00,audit-service,audit.events,59133
2026-09-19T15:54:16+00:00,lab-service,exam.requested,0
2026-09-19T15:54:16+00:00,lab-service,exam.requested,0
2026-09-19T15:54:16+00:00,notification-service,exam.completed,0
2026-09-19T15:54:16+00:00,notification-service,exam.completed,0
2026-09-19T15:54:16+00:00,result-service,exam.completed,0
2026-09-19T15:54:16+00:00,result-service,exam.completed,0
2026-09-19T15:54:37+00:00,audit-service,audit.events,197
2026-09-19T15:54:37+00:00,audit-service,audit.events,0
2026-09-19T15:54:37+00:00,audit-service,audit.events,57065
2026-09-19T15:54:37+00:00,lab-service,exam.requested,0
2026-09-19T15:54:37+00:00,lab-service,exam.requested,0
2026-09-19T15:54:37+00:00,notification-service,exam.completed,0
2026-09-19T15:54:37+00:00,notification-service,exam.completed,0
2026-09-19T15:54:37+00:00,result-service,exam.completed,0
2026-09-19T15:54:37+00:00,result-service,exam.completed,0
2026-09-19T15:54:57+00:00,audit-service,audit.events,1586
2026-09-19T15:54:57+00:00,audit-service,audit.events,0
2026-09-19T15:54:57+00:00,audit-service,audit.events,54497
2026-09-19T15:54:57+00:00,lab-service,exam.requested,0
2026-09-19T15:54:57+00:00,lab-service,exam.requested,0
2026-09-19T15:54:57+00:00,notification-service,exam.completed,0
2026-09-19T15:54:57+00:00,notification-service,exam.completed,0
2026-09-19T15:54:57+00:00,result-service,exam.completed,0
2026-09-19T15:54:57+00:00,result-service,exam.completed,0
2026-09-19T15:55:19+00:00,audit-service,audit.events,4397
2026-09-19T15:55:19+00:00,audit-service,audit.events,0
2026-09-19T15:55:19+00:00,audit-service,audit.events,52429
2026-09-19T15:55:19+00:00,lab-service,exam.requested,0
2026-09-19T15:55:19+00:00,lab-service,exam.requested,0
2026-09-19T15:55:19+00:00,notification-service,exam.completed,0
2026-09-19T15:55:19+00:00,notification-service,exam.completed,0
2026-09-19T15:55:19+00:00,result-service,exam.completed,0
2026-09-19T15:55:19+00:00,result-service,exam.completed,0
2026-09-19T15:55:42+00:00,audit-service,audit.events,8730
2026-09-19T15:55:42+00:00,audit-service,audit.events,0
2026-09-19T15:55:42+00:00,audit-service,audit.events,50429
2026-09-19T15:55:42+00:00,lab-service,exam.requested,0
2026-09-19T15:55:42+00:00,lab-service,exam.requested,0
2026-09-19T15:55:42+00:00,notification-service,exam.completed,0
2026-09-19T15:55:42+00:00,notification-service,exam.completed,0
2026-09-19T15:55:42+00:00,result-service,exam.completed,0
2026-09-19T15:55:42+00:00,result-service,exam.completed,0
2026-09-19T15:56:04+00:00,audit-service,audit.events,12316
2026-09-19T15:56:04+00:00,audit-service,audit.events,0
2026-09-19T15:56:04+00:00,audit-service,audit.events,48362
2026-09-19T15:56:04+00:00,lab-service,exam.requested,0
2026-09-19T15:56:04+00:00,lab-service,exam.requested,0
2026-09-19T15:56:04+00:00,notification-service,exam.completed,0
2026-09-19T15:56:04+00:00,notification-service,exam.completed,0
2026-09-19T15:56:04+00:00,result-service,exam.completed,0
2026-09-19T15:56:04+00:00,result-service,exam.completed,0
2026-09-19T15:56:27+00:00,audit-service,audit.events,15715
2026-09-19T15:56:27+00:00,audit-service,audit.events,0
2026-09-19T15:56:27+00:00,audit-service,audit.events,46293
2026-09-19T15:56:27+00:00,lab-service,exam.requested,0
2026-09-19T15:56:27+00:00,lab-service,exam.requested,0
2026-09-19T15:56:27+00:00,notification-service,exam.completed,0
2026-09-19T15:56:27+00:00,notification-service,exam.completed,0
2026-09-19T15:56:27+00:00,result-service,exam.completed,0
2026-09-19T15:56:27+00:00,result-service,exam.completed,0
2026-09-19T15:56:50+00:00,audit-service,audit.events,19698
2026-09-19T15:56:50+00:00,audit-service,audit.events,0
2026-09-19T15:56:50+00:00,audit-service,audit.events,43725
2026-09-19T15:56:50+00:00,lab-service,exam.requested,0
2026-09-19T15:56:50+00:00,lab-service,exam.requested,0
2026-09-19T15:56:50+00:00,notification-service,exam.completed,0
2026-09-19T15:56:50+00:00,notification-service,exam.completed,0
2026-09-19T15:56:50+00:00,result-service,exam.completed,0
2026-09-19T15:56:50+00:00,result-service,exam.completed,0
2026-09-19T15:57:11+00:00,audit-service,audit.events,24163
2026-09-19T15:57:11+00:00,audit-service,audit.events,0
2026-09-19T15:57:11+00:00,audit-service,audit.events,40658
2026-09-19T15:57:11+00:00,lab-service,exam.requested,0
2026-09-19T15:57:11+00:00,lab-service,exam.requested,0
2026-09-19T15:57:11+00:00,notification-service,exam.completed,0
2026-09-19T15:57:11+00:00,notification-service,exam.completed,0
2026-09-19T15:57:11+00:00,result-service,exam.completed,0
2026-09-19T15:57:11+00:00,result-service,exam.completed,0
2026-09-19T15:57:34+00:00,audit-service,audit.events,28662
2026-09-19T15:57:34+00:00,audit-service,audit.events,0
2026-09-19T15:57:34+00:00,audit-service,audit.events,37590
2026-09-19T15:57:34+00:00,lab-service,exam.requested,0
2026-09-19T15:57:34+00:00,lab-service,exam.requested,0
2026-09-19T15:57:34+00:00,notification-service,exam.completed,0
2026-09-19T15:57:34+00:00,notification-service,exam.completed,0
2026-09-19T15:57:34+00:00,result-service,exam.completed,0
2026-09-19T15:57:34+00:00,result-service,exam.completed,0
2026-09-19T15:57:56+00:00,audit-service,audit.events,32719
2026-09-19T15:57:56+00:00,audit-service,audit.events,0
2026-09-19T15:57:56+00:00,audit-service,audit.events,34455
2026-09-19T15:57:56+00:00,lab-service,exam.requested,0
2026-09-19T15:57:56+00:00,lab-service,exam.requested,0
2026-09-19T15:57:56+00:00,notification-service,exam.completed,0
2026-09-19T15:57:56+00:00,notification-service,exam.completed,0
2026-09-19T15:57:56+00:00,result-service,exam.completed,0
2026-09-19T15:57:56+00:00,result-service,exam.completed,0
2026-09-19T15:58:18+00:00,audit-service,audit.events,36833
2026-09-19T15:58:18+00:00,audit-service,audit.events,0
2026-09-19T15:58:18+00:00,audit-service,audit.events,31388
2026-09-19T15:58:18+00:00,lab-service,exam.requested,0
2026-09-19T15:58:18+00:00,lab-service,exam.requested,0
2026-09-19T15:58:18+00:00,notification-service,exam.completed,0
2026-09-19T15:58:18+00:00,notification-service,exam.completed,0
2026-09-19T15:58:18+00:00,result-service,exam.completed,0
2026-09-19T15:58:18+00:00,result-service,exam.completed,0
2026-09-19T15:58:41+00:00,audit-service,audit.events,41388
2026-09-19T15:58:41+00:00,audit-service,audit.events,0
2026-09-19T15:58:41+00:00,audit-service,audit.events,27321
2026-09-19T15:58:41+00:00,lab-service,exam.requested,0
2026-09-19T15:58:41+00:00,lab-service,exam.requested,0
2026-09-19T15:58:41+00:00,notification-service,exam.completed,0
2026-09-19T15:58:41+00:00,notification-service,exam.completed,0
2026-09-19T15:58:41+00:00,result-service,exam.completed,0
2026-09-19T15:58:41+00:00,result-service,exam.completed,0
2026-09-19T15:59:03+00:00,audit-service,audit.events,45466
2026-09-19T15:59:03+00:00,audit-service,audit.events,0
2026-09-19T15:59:03+00:00,audit-service,audit.events,23688
2026-09-19T15:59:03+00:00,lab-service,exam.requested,0
2026-09-19T15:59:03+00:00,lab-service,exam.requested,0
2026-09-19T15:59:03+00:00,notification-service,exam.completed,0
2026-09-19T15:59:03+00:00,notification-service,exam.completed,0
2026-09-19T15:59:03+00:00,result-service,exam.completed,0
2026-09-19T15:59:03+00:00,result-service,exam.completed,0
2026-09-19T15:59:24+00:00,audit-service,audit.events,49822
2026-09-19T15:59:24+00:00,audit-service,audit.events,0
2026-09-19T15:59:24+00:00,audit-service,audit.events,20120
2026-09-19T15:59:24+00:00,lab-service,exam.requested,0
2026-09-19T15:59:24+00:00,lab-service,exam.requested,0
2026-09-19T15:59:24+00:00,notification-service,exam.completed,0
2026-09-19T15:59:24+00:00,notification-service,exam.completed,0
2026-09-19T15:59:24+00:00,result-service,exam.completed,0
2026-09-19T15:59:24+00:00,result-service,exam.completed,0
2026-09-19T15:59:44+00:00,audit-service,audit.events,54134
2026-09-19T15:59:44+00:00,audit-service,audit.events,0
2026-09-19T15:59:44+00:00,audit-service,audit.events,15986
2026-09-19T15:59:44+00:00,lab-service,exam.requested,0
2026-09-19T15:59:44+00:00,lab-service,exam.requested,0
2026-09-19T15:59:44+00:00,notification-service,exam.completed,0
2026-09-19T15:59:44+00:00,notification-service,exam.completed,0
2026-09-19T15:59:44+00:00,result-service,exam.completed,0
2026-09-19T15:59:44+00:00,result-service,exam.completed,0
2026-09-19T16:00:06+00:00,audit-service,audit.events,58015
2026-09-19T16:00:06+00:00,audit-service,audit.events,0
2026-09-19T16:00:06+00:00,audit-service,audit.events,12420
2026-09-19T16:00:06+00:00,lab-service,exam.requested,0
2026-09-19T16:00:06+00:00,lab-service,exam.requested,0
2026-09-19T16:00:06+00:00,notification-service,exam.completed,0
2026-09-19T16:00:06+00:00,notification-service,exam.completed,0
2026-09-19T16:00:06+00:00,result-service,exam.completed,0
2026-09-19T16:00:06+00:00,result-service,exam.completed,0
2026-09-19T16:00:28+00:00,audit-service,audit.events,62499
2026-09-19T16:00:28+00:00,audit-service,audit.events,0
2026-09-19T16:00:28+00:00,audit-service,audit.events,8288
2026-09-19T16:00:28+00:00,lab-service,exam.requested,0
2026-09-19T16:00:28+00:00,lab-service,exam.requested,0
2026-09-19T16:00:28+00:00,notification-service,exam.completed,0
2026-09-19T16:00:28+00:00,notification-service,exam.completed,0
2026-09-19T16:00:28+00:00,result-service,exam.completed,0
2026-09-19T16:00:28+00:00,result-service,exam.completed,0
2026-09-19T16:00:48+00:00,audit-service,audit.events,65731
2026-09-19T16:00:48+00:00,audit-service,audit.events,0
2026-09-19T16:00:48+00:00,audit-service,audit.events,4223
2026-09-19T16:00:48+00:00,lab-service,exam.requested,0
2026-09-19T16:00:48+00:00,lab-service,exam.requested,0
2026-09-19T16:00:48+00:00,notification-service,exam.completed,0
2026-09-19T16:00:48+00:00,notification-service,exam.completed,0
2026-09-19T16:00:48+00:00,result-service,exam.completed,0
2026-09-19T16:00:48+00:00,result-service,exam.completed,0
2026-09-19T16:01:08+00:00,audit-service,audit.events,67523
2026-09-19T16:01:08+00:00,audit-service,audit.events,0
2026-09-19T16:01:08+00:00,audit-service,audit.events,0
2026-09-19T16:01:08+00:00,lab-service,exam.requested,0
2026-09-19T16:01:08+00:00,lab-service,exam.requested,0
2026-09-19T16:01:08+00:00,notification-service,exam.completed,0
2026-09-19T16:01:08+00:00,notification-service,exam.completed,0
2026-09-19T16:01:08+00:00,result-service,exam.completed,0
2026-09-19T16:01:08+00:00,result-service,exam.completed,0
2026-09-19T16:01:28+00:00,audit-service,audit.events,68284
2026-09-19T16:01:28+00:00,audit-service,audit.events,0
2026-09-19T16:01:28+00:00,audit-service,audit.events,0
2026-09-19T16:01:28+00:00,lab-service,exam.requested,0
2026-09-19T16:01:28+00:00,lab-service,exam.requested,0
2026-09-19T16:01:28+00:00,notification-service,exam.completed,0
2026-09-19T16:01:28+00:00,notification-service,exam.completed,0
2026-09-19T16:01:28+00:00,result-service,exam.completed,0
2026-09-19T16:01:28+00:00,result-service,exam.completed,0
2026-09-19T16:01:47+00:00,audit-service,audit.events,68052
2026-09-19T16:01:47+00:00,audit-service,audit.events,0
2026-09-19T16:01:47+00:00,audit-service,audit.events,0
2026-09-19T16:01:47+00:00,lab-service,exam.requested,0
2026-09-19T16:01:47+00:00,lab-service,exam.requested,0
2026-09-19T16:01:47+00:00,notification-service,exam.completed,0
2026-09-19T16:01:47+00:00,notification-service,exam.completed,0
2026-09-19T16:01:47+00:00,result-service,exam.completed,0
2026-09-19T16:01:47+00:00,result-service,exam.completed,0
2026-09-19T16:02:07+00:00,audit-service,audit.events,67038
2026-09-19T16:02:07+00:00,audit-service,audit.events,0
2026-09-19T16:02:07+00:00,audit-service,audit.events,0
2026-09-19T16:02:07+00:00,lab-service,exam.requested,0
2026-09-19T16:02:07+00:00,lab-service,exam.requested,0
2026-09-19T16:02:07+00:00,notification-service,exam.completed,0
2026-09-19T16:02:07+00:00,notification-service,exam.completed,0
2026-09-19T16:02:07+00:00,result-service,exam.completed,0
2026-09-19T16:02:07+00:00,result-service,exam.completed,0
2026-09-19T16:02:26+00:00,audit-service,audit.events,65163
2026-09-19T16:02:26+00:00,audit-service,audit.events,0
2026-09-19T16:02:26+00:00,audit-service,audit.events,0
2026-09-19T16:02:26+00:00,lab-service,exam.requested,0
2026-09-19T16:02:26+00:00,lab-service,exam.requested,0
2026-09-19T16:02:26+00:00,notification-service,exam.completed,0
2026-09-19T16:02:26+00:00,notification-service,exam.completed,0
2026-09-19T16:02:26+00:00,result-service,exam.completed,0
2026-09-19T16:02:26+00:00,result-service,exam.completed,0
2026-09-19T16:02:46+00:00,audit-service,audit.events,63163
2026-09-19T16:02:46+00:00,audit-service,audit.events,0
2026-09-19T16:02:46+00:00,audit-service,audit.events,0
2026-09-19T16:02:46+00:00,lab-service,exam.requested,0
2026-09-19T16:02:46+00:00,lab-service,exam.requested,0
2026-09-19T16:02:46+00:00,notification-service,exam.completed,0
2026-09-19T16:02:46+00:00,notification-service,exam.completed,0
2026-09-19T16:02:46+00:00,result-service,exam.completed,0
2026-09-19T16:02:46+00:00,result-service,exam.completed,0
2026-09-19T16:03:04+00:00,audit-service,audit.events,61094
2026-09-19T16:03:04+00:00,audit-service,audit.events,0
2026-09-19T16:03:04+00:00,audit-service,audit.events,0
2026-09-19T16:03:04+00:00,lab-service,exam.requested,0
2026-09-19T16:03:04+00:00,lab-service,exam.requested,0
2026-09-19T16:03:04+00:00,notification-service,exam.completed,0
2026-09-19T16:03:04+00:00,notification-service,exam.completed,0
2026-09-19T16:03:04+00:00,result-service,exam.completed,0
2026-09-19T16:03:04+00:00,result-service,exam.completed,0
2026-09-19T16:03:25+00:00,audit-service,audit.events,59026
2026-09-19T16:03:25+00:00,audit-service,audit.events,0
2026-09-19T16:03:25+00:00,audit-service,audit.events,0
2026-09-19T16:03:25+00:00,lab-service,exam.requested,0
2026-09-19T16:03:25+00:00,lab-service,exam.requested,0
2026-09-19T16:03:25+00:00,notification-service,exam.completed,0
2026-09-19T16:03:25+00:00,notification-service,exam.completed,0
2026-09-19T16:03:25+00:00,result-service,exam.completed,0
2026-09-19T16:03:25+00:00,result-service,exam.completed,0
2026-09-19T16:03:45+00:00,audit-service,audit.events,56958
2026-09-19T16:03:45+00:00,audit-service,audit.events,0
2026-09-19T16:03:45+00:00,audit-service,audit.events,0
2026-09-19T16:03:45+00:00,lab-service,exam.requested,0
2026-09-19T16:03:45+00:00,lab-service,exam.requested,0
2026-09-19T16:03:45+00:00,notification-service,exam.completed,0
2026-09-19T16:03:45+00:00,notification-service,exam.completed,0
2026-09-19T16:03:45+00:00,result-service,exam.completed,0
2026-09-19T16:03:45+00:00,result-service,exam.completed,0
2026-09-19T16:04:05+00:00,audit-service,audit.events,54891
2026-09-19T16:04:05+00:00,audit-service,audit.events,0
2026-09-19T16:04:05+00:00,audit-service,audit.events,0
2026-09-19T16:04:05+00:00,lab-service,exam.requested,0
2026-09-19T16:04:05+00:00,lab-service,exam.requested,0
2026-09-19T16:04:05+00:00,notification-service,exam.completed,0
2026-09-19T16:04:05+00:00,notification-service,exam.completed,0
2026-09-19T16:04:05+00:00,result-service,exam.completed,0
2026-09-19T16:04:05+00:00,result-service,exam.completed,0
2026-09-19T16:04:25+00:00,audit-service,audit.events,52891
2026-09-19T16:04:25+00:00,audit-service,audit.events,0
2026-09-19T16:04:25+00:00,audit-service,audit.events,0
2026-09-19T16:04:25+00:00,lab-service,exam.requested,0
2026-09-19T16:04:25+00:00,lab-service,exam.requested,0
2026-09-19T16:04:25+00:00,notification-service,exam.completed,0
2026-09-19T16:04:25+00:00,notification-service,exam.completed,0
2026-09-19T16:04:25+00:00,result-service,exam.completed,0
2026-09-19T16:04:25+00:00,result-service,exam.completed,0
2026-09-19T16:04:45+00:00,audit-service,audit.events,50824
2026-09-19T16:04:45+00:00,audit-service,audit.events,0
2026-09-19T16:04:45+00:00,audit-service,audit.events,0
2026-09-19T16:04:45+00:00,lab-service,exam.requested,0
2026-09-19T16:04:45+00:00,lab-service,exam.requested,0
2026-09-19T16:04:45+00:00,notification-service,exam.completed,0
2026-09-19T16:04:45+00:00,notification-service,exam.completed,0
2026-09-19T16:04:45+00:00,result-service,exam.completed,0
2026-09-19T16:04:45+00:00,result-service,exam.completed,0
2026-09-19T16:05:05+00:00,audit-service,audit.events,48755
2026-09-19T16:05:05+00:00,audit-service,audit.events,0
2026-09-19T16:05:05+00:00,audit-service,audit.events,0
2026-09-19T16:05:05+00:00,lab-service,exam.requested,0
2026-09-19T16:05:05+00:00,lab-service,exam.requested,0
2026-09-19T16:05:05+00:00,notification-service,exam.completed,0
2026-09-19T16:05:05+00:00,notification-service,exam.completed,0
2026-09-19T16:05:05+00:00,result-service,exam.completed,0
2026-09-19T16:05:05+00:00,result-service,exam.completed,0
2026-09-19T16:05:25+00:00,audit-service,audit.events,46689
2026-09-19T16:05:25+00:00,audit-service,audit.events,0
2026-09-19T16:05:25+00:00,audit-service,audit.events,1
2026-09-19T16:05:25+00:00,lab-service,exam.requested,0
2026-09-19T16:05:25+00:00,lab-service,exam.requested,0
2026-09-19T16:05:25+00:00,notification-service,exam.completed,0
2026-09-19T16:05:25+00:00,notification-service,exam.completed,0
2026-09-19T16:05:25+00:00,result-service,exam.completed,0
2026-09-19T16:05:25+00:00,result-service,exam.completed,0
2026-09-19T16:05:44+00:00,audit-service,audit.events,45189
2026-09-19T16:05:44+00:00,audit-service,audit.events,0
2026-09-19T16:05:44+00:00,audit-service,audit.events,1996
2026-09-19T16:05:44+00:00,lab-service,exam.requested,0
2026-09-19T16:05:44+00:00,lab-service,exam.requested,0
2026-09-19T16:05:44+00:00,notification-service,exam.completed,0
2026-09-19T16:05:44+00:00,notification-service,exam.completed,0
2026-09-19T16:05:44+00:00,result-service,exam.completed,0
2026-09-19T16:05:44+00:00,result-service,exam.completed,0
2026-09-19T16:06:05+00:00,audit-service,audit.events,44122
2026-09-19T16:06:05+00:00,audit-service,audit.events,0
2026-09-19T16:06:05+00:00,audit-service,audit.events,12432
2026-09-19T16:06:05+00:00,lab-service,exam.requested,0
2026-09-19T16:06:05+00:00,lab-service,exam.requested,0
2026-09-19T16:06:05+00:00,notification-service,exam.completed,0
2026-09-19T16:06:05+00:00,notification-service,exam.completed,0
2026-09-19T16:06:05+00:00,result-service,exam.completed,0
2026-09-19T16:06:05+00:00,result-service,exam.completed,0
2026-09-19T16:06:30+00:00,audit-service,audit.events,43122
2026-09-19T16:06:30+00:00,audit-service,audit.events,0
2026-09-19T16:06:30+00:00,audit-service,audit.events,25506
2026-09-19T16:06:30+00:00,lab-service,exam.requested,0
2026-09-19T16:06:30+00:00,lab-service,exam.requested,0
2026-09-19T16:06:30+00:00,notification-service,exam.completed,0
2026-09-19T16:06:30+00:00,notification-service,exam.completed,0
2026-09-19T16:06:30+00:00,result-service,exam.completed,0
2026-09-19T16:06:30+00:00,result-service,exam.completed,0
2026-09-19T16:06:56+00:00,audit-service,audit.events,42622
2026-09-19T16:06:56+00:00,audit-service,audit.events,0
2026-09-19T16:06:56+00:00,audit-service,audit.events,40966
2026-09-19T16:06:56+00:00,lab-service,exam.requested,0
2026-09-19T16:06:56+00:00,lab-service,exam.requested,0
2026-09-19T16:06:56+00:00,notification-service,exam.completed,0
2026-09-19T16:06:56+00:00,notification-service,exam.completed,0
2026-09-19T16:06:56+00:00,result-service,exam.completed,0
2026-09-19T16:06:56+00:00,result-service,exam.completed,0
2026-09-19T16:07:22+00:00,audit-service,audit.events,42054
2026-09-19T16:07:22+00:00,audit-service,audit.events,0
2026-09-19T16:07:22+00:00,audit-service,audit.events,57632
2026-09-19T16:07:22+00:00,lab-service,exam.requested,0
2026-09-19T16:07:22+00:00,lab-service,exam.requested,0
2026-09-19T16:07:22+00:00,notification-service,exam.completed,0
2026-09-19T16:07:22+00:00,notification-service,exam.completed,0
2026-09-19T16:07:22+00:00,result-service,exam.completed,0
2026-09-19T16:07:22+00:00,result-service,exam.completed,0
2026-09-19T16:07:49+00:00,audit-service,audit.events,41054
2026-09-19T16:07:49+00:00,audit-service,audit.events,0
2026-09-19T16:07:49+00:00,audit-service,audit.events,72132
2026-09-19T16:07:49+00:00,lab-service,exam.requested,0
2026-09-19T16:07:49+00:00,lab-service,exam.requested,0
2026-09-19T16:07:49+00:00,notification-service,exam.completed,0
2026-09-19T16:07:49+00:00,notification-service,exam.completed,0
2026-09-19T16:07:49+00:00,result-service,exam.completed,0
2026-09-19T16:07:49+00:00,result-service,exam.completed,0
2026-09-19T16:08:15+00:00,audit-service,audit.events,40554
2026-09-19T16:08:15+00:00,audit-service,audit.events,0
2026-09-19T16:08:15+00:00,audit-service,audit.events,89164
2026-09-19T16:08:15+00:00,lab-service,exam.requested,0
2026-09-19T16:08:15+00:00,lab-service,exam.requested,0
2026-09-19T16:08:15+00:00,notification-service,exam.completed,0
2026-09-19T16:08:15+00:00,notification-service,exam.completed,0
2026-09-19T16:08:15+00:00,result-service,exam.completed,0
2026-09-19T16:08:15+00:00,result-service,exam.completed,0
2026-09-19T16:08:44+00:00,audit-service,audit.events,39487
2026-09-19T16:08:44+00:00,audit-service,audit.events,0
2026-09-19T16:08:44+00:00,audit-service,audit.events,104991
2026-09-19T16:08:44+00:00,lab-service,exam.requested,0
2026-09-19T16:08:44+00:00,lab-service,exam.requested,0
2026-09-19T16:08:44+00:00,notification-service,exam.completed,0
2026-09-19T16:08:44+00:00,notification-service,exam.completed,0
2026-09-19T16:08:44+00:00,result-service,exam.completed,0
2026-09-19T16:08:44+00:00,result-service,exam.completed,0
2026-09-19T16:09:09+00:00,audit-service,audit.events,38487
2026-09-19T16:09:09+00:00,audit-service,audit.events,0
2026-09-19T16:09:09+00:00,audit-service,audit.events,122144
2026-09-19T16:09:09+00:00,lab-service,exam.requested,0
2026-09-19T16:09:09+00:00,lab-service,exam.requested,0
2026-09-19T16:09:09+00:00,notification-service,exam.completed,0
2026-09-19T16:09:09+00:00,notification-service,exam.completed,0
2026-09-19T16:09:09+00:00,result-service,exam.completed,0
2026-09-19T16:09:09+00:00,result-service,exam.completed,0
2026-09-19T16:09:35+00:00,audit-service,audit.events,36987
2026-09-19T16:09:35+00:00,audit-service,audit.events,0
2026-09-19T16:09:35+00:00,audit-service,audit.events,140326
2026-09-19T16:09:35+00:00,lab-service,exam.requested,0
2026-09-19T16:09:35+00:00,lab-service,exam.requested,0
2026-09-19T16:09:35+00:00,notification-service,exam.completed,0
2026-09-19T16:09:35+00:00,notification-service,exam.completed,0
2026-09-19T16:09:35+00:00,result-service,exam.completed,0
2026-09-19T16:09:35+00:00,result-service,exam.completed,0
2026-09-19T16:10:00+00:00,audit-service,audit.events,35919
2026-09-19T16:10:00+00:00,audit-service,audit.events,0
2026-09-19T16:10:00+00:00,audit-service,audit.events,158104
2026-09-19T16:10:00+00:00,lab-service,exam.requested,0
2026-09-19T16:10:00+00:00,lab-service,exam.requested,0
2026-09-19T16:10:00+00:00,notification-service,exam.completed,0
2026-09-19T16:10:00+00:00,notification-service,exam.completed,0
2026-09-19T16:10:00+00:00,result-service,exam.completed,0
2026-09-19T16:10:00+00:00,result-service,exam.completed,0
2026-09-19T16:10:29+00:00,audit-service,audit.events,34919
2026-09-19T16:10:29+00:00,audit-service,audit.events,0
2026-09-19T16:10:29+00:00,audit-service,audit.events,177777
2026-09-19T16:10:29+00:00,lab-service,exam.requested,0
2026-09-19T16:10:29+00:00,lab-service,exam.requested,0
2026-09-19T16:10:29+00:00,notification-service,exam.completed,0
2026-09-19T16:10:29+00:00,notification-service,exam.completed,0
2026-09-19T16:10:29+00:00,result-service,exam.completed,0
2026-09-19T16:10:29+00:00,result-service,exam.completed,0
2026-09-19T16:10:55+00:00,audit-service,audit.events,33353
2026-09-19T16:10:55+00:00,audit-service,audit.events,0
2026-09-19T16:10:55+00:00,audit-service,audit.events,194994
2026-09-19T16:10:55+00:00,lab-service,exam.requested,0
2026-09-19T16:10:55+00:00,lab-service,exam.requested,0
2026-09-19T16:10:55+00:00,notification-service,exam.completed,0
2026-09-19T16:10:55+00:00,notification-service,exam.completed,0
2026-09-19T16:10:55+00:00,result-service,exam.completed,0
2026-09-19T16:10:55+00:00,result-service,exam.completed,0
2026-09-19T16:11:23+00:00,audit-service,audit.events,32353
2026-09-19T16:11:23+00:00,audit-service,audit.events,0
2026-09-19T16:11:23+00:00,audit-service,audit.events,213979
2026-09-19T16:11:23+00:00,lab-service,exam.requested,0
2026-09-19T16:11:23+00:00,lab-service,exam.requested,0
2026-09-19T16:11:23+00:00,notification-service,exam.completed,0
2026-09-19T16:11:23+00:00,notification-service,exam.completed,0
2026-09-19T16:11:23+00:00,result-service,exam.completed,0
2026-09-19T16:11:23+00:00,result-service,exam.completed,0
2026-09-19T16:11:49+00:00,audit-service,audit.events,31286
2026-09-19T16:11:49+00:00,audit-service,audit.events,0
2026-09-19T16:11:49+00:00,audit-service,audit.events,232346
2026-09-19T16:11:49+00:00,lab-service,exam.requested,0
2026-09-19T16:11:49+00:00,lab-service,exam.requested,0
2026-09-19T16:11:49+00:00,notification-service,exam.completed,0
2026-09-19T16:11:49+00:00,notification-service,exam.completed,0
2026-09-19T16:11:49+00:00,result-service,exam.completed,0
2026-09-19T16:11:49+00:00,result-service,exam.completed,0
2026-09-19T16:12:16+00:00,audit-service,audit.events,29786
2026-09-19T16:12:16+00:00,audit-service,audit.events,0
2026-09-19T16:12:16+00:00,audit-service,audit.events,250204
2026-09-19T16:12:16+00:00,lab-service,exam.requested,0
2026-09-19T16:12:16+00:00,lab-service,exam.requested,0
2026-09-19T16:12:16+00:00,notification-service,exam.completed,0
2026-09-19T16:12:16+00:00,notification-service,exam.completed,0
2026-09-19T16:12:16+00:00,result-service,exam.completed,0
2026-09-19T16:12:16+00:00,result-service,exam.completed,0
2026-09-19T16:12:41+00:00,audit-service,audit.events,28717
2026-09-19T16:12:41+00:00,audit-service,audit.events,0
2026-09-19T16:12:41+00:00,audit-service,audit.events,267840
2026-09-19T16:12:41+00:00,lab-service,exam.requested,0
2026-09-19T16:12:41+00:00,lab-service,exam.requested,0
2026-09-19T16:12:41+00:00,notification-service,exam.completed,0
2026-09-19T16:12:41+00:00,notification-service,exam.completed,0
2026-09-19T16:12:41+00:00,result-service,exam.completed,0
2026-09-19T16:12:41+00:00,result-service,exam.completed,0
2026-09-19T16:13:07+00:00,audit-service,audit.events,27717
2026-09-19T16:13:07+00:00,audit-service,audit.events,0
2026-09-19T16:13:07+00:00,audit-service,audit.events,285084
2026-09-19T16:13:07+00:00,lab-service,exam.requested,0
2026-09-19T16:13:07+00:00,lab-service,exam.requested,0
2026-09-19T16:13:07+00:00,notification-service,exam.completed,0
2026-09-19T16:13:07+00:00,notification-service,exam.completed,0
2026-09-19T16:13:07+00:00,result-service,exam.completed,0
2026-09-19T16:13:07+00:00,result-service,exam.completed,0
2026-09-19T16:13:32+00:00,audit-service,audit.events,26150
2026-09-19T16:13:32+00:00,audit-service,audit.events,0
2026-09-19T16:13:32+00:00,audit-service,audit.events,301100
2026-09-19T16:13:32+00:00,lab-service,exam.requested,0
2026-09-19T16:13:32+00:00,lab-service,exam.requested,0
2026-09-19T16:13:32+00:00,notification-service,exam.completed,0
2026-09-19T16:13:32+00:00,notification-service,exam.completed,0
2026-09-19T16:13:32+00:00,result-service,exam.completed,0
2026-09-19T16:13:32+00:00,result-service,exam.completed,0
2026-09-19T16:13:57+00:00,audit-service,audit.events,23083
2026-09-19T16:13:57+00:00,audit-service,audit.events,0
2026-09-19T16:13:57+00:00,audit-service,audit.events,310760
2026-09-19T16:13:57+00:00,lab-service,exam.requested,0
2026-09-19T16:13:57+00:00,lab-service,exam.requested,0
2026-09-19T16:13:57+00:00,notification-service,exam.completed,0
2026-09-19T16:13:57+00:00,notification-service,exam.completed,0
2026-09-19T16:13:57+00:00,result-service,exam.completed,0
2026-09-19T16:13:57+00:00,result-service,exam.completed,0
2026-09-19T16:14:17+00:00,audit-service,audit.events,18949
2026-09-19T16:14:17+00:00,audit-service,audit.events,0
2026-09-19T16:14:17+00:00,audit-service,audit.events,312626
2026-09-19T16:14:17+00:00,lab-service,exam.requested,0
2026-09-19T16:14:17+00:00,lab-service,exam.requested,0
2026-09-19T16:14:17+00:00,notification-service,exam.completed,0
2026-09-19T16:14:17+00:00,notification-service,exam.completed,0
2026-09-19T16:14:17+00:00,result-service,exam.completed,0
2026-09-19T16:14:17+00:00,result-service,exam.completed,0
2026-09-19T16:14:36+00:00,audit-service,audit.events,10746
2026-09-19T16:14:36+00:00,audit-service,audit.events,0
2026-09-19T16:14:36+00:00,audit-service,audit.events,309563
2026-09-19T16:14:36+00:00,lab-service,exam.requested,0
2026-09-19T16:14:36+00:00,lab-service,exam.requested,0
2026-09-19T16:14:36+00:00,notification-service,exam.completed,0
2026-09-19T16:14:36+00:00,notification-service,exam.completed,0
2026-09-19T16:14:36+00:00,result-service,exam.completed,0
2026-09-19T16:14:36+00:00,result-service,exam.completed,0
2026-09-19T16:14:55+00:00,audit-service,audit.events,3548
2026-09-19T16:14:55+00:00,audit-service,audit.events,0
2026-09-19T16:14:55+00:00,audit-service,audit.events,306954
2026-09-19T16:14:55+00:00,lab-service,exam.requested,0
2026-09-19T16:14:55+00:00,lab-service,exam.requested,0
2026-09-19T16:14:55+00:00,notification-service,exam.completed,0
2026-09-19T16:14:55+00:00,notification-service,exam.completed,0
2026-09-19T16:14:55+00:00,result-service,exam.completed,0
2026-09-19T16:14:55+00:00,result-service,exam.completed,0
2026-09-19T16:15:15+00:00,audit-service,audit.events,0
2026-09-19T16:15:15+00:00,audit-service,audit.events,0
2026-09-19T16:15:15+00:00,audit-service,audit.events,304223
2026-09-19T16:15:15+00:00,lab-service,exam.requested,0
2026-09-19T16:15:15+00:00,lab-service,exam.requested,0
2026-09-19T16:15:15+00:00,notification-service,exam.completed,0
2026-09-19T16:15:15+00:00,notification-service,exam.completed,0
2026-09-19T16:15:15+00:00,result-service,exam.completed,0
2026-09-19T16:15:15+00:00,result-service,exam.completed,0
2026-09-19T16:15:34+00:00,audit-service,audit.events,0
2026-09-19T16:15:34+00:00,audit-service,audit.events,0
2026-09-19T16:15:34+00:00,audit-service,audit.events,301613
2026-09-19T16:15:34+00:00,lab-service,exam.requested,0
2026-09-19T16:15:34+00:00,lab-service,exam.requested,0
2026-09-19T16:15:34+00:00,notification-service,exam.completed,0
2026-09-19T16:15:34+00:00,notification-service,exam.completed,0
2026-09-19T16:15:34+00:00,result-service,exam.completed,0
2026-09-19T16:15:34+00:00,result-service,exam.completed,0
2026-09-19T16:15:53+00:00,audit-service,audit.events,0
2026-09-19T16:15:53+00:00,audit-service,audit.events,0
2026-09-19T16:15:53+00:00,audit-service,audit.events,298506
2026-09-19T16:15:53+00:00,lab-service,exam.requested,0
2026-09-19T16:15:53+00:00,lab-service,exam.requested,0
2026-09-19T16:15:53+00:00,notification-service,exam.completed,0
2026-09-19T16:15:53+00:00,notification-service,exam.completed,0
2026-09-19T16:15:53+00:00,result-service,exam.completed,0
2026-09-19T16:15:53+00:00,result-service,exam.completed,0
2026-09-19T16:16:13+00:00,audit-service,audit.events,0
2026-09-19T16:16:13+00:00,audit-service,audit.events,0
2026-09-19T16:16:13+00:00,audit-service,audit.events,294897
2026-09-19T16:16:13+00:00,lab-service,exam.requested,0
2026-09-19T16:16:13+00:00,lab-service,exam.requested,0
2026-09-19T16:16:13+00:00,notification-service,exam.completed,0
2026-09-19T16:16:13+00:00,notification-service,exam.completed,0
2026-09-19T16:16:13+00:00,result-service,exam.completed,0
2026-09-19T16:16:13+00:00,result-service,exam.completed,0
2026-09-19T16:16:33+00:00,audit-service,audit.events,0
2026-09-19T16:16:33+00:00,audit-service,audit.events,0
2026-09-19T16:16:33+00:00,audit-service,audit.events,291173
2026-09-19T16:16:33+00:00,lab-service,exam.requested,0
2026-09-19T16:16:33+00:00,lab-service,exam.requested,0
2026-09-19T16:16:33+00:00,notification-service,exam.completed,0
2026-09-19T16:16:33+00:00,notification-service,exam.completed,0
2026-09-19T16:16:33+00:00,result-service,exam.completed,0
2026-09-19T16:16:33+00:00,result-service,exam.completed,0
2026-09-19T16:16:54+00:00,audit-service,audit.events,0
2026-09-19T16:16:54+00:00,audit-service,audit.events,0
2026-09-19T16:16:54+00:00,audit-service,audit.events,285933
2026-09-19T16:16:54+00:00,lab-service,exam.requested,0
2026-09-19T16:16:54+00:00,lab-service,exam.requested,0
2026-09-19T16:16:54+00:00,notification-service,exam.completed,0
2026-09-19T16:16:54+00:00,notification-service,exam.completed,0
2026-09-19T16:16:54+00:00,result-service,exam.completed,0
2026-09-19T16:16:54+00:00,result-service,exam.completed,0
2026-09-19T16:17:14+00:00,audit-service,audit.events,0
2026-09-19T16:17:14+00:00,audit-service,audit.events,0
2026-09-19T16:17:14+00:00,audit-service,audit.events,278696
2026-09-19T16:17:14+00:00,lab-service,exam.requested,0
2026-09-19T16:17:14+00:00,lab-service,exam.requested,0
2026-09-19T16:17:14+00:00,notification-service,exam.completed,0
2026-09-19T16:17:14+00:00,notification-service,exam.completed,0
2026-09-19T16:17:14+00:00,result-service,exam.completed,0
2026-09-19T16:17:14+00:00,result-service,exam.completed,0
2026-09-19T16:17:33+00:00,audit-service,audit.events,0
2026-09-19T16:17:33+00:00,audit-service,audit.events,0
2026-09-19T16:17:33+00:00,audit-service,audit.events,272105
2026-09-19T16:17:33+00:00,lab-service,exam.requested,0
2026-09-19T16:17:33+00:00,lab-service,exam.requested,0
2026-09-19T16:17:33+00:00,notification-service,exam.completed,0
2026-09-19T16:17:33+00:00,notification-service,exam.completed,0
2026-09-19T16:17:33+00:00,result-service,exam.completed,0
2026-09-19T16:17:33+00:00,result-service,exam.completed,0
2026-09-19T16:17:53+00:00,audit-service,audit.events,0
2026-09-19T16:17:53+00:00,audit-service,audit.events,0
2026-09-19T16:17:53+00:00,audit-service,audit.events,275014
2026-09-19T16:17:53+00:00,lab-service,exam.requested,0
2026-09-19T16:17:53+00:00,lab-service,exam.requested,0
2026-09-19T16:17:53+00:00,notification-service,exam.completed,0
2026-09-19T16:17:53+00:00,notification-service,exam.completed,0
2026-09-19T16:17:53+00:00,result-service,exam.completed,0
2026-09-19T16:17:53+00:00,result-service,exam.completed,0
2026-09-19T16:18:15+00:00,audit-service,audit.events,0
2026-09-19T16:18:15+00:00,audit-service,audit.events,0
2026-09-19T16:18:15+00:00,audit-service,audit.events,288013
2026-09-19T16:18:15+00:00,lab-service,exam.requested,0
2026-09-19T16:18:15+00:00,lab-service,exam.requested,0
2026-09-19T16:18:15+00:00,notification-service,exam.completed,0
2026-09-19T16:18:15+00:00,notification-service,exam.completed,0
2026-09-19T16:18:15+00:00,result-service,exam.completed,0
2026-09-19T16:18:15+00:00,result-service,exam.completed,0
2026-09-19T16:18:39+00:00,audit-service,audit.events,0
2026-09-19T16:18:39+00:00,audit-service,audit.events,0
2026-09-19T16:18:39+00:00,audit-service,audit.events,303882
2026-09-19T16:18:39+00:00,lab-service,exam.requested,0
2026-09-19T16:18:39+00:00,lab-service,exam.requested,0
2026-09-19T16:18:39+00:00,notification-service,exam.completed,0
2026-09-19T16:18:39+00:00,notification-service,exam.completed,0
2026-09-19T16:18:39+00:00,result-service,exam.completed,0
2026-09-19T16:18:39+00:00,result-service,exam.completed,0
2026-09-19T16:19:02+00:00,audit-service,audit.events,0
2026-09-19T16:19:02+00:00,audit-service,audit.events,0
2026-09-19T16:19:02+00:00,audit-service,audit.events,322180
2026-09-19T16:19:02+00:00,lab-service,exam.requested,0
2026-09-19T16:19:02+00:00,lab-service,exam.requested,0
2026-09-19T16:19:02+00:00,notification-service,exam.completed,0
2026-09-19T16:19:02+00:00,notification-service,exam.completed,0
2026-09-19T16:19:02+00:00,result-service,exam.completed,0
2026-09-19T16:19:02+00:00,result-service,exam.completed,0
2026-09-19T16:19:28+00:00,audit-service,audit.events,0
2026-09-19T16:19:28+00:00,audit-service,audit.events,0
2026-09-19T16:19:28+00:00,audit-service,audit.events,341086
2026-09-19T16:19:28+00:00,lab-service,exam.requested,0
2026-09-19T16:19:28+00:00,lab-service,exam.requested,0
2026-09-19T16:19:28+00:00,notification-service,exam.completed,0
2026-09-19T16:19:28+00:00,notification-service,exam.completed,0
2026-09-19T16:19:28+00:00,result-service,exam.completed,0
2026-09-19T16:19:28+00:00,result-service,exam.completed,0
2026-09-19T16:19:53+00:00,audit-service,audit.events,0
2026-09-19T16:19:53+00:00,audit-service,audit.events,0
2026-09-19T16:19:53+00:00,audit-service,audit.events,358572
2026-09-19T16:19:53+00:00,lab-service,exam.requested,0
2026-09-19T16:19:53+00:00,lab-service,exam.requested,0
2026-09-19T16:19:53+00:00,notification-service,exam.completed,0
2026-09-19T16:19:53+00:00,notification-service,exam.completed,0
2026-09-19T16:19:53+00:00,result-service,exam.completed,0
2026-09-19T16:19:53+00:00,result-service,exam.completed,0
2026-09-19T16:20:18+00:00,audit-service,audit.events,0
2026-09-19T16:20:18+00:00,audit-service,audit.events,0
2026-09-19T16:20:18+00:00,audit-service,audit.events,376720
2026-09-19T16:20:18+00:00,lab-service,exam.requested,0
2026-09-19T16:20:18+00:00,lab-service,exam.requested,0
2026-09-19T16:20:18+00:00,notification-service,exam.completed,0
2026-09-19T16:20:18+00:00,notification-service,exam.completed,0
2026-09-19T16:20:18+00:00,result-service,exam.completed,0
2026-09-19T16:20:18+00:00,result-service,exam.completed,0
2026-09-19T16:20:44+00:00,audit-service,audit.events,0
2026-09-19T16:20:44+00:00,audit-service,audit.events,0
2026-09-19T16:20:44+00:00,audit-service,audit.events,394310
2026-09-19T16:20:44+00:00,lab-service,exam.requested,0
2026-09-19T16:20:44+00:00,lab-service,exam.requested,0
2026-09-19T16:20:44+00:00,notification-service,exam.completed,0
2026-09-19T16:20:44+00:00,notification-service,exam.completed,0
2026-09-19T16:20:44+00:00,result-service,exam.completed,0
2026-09-19T16:20:44+00:00,result-service,exam.completed,0
2026-09-19T16:21:09+00:00,audit-service,audit.events,0
2026-09-19T16:21:09+00:00,audit-service,audit.events,0
2026-09-19T16:21:09+00:00,audit-service,audit.events,413391
2026-09-19T16:21:09+00:00,lab-service,exam.requested,0
2026-09-19T16:21:09+00:00,lab-service,exam.requested,0
2026-09-19T16:21:09+00:00,notification-service,exam.completed,0
2026-09-19T16:21:09+00:00,notification-service,exam.completed,0
2026-09-19T16:21:09+00:00,result-service,exam.completed,0
2026-09-19T16:21:09+00:00,result-service,exam.completed,0
2026-09-19T16:21:34+00:00,audit-service,audit.events,0
2026-09-19T16:21:34+00:00,audit-service,audit.events,0
2026-09-19T16:21:34+00:00,audit-service,audit.events,431284
2026-09-19T16:21:34+00:00,lab-service,exam.requested,0
2026-09-19T16:21:34+00:00,lab-service,exam.requested,0
2026-09-19T16:21:34+00:00,notification-service,exam.completed,0
2026-09-19T16:21:34+00:00,notification-service,exam.completed,0
2026-09-19T16:21:34+00:00,result-service,exam.completed,0
2026-09-19T16:21:34+00:00,result-service,exam.completed,0
2026-09-19T16:22:00+00:00,audit-service,audit.events,0
2026-09-19T16:22:00+00:00,audit-service,audit.events,0
2026-09-19T16:22:00+00:00,audit-service,audit.events,451179
2026-09-19T16:22:00+00:00,lab-service,exam.requested,0
2026-09-19T16:22:00+00:00,lab-service,exam.requested,0
2026-09-19T16:22:00+00:00,notification-service,exam.completed,0
2026-09-19T16:22:00+00:00,notification-service,exam.completed,0
2026-09-19T16:22:00+00:00,result-service,exam.completed,0
2026-09-19T16:22:00+00:00,result-service,exam.completed,0
2026-09-19T16:22:26+00:00,audit-service,audit.events,0
2026-09-19T16:22:26+00:00,audit-service,audit.events,0
2026-09-19T16:22:26+00:00,audit-service,audit.events,469231
2026-09-19T16:22:26+00:00,lab-service,exam.requested,0
2026-09-19T16:22:26+00:00,lab-service,exam.requested,0
2026-09-19T16:22:26+00:00,notification-service,exam.completed,0
2026-09-19T16:22:26+00:00,notification-service,exam.completed,0
2026-09-19T16:22:26+00:00,result-service,exam.completed,0
2026-09-19T16:22:26+00:00,result-service,exam.completed,0
2026-09-19T16:22:54+00:00,audit-service,audit.events,0
2026-09-19T16:22:54+00:00,audit-service,audit.events,0
2026-09-19T16:22:54+00:00,audit-service,audit.events,490070
2026-09-19T16:22:54+00:00,lab-service,exam.requested,0
2026-09-19T16:22:54+00:00,lab-service,exam.requested,0
2026-09-19T16:22:54+00:00,notification-service,exam.completed,0
2026-09-19T16:22:54+00:00,notification-service,exam.completed,0
2026-09-19T16:22:54+00:00,result-service,exam.completed,0
2026-09-19T16:22:54+00:00,result-service,exam.completed,0
2026-09-19T16:23:21+00:00,audit-service,audit.events,0
2026-09-19T16:23:21+00:00,audit-service,audit.events,0
2026-09-19T16:23:21+00:00,audit-service,audit.events,508398
2026-09-19T16:23:21+00:00,lab-service,exam.requested,0
2026-09-19T16:23:21+00:00,lab-service,exam.requested,0
2026-09-19T16:23:21+00:00,notification-service,exam.completed,0
2026-09-19T16:23:21+00:00,notification-service,exam.completed,0
2026-09-19T16:23:21+00:00,result-service,exam.completed,0
2026-09-19T16:23:21+00:00,result-service,exam.completed,0
2026-09-19T16:23:46+00:00,audit-service,audit.events,0
2026-09-19T16:23:46+00:00,audit-service,audit.events,0
2026-09-19T16:23:46+00:00,audit-service,audit.events,526855
2026-09-19T16:23:46+00:00,lab-service,exam.requested,0
2026-09-19T16:23:46+00:00,lab-service,exam.requested,0
2026-09-19T16:23:46+00:00,notification-service,exam.completed,0
2026-09-19T16:23:46+00:00,notification-service,exam.completed,0
2026-09-19T16:23:46+00:00,result-service,exam.completed,0
2026-09-19T16:23:46+00:00,result-service,exam.completed,0
2026-09-19T16:24:12+00:00,audit-service,audit.events,0
2026-09-19T16:24:12+00:00,audit-service,audit.events,0
2026-09-19T16:24:12+00:00,audit-service,audit.events,544019
2026-09-19T16:24:12+00:00,lab-service,exam.requested,0
2026-09-19T16:24:12+00:00,lab-service,exam.requested,0
2026-09-19T16:24:12+00:00,notification-service,exam.completed,0
2026-09-19T16:24:12+00:00,notification-service,exam.completed,0
2026-09-19T16:24:12+00:00,result-service,exam.completed,0
2026-09-19T16:24:12+00:00,result-service,exam.completed,0
2026-09-19T16:24:38+00:00,audit-service,audit.events,0
2026-09-19T16:24:38+00:00,audit-service,audit.events,0
2026-09-19T16:24:38+00:00,audit-service,audit.events,562943
2026-09-19T16:24:38+00:00,lab-service,exam.requested,0
2026-09-19T16:24:38+00:00,lab-service,exam.requested,0
2026-09-19T16:24:38+00:00,notification-service,exam.completed,0
2026-09-19T16:24:38+00:00,notification-service,exam.completed,0
2026-09-19T16:24:38+00:00,result-service,exam.completed,0
2026-09-19T16:24:38+00:00,result-service,exam.completed,0
2026-09-19T16:25:04+00:00,audit-service,audit.events,0
2026-09-19T16:25:04+00:00,audit-service,audit.events,0
2026-09-19T16:25:04+00:00,audit-service,audit.events,582277
2026-09-19T16:25:04+00:00,lab-service,exam.requested,0
2026-09-19T16:25:04+00:00,lab-service,exam.requested,0
2026-09-19T16:25:04+00:00,notification-service,exam.completed,0
2026-09-19T16:25:04+00:00,notification-service,exam.completed,0
2026-09-19T16:25:04+00:00,result-service,exam.completed,0
2026-09-19T16:25:04+00:00,result-service,exam.completed,0
2026-09-19T16:25:29+00:00,audit-service,audit.events,0
2026-09-19T16:25:29+00:00,audit-service,audit.events,0
2026-09-19T16:25:29+00:00,audit-service,audit.events,597797
2026-09-19T16:25:29+00:00,lab-service,exam.requested,0
2026-09-19T16:25:29+00:00,lab-service,exam.requested,0
2026-09-19T16:25:29+00:00,notification-service,exam.completed,0
2026-09-19T16:25:29+00:00,notification-service,exam.completed,0
2026-09-19T16:25:29+00:00,result-service,exam.completed,0
2026-09-19T16:25:29+00:00,result-service,exam.completed,0
2026-09-19T16:25:52+00:00,audit-service,audit.events,0
2026-09-19T16:25:52+00:00,audit-service,audit.events,0
2026-09-19T16:25:52+00:00,audit-service,audit.events,607810
2026-09-19T16:25:52+00:00,lab-service,exam.requested,0
2026-09-19T16:25:52+00:00,lab-service,exam.requested,0
2026-09-19T16:25:52+00:00,notification-service,exam.completed,0
2026-09-19T16:25:52+00:00,notification-service,exam.completed,0
2026-09-19T16:25:52+00:00,result-service,exam.completed,0
2026-09-19T16:25:52+00:00,result-service,exam.completed,0
2026-09-19T16:26:14+00:00,audit-service,audit.events,0
2026-09-19T16:26:14+00:00,audit-service,audit.events,0
2026-09-19T16:26:14+00:00,audit-service,audit.events,608890
2026-09-19T16:26:14+00:00,lab-service,exam.requested,0
2026-09-19T16:26:14+00:00,lab-service,exam.requested,0
2026-09-19T16:26:14+00:00,notification-service,exam.completed,0
2026-09-19T16:26:14+00:00,notification-service,exam.completed,0
2026-09-19T16:26:14+00:00,result-service,exam.completed,0
2026-09-19T16:26:14+00:00,result-service,exam.completed,0
2026-09-19T16:26:34+00:00,audit-service,audit.events,0
2026-09-19T16:26:34+00:00,audit-service,audit.events,0
2026-09-19T16:26:34+00:00,audit-service,audit.events,600816
2026-09-19T16:26:34+00:00,lab-service,exam.requested,0
2026-09-19T16:26:34+00:00,lab-service,exam.requested,0
2026-09-19T16:26:34+00:00,notification-service,exam.completed,0
2026-09-19T16:26:34+00:00,notification-service,exam.completed,0
2026-09-19T16:26:34+00:00,result-service,exam.completed,0
2026-09-19T16:26:34+00:00,result-service,exam.completed,0
2026-09-19T16:26:53+00:00,audit-service,audit.events,0
2026-09-19T16:26:53+00:00,audit-service,audit.events,0
2026-09-19T16:26:53+00:00,audit-service,audit.events,592484
2026-09-19T16:26:53+00:00,lab-service,exam.requested,0
2026-09-19T16:26:53+00:00,lab-service,exam.requested,0
2026-09-19T16:26:53+00:00,notification-service,exam.completed,0
2026-09-19T16:26:53+00:00,notification-service,exam.completed,0
2026-09-19T16:26:53+00:00,result-service,exam.completed,0
2026-09-19T16:26:53+00:00,result-service,exam.completed,0
2026-09-19T16:27:12+00:00,audit-service,audit.events,0
2026-09-19T16:27:12+00:00,audit-service,audit.events,0
2026-09-19T16:27:12+00:00,audit-service,audit.events,583132
2026-09-19T16:27:12+00:00,lab-service,exam.requested,0
2026-09-19T16:27:12+00:00,lab-service,exam.requested,0
2026-09-19T16:27:12+00:00,notification-service,exam.completed,0
2026-09-19T16:27:12+00:00,notification-service,exam.completed,0
2026-09-19T16:27:12+00:00,result-service,exam.completed,0
2026-09-19T16:27:12+00:00,result-service,exam.completed,0
2026-09-19T16:27:32+00:00,audit-service,audit.events,0
2026-09-19T16:27:32+00:00,audit-service,audit.events,0
2026-09-19T16:27:32+00:00,audit-service,audit.events,573662
2026-09-19T16:27:32+00:00,lab-service,exam.requested,0
2026-09-19T16:27:32+00:00,lab-service,exam.requested,0
2026-09-19T16:27:32+00:00,notification-service,exam.completed,0
2026-09-19T16:27:32+00:00,notification-service,exam.completed,0
2026-09-19T16:27:32+00:00,result-service,exam.completed,0
2026-09-19T16:27:32+00:00,result-service,exam.completed,0
2026-09-19T16:27:52+00:00,audit-service,audit.events,0
2026-09-19T16:27:52+00:00,audit-service,audit.events,0
2026-09-19T16:27:52+00:00,audit-service,audit.events,564801
2026-09-19T16:27:52+00:00,lab-service,exam.requested,0
2026-09-19T16:27:52+00:00,lab-service,exam.requested,0
2026-09-19T16:27:52+00:00,notification-service,exam.completed,0
2026-09-19T16:27:52+00:00,notification-service,exam.completed,0
2026-09-19T16:27:52+00:00,result-service,exam.completed,0
2026-09-19T16:27:52+00:00,result-service,exam.completed,0
2026-09-19T16:28:12+00:00,audit-service,audit.events,0
2026-09-19T16:28:12+00:00,audit-service,audit.events,0
2026-09-19T16:28:12+00:00,audit-service,audit.events,555823
2026-09-19T16:28:12+00:00,lab-service,exam.requested,0
2026-09-19T16:28:12+00:00,lab-service,exam.requested,0
2026-09-19T16:28:12+00:00,notification-service,exam.completed,0
2026-09-19T16:28:12+00:00,notification-service,exam.completed,0
2026-09-19T16:28:12+00:00,result-service,exam.completed,0
2026-09-19T16:28:12+00:00,result-service,exam.completed,0
2026-09-19T16:28:31+00:00,audit-service,audit.events,0
2026-09-19T16:28:31+00:00,audit-service,audit.events,0
2026-09-19T16:28:31+00:00,audit-service,audit.events,547479
2026-09-19T16:28:31+00:00,lab-service,exam.requested,0
2026-09-19T16:28:31+00:00,lab-service,exam.requested,0
2026-09-19T16:28:31+00:00,notification-service,exam.completed,0
2026-09-19T16:28:31+00:00,notification-service,exam.completed,0
2026-09-19T16:28:31+00:00,result-service,exam.completed,0
2026-09-19T16:28:31+00:00,result-service,exam.completed,0
2026-09-19T16:28:51+00:00,audit-service,audit.events,0
2026-09-19T16:28:51+00:00,audit-service,audit.events,0
2026-09-19T16:28:51+00:00,audit-service,audit.events,538624
2026-09-19T16:28:51+00:00,lab-service,exam.requested,0
2026-09-19T16:28:51+00:00,lab-service,exam.requested,0
2026-09-19T16:28:51+00:00,notification-service,exam.completed,0
2026-09-19T16:28:51+00:00,notification-service,exam.completed,0
2026-09-19T16:28:51+00:00,result-service,exam.completed,0
2026-09-19T16:28:51+00:00,result-service,exam.completed,0
2026-09-19T16:29:12+00:00,audit-service,audit.events,0
2026-09-19T16:29:12+00:00,audit-service,audit.events,0
2026-09-19T16:29:12+00:00,audit-service,audit.events,529667
2026-09-19T16:29:12+00:00,lab-service,exam.requested,0
2026-09-19T16:29:12+00:00,lab-service,exam.requested,0
2026-09-19T16:29:12+00:00,notification-service,exam.completed,0
2026-09-19T16:29:12+00:00,notification-service,exam.completed,0
2026-09-19T16:29:12+00:00,result-service,exam.completed,0
2026-09-19T16:29:12+00:00,result-service,exam.completed,0
2026-09-19T16:29:32+00:00,audit-service,audit.events,0
2026-09-19T16:29:32+00:00,audit-service,audit.events,20
2026-09-19T16:29:32+00:00,audit-service,audit.events,521807
2026-09-19T16:29:32+00:00,lab-service,exam.requested,0
2026-09-19T16:29:32+00:00,lab-service,exam.requested,0
2026-09-19T16:29:32+00:00,notification-service,exam.completed,0
2026-09-19T16:29:32+00:00,notification-service,exam.completed,0
2026-09-19T16:29:32+00:00,result-service,exam.completed,0
2026-09-19T16:29:32+00:00,result-service,exam.completed,0
2026-09-19T16:29:52+00:00,audit-service,audit.events,0
2026-09-19T16:29:52+00:00,audit-service,audit.events,3966
2026-09-19T16:29:52+00:00,audit-service,audit.events,517198
2026-09-19T16:29:52+00:00,lab-service,exam.requested,0
2026-09-19T16:29:52+00:00,lab-service,exam.requested,0
2026-09-19T16:29:52+00:00,notification-service,exam.completed,0
2026-09-19T16:29:52+00:00,notification-service,exam.completed,0
2026-09-19T16:29:52+00:00,result-service,exam.completed,0
2026-09-19T16:29:52+00:00,result-service,exam.completed,0
2026-09-19T16:30:16+00:00,audit-service,audit.events,0
2026-09-19T16:30:16+00:00,audit-service,audit.events,17649
2026-09-19T16:30:16+00:00,audit-service,audit.events,515076
2026-09-19T16:30:16+00:00,lab-service,exam.requested,0
2026-09-19T16:30:16+00:00,lab-service,exam.requested,0
2026-09-19T16:30:16+00:00,notification-service,exam.completed,0
2026-09-19T16:30:16+00:00,notification-service,exam.completed,0
2026-09-19T16:30:16+00:00,result-service,exam.completed,0
2026-09-19T16:30:16+00:00,result-service,exam.completed,0
2026-09-19T16:30:42+00:00,audit-service,audit.events,0
2026-09-19T16:30:42+00:00,audit-service,audit.events,35306
2026-09-19T16:30:42+00:00,audit-service,audit.events,513963
2026-09-19T16:30:42+00:00,lab-service,exam.requested,0
2026-09-19T16:30:42+00:00,lab-service,exam.requested,0
2026-09-19T16:30:42+00:00,notification-service,exam.completed,0
2026-09-19T16:30:42+00:00,notification-service,exam.completed,0
2026-09-19T16:30:42+00:00,result-service,exam.completed,0
2026-09-19T16:30:42+00:00,result-service,exam.completed,0
2026-09-19T16:31:07+00:00,audit-service,audit.events,0
2026-09-19T16:31:07+00:00,audit-service,audit.events,54158
2026-09-19T16:31:07+00:00,audit-service,audit.events,512463
2026-09-19T16:31:07+00:00,lab-service,exam.requested,0
2026-09-19T16:31:07+00:00,lab-service,exam.requested,0
2026-09-19T16:31:07+00:00,notification-service,exam.completed,0
2026-09-19T16:31:07+00:00,notification-service,exam.completed,0
2026-09-19T16:31:07+00:00,result-service,exam.completed,0
2026-09-19T16:31:07+00:00,result-service,exam.completed,0
2026-09-19T16:31:32+00:00,audit-service,audit.events,0
2026-09-19T16:31:32+00:00,audit-service,audit.events,72279
2026-09-19T16:31:32+00:00,audit-service,audit.events,511350
2026-09-19T16:31:32+00:00,lab-service,exam.requested,0
2026-09-19T16:31:32+00:00,lab-service,exam.requested,0
2026-09-19T16:31:32+00:00,notification-service,exam.completed,0
2026-09-19T16:31:32+00:00,notification-service,exam.completed,0
2026-09-19T16:31:32+00:00,result-service,exam.completed,0
2026-09-19T16:31:32+00:00,result-service,exam.completed,0
2026-09-19T16:31:57+00:00,audit-service,audit.events,0
2026-09-19T16:31:57+00:00,audit-service,audit.events,91509
2026-09-19T16:31:57+00:00,audit-service,audit.events,509850
2026-09-19T16:31:57+00:00,lab-service,exam.requested,0
2026-09-19T16:31:57+00:00,lab-service,exam.requested,0
2026-09-19T16:31:57+00:00,notification-service,exam.completed,0
2026-09-19T16:31:57+00:00,notification-service,exam.completed,0
2026-09-19T16:31:57+00:00,result-service,exam.completed,0
2026-09-19T16:31:57+00:00,result-service,exam.completed,0
2026-09-19T16:32:21+00:00,audit-service,audit.events,0
2026-09-19T16:32:21+00:00,audit-service,audit.events,110656
2026-09-19T16:32:21+00:00,audit-service,audit.events,508241
2026-09-19T16:32:21+00:00,lab-service,exam.requested,0
2026-09-19T16:32:21+00:00,lab-service,exam.requested,0
2026-09-19T16:32:21+00:00,notification-service,exam.completed,0
2026-09-19T16:32:21+00:00,notification-service,exam.completed,0
2026-09-19T16:32:21+00:00,result-service,exam.completed,0
2026-09-19T16:32:21+00:00,result-service,exam.completed,0
2026-09-19T16:32:48+00:00,audit-service,audit.events,0
2026-09-19T16:32:48+00:00,audit-service,audit.events,130365
2026-09-19T16:32:48+00:00,audit-service,audit.events,507241
2026-09-19T16:32:48+00:00,lab-service,exam.requested,0
2026-09-19T16:32:48+00:00,lab-service,exam.requested,0
2026-09-19T16:32:48+00:00,notification-service,exam.completed,0
2026-09-19T16:32:48+00:00,notification-service,exam.completed,0
2026-09-19T16:32:48+00:00,result-service,exam.completed,0
2026-09-19T16:32:48+00:00,result-service,exam.completed,0
2026-09-19T16:33:14+00:00,audit-service,audit.events,0
2026-09-19T16:33:14+00:00,audit-service,audit.events,149889
2026-09-19T16:33:14+00:00,audit-service,audit.events,505627
2026-09-19T16:33:14+00:00,lab-service,exam.requested,0
2026-09-19T16:33:14+00:00,lab-service,exam.requested,0
2026-09-19T16:33:14+00:00,notification-service,exam.completed,0
2026-09-19T16:33:14+00:00,notification-service,exam.completed,0
2026-09-19T16:33:14+00:00,result-service,exam.completed,0
2026-09-19T16:33:14+00:00,result-service,exam.completed,0
2026-09-19T16:33:41+00:00,audit-service,audit.events,0
2026-09-19T16:33:41+00:00,audit-service,audit.events,170315
2026-09-19T16:33:41+00:00,audit-service,audit.events,504018
2026-09-19T16:33:41+00:00,lab-service,exam.requested,0
2026-09-19T16:33:41+00:00,lab-service,exam.requested,0
2026-09-19T16:33:41+00:00,notification-service,exam.completed,0
2026-09-19T16:33:41+00:00,notification-service,exam.completed,0
2026-09-19T16:33:41+00:00,result-service,exam.completed,0
2026-09-19T16:33:41+00:00,result-service,exam.completed,0
2026-09-19T16:34:07+00:00,audit-service,audit.events,0
2026-09-19T16:34:07+00:00,audit-service,audit.events,189618
2026-09-19T16:34:07+00:00,audit-service,audit.events,503018
2026-09-19T16:34:07+00:00,lab-service,exam.requested,0
2026-09-19T16:34:07+00:00,lab-service,exam.requested,0
2026-09-19T16:34:07+00:00,notification-service,exam.completed,0
2026-09-19T16:34:07+00:00,notification-service,exam.completed,0
2026-09-19T16:34:07+00:00,result-service,exam.completed,0
2026-09-19T16:34:07+00:00,result-service,exam.completed,0
2026-09-19T16:34:33+00:00,audit-service,audit.events,0
2026-09-19T16:34:33+00:00,audit-service,audit.events,206487
2026-09-19T16:34:33+00:00,audit-service,audit.events,502018
2026-09-19T16:34:33+00:00,lab-service,exam.requested,0
2026-09-19T16:34:33+00:00,lab-service,exam.requested,0
2026-09-19T16:34:33+00:00,notification-service,exam.completed,0
2026-09-19T16:34:33+00:00,notification-service,exam.completed,0
2026-09-19T16:34:33+00:00,result-service,exam.completed,0
2026-09-19T16:34:33+00:00,result-service,exam.completed,0
2026-09-19T16:35:00+00:00,audit-service,audit.events,0
2026-09-19T16:35:00+00:00,audit-service,audit.events,226277
2026-09-19T16:35:00+00:00,audit-service,audit.events,500402
2026-09-19T16:35:00+00:00,lab-service,exam.requested,0
2026-09-19T16:35:00+00:00,lab-service,exam.requested,0
2026-09-19T16:35:00+00:00,notification-service,exam.completed,0
2026-09-19T16:35:00+00:00,notification-service,exam.completed,0
2026-09-19T16:35:00+00:00,result-service,exam.completed,0
2026-09-19T16:35:00+00:00,result-service,exam.completed,0
2026-09-19T16:35:26+00:00,audit-service,audit.events,0
2026-09-19T16:35:26+00:00,audit-service,audit.events,244456
2026-09-19T16:35:26+00:00,audit-service,audit.events,499402
2026-09-19T16:35:26+00:00,lab-service,exam.requested,0
2026-09-19T16:35:26+00:00,lab-service,exam.requested,0
2026-09-19T16:35:26+00:00,notification-service,exam.completed,0
2026-09-19T16:35:26+00:00,notification-service,exam.completed,0
2026-09-19T16:35:26+00:00,result-service,exam.completed,0
2026-09-19T16:35:26+00:00,result-service,exam.completed,0
2026-09-19T16:35:51+00:00,audit-service,audit.events,0
2026-09-19T16:35:51+00:00,audit-service,audit.events,263465
2026-09-19T16:35:51+00:00,audit-service,audit.events,498285
2026-09-19T16:35:51+00:00,lab-service,exam.requested,0
2026-09-19T16:35:51+00:00,lab-service,exam.requested,0
2026-09-19T16:35:51+00:00,notification-service,exam.completed,0
2026-09-19T16:35:51+00:00,notification-service,exam.completed,0
2026-09-19T16:35:51+00:00,result-service,exam.completed,0
2026-09-19T16:35:51+00:00,result-service,exam.completed,0
2026-09-19T16:36:17+00:00,audit-service,audit.events,0
2026-09-19T16:36:17+00:00,audit-service,audit.events,280830
2026-09-19T16:36:17+00:00,audit-service,audit.events,497285
2026-09-19T16:36:17+00:00,lab-service,exam.requested,0
2026-09-19T16:36:17+00:00,lab-service,exam.requested,0
2026-09-19T16:36:17+00:00,notification-service,exam.completed,0
2026-09-19T16:36:17+00:00,notification-service,exam.completed,0
2026-09-19T16:36:17+00:00,result-service,exam.completed,0
2026-09-19T16:36:17+00:00,result-service,exam.completed,0
2026-09-19T16:36:44+00:00,audit-service,audit.events,0
2026-09-19T16:36:44+00:00,audit-service,audit.events,300263
2026-09-19T16:36:44+00:00,audit-service,audit.events,496176
2026-09-19T16:36:44+00:00,lab-service,exam.requested,0
2026-09-19T16:36:44+00:00,lab-service,exam.requested,0
2026-09-19T16:36:44+00:00,notification-service,exam.completed,0
2026-09-19T16:36:44+00:00,notification-service,exam.completed,0
2026-09-19T16:36:44+00:00,result-service,exam.completed,0
2026-09-19T16:36:44+00:00,result-service,exam.completed,0
2026-09-19T16:37:11+00:00,audit-service,audit.events,0
2026-09-19T16:37:11+00:00,audit-service,audit.events,318473
2026-09-19T16:37:11+00:00,audit-service,audit.events,495176
2026-09-19T16:37:11+00:00,lab-service,exam.requested,0
2026-09-19T16:37:11+00:00,lab-service,exam.requested,0
2026-09-19T16:37:11+00:00,notification-service,exam.completed,0
2026-09-19T16:37:11+00:00,notification-service,exam.completed,0
2026-09-19T16:37:11+00:00,result-service,exam.completed,0
2026-09-19T16:37:11+00:00,result-service,exam.completed,0
2026-09-19T16:37:36+00:00,audit-service,audit.events,0
2026-09-19T16:37:36+00:00,audit-service,audit.events,333358
2026-09-19T16:37:36+00:00,audit-service,audit.events,493562
2026-09-19T16:37:36+00:00,lab-service,exam.requested,0
2026-09-19T16:37:36+00:00,lab-service,exam.requested,0
2026-09-19T16:37:36+00:00,notification-service,exam.completed,0
2026-09-19T16:37:36+00:00,notification-service,exam.completed,0
2026-09-19T16:37:36+00:00,result-service,exam.completed,0
2026-09-19T16:37:36+00:00,result-service,exam.completed,0
2026-09-19T16:38:00+00:00,audit-service,audit.events,0
2026-09-19T16:38:00+00:00,audit-service,audit.events,342464
2026-09-19T16:38:00+00:00,audit-service,audit.events,490943
2026-09-19T16:38:00+00:00,lab-service,exam.requested,0
2026-09-19T16:38:00+00:00,lab-service,exam.requested,0
2026-09-19T16:38:00+00:00,notification-service,exam.completed,0
2026-09-19T16:38:00+00:00,notification-service,exam.completed,0
2026-09-19T16:38:00+00:00,result-service,exam.completed,0
2026-09-19T16:38:00+00:00,result-service,exam.completed,0
2026-09-19T16:38:21+00:00,audit-service,audit.events,0
2026-09-19T16:38:21+00:00,audit-service,audit.events,344084
2026-09-19T16:38:21+00:00,audit-service,audit.events,485828
2026-09-19T16:38:21+00:00,lab-service,exam.requested,0
2026-09-19T16:38:21+00:00,lab-service,exam.requested,0
2026-09-19T16:38:21+00:00,notification-service,exam.completed,0
2026-09-19T16:38:21+00:00,notification-service,exam.completed,0
2026-09-19T16:38:21+00:00,result-service,exam.completed,0
2026-09-19T16:38:21+00:00,result-service,exam.completed,0
2026-09-19T16:38:41+00:00,audit-service,audit.events,0
2026-09-19T16:38:41+00:00,audit-service,audit.events,341017
2026-09-19T16:38:41+00:00,audit-service,audit.events,477974
2026-09-19T16:38:41+00:00,lab-service,exam.requested,0
2026-09-19T16:38:41+00:00,lab-service,exam.requested,0
2026-09-19T16:38:41+00:00,notification-service,exam.completed,0
2026-09-19T16:38:41+00:00,notification-service,exam.completed,0
2026-09-19T16:38:41+00:00,result-service,exam.completed,0
2026-09-19T16:38:41+00:00,result-service,exam.completed,0
2026-09-19T16:39:01+00:00,audit-service,audit.events,0
2026-09-19T16:39:01+00:00,audit-service,audit.events,338426
2026-09-19T16:39:01+00:00,audit-service,audit.events,470626
2026-09-19T16:39:01+00:00,lab-service,exam.requested,0
2026-09-19T16:39:01+00:00,lab-service,exam.requested,0
2026-09-19T16:39:01+00:00,notification-service,exam.completed,0
2026-09-19T16:39:01+00:00,notification-service,exam.completed,0
2026-09-19T16:39:01+00:00,result-service,exam.completed,0
2026-09-19T16:39:01+00:00,result-service,exam.completed,0
2026-09-19T16:39:21+00:00,audit-service,audit.events,0
2026-09-19T16:39:21+00:00,audit-service,audit.events,335827
2026-09-19T16:39:21+00:00,audit-service,audit.events,462790
2026-09-19T16:39:21+00:00,lab-service,exam.requested,0
2026-09-19T16:39:21+00:00,lab-service,exam.requested,0
2026-09-19T16:39:21+00:00,notification-service,exam.completed,0
2026-09-19T16:39:21+00:00,notification-service,exam.completed,0
2026-09-19T16:39:21+00:00,result-service,exam.completed,0
2026-09-19T16:39:21+00:00,result-service,exam.completed,0
2026-09-19T16:39:41+00:00,audit-service,audit.events,0
2026-09-19T16:39:41+00:00,audit-service,audit.events,332726
2026-09-19T16:39:41+00:00,audit-service,audit.events,454431
2026-09-19T16:39:41+00:00,lab-service,exam.requested,0
2026-09-19T16:39:41+00:00,lab-service,exam.requested,0
2026-09-19T16:39:41+00:00,notification-service,exam.completed,0
2026-09-19T16:39:41+00:00,notification-service,exam.completed,0
2026-09-19T16:39:41+00:00,result-service,exam.completed,0
2026-09-19T16:39:41+00:00,result-service,exam.completed,0
2026-09-19T16:40:01+00:00,audit-service,audit.events,0
2026-09-19T16:40:01+00:00,audit-service,audit.events,330127
2026-09-19T16:40:01+00:00,audit-service,audit.events,446586
2026-09-19T16:40:01+00:00,lab-service,exam.requested,0
2026-09-19T16:40:01+00:00,lab-service,exam.requested,0
2026-09-19T16:40:01+00:00,notification-service,exam.completed,0
2026-09-19T16:40:01+00:00,notification-service,exam.completed,0
2026-09-19T16:40:01+00:00,result-service,exam.completed,0
2026-09-19T16:40:01+00:00,result-service,exam.completed,0
2026-09-19T16:40:21+00:00,audit-service,audit.events,0
2026-09-19T16:40:21+00:00,audit-service,audit.events,326411
2026-09-19T16:40:21+00:00,audit-service,audit.events,438618
2026-09-19T16:40:21+00:00,lab-service,exam.requested,0
2026-09-19T16:40:21+00:00,lab-service,exam.requested,0
2026-09-19T16:40:21+00:00,notification-service,exam.completed,0
2026-09-19T16:40:21+00:00,notification-service,exam.completed,0
2026-09-19T16:40:21+00:00,result-service,exam.completed,0
2026-09-19T16:40:21+00:00,result-service,exam.completed,0
2026-09-19T16:40:41+00:00,audit-service,audit.events,0
2026-09-19T16:40:41+00:00,audit-service,audit.events,322296
2026-09-19T16:40:41+00:00,audit-service,audit.events,430283
2026-09-19T16:40:41+00:00,lab-service,exam.requested,0
2026-09-19T16:40:41+00:00,lab-service,exam.requested,0
2026-09-19T16:40:41+00:00,notification-service,exam.completed,0
2026-09-19T16:40:41+00:00,notification-service,exam.completed,0
2026-09-19T16:40:41+00:00,result-service,exam.completed,0
2026-09-19T16:40:41+00:00,result-service,exam.completed,0
2026-09-19T16:41:01+00:00,audit-service,audit.events,0
2026-09-19T16:41:01+00:00,audit-service,audit.events,315448
2026-09-19T16:41:01+00:00,audit-service,audit.events,422933
2026-09-19T16:41:01+00:00,lab-service,exam.requested,0
2026-09-19T16:41:01+00:00,lab-service,exam.requested,0
2026-09-19T16:41:01+00:00,notification-service,exam.completed,0
2026-09-19T16:41:01+00:00,notification-service,exam.completed,0
2026-09-19T16:41:01+00:00,result-service,exam.completed,0
2026-09-19T16:41:01+00:00,result-service,exam.completed,0
2026-09-19T16:41:21+00:00,audit-service,audit.events,0
2026-09-19T16:41:21+00:00,audit-service,audit.events,307597
2026-09-19T16:41:21+00:00,audit-service,audit.events,415099
2026-09-19T16:41:21+00:00,lab-service,exam.requested,0
2026-09-19T16:41:21+00:00,lab-service,exam.requested,0
2026-09-19T16:41:21+00:00,notification-service,exam.completed,0
2026-09-19T16:41:21+00:00,notification-service,exam.completed,0
2026-09-19T16:41:21+00:00,result-service,exam.completed,0
2026-09-19T16:41:21+00:00,result-service,exam.completed,0
2026-09-19T16:41:41+00:00,audit-service,audit.events,2297
2026-09-19T16:41:41+00:00,audit-service,audit.events,304513
2026-09-19T16:41:41+00:00,audit-service,audit.events,410115
2026-09-19T16:41:41+00:00,lab-service,exam.requested,0
2026-09-19T16:41:41+00:00,lab-service,exam.requested,0
2026-09-19T16:41:41+00:00,notification-service,exam.completed,0
2026-09-19T16:41:41+00:00,notification-service,exam.completed,0
2026-09-19T16:41:41+00:00,notification-service,exam.completed,0
2026-09-19T16:41:41+00:00,result-service,exam.completed,0
2026-09-19T16:41:41+00:00,result-service,exam.completed,0
2026-09-19T16:41:41+00:00,result-service,exam.completed,0
2026-09-19T16:42:06+00:00,audit-service,audit.events,11104
2026-09-19T16:42:06+00:00,audit-service,audit.events,311740
2026-09-19T16:42:06+00:00,audit-service,audit.events,413069
2026-09-19T16:42:06+00:00,lab-service,exam.requested,0
2026-09-19T16:42:06+00:00,lab-service,exam.requested,0
2026-09-19T16:42:06+00:00,notification-service,exam.completed,0
2026-09-19T16:42:06+00:00,notification-service,exam.completed,0
2026-09-19T16:42:06+00:00,notification-service,exam.completed,0
2026-09-19T16:42:06+00:00,result-service,exam.completed,0
2026-09-19T16:42:06+00:00,result-service,exam.completed,0
2026-09-19T16:42:06+00:00,result-service,exam.completed,0
2026-09-19T16:42:30+00:00,audit-service,audit.events,19210
2026-09-19T16:42:30+00:00,audit-service,audit.events,320644
2026-09-19T16:42:30+00:00,audit-service,audit.events,416085
2026-09-19T16:42:30+00:00,lab-service,exam.requested,0
2026-09-19T16:42:30+00:00,lab-service,exam.requested,0
2026-09-19T16:42:30+00:00,notification-service,exam.completed,0
2026-09-19T16:42:30+00:00,notification-service,exam.completed,0
2026-09-19T16:42:30+00:00,notification-service,exam.completed,0
2026-09-19T16:42:30+00:00,result-service,exam.completed,0
2026-09-19T16:42:30+00:00,result-service,exam.completed,0
2026-09-19T16:42:30+00:00,result-service,exam.completed,0
2026-09-19T16:42:56+00:00,audit-service,audit.events,28369
2026-09-19T16:42:56+00:00,audit-service,audit.events,330641
2026-09-19T16:42:56+00:00,audit-service,audit.events,419536
2026-09-19T16:42:56+00:00,lab-service,exam.requested,0
2026-09-19T16:42:56+00:00,lab-service,exam.requested,0
2026-09-19T16:42:56+00:00,notification-service,exam.completed,0
2026-09-19T16:42:56+00:00,notification-service,exam.completed,0
2026-09-19T16:42:56+00:00,notification-service,exam.completed,0
2026-09-19T16:42:56+00:00,result-service,exam.completed,0
2026-09-19T16:42:56+00:00,result-service,exam.completed,0
2026-09-19T16:42:56+00:00,result-service,exam.completed,0
2026-09-19T16:43:20+00:00,audit-service,audit.events,37022
2026-09-19T16:43:20+00:00,audit-service,audit.events,339044
2026-09-19T16:43:20+00:00,audit-service,audit.events,422706
2026-09-19T16:43:20+00:00,lab-service,exam.requested,0
2026-09-19T16:43:20+00:00,lab-service,exam.requested,0
2026-09-19T16:43:20+00:00,notification-service,exam.completed,0
2026-09-19T16:43:20+00:00,notification-service,exam.completed,0
2026-09-19T16:43:20+00:00,notification-service,exam.completed,0
2026-09-19T16:43:20+00:00,result-service,exam.completed,0
2026-09-19T16:43:20+00:00,result-service,exam.completed,0
2026-09-19T16:43:20+00:00,result-service,exam.completed,0
2026-09-19T16:43:46+00:00,audit-service,audit.events,47261
2026-09-19T16:43:46+00:00,audit-service,audit.events,347920
2026-09-19T16:43:46+00:00,audit-service,audit.events,426332
2026-09-19T16:43:46+00:00,lab-service,exam.requested,0
2026-09-19T16:43:46+00:00,lab-service,exam.requested,0
2026-09-19T16:43:46+00:00,notification-service,exam.completed,0
2026-09-19T16:43:46+00:00,notification-service,exam.completed,0
2026-09-19T16:43:46+00:00,notification-service,exam.completed,0
2026-09-19T16:43:46+00:00,result-service,exam.completed,0
2026-09-19T16:43:46+00:00,result-service,exam.completed,0
2026-09-19T16:43:46+00:00,result-service,exam.completed,0
2026-09-19T16:44:11+00:00,audit-service,audit.events,54936
2026-09-19T16:44:11+00:00,audit-service,audit.events,356788
2026-09-19T16:44:11+00:00,audit-service,audit.events,429337
2026-09-19T16:44:11+00:00,lab-service,exam.requested,0
2026-09-19T16:44:11+00:00,lab-service,exam.requested,0
2026-09-19T16:44:11+00:00,notification-service,exam.completed,0
2026-09-19T16:44:11+00:00,notification-service,exam.completed,0
2026-09-19T16:44:11+00:00,notification-service,exam.completed,0
2026-09-19T16:44:11+00:00,result-service,exam.completed,0
2026-09-19T16:44:11+00:00,result-service,exam.completed,0
2026-09-19T16:44:11+00:00,result-service,exam.completed,0
2026-09-19T16:44:35+00:00,audit-service,audit.events,63043
2026-09-19T16:44:35+00:00,audit-service,audit.events,365625
2026-09-19T16:44:35+00:00,audit-service,audit.events,432254
2026-09-19T16:44:35+00:00,lab-service,exam.requested,0
2026-09-19T16:44:35+00:00,lab-service,exam.requested,0
2026-09-19T16:44:35+00:00,notification-service,exam.completed,0
2026-09-19T16:44:35+00:00,notification-service,exam.completed,0
2026-09-19T16:44:35+00:00,notification-service,exam.completed,0
2026-09-19T16:44:35+00:00,result-service,exam.completed,0
2026-09-19T16:44:35+00:00,result-service,exam.completed,0
2026-09-19T16:44:35+00:00,result-service,exam.completed,0
2026-09-19T16:44:58+00:00,audit-service,audit.events,60220
2026-09-19T16:44:58+00:00,audit-service,audit.events,361448
2026-09-19T16:44:58+00:00,audit-service,audit.events,424982
2026-09-19T16:44:58+00:00,lab-service,exam.requested,0
2026-09-19T16:44:58+00:00,lab-service,exam.requested,0
2026-09-19T16:44:58+00:00,notification-service,exam.completed,0
2026-09-19T16:44:58+00:00,notification-service,exam.completed,0
2026-09-19T16:44:58+00:00,notification-service,exam.completed,0
2026-09-19T16:44:58+00:00,result-service,exam.completed,0
2026-09-19T16:44:58+00:00,result-service,exam.completed,0
2026-09-19T16:44:58+00:00,result-service,exam.completed,0
2026-09-19T16:45:19+00:00,audit-service,audit.events,60433
2026-09-19T16:45:19+00:00,audit-service,audit.events,361229
2026-09-19T16:45:19+00:00,audit-service,audit.events,421157
2026-09-19T16:45:19+00:00,lab-service,exam.requested,0
2026-09-19T16:45:19+00:00,lab-service,exam.requested,0
2026-09-19T16:45:19+00:00,notification-service,exam.completed,0
2026-09-19T16:45:19+00:00,notification-service,exam.completed,0
2026-09-19T16:45:19+00:00,notification-service,exam.completed,0
2026-09-19T16:45:19+00:00,result-service,exam.completed,0
2026-09-19T16:45:19+00:00,result-service,exam.completed,0
2026-09-19T16:45:19+00:00,result-service,exam.completed,0
2026-09-19T16:45:43+00:00,audit-service,audit.events,65990
2026-09-19T16:45:43+00:00,audit-service,audit.events,366907
2026-09-19T16:45:43+00:00,audit-service,audit.events,422871
2026-09-19T16:45:43+00:00,lab-service,exam.requested,0
2026-09-19T16:45:43+00:00,lab-service,exam.requested,0
2026-09-19T16:45:43+00:00,notification-service,exam.completed,0
2026-09-19T16:45:43+00:00,notification-service,exam.completed,0
2026-09-19T16:45:43+00:00,notification-service,exam.completed,0
2026-09-19T16:45:43+00:00,result-service,exam.completed,0
2026-09-19T16:45:43+00:00,result-service,exam.completed,0
2026-09-19T16:45:43+00:00,result-service,exam.completed,0
2026-09-19T16:46:08+00:00,audit-service,audit.events,72575
2026-09-19T16:46:08+00:00,audit-service,audit.events,374598
2026-09-19T16:46:08+00:00,audit-service,audit.events,424791
2026-09-19T16:46:08+00:00,lab-service,exam.requested,0
2026-09-19T16:46:08+00:00,lab-service,exam.requested,0
2026-09-19T16:46:08+00:00,notification-service,exam.completed,0
2026-09-19T16:46:08+00:00,notification-service,exam.completed,0
2026-09-19T16:46:08+00:00,notification-service,exam.completed,0
2026-09-19T16:46:08+00:00,result-service,exam.completed,0
2026-09-19T16:46:08+00:00,result-service,exam.completed,0
2026-09-19T16:46:08+00:00,result-service,exam.completed,0
2026-09-19T16:46:32+00:00,audit-service,audit.events,79751
2026-09-19T16:46:32+00:00,audit-service,audit.events,381716
2026-09-19T16:46:32+00:00,audit-service,audit.events,427749
2026-09-19T16:46:32+00:00,lab-service,exam.requested,0
2026-09-19T16:46:32+00:00,lab-service,exam.requested,0
2026-09-19T16:46:32+00:00,notification-service,exam.completed,0
2026-09-19T16:46:32+00:00,notification-service,exam.completed,0
2026-09-19T16:46:32+00:00,notification-service,exam.completed,0
2026-09-19T16:46:32+00:00,result-service,exam.completed,0
2026-09-19T16:46:32+00:00,result-service,exam.completed,0
2026-09-19T16:46:32+00:00,result-service,exam.completed,0
2026-09-19T16:46:56+00:00,audit-service,audit.events,88593
2026-09-19T16:46:56+00:00,audit-service,audit.events,389098
2026-09-19T16:46:56+00:00,audit-service,audit.events,430184
2026-09-19T16:46:56+00:00,lab-service,exam.requested,0
2026-09-19T16:46:56+00:00,lab-service,exam.requested,0
2026-09-19T16:46:56+00:00,notification-service,exam.completed,0
2026-09-19T16:46:56+00:00,notification-service,exam.completed,0
2026-09-19T16:46:56+00:00,notification-service,exam.completed,0
2026-09-19T16:46:56+00:00,result-service,exam.completed,0
2026-09-19T16:46:56+00:00,result-service,exam.completed,0
2026-09-19T16:46:56+00:00,result-service,exam.completed,0
2026-09-19T16:47:21+00:00,audit-service,audit.events,96886
2026-09-19T16:47:21+00:00,audit-service,audit.events,397489
2026-09-19T16:47:21+00:00,audit-service,audit.events,433484
2026-09-19T16:47:21+00:00,lab-service,exam.requested,0
2026-09-19T16:47:21+00:00,lab-service,exam.requested,0
2026-09-19T16:47:21+00:00,notification-service,exam.completed,0
2026-09-19T16:47:21+00:00,notification-service,exam.completed,0
2026-09-19T16:47:21+00:00,notification-service,exam.completed,0
2026-09-19T16:47:21+00:00,result-service,exam.completed,0
2026-09-19T16:47:21+00:00,result-service,exam.completed,0
2026-09-19T16:47:21+00:00,result-service,exam.completed,0
2026-09-19T16:47:46+00:00,audit-service,audit.events,104385
2026-09-19T16:47:46+00:00,audit-service,audit.events,406521
2026-09-19T16:47:46+00:00,audit-service,audit.events,436433
2026-09-19T16:47:46+00:00,lab-service,exam.requested,0
2026-09-19T16:47:46+00:00,lab-service,exam.requested,0
2026-09-19T16:47:46+00:00,notification-service,exam.completed,0
2026-09-19T16:47:46+00:00,notification-service,exam.completed,0
2026-09-19T16:47:46+00:00,notification-service,exam.completed,0
2026-09-19T16:47:46+00:00,result-service,exam.completed,0
2026-09-19T16:47:46+00:00,result-service,exam.completed,0
2026-09-19T16:47:46+00:00,result-service,exam.completed,0
2026-09-19T16:48:11+00:00,audit-service,audit.events,110202
2026-09-19T16:48:11+00:00,audit-service,audit.events,410833
2026-09-19T16:48:11+00:00,audit-service,audit.events,437006
2026-09-19T16:48:11+00:00,lab-service,exam.requested,0
2026-09-19T16:48:11+00:00,lab-service,exam.requested,0
2026-09-19T16:48:11+00:00,notification-service,exam.completed,0
2026-09-19T16:48:11+00:00,notification-service,exam.completed,0
2026-09-19T16:48:11+00:00,notification-service,exam.completed,0
2026-09-19T16:48:11+00:00,result-service,exam.completed,0
2026-09-19T16:48:11+00:00,result-service,exam.completed,0
2026-09-19T16:48:11+00:00,result-service,exam.completed,0
2026-09-19T16:48:30+00:00,audit-service,audit.events,107414
2026-09-19T16:48:30+00:00,audit-service,audit.events,407621
2026-09-19T16:48:30+00:00,audit-service,audit.events,429305
2026-09-19T16:48:30+00:00,lab-service,exam.requested,0
2026-09-19T16:48:30+00:00,lab-service,exam.requested,0
2026-09-19T16:48:30+00:00,notification-service,exam.completed,0
2026-09-19T16:48:30+00:00,notification-service,exam.completed,0
2026-09-19T16:48:30+00:00,notification-service,exam.completed,0
2026-09-19T16:48:30+00:00,result-service,exam.completed,0
2026-09-19T16:48:30+00:00,result-service,exam.completed,0
2026-09-19T16:48:30+00:00,result-service,exam.completed,0
2026-09-19T16:48:50+00:00,audit-service,audit.events,110798
2026-09-19T16:48:50+00:00,audit-service,audit.events,412560
2026-09-19T16:48:50+00:00,audit-service,audit.events,428572
2026-09-19T16:48:50+00:00,lab-service,exam.requested,0
2026-09-19T16:48:50+00:00,lab-service,exam.requested,0
2026-09-19T16:48:50+00:00,notification-service,exam.completed,0
2026-09-19T16:48:50+00:00,notification-service,exam.completed,0
2026-09-19T16:48:50+00:00,notification-service,exam.completed,0
2026-09-19T16:48:50+00:00,result-service,exam.completed,0
2026-09-19T16:48:50+00:00,result-service,exam.completed,0
2026-09-19T16:48:50+00:00,result-service,exam.completed,0
2026-09-19T16:49:15+00:00,audit-service,audit.events,119415
2026-09-19T16:49:15+00:00,audit-service,audit.events,420363
2026-09-19T16:49:15+00:00,audit-service,audit.events,431355
2026-09-19T16:49:15+00:00,lab-service,exam.requested,0
2026-09-19T16:49:15+00:00,lab-service,exam.requested,0
2026-09-19T16:49:15+00:00,notification-service,exam.completed,0
2026-09-19T16:49:15+00:00,notification-service,exam.completed,0
2026-09-19T16:49:15+00:00,notification-service,exam.completed,0
2026-09-19T16:49:15+00:00,result-service,exam.completed,0
2026-09-19T16:49:15+00:00,result-service,exam.completed,0
2026-09-19T16:49:15+00:00,result-service,exam.completed,0
2026-09-19T16:49:39+00:00,audit-service,audit.events,127391
2026-09-19T16:49:39+00:00,audit-service,audit.events,428125
2026-09-19T16:49:39+00:00,audit-service,audit.events,434326
2026-09-19T16:49:39+00:00,lab-service,exam.requested,0
2026-09-19T16:49:39+00:00,lab-service,exam.requested,0
2026-09-19T16:49:39+00:00,notification-service,exam.completed,0
2026-09-19T16:49:39+00:00,notification-service,exam.completed,0
2026-09-19T16:49:39+00:00,notification-service,exam.completed,0
2026-09-19T16:49:39+00:00,result-service,exam.completed,0
2026-09-19T16:49:39+00:00,result-service,exam.completed,0
2026-09-19T16:49:39+00:00,result-service,exam.completed,0
2026-09-19T16:50:03+00:00,audit-service,audit.events,134732
2026-09-19T16:50:03+00:00,audit-service,audit.events,436627
2026-09-19T16:50:03+00:00,audit-service,audit.events,437363
2026-09-19T16:50:03+00:00,lab-service,exam.requested,0
2026-09-19T16:50:03+00:00,lab-service,exam.requested,0
2026-09-19T16:50:03+00:00,notification-service,exam.completed,0
2026-09-19T16:50:03+00:00,notification-service,exam.completed,0
2026-09-19T16:50:03+00:00,notification-service,exam.completed,0
2026-09-19T16:50:03+00:00,result-service,exam.completed,0
2026-09-19T16:50:03+00:00,result-service,exam.completed,0
2026-09-19T16:50:03+00:00,result-service,exam.completed,0
2026-09-19T16:50:29+00:00,audit-service,audit.events,143387
2026-09-19T16:50:29+00:00,audit-service,audit.events,446374
2026-09-19T16:50:29+00:00,audit-service,audit.events,440562
2026-09-19T16:50:29+00:00,lab-service,exam.requested,0
2026-09-19T16:50:29+00:00,lab-service,exam.requested,0
2026-09-19T16:50:29+00:00,notification-service,exam.completed,0
2026-09-19T16:50:29+00:00,notification-service,exam.completed,0
2026-09-19T16:50:29+00:00,notification-service,exam.completed,0
2026-09-19T16:50:29+00:00,result-service,exam.completed,0
2026-09-19T16:50:29+00:00,result-service,exam.completed,0
2026-09-19T16:50:29+00:00,result-service,exam.completed,0
2026-09-19T16:50:55+00:00,audit-service,audit.events,152485
2026-09-19T16:50:55+00:00,audit-service,audit.events,453979
2026-09-19T16:50:55+00:00,audit-service,audit.events,443576
2026-09-19T16:50:55+00:00,lab-service,exam.requested,0
2026-09-19T16:50:55+00:00,lab-service,exam.requested,0
2026-09-19T16:50:55+00:00,notification-service,exam.completed,0
2026-09-19T16:50:55+00:00,notification-service,exam.completed,0
2026-09-19T16:50:55+00:00,notification-service,exam.completed,0
2026-09-19T16:50:55+00:00,result-service,exam.completed,0
2026-09-19T16:50:55+00:00,result-service,exam.completed,0
2026-09-19T16:50:55+00:00,result-service,exam.completed,0
2026-09-19T16:51:19+00:00,audit-service,audit.events,161004
2026-09-19T16:51:19+00:00,audit-service,audit.events,461615
2026-09-19T16:51:19+00:00,audit-service,audit.events,446721
2026-09-19T16:51:19+00:00,lab-service,exam.requested,0
2026-09-19T16:51:19+00:00,lab-service,exam.requested,0
2026-09-19T16:51:19+00:00,notification-service,exam.completed,0
2026-09-19T16:51:19+00:00,notification-service,exam.completed,0
2026-09-19T16:51:19+00:00,notification-service,exam.completed,0
2026-09-19T16:51:19+00:00,result-service,exam.completed,0
2026-09-19T16:51:19+00:00,result-service,exam.completed,0
2026-09-19T16:51:19+00:00,result-service,exam.completed,0
2026-09-19T16:51:44+00:00,audit-service,audit.events,164277
2026-09-19T16:51:44+00:00,audit-service,audit.events,466885
2026-09-19T16:51:44+00:00,audit-service,audit.events,446184
2026-09-19T16:51:44+00:00,lab-service,exam.requested,0
2026-09-19T16:51:44+00:00,lab-service,exam.requested,0
2026-09-19T16:51:44+00:00,notification-service,exam.completed,0
2026-09-19T16:51:44+00:00,notification-service,exam.completed,0
2026-09-19T16:51:44+00:00,notification-service,exam.completed,0
2026-09-19T16:51:44+00:00,result-service,exam.completed,0
2026-09-19T16:51:44+00:00,result-service,exam.completed,0
2026-09-19T16:51:44+00:00,result-service,exam.completed,0
2026-09-19T16:52:03+00:00,audit-service,audit.events,161511
2026-09-19T16:52:03+00:00,audit-service,audit.events,464151
2026-09-19T16:52:03+00:00,audit-service,audit.events,438407
2026-09-19T16:52:03+00:00,lab-service,exam.requested,0
2026-09-19T16:52:03+00:00,lab-service,exam.requested,0
2026-09-19T16:52:03+00:00,notification-service,exam.completed,0
2026-09-19T16:52:03+00:00,notification-service,exam.completed,0
2026-09-19T16:52:03+00:00,notification-service,exam.completed,0
2026-09-19T16:52:03+00:00,result-service,exam.completed,0
2026-09-19T16:52:03+00:00,result-service,exam.completed,0
2026-09-19T16:52:03+00:00,result-service,exam.completed,0
2026-09-19T16:52:23+00:00,audit-service,audit.events,162141
2026-09-19T16:52:23+00:00,audit-service,audit.events,463266
2026-09-19T16:52:23+00:00,audit-service,audit.events,437224
2026-09-19T16:52:23+00:00,lab-service,exam.requested,0
2026-09-19T16:52:23+00:00,lab-service,exam.requested,0
2026-09-19T16:52:23+00:00,notification-service,exam.completed,0
2026-09-19T16:52:23+00:00,notification-service,exam.completed,0
2026-09-19T16:52:23+00:00,notification-service,exam.completed,0
2026-09-19T16:52:23+00:00,result-service,exam.completed,0
2026-09-19T16:52:23+00:00,result-service,exam.completed,0
2026-09-19T16:52:23+00:00,result-service,exam.completed,0
2026-09-19T16:52:46+00:00,audit-service,audit.events,163273
2026-09-19T16:52:46+00:00,audit-service,audit.events,464434
2026-09-19T16:52:46+00:00,audit-service,audit.events,437784
2026-09-19T16:52:46+00:00,lab-service,exam.requested,0
2026-09-19T16:52:46+00:00,lab-service,exam.requested,0
2026-09-19T16:52:46+00:00,notification-service,exam.completed,0
2026-09-19T16:52:46+00:00,notification-service,exam.completed,0
2026-09-19T16:52:46+00:00,notification-service,exam.completed,0
2026-09-19T16:52:46+00:00,result-service,exam.completed,0
2026-09-19T16:52:46+00:00,result-service,exam.completed,0
2026-09-19T16:52:46+00:00,result-service,exam.completed,0
2026-09-19T16:53:06+00:00,audit-service,audit.events,164343
2026-09-19T16:53:06+00:00,audit-service,audit.events,465524
2026-09-19T16:53:06+00:00,audit-service,audit.events,438328
2026-09-19T16:53:06+00:00,lab-service,exam.requested,0
2026-09-19T16:53:06+00:00,lab-service,exam.requested,0
2026-09-19T16:53:06+00:00,notification-service,exam.completed,0
2026-09-19T16:53:06+00:00,notification-service,exam.completed,0
2026-09-19T16:53:06+00:00,notification-service,exam.completed,0
2026-09-19T16:53:06+00:00,result-service,exam.completed,0
2026-09-19T16:53:06+00:00,result-service,exam.completed,0
2026-09-19T16:53:06+00:00,result-service,exam.completed,0
2026-09-19T16:53:28+00:00,audit-service,audit.events,165586
2026-09-19T16:53:28+00:00,audit-service,audit.events,466715
2026-09-19T16:53:28+00:00,audit-service,audit.events,438905
2026-09-19T16:53:28+00:00,lab-service,exam.requested,0
2026-09-19T16:53:28+00:00,lab-service,exam.requested,0
2026-09-19T16:53:28+00:00,notification-service,exam.completed,0
2026-09-19T16:53:28+00:00,notification-service,exam.completed,0
2026-09-19T16:53:28+00:00,notification-service,exam.completed,0
2026-09-19T16:53:28+00:00,result-service,exam.completed,0
2026-09-19T16:53:28+00:00,result-service,exam.completed,0
2026-09-19T16:53:28+00:00,result-service,exam.completed,0
2026-09-19T16:53:49+00:00,audit-service,audit.events,166927
2026-09-19T16:53:49+00:00,audit-service,audit.events,468042
2026-09-19T16:53:49+00:00,audit-service,audit.events,439616
2026-09-19T16:53:49+00:00,lab-service,exam.requested,0
2026-09-19T16:53:49+00:00,lab-service,exam.requested,0
2026-09-19T16:53:49+00:00,notification-service,exam.completed,0
2026-09-19T16:53:49+00:00,notification-service,exam.completed,0
2026-09-19T16:53:49+00:00,notification-service,exam.completed,0
2026-09-19T16:53:49+00:00,result-service,exam.completed,0
2026-09-19T16:53:49+00:00,result-service,exam.completed,0
2026-09-19T16:53:49+00:00,result-service,exam.completed,0
2026-09-19T16:54:11+00:00,audit-service,audit.events,168277
2026-09-19T16:54:11+00:00,audit-service,audit.events,468970
2026-09-19T16:54:11+00:00,audit-service,audit.events,440286
2026-09-19T16:54:11+00:00,lab-service,exam.requested,0
2026-09-19T16:54:11+00:00,lab-service,exam.requested,0
2026-09-19T16:54:11+00:00,notification-service,exam.completed,0
2026-09-19T16:54:11+00:00,notification-service,exam.completed,0
2026-09-19T16:54:11+00:00,notification-service,exam.completed,0
2026-09-19T16:54:11+00:00,result-service,exam.completed,0
2026-09-19T16:54:11+00:00,result-service,exam.completed,0
2026-09-19T16:54:11+00:00,result-service,exam.completed,0
2026-09-19T16:54:31+00:00,audit-service,audit.events,169746
2026-09-19T16:54:31+00:00,audit-service,audit.events,470483
2026-09-19T16:54:31+00:00,audit-service,audit.events,441001
2026-09-19T16:54:31+00:00,lab-service,exam.requested,0
2026-09-19T16:54:31+00:00,lab-service,exam.requested,0
2026-09-19T16:54:31+00:00,notification-service,exam.completed,0
2026-09-19T16:54:31+00:00,notification-service,exam.completed,0
2026-09-19T16:54:31+00:00,notification-service,exam.completed,0
2026-09-19T16:54:31+00:00,result-service,exam.completed,0
2026-09-19T16:54:31+00:00,result-service,exam.completed,0
2026-09-19T16:54:31+00:00,result-service,exam.completed,0
2026-09-19T16:54:52+00:00,audit-service,audit.events,171179
2026-09-19T16:54:52+00:00,audit-service,audit.events,472005
2026-09-19T16:54:52+00:00,audit-service,audit.events,441787
2026-09-19T16:54:52+00:00,lab-service,exam.requested,0
2026-09-19T16:54:52+00:00,lab-service,exam.requested,0
2026-09-19T16:54:52+00:00,notification-service,exam.completed,0
2026-09-19T16:54:52+00:00,notification-service,exam.completed,0
2026-09-19T16:54:52+00:00,notification-service,exam.completed,0
2026-09-19T16:54:52+00:00,result-service,exam.completed,0
2026-09-19T16:54:52+00:00,result-service,exam.completed,0
2026-09-19T16:54:52+00:00,result-service,exam.completed,0
2026-09-19T16:55:13+00:00,audit-service,audit.events,171209
2026-09-19T16:55:13+00:00,audit-service,audit.events,472536
2026-09-19T16:55:13+00:00,audit-service,audit.events,440710
2026-09-19T16:55:13+00:00,lab-service,exam.requested,0
2026-09-19T16:55:13+00:00,lab-service,exam.requested,0
2026-09-19T16:55:13+00:00,notification-service,exam.completed,0
2026-09-19T16:55:13+00:00,notification-service,exam.completed,0
2026-09-19T16:55:13+00:00,notification-service,exam.completed,0
2026-09-19T16:55:13+00:00,result-service,exam.completed,0
2026-09-19T16:55:13+00:00,result-service,exam.completed,0
2026-09-19T16:55:13+00:00,result-service,exam.completed,0
2026-09-19T16:55:32+00:00,audit-service,audit.events,167076
2026-09-19T16:55:32+00:00,audit-service,audit.events,468669
2026-09-19T16:55:32+00:00,audit-service,audit.events,432914
2026-09-19T16:55:32+00:00,lab-service,exam.requested,0
2026-09-19T16:55:32+00:00,lab-service,exam.requested,0
2026-09-19T16:55:32+00:00,notification-service,exam.completed,0
2026-09-19T16:55:32+00:00,notification-service,exam.completed,0
2026-09-19T16:55:32+00:00,notification-service,exam.completed,0
2026-09-19T16:55:32+00:00,result-service,exam.completed,0
2026-09-19T16:55:32+00:00,result-service,exam.completed,0
2026-09-19T16:55:32+00:00,result-service,exam.completed,0
2026-09-19T16:55:52+00:00,audit-service,audit.events,167316
2026-09-19T16:55:52+00:00,audit-service,audit.events,468097
2026-09-19T16:55:52+00:00,audit-service,audit.events,431214
2026-09-19T16:55:52+00:00,lab-service,exam.requested,0
2026-09-19T16:55:52+00:00,lab-service,exam.requested,0
2026-09-19T16:55:52+00:00,notification-service,exam.completed,0
2026-09-19T16:55:52+00:00,notification-service,exam.completed,0
2026-09-19T16:55:52+00:00,notification-service,exam.completed,0
2026-09-19T16:55:52+00:00,result-service,exam.completed,0
2026-09-19T16:55:52+00:00,result-service,exam.completed,0
2026-09-19T16:55:52+00:00,result-service,exam.completed,0
2026-09-19T16:56:16+00:00,audit-service,audit.events,168736
2026-09-19T16:56:16+00:00,audit-service,audit.events,469573
2026-09-19T16:56:16+00:00,audit-service,audit.events,431932
2026-09-19T16:56:16+00:00,lab-service,exam.requested,0
2026-09-19T16:56:16+00:00,lab-service,exam.requested,0
2026-09-19T16:56:16+00:00,notification-service,exam.completed,0
2026-09-19T16:56:16+00:00,notification-service,exam.completed,0
2026-09-19T16:56:16+00:00,notification-service,exam.completed,0
2026-09-19T16:56:16+00:00,result-service,exam.completed,0
2026-09-19T16:56:16+00:00,result-service,exam.completed,0
2026-09-19T16:56:16+00:00,result-service,exam.completed,0
2026-09-19T16:56:44+00:00,audit-service,audit.events,169936
2026-09-19T16:56:44+00:00,audit-service,audit.events,470736
2026-09-19T16:56:44+00:00,audit-service,audit.events,432569
2026-09-19T16:56:44+00:00,lab-service,exam.requested,0
2026-09-19T16:56:44+00:00,lab-service,exam.requested,0
2026-09-19T16:56:44+00:00,notification-service,exam.completed,0
2026-09-19T16:56:44+00:00,notification-service,exam.completed,0
2026-09-19T16:56:44+00:00,notification-service,exam.completed,0
2026-09-19T16:56:44+00:00,result-service,exam.completed,0
2026-09-19T16:56:44+00:00,result-service,exam.completed,0
2026-09-19T16:56:44+00:00,result-service,exam.completed,0
2026-09-19T16:57:06+00:00,audit-service,audit.events,171133
2026-09-19T16:57:06+00:00,audit-service,audit.events,471939
2026-09-19T16:57:06+00:00,audit-service,audit.events,433198
2026-09-19T16:57:06+00:00,lab-service,exam.requested,0
2026-09-19T16:57:06+00:00,lab-service,exam.requested,0
2026-09-19T16:57:06+00:00,notification-service,exam.completed,0
2026-09-19T16:57:06+00:00,notification-service,exam.completed,0
2026-09-19T16:57:06+00:00,notification-service,exam.completed,0
2026-09-19T16:57:06+00:00,result-service,exam.completed,0
2026-09-19T16:57:06+00:00,result-service,exam.completed,0
2026-09-19T16:57:06+00:00,result-service,exam.completed,0
2026-09-19T16:57:30+00:00,audit-service,audit.events,172426
2026-09-19T16:57:30+00:00,audit-service,audit.events,473243
2026-09-19T16:57:30+00:00,audit-service,audit.events,433849
2026-09-19T16:57:30+00:00,lab-service,exam.requested,0
2026-09-19T16:57:30+00:00,lab-service,exam.requested,0
2026-09-19T16:57:30+00:00,notification-service,exam.completed,0
2026-09-19T16:57:30+00:00,notification-service,exam.completed,0
2026-09-19T16:57:30+00:00,notification-service,exam.completed,0
2026-09-19T16:57:30+00:00,result-service,exam.completed,0
2026-09-19T16:57:30+00:00,result-service,exam.completed,0
2026-09-19T16:57:30+00:00,result-service,exam.completed,0
2026-09-19T16:57:51+00:00,audit-service,audit.events,173661
2026-09-19T16:57:51+00:00,audit-service,audit.events,474527
2026-09-19T16:57:51+00:00,audit-service,audit.events,434487
2026-09-19T16:57:51+00:00,lab-service,exam.requested,0
2026-09-19T16:57:51+00:00,lab-service,exam.requested,0
2026-09-19T16:57:51+00:00,notification-service,exam.completed,0
2026-09-19T16:57:51+00:00,notification-service,exam.completed,0
2026-09-19T16:57:51+00:00,notification-service,exam.completed,0
2026-09-19T16:57:51+00:00,result-service,exam.completed,0
2026-09-19T16:57:51+00:00,result-service,exam.completed,0
2026-09-19T16:57:51+00:00,result-service,exam.completed,0
2026-09-19T16:58:13+00:00,audit-service,audit.events,174879
2026-09-19T16:58:13+00:00,audit-service,audit.events,475779
2026-09-19T16:58:13+00:00,audit-service,audit.events,434563
2026-09-19T16:58:13+00:00,lab-service,exam.requested,0
2026-09-19T16:58:13+00:00,lab-service,exam.requested,0
2026-09-19T16:58:13+00:00,notification-service,exam.completed,0
2026-09-19T16:58:13+00:00,notification-service,exam.completed,0
2026-09-19T16:58:13+00:00,notification-service,exam.completed,0
2026-09-19T16:58:13+00:00,result-service,exam.completed,0
2026-09-19T16:58:13+00:00,result-service,exam.completed,0
2026-09-19T16:58:13+00:00,result-service,exam.completed,0
2026-09-19T16:58:34+00:00,audit-service,audit.events,176117
2026-09-19T16:58:34+00:00,audit-service,audit.events,476982
2026-09-19T16:58:34+00:00,audit-service,audit.events,435170
2026-09-19T16:58:34+00:00,lab-service,exam.requested,0
2026-09-19T16:58:34+00:00,lab-service,exam.requested,0
2026-09-19T16:58:34+00:00,notification-service,exam.completed,0
2026-09-19T16:58:34+00:00,notification-service,exam.completed,0
2026-09-19T16:58:34+00:00,notification-service,exam.completed,0
2026-09-19T16:58:34+00:00,result-service,exam.completed,0
2026-09-19T16:58:34+00:00,result-service,exam.completed,0
2026-09-19T16:58:34+00:00,result-service,exam.completed,0
2026-09-19T16:58:56+00:00,audit-service,audit.events,172306
2026-09-19T16:58:56+00:00,audit-service,audit.events,474458
2026-09-19T16:58:56+00:00,audit-service,audit.events,429011
2026-09-19T16:58:56+00:00,lab-service,exam.requested,0
2026-09-19T16:58:56+00:00,lab-service,exam.requested,0
2026-09-19T16:58:56+00:00,notification-service,exam.completed,0
2026-09-19T16:58:56+00:00,notification-service,exam.completed,0
2026-09-19T16:58:56+00:00,notification-service,exam.completed,0
2026-09-19T16:58:56+00:00,result-service,exam.completed,0
2026-09-19T16:58:56+00:00,result-service,exam.completed,0
2026-09-19T16:58:56+00:00,result-service,exam.completed,0
2026-09-19T16:59:15+00:00,audit-service,audit.events,169413
2026-09-19T16:59:15+00:00,audit-service,audit.events,470851
2026-09-19T16:59:15+00:00,audit-service,audit.events,422795
2026-09-19T16:59:15+00:00,lab-service,exam.requested,0
2026-09-19T16:59:15+00:00,lab-service,exam.requested,0
2026-09-19T16:59:15+00:00,notification-service,exam.completed,0
2026-09-19T16:59:15+00:00,notification-service,exam.completed,0
2026-09-19T16:59:15+00:00,notification-service,exam.completed,0
2026-09-19T16:59:15+00:00,result-service,exam.completed,0
2026-09-19T16:59:15+00:00,result-service,exam.completed,0
2026-09-19T16:59:15+00:00,result-service,exam.completed,0
2026-09-19T16:59:35+00:00,audit-service,audit.events,165349
2026-09-19T16:59:35+00:00,audit-service,audit.events,465125
2026-09-19T16:59:35+00:00,audit-service,audit.events,419679
2026-09-19T16:59:35+00:00,lab-service,exam.requested,0
2026-09-19T16:59:35+00:00,lab-service,exam.requested,0
2026-09-19T16:59:35+00:00,notification-service,exam.completed,0
2026-09-19T16:59:35+00:00,notification-service,exam.completed,0
2026-09-19T16:59:35+00:00,notification-service,exam.completed,0
2026-09-19T16:59:35+00:00,result-service,exam.completed,0
2026-09-19T16:59:35+00:00,result-service,exam.completed,0
2026-09-19T16:59:35+00:00,result-service,exam.completed,0
2026-09-19T16:59:55+00:00,audit-service,audit.events,159717
2026-09-19T16:59:55+00:00,audit-service,audit.events,458897
2026-09-19T16:59:55+00:00,audit-service,audit.events,414454
2026-09-19T16:59:55+00:00,lab-service,exam.requested,0
2026-09-19T16:59:55+00:00,lab-service,exam.requested,0
2026-09-19T16:59:55+00:00,notification-service,exam.completed,0
2026-09-19T16:59:55+00:00,notification-service,exam.completed,0
2026-09-19T16:59:55+00:00,notification-service,exam.completed,0
2026-09-19T16:59:55+00:00,result-service,exam.completed,0
2026-09-19T16:59:55+00:00,result-service,exam.completed,0
2026-09-19T16:59:55+00:00,result-service,exam.completed,0
2026-09-19T17:00:14+00:00,audit-service,audit.events,154086
2026-09-19T17:00:14+00:00,audit-service,audit.events,452566
2026-09-19T17:00:14+00:00,audit-service,audit.events,409236
2026-09-19T17:00:14+00:00,lab-service,exam.requested,0
2026-09-19T17:00:14+00:00,lab-service,exam.requested,0
2026-09-19T17:00:14+00:00,notification-service,exam.completed,0
2026-09-19T17:00:14+00:00,notification-service,exam.completed,0
2026-09-19T17:00:14+00:00,notification-service,exam.completed,0
2026-09-19T17:00:14+00:00,result-service,exam.completed,0
2026-09-19T17:00:14+00:00,result-service,exam.completed,0
2026-09-19T17:00:14+00:00,result-service,exam.completed,0
2026-09-19T17:00:33+00:00,audit-service,audit.events,147891
2026-09-19T17:00:33+00:00,audit-service,audit.events,446340
2026-09-19T17:00:33+00:00,audit-service,audit.events,403017
2026-09-19T17:00:33+00:00,lab-service,exam.requested,0
2026-09-19T17:00:33+00:00,lab-service,exam.requested,0
2026-09-19T17:00:33+00:00,notification-service,exam.completed,0
2026-09-19T17:00:33+00:00,notification-service,exam.completed,0
2026-09-19T17:00:33+00:00,notification-service,exam.completed,0
2026-09-19T17:00:33+00:00,result-service,exam.completed,0
2026-09-19T17:00:33+00:00,result-service,exam.completed,0
2026-09-19T17:00:33+00:00,result-service,exam.completed,0
2026-09-19T17:00:53+00:00,audit-service,audit.events,140750
2026-09-19T17:00:53+00:00,audit-service,audit.events,439480
2026-09-19T17:00:53+00:00,audit-service,audit.events,395676
2026-09-19T17:00:53+00:00,lab-service,exam.requested,0
2026-09-19T17:00:53+00:00,lab-service,exam.requested,0
2026-09-19T17:00:53+00:00,notification-service,exam.completed,0
2026-09-19T17:00:53+00:00,notification-service,exam.completed,0
2026-09-19T17:00:53+00:00,notification-service,exam.completed,0
2026-09-19T17:00:53+00:00,result-service,exam.completed,0
2026-09-19T17:00:53+00:00,result-service,exam.completed,0
2026-09-19T17:00:53+00:00,result-service,exam.completed,0
2026-09-19T17:01:13+00:00,audit-service,audit.events,133971
2026-09-19T17:01:13+00:00,audit-service,audit.events,432234
2026-09-19T17:01:13+00:00,audit-service,audit.events,388845
2026-09-19T17:01:13+00:00,lab-service,exam.requested,0
2026-09-19T17:01:13+00:00,lab-service,exam.requested,0
2026-09-19T17:01:13+00:00,notification-service,exam.completed,0
2026-09-19T17:01:13+00:00,notification-service,exam.completed,0
2026-09-19T17:01:13+00:00,notification-service,exam.completed,0
2026-09-19T17:01:13+00:00,result-service,exam.completed,0
2026-09-19T17:01:13+00:00,result-service,exam.completed,0
2026-09-19T17:01:13+00:00,result-service,exam.completed,0
2026-09-19T17:01:32+00:00,audit-service,audit.events,127717
2026-09-19T17:01:32+00:00,audit-service,audit.events,425886
2026-09-19T17:01:32+00:00,audit-service,audit.events,382611
2026-09-19T17:01:32+00:00,lab-service,exam.requested,0
2026-09-19T17:01:32+00:00,lab-service,exam.requested,0
2026-09-19T17:01:32+00:00,notification-service,exam.completed,0
2026-09-19T17:01:32+00:00,notification-service,exam.completed,0
2026-09-19T17:01:32+00:00,notification-service,exam.completed,0
2026-09-19T17:01:32+00:00,result-service,exam.completed,0
2026-09-19T17:01:32+00:00,result-service,exam.completed,0
2026-09-19T17:01:32+00:00,result-service,exam.completed,0
2026-09-19T17:01:51+00:00,audit-service,audit.events,125362
2026-09-19T17:01:51+00:00,audit-service,audit.events,422356
2026-09-19T17:01:51+00:00,audit-service,audit.events,380245
2026-09-19T17:01:51+00:00,lab-service,exam.requested,0
2026-09-19T17:01:51+00:00,lab-service,exam.requested,0
2026-09-19T17:01:51+00:00,notification-service,exam.completed,0
2026-09-19T17:01:51+00:00,notification-service,exam.completed,0
2026-09-19T17:01:51+00:00,notification-service,exam.completed,0
2026-09-19T17:01:51+00:00,result-service,exam.completed,0
2026-09-19T17:01:51+00:00,result-service,exam.completed,0
2026-09-19T17:01:51+00:00,result-service,exam.completed,0
2026-09-19T17:02:15+00:00,audit-service,audit.events,131753
2026-09-19T17:02:15+00:00,audit-service,audit.events,425416
2026-09-19T17:02:15+00:00,audit-service,audit.events,385090
2026-09-19T17:02:15+00:00,lab-service,exam.requested,0
2026-09-19T17:02:15+00:00,lab-service,exam.requested,0
2026-09-19T17:02:15+00:00,notification-service,exam.completed,0
2026-09-19T17:02:15+00:00,notification-service,exam.completed,0
2026-09-19T17:02:15+00:00,notification-service,exam.completed,0
2026-09-19T17:02:15+00:00,result-service,exam.completed,0
2026-09-19T17:02:15+00:00,result-service,exam.completed,0
2026-09-19T17:02:15+00:00,result-service,exam.completed,0
2026-09-19T17:02:40+00:00,audit-service,audit.events,137282
2026-09-19T17:02:40+00:00,audit-service,audit.events,428621
2026-09-19T17:02:40+00:00,audit-service,audit.events,390367
2026-09-19T17:02:40+00:00,lab-service,exam.requested,0
2026-09-19T17:02:40+00:00,lab-service,exam.requested,0
2026-09-19T17:02:40+00:00,notification-service,exam.completed,0
2026-09-19T17:02:40+00:00,notification-service,exam.completed,0
2026-09-19T17:02:40+00:00,notification-service,exam.completed,0
2026-09-19T17:02:40+00:00,result-service,exam.completed,0
2026-09-19T17:02:40+00:00,result-service,exam.completed,0
2026-09-19T17:02:40+00:00,result-service,exam.completed,0
2026-09-19T17:03:03+00:00,audit-service,audit.events,141401
2026-09-19T17:03:03+00:00,audit-service,audit.events,429949
2026-09-19T17:03:03+00:00,audit-service,audit.events,393124
2026-09-19T17:03:03+00:00,lab-service,exam.requested,0
2026-09-19T17:03:03+00:00,lab-service,exam.requested,0
2026-09-19T17:03:03+00:00,notification-service,exam.completed,0
2026-09-19T17:03:03+00:00,notification-service,exam.completed,0
2026-09-19T17:03:03+00:00,notification-service,exam.completed,0
2026-09-19T17:03:03+00:00,result-service,exam.completed,0
2026-09-19T17:03:03+00:00,result-service,exam.completed,0
2026-09-19T17:03:03+00:00,result-service,exam.completed,0
2026-09-19T17:03:27+00:00,audit-service,audit.events,146965
2026-09-19T17:03:27+00:00,audit-service,audit.events,432623
2026-09-19T17:03:27+00:00,audit-service,audit.events,397867
2026-09-19T17:03:27+00:00,lab-service,exam.requested,0
2026-09-19T17:03:27+00:00,lab-service,exam.requested,0
2026-09-19T17:03:27+00:00,notification-service,exam.completed,0
2026-09-19T17:03:27+00:00,notification-service,exam.completed,0
2026-09-19T17:03:27+00:00,notification-service,exam.completed,0
2026-09-19T17:03:27+00:00,result-service,exam.completed,0
2026-09-19T17:03:27+00:00,result-service,exam.completed,0
2026-09-19T17:03:27+00:00,result-service,exam.completed,0
2026-09-19T17:03:52+00:00,audit-service,audit.events,153236
2026-09-19T17:03:52+00:00,audit-service,audit.events,436175
2026-09-19T17:03:52+00:00,audit-service,audit.events,403510
2026-09-19T17:03:52+00:00,lab-service,exam.requested,0
2026-09-19T17:03:52+00:00,lab-service,exam.requested,0
2026-09-19T17:03:52+00:00,notification-service,exam.completed,0
2026-09-19T17:03:52+00:00,notification-service,exam.completed,0
2026-09-19T17:03:52+00:00,notification-service,exam.completed,0
2026-09-19T17:03:52+00:00,result-service,exam.completed,0
2026-09-19T17:03:52+00:00,result-service,exam.completed,0
2026-09-19T17:03:52+00:00,result-service,exam.completed,0
2026-09-19T17:04:17+00:00,audit-service,audit.events,160095
2026-09-19T17:04:17+00:00,audit-service,audit.events,439404
2026-09-19T17:04:17+00:00,audit-service,audit.events,408737
2026-09-19T17:04:17+00:00,lab-service,exam.requested,0
2026-09-19T17:04:17+00:00,lab-service,exam.requested,0
2026-09-19T17:04:17+00:00,notification-service,exam.completed,0
2026-09-19T17:04:17+00:00,notification-service,exam.completed,0
2026-09-19T17:04:17+00:00,notification-service,exam.completed,0
2026-09-19T17:04:17+00:00,result-service,exam.completed,0
2026-09-19T17:04:17+00:00,result-service,exam.completed,0
2026-09-19T17:04:17+00:00,result-service,exam.completed,0
2026-09-19T17:04:41+00:00,audit-service,audit.events,166062
2026-09-19T17:04:41+00:00,audit-service,audit.events,442709
2026-09-19T17:04:41+00:00,audit-service,audit.events,414172
2026-09-19T17:04:41+00:00,lab-service,exam.requested,0
2026-09-19T17:04:41+00:00,lab-service,exam.requested,0
2026-09-19T17:04:41+00:00,notification-service,exam.completed,0
2026-09-19T17:04:41+00:00,notification-service,exam.completed,0
2026-09-19T17:04:41+00:00,notification-service,exam.completed,0
2026-09-19T17:04:41+00:00,result-service,exam.completed,0
2026-09-19T17:04:41+00:00,result-service,exam.completed,0
2026-09-19T17:04:41+00:00,result-service,exam.completed,0
2026-09-19T17:05:06+00:00,audit-service,audit.events,160070
2026-09-19T17:05:06+00:00,audit-service,audit.events,409069
2026-09-19T17:05:06+00:00,audit-service,audit.events,437072
2026-09-19T17:05:06+00:00,lab-service,exam.requested,0
2026-09-19T17:05:06+00:00,lab-service,exam.requested,0
2026-09-19T17:05:06+00:00,notification-service,exam.completed,0
2026-09-19T17:05:06+00:00,notification-service,exam.completed,0
2026-09-19T17:05:06+00:00,notification-service,exam.completed,0
2026-09-19T17:05:06+00:00,result-service,exam.completed,0
2026-09-19T17:05:06+00:00,result-service,exam.completed,0
2026-09-19T17:05:06+00:00,result-service,exam.completed,0
2026-09-19T17:05:26+00:00,audit-service,audit.events,158698
2026-09-19T17:05:26+00:00,audit-service,audit.events,407335
2026-09-19T17:05:26+00:00,audit-service,audit.events,434413
2026-09-19T17:05:26+00:00,lab-service,exam.requested,0
2026-09-19T17:05:26+00:00,lab-service,exam.requested,0
2026-09-19T17:05:26+00:00,notification-service,exam.completed,0
2026-09-19T17:05:26+00:00,notification-service,exam.completed,0
2026-09-19T17:05:26+00:00,notification-service,exam.completed,0
2026-09-19T17:05:26+00:00,result-service,exam.completed,0
2026-09-19T17:05:26+00:00,result-service,exam.completed,0
2026-09-19T17:05:26+00:00,result-service,exam.completed,0
2026-09-19T17:05:49+00:00,audit-service,audit.events,164343
2026-09-19T17:05:49+00:00,audit-service,audit.events,412119
2026-09-19T17:05:49+00:00,audit-service,audit.events,437367
2026-09-19T17:05:49+00:00,lab-service,exam.requested,0
2026-09-19T17:05:49+00:00,lab-service,exam.requested,0
2026-09-19T17:05:49+00:00,notification-service,exam.completed,0
2026-09-19T17:05:49+00:00,notification-service,exam.completed,0
2026-09-19T17:05:49+00:00,notification-service,exam.completed,0
2026-09-19T17:05:49+00:00,result-service,exam.completed,0
2026-09-19T17:05:49+00:00,result-service,exam.completed,0
2026-09-19T17:05:49+00:00,result-service,exam.completed,0
2026-09-19T17:06:15+00:00,audit-service,audit.events,169977
2026-09-19T17:06:15+00:00,audit-service,audit.events,416618
2026-09-19T17:06:15+00:00,audit-service,audit.events,440111
2026-09-19T17:06:15+00:00,lab-service,exam.requested,0
2026-09-19T17:06:15+00:00,lab-service,exam.requested,0
2026-09-19T17:06:15+00:00,notification-service,exam.completed,0
2026-09-19T17:06:15+00:00,notification-service,exam.completed,0
2026-09-19T17:06:15+00:00,notification-service,exam.completed,0
2026-09-19T17:06:15+00:00,result-service,exam.completed,0
2026-09-19T17:06:15+00:00,result-service,exam.completed,0
2026-09-19T17:06:15+00:00,result-service,exam.completed,0
2026-09-19T17:06:41+00:00,audit-service,audit.events,176066
2026-09-19T17:06:41+00:00,audit-service,audit.events,421552
2026-09-19T17:06:41+00:00,audit-service,audit.events,443106
2026-09-19T17:06:41+00:00,lab-service,exam.requested,0
2026-09-19T17:06:41+00:00,lab-service,exam.requested,0
2026-09-19T17:06:41+00:00,notification-service,exam.completed,0
2026-09-19T17:06:41+00:00,notification-service,exam.completed,0
2026-09-19T17:06:41+00:00,notification-service,exam.completed,0
2026-09-19T17:06:41+00:00,result-service,exam.completed,0
2026-09-19T17:06:41+00:00,result-service,exam.completed,0
2026-09-19T17:06:41+00:00,result-service,exam.completed,0
2026-09-19T17:07:05+00:00,audit-service,audit.events,182674
2026-09-19T17:07:05+00:00,audit-service,audit.events,426705
2026-09-19T17:07:05+00:00,audit-service,audit.events,446741
2026-09-19T17:07:05+00:00,lab-service,exam.requested,0
2026-09-19T17:07:05+00:00,lab-service,exam.requested,0
2026-09-19T17:07:05+00:00,notification-service,exam.completed,0
2026-09-19T17:07:05+00:00,notification-service,exam.completed,0
2026-09-19T17:07:05+00:00,notification-service,exam.completed,0
2026-09-19T17:07:05+00:00,result-service,exam.completed,0
2026-09-19T17:07:05+00:00,result-service,exam.completed,0
2026-09-19T17:07:05+00:00,result-service,exam.completed,0
2026-09-19T17:07:30+00:00,audit-service,audit.events,189309
2026-09-19T17:07:30+00:00,audit-service,audit.events,432681
2026-09-19T17:07:30+00:00,audit-service,audit.events,450034
2026-09-19T17:07:30+00:00,lab-service,exam.requested,0
2026-09-19T17:07:30+00:00,lab-service,exam.requested,0
2026-09-19T17:07:30+00:00,notification-service,exam.completed,0
2026-09-19T17:07:30+00:00,notification-service,exam.completed,0
2026-09-19T17:07:30+00:00,notification-service,exam.completed,0
2026-09-19T17:07:30+00:00,result-service,exam.completed,0
2026-09-19T17:07:30+00:00,result-service,exam.completed,0
2026-09-19T17:07:30+00:00,result-service,exam.completed,0
2026-09-19T17:07:55+00:00,audit-service,audit.events,196768
2026-09-19T17:07:55+00:00,audit-service,audit.events,439004
2026-09-19T17:07:55+00:00,audit-service,audit.events,454056
2026-09-19T17:07:55+00:00,lab-service,exam.requested,0
2026-09-19T17:07:55+00:00,lab-service,exam.requested,0
2026-09-19T17:07:55+00:00,notification-service,exam.completed,0
2026-09-19T17:07:55+00:00,notification-service,exam.completed,0
2026-09-19T17:07:55+00:00,notification-service,exam.completed,0
2026-09-19T17:07:55+00:00,result-service,exam.completed,0
2026-09-19T17:07:55+00:00,result-service,exam.completed,0
2026-09-19T17:07:55+00:00,result-service,exam.completed,0
2026-09-19T17:08:21+00:00,audit-service,audit.events,200581
2026-09-19T17:08:21+00:00,audit-service,audit.events,454573
2026-09-19T17:08:21+00:00,audit-service,audit.events,442088
2026-09-19T17:08:21+00:00,lab-service,exam.requested,0
2026-09-19T17:08:21+00:00,lab-service,exam.requested,0
2026-09-19T17:08:21+00:00,notification-service,exam.completed,0
2026-09-19T17:08:21+00:00,notification-service,exam.completed,0
2026-09-19T17:08:21+00:00,notification-service,exam.completed,0
2026-09-19T17:08:21+00:00,result-service,exam.completed,0
2026-09-19T17:08:21+00:00,result-service,exam.completed,0
2026-09-19T17:08:21+00:00,result-service,exam.completed,0
2026-09-19T17:08:41+00:00,audit-service,audit.events,448341
2026-09-19T17:08:41+00:00,audit-service,audit.events,438969
2026-09-19T17:08:41+00:00,audit-service,audit.events,194442
2026-09-19T17:08:41+00:00,lab-service,exam.requested,0
2026-09-19T17:08:41+00:00,lab-service,exam.requested,0
2026-09-19T17:08:41+00:00,notification-service,exam.completed,0
2026-09-19T17:08:41+00:00,notification-service,exam.completed,0
2026-09-19T17:08:41+00:00,notification-service,exam.completed,0
2026-09-19T17:08:41+00:00,result-service,exam.completed,0
2026-09-19T17:08:41+00:00,result-service,exam.completed,0
2026-09-19T17:08:41+00:00,result-service,exam.completed,0
2026-09-19T17:09:01+00:00,audit-service,audit.events,449756
2026-09-19T17:09:01+00:00,audit-service,audit.events,442176
2026-09-19T17:09:01+00:00,audit-service,audit.events,198557
2026-09-19T17:09:01+00:00,lab-service,exam.requested,0
2026-09-19T17:09:01+00:00,lab-service,exam.requested,0
2026-09-19T17:09:01+00:00,notification-service,exam.completed,0
2026-09-19T17:09:01+00:00,notification-service,exam.completed,0
2026-09-19T17:09:01+00:00,notification-service,exam.completed,0
2026-09-19T17:09:01+00:00,result-service,exam.completed,0
2026-09-19T17:09:01+00:00,result-service,exam.completed,0
2026-09-19T17:09:01+00:00,result-service,exam.completed,0
2026-09-19T17:09:26+00:00,audit-service,audit.events,453194
2026-09-19T17:09:26+00:00,audit-service,audit.events,448195
2026-09-19T17:09:26+00:00,audit-service,audit.events,205121
2026-09-19T17:09:26+00:00,lab-service,exam.requested,0
2026-09-19T17:09:26+00:00,lab-service,exam.requested,0
2026-09-19T17:09:26+00:00,notification-service,exam.completed,0
2026-09-19T17:09:26+00:00,notification-service,exam.completed,0
2026-09-19T17:09:26+00:00,notification-service,exam.completed,0
2026-09-19T17:09:26+00:00,result-service,exam.completed,0
2026-09-19T17:09:26+00:00,result-service,exam.completed,0
2026-09-19T17:09:26+00:00,result-service,exam.completed,0
2026-09-19T17:09:50+00:00,audit-service,audit.events,457371
2026-09-19T17:09:50+00:00,audit-service,audit.events,454525
2026-09-19T17:09:50+00:00,audit-service,audit.events,212017
2026-09-19T17:09:50+00:00,lab-service,exam.requested,0
2026-09-19T17:09:50+00:00,lab-service,exam.requested,0
2026-09-19T17:09:50+00:00,notification-service,exam.completed,0
2026-09-19T17:09:50+00:00,notification-service,exam.completed,0
2026-09-19T17:09:50+00:00,notification-service,exam.completed,0
2026-09-19T17:09:50+00:00,result-service,exam.completed,0
2026-09-19T17:09:50+00:00,result-service,exam.completed,0
2026-09-19T17:09:50+00:00,result-service,exam.completed,0
2026-09-19T17:10:15+00:00,audit-service,audit.events,461152
2026-09-19T17:10:15+00:00,audit-service,audit.events,460590
2026-09-19T17:10:15+00:00,audit-service,audit.events,219660
2026-09-19T17:10:15+00:00,lab-service,exam.requested,0
2026-09-19T17:10:15+00:00,lab-service,exam.requested,0
2026-09-19T17:10:15+00:00,notification-service,exam.completed,0
2026-09-19T17:10:15+00:00,notification-service,exam.completed,0
2026-09-19T17:10:15+00:00,notification-service,exam.completed,0
2026-09-19T17:10:15+00:00,result-service,exam.completed,0
2026-09-19T17:10:15+00:00,result-service,exam.completed,0
2026-09-19T17:10:15+00:00,result-service,exam.completed,0
2026-09-19T17:10:39+00:00,audit-service,audit.events,465491
2026-09-19T17:10:39+00:00,audit-service,audit.events,467134
2026-09-19T17:10:39+00:00,audit-service,audit.events,226845
2026-09-19T17:10:39+00:00,lab-service,exam.requested,0
2026-09-19T17:10:39+00:00,lab-service,exam.requested,0
2026-09-19T17:10:39+00:00,notification-service,exam.completed,0
2026-09-19T17:10:39+00:00,notification-service,exam.completed,0
2026-09-19T17:10:39+00:00,notification-service,exam.completed,0
2026-09-19T17:10:39+00:00,result-service,exam.completed,0
2026-09-19T17:10:39+00:00,result-service,exam.completed,0
2026-09-19T17:10:39+00:00,result-service,exam.completed,0
2026-09-19T17:11:04+00:00,audit-service,audit.events,469233
2026-09-19T17:11:04+00:00,audit-service,audit.events,473778
2026-09-19T17:11:04+00:00,audit-service,audit.events,234008
2026-09-19T17:11:04+00:00,lab-service,exam.requested,0
2026-09-19T17:11:04+00:00,lab-service,exam.requested,0
2026-09-19T17:11:04+00:00,notification-service,exam.completed,0
2026-09-19T17:11:04+00:00,notification-service,exam.completed,0
2026-09-19T17:11:04+00:00,notification-service,exam.completed,0
2026-09-19T17:11:04+00:00,result-service,exam.completed,0
2026-09-19T17:11:04+00:00,result-service,exam.completed,0
2026-09-19T17:11:04+00:00,result-service,exam.completed,0
2026-09-19T17:11:28+00:00,audit-service,audit.events,473263
2026-09-19T17:11:28+00:00,audit-service,audit.events,479676
2026-09-19T17:11:28+00:00,audit-service,audit.events,241075
2026-09-19T17:11:28+00:00,lab-service,exam.requested,0
2026-09-19T17:11:28+00:00,lab-service,exam.requested,0
2026-09-19T17:11:28+00:00,notification-service,exam.completed,0
2026-09-19T17:11:28+00:00,notification-service,exam.completed,0
2026-09-19T17:11:28+00:00,notification-service,exam.completed,0
2026-09-19T17:11:28+00:00,result-service,exam.completed,0
2026-09-19T17:11:28+00:00,result-service,exam.completed,0
2026-09-19T17:11:28+00:00,result-service,exam.completed,0
2026-09-19T17:11:52+00:00,audit-service,audit.events,474106
2026-09-19T17:11:52+00:00,audit-service,audit.events,481879
2026-09-19T17:11:52+00:00,audit-service,audit.events,243461
2026-09-19T17:11:52+00:00,lab-service,exam.requested,0
2026-09-19T17:11:52+00:00,lab-service,exam.requested,0
2026-09-19T17:11:52+00:00,notification-service,exam.completed,0
2026-09-19T17:11:52+00:00,notification-service,exam.completed,0
2026-09-19T17:11:52+00:00,notification-service,exam.completed,0
2026-09-19T17:11:52+00:00,result-service,exam.completed,0
2026-09-19T17:11:52+00:00,result-service,exam.completed,0
2026-09-19T17:11:52+00:00,result-service,exam.completed,0
2026-09-19T17:12:11+00:00,audit-service,audit.events,467263
2026-09-19T17:12:11+00:00,audit-service,audit.events,475018
2026-09-19T17:12:11+00:00,audit-service,audit.events,236752
2026-09-19T17:12:11+00:00,lab-service,exam.requested,0
2026-09-19T17:12:11+00:00,lab-service,exam.requested,0
2026-09-19T17:12:11+00:00,notification-service,exam.completed,0
2026-09-19T17:12:11+00:00,notification-service,exam.completed,0
2026-09-19T17:12:11+00:00,notification-service,exam.completed,0
2026-09-19T17:12:11+00:00,result-service,exam.completed,0
2026-09-19T17:12:11+00:00,result-service,exam.completed,0
2026-09-19T17:12:11+00:00,result-service,exam.completed,0
2026-09-19T17:12:32+00:00,audit-service,audit.events,466296
2026-09-19T17:12:32+00:00,audit-service,audit.events,476076
2026-09-19T17:12:32+00:00,audit-service,audit.events,237323
2026-09-19T17:12:32+00:00,lab-service,exam.requested,0
2026-09-19T17:12:32+00:00,lab-service,exam.requested,0
2026-09-19T17:12:32+00:00,notification-service,exam.completed,0
2026-09-19T17:12:32+00:00,notification-service,exam.completed,0
2026-09-19T17:12:32+00:00,notification-service,exam.completed,0
2026-09-19T17:12:32+00:00,result-service,exam.completed,0
2026-09-19T17:12:32+00:00,result-service,exam.completed,0
2026-09-19T17:12:32+00:00,result-service,exam.completed,0
2026-09-19T17:12:56+00:00,audit-service,audit.events,467354
2026-09-19T17:12:56+00:00,audit-service,audit.events,478650
2026-09-19T17:12:56+00:00,audit-service,audit.events,240030
2026-09-19T17:12:56+00:00,lab-service,exam.requested,0
2026-09-19T17:12:56+00:00,lab-service,exam.requested,0
2026-09-19T17:12:56+00:00,notification-service,exam.completed,0
2026-09-19T17:12:56+00:00,notification-service,exam.completed,0
2026-09-19T17:12:56+00:00,notification-service,exam.completed,0
2026-09-19T17:12:56+00:00,result-service,exam.completed,0
2026-09-19T17:12:56+00:00,result-service,exam.completed,0
2026-09-19T17:12:56+00:00,result-service,exam.completed,0
2026-09-19T17:13:19+00:00,audit-service,audit.events,468351
2026-09-19T17:13:19+00:00,audit-service,audit.events,480649
2026-09-19T17:13:19+00:00,audit-service,audit.events,242514
2026-09-19T17:13:19+00:00,lab-service,exam.requested,0
2026-09-19T17:13:19+00:00,lab-service,exam.requested,0
2026-09-19T17:13:19+00:00,notification-service,exam.completed,0
2026-09-19T17:13:19+00:00,notification-service,exam.completed,0
2026-09-19T17:13:19+00:00,notification-service,exam.completed,0
2026-09-19T17:13:19+00:00,result-service,exam.completed,0
2026-09-19T17:13:19+00:00,result-service,exam.completed,0
2026-09-19T17:13:19+00:00,result-service,exam.completed,0
2026-09-19T17:13:43+00:00,audit-service,audit.events,469508
2026-09-19T17:13:43+00:00,audit-service,audit.events,483069
2026-09-19T17:13:43+00:00,audit-service,audit.events,245331
2026-09-19T17:13:43+00:00,lab-service,exam.requested,0
2026-09-19T17:13:43+00:00,lab-service,exam.requested,0
2026-09-19T17:13:43+00:00,notification-service,exam.completed,0
2026-09-19T17:13:43+00:00,notification-service,exam.completed,0
2026-09-19T17:13:43+00:00,notification-service,exam.completed,0
2026-09-19T17:13:43+00:00,result-service,exam.completed,0
2026-09-19T17:13:43+00:00,result-service,exam.completed,0
2026-09-19T17:13:43+00:00,result-service,exam.completed,0
2026-09-19T17:14:07+00:00,audit-service,audit.events,470802
2026-09-19T17:14:07+00:00,audit-service,audit.events,485456
2026-09-19T17:14:07+00:00,audit-service,audit.events,247946
2026-09-19T17:14:07+00:00,lab-service,exam.requested,0
2026-09-19T17:14:07+00:00,lab-service,exam.requested,0
2026-09-19T17:14:07+00:00,notification-service,exam.completed,0
2026-09-19T17:14:07+00:00,notification-service,exam.completed,0
2026-09-19T17:14:07+00:00,notification-service,exam.completed,0
2026-09-19T17:14:07+00:00,result-service,exam.completed,0
2026-09-19T17:14:07+00:00,result-service,exam.completed,0
2026-09-19T17:14:07+00:00,result-service,exam.completed,0
2026-09-19T17:14:31+00:00,audit-service,audit.events,471742
2026-09-19T17:14:31+00:00,audit-service,audit.events,487687
2026-09-19T17:14:31+00:00,audit-service,audit.events,251183
2026-09-19T17:14:31+00:00,lab-service,exam.requested,0
2026-09-19T17:14:31+00:00,lab-service,exam.requested,0
2026-09-19T17:14:31+00:00,notification-service,exam.completed,0
2026-09-19T17:14:31+00:00,notification-service,exam.completed,0
2026-09-19T17:14:31+00:00,notification-service,exam.completed,0
2026-09-19T17:14:31+00:00,result-service,exam.completed,0
2026-09-19T17:14:31+00:00,result-service,exam.completed,0
2026-09-19T17:14:31+00:00,result-service,exam.completed,0
2026-09-19T17:14:54+00:00,audit-service,audit.events,472942
2026-09-19T17:14:54+00:00,audit-service,audit.events,490047
2026-09-19T17:14:54+00:00,audit-service,audit.events,253488
2026-09-19T17:14:54+00:00,lab-service,exam.requested,0
2026-09-19T17:14:54+00:00,lab-service,exam.requested,0
2026-09-19T17:14:54+00:00,notification-service,exam.completed,0
2026-09-19T17:14:54+00:00,notification-service,exam.completed,0
2026-09-19T17:14:54+00:00,notification-service,exam.completed,0
2026-09-19T17:14:54+00:00,result-service,exam.completed,0
2026-09-19T17:14:54+00:00,result-service,exam.completed,0
2026-09-19T17:14:54+00:00,result-service,exam.completed,0
2026-09-19T17:15:18+00:00,audit-service,audit.events,472592
2026-09-19T17:15:18+00:00,audit-service,audit.events,491119
2026-09-19T17:15:18+00:00,audit-service,audit.events,255033
2026-09-19T17:15:18+00:00,lab-service,exam.requested,0
2026-09-19T17:15:18+00:00,lab-service,exam.requested,0
2026-09-19T17:15:18+00:00,notification-service,exam.completed,0
2026-09-19T17:15:18+00:00,notification-service,exam.completed,0
2026-09-19T17:15:18+00:00,notification-service,exam.completed,0
2026-09-19T17:15:18+00:00,result-service,exam.completed,0
2026-09-19T17:15:18+00:00,result-service,exam.completed,0
2026-09-19T17:15:18+00:00,result-service,exam.completed,0
2026-09-19T17:15:38+00:00,audit-service,audit.events,465751
2026-09-19T17:15:38+00:00,audit-service,audit.events,483885
2026-09-19T17:15:38+00:00,audit-service,audit.events,247893
2026-09-19T17:15:38+00:00,lab-service,exam.requested,0
2026-09-19T17:15:38+00:00,lab-service,exam.requested,0
2026-09-19T17:15:38+00:00,notification-service,exam.completed,0
2026-09-19T17:15:38+00:00,notification-service,exam.completed,0
2026-09-19T17:15:38+00:00,notification-service,exam.completed,0
2026-09-19T17:15:38+00:00,result-service,exam.completed,0
2026-09-19T17:15:38+00:00,result-service,exam.completed,0
2026-09-19T17:15:38+00:00,result-service,exam.completed,0
2026-09-19T17:15:59+00:00,audit-service,audit.events,463467
2026-09-19T17:15:59+00:00,audit-service,audit.events,483040
2026-09-19T17:15:59+00:00,audit-service,audit.events,246870
2026-09-19T17:15:59+00:00,lab-service,exam.requested,0
2026-09-19T17:15:59+00:00,lab-service,exam.requested,0
2026-09-19T17:15:59+00:00,notification-service,exam.completed,0
2026-09-19T17:15:59+00:00,notification-service,exam.completed,0
2026-09-19T17:15:59+00:00,notification-service,exam.completed,0
2026-09-19T17:15:59+00:00,result-service,exam.completed,0
2026-09-19T17:15:59+00:00,result-service,exam.completed,0
2026-09-19T17:15:59+00:00,result-service,exam.completed,0
2026-09-19T17:17:11+00:00,audit-service,audit.events,467361
2026-09-19T17:17:11+00:00,audit-service,audit.events,487596
2026-09-19T17:17:11+00:00,audit-service,audit.events,251385
2026-09-19T17:17:11+00:00,lab-service,exam.requested,0
2026-09-19T17:17:11+00:00,lab-service,exam.requested,0
2026-09-19T17:17:11+00:00,notification-service,exam.completed,0
2026-09-19T17:17:11+00:00,notification-service,exam.completed,0
2026-09-19T17:17:11+00:00,notification-service,exam.completed,0
2026-09-19T17:17:11+00:00,result-service,exam.completed,0
2026-09-19T17:17:11+00:00,result-service,exam.completed,0
2026-09-19T17:17:11+00:00,result-service,exam.completed,0
2026-09-19T17:17:36+00:00,audit-service,audit.events,469252
2026-09-19T17:17:36+00:00,audit-service,audit.events,490564
2026-09-19T17:17:36+00:00,audit-service,audit.events,254991
2026-09-19T17:17:36+00:00,lab-service,exam.requested,0
2026-09-19T17:17:36+00:00,lab-service,exam.requested,0
2026-09-19T17:17:36+00:00,notification-service,exam.completed,0
2026-09-19T17:17:36+00:00,notification-service,exam.completed,0
2026-09-19T17:17:36+00:00,notification-service,exam.completed,0
2026-09-19T17:17:36+00:00,result-service,exam.completed,0
2026-09-19T17:17:36+00:00,result-service,exam.completed,0
2026-09-19T17:17:36+00:00,result-service,exam.completed,0
2026-09-19T17:18:11+00:00,audit-service,audit.events,471885
2026-09-19T17:18:11+00:00,audit-service,audit.events,494635
2026-09-19T17:18:11+00:00,audit-service,audit.events,259810
2026-09-19T17:18:11+00:00,lab-service,exam.requested,0
2026-09-19T17:18:11+00:00,lab-service,exam.requested,0
2026-09-19T17:18:11+00:00,notification-service,exam.completed,0
2026-09-19T17:18:11+00:00,notification-service,exam.completed,0
2026-09-19T17:18:11+00:00,notification-service,exam.completed,0
2026-09-19T17:18:11+00:00,result-service,exam.completed,0
2026-09-19T17:18:11+00:00,result-service,exam.completed,0
2026-09-19T17:18:11+00:00,result-service,exam.completed,0
2026-09-19T17:18:38+00:00,audit-service,audit.events,474405
2026-09-19T17:18:38+00:00,audit-service,audit.events,498665
2026-09-19T17:18:38+00:00,audit-service,audit.events,264294
2026-09-19T17:18:38+00:00,lab-service,exam.requested,0
2026-09-19T17:18:38+00:00,lab-service,exam.requested,0
2026-09-19T17:18:38+00:00,notification-service,exam.completed,0
2026-09-19T17:18:38+00:00,notification-service,exam.completed,0
2026-09-19T17:18:38+00:00,notification-service,exam.completed,0
2026-09-19T17:18:38+00:00,result-service,exam.completed,0
2026-09-19T17:18:38+00:00,result-service,exam.completed,0
2026-09-19T17:18:38+00:00,result-service,exam.completed,0
2026-09-19T17:19:03+00:00,audit-service,audit.events,470057
2026-09-19T17:19:03+00:00,audit-service,audit.events,494450
2026-09-19T17:19:03+00:00,audit-service,audit.events,258724
2026-09-19T17:19:03+00:00,lab-service,exam.requested,0
2026-09-19T17:19:03+00:00,lab-service,exam.requested,0
2026-09-19T17:19:03+00:00,notification-service,exam.completed,0
2026-09-19T17:19:03+00:00,notification-service,exam.completed,0
2026-09-19T17:19:03+00:00,notification-service,exam.completed,0
2026-09-19T17:19:03+00:00,result-service,exam.completed,0
2026-09-19T17:19:03+00:00,result-service,exam.completed,0
2026-09-19T17:19:03+00:00,result-service,exam.completed,0
2026-09-19T17:19:28+00:00,audit-service,audit.events,464818
2026-09-19T17:19:28+00:00,audit-service,audit.events,488711
2026-09-19T17:19:28+00:00,audit-service,audit.events,251571
2026-09-19T17:19:28+00:00,lab-service,exam.requested,0
2026-09-19T17:19:28+00:00,lab-service,exam.requested,0
2026-09-19T17:19:28+00:00,notification-service,exam.completed,0
2026-09-19T17:19:28+00:00,notification-service,exam.completed,0
2026-09-19T17:19:28+00:00,notification-service,exam.completed,0
2026-09-19T17:19:28+00:00,result-service,exam.completed,0
2026-09-19T17:19:28+00:00,result-service,exam.completed,0
2026-09-19T17:19:28+00:00,result-service,exam.completed,0
2026-09-19T17:19:47+00:00,audit-service,audit.events,457481
2026-09-19T17:19:47+00:00,audit-service,audit.events,481868
2026-09-19T17:19:47+00:00,audit-service,audit.events,244927
2026-09-19T17:19:47+00:00,lab-service,exam.requested,0
2026-09-19T17:19:47+00:00,lab-service,exam.requested,0
2026-09-19T17:19:47+00:00,notification-service,exam.completed,0
2026-09-19T17:19:47+00:00,notification-service,exam.completed,0
2026-09-19T17:19:47+00:00,notification-service,exam.completed,0
2026-09-19T17:19:47+00:00,result-service,exam.completed,0
2026-09-19T17:19:47+00:00,result-service,exam.completed,0
2026-09-19T17:19:47+00:00,result-service,exam.completed,0
2026-09-19T17:20:07+00:00,audit-service,audit.events,450755
2026-09-19T17:20:07+00:00,audit-service,audit.events,475639
2026-09-19T17:20:07+00:00,audit-service,audit.events,238326
2026-09-19T17:20:07+00:00,lab-service,exam.requested,0
2026-09-19T17:20:07+00:00,lab-service,exam.requested,0
2026-09-19T17:20:07+00:00,notification-service,exam.completed,0
2026-09-19T17:20:07+00:00,notification-service,exam.completed,0
2026-09-19T17:20:07+00:00,notification-service,exam.completed,0
2026-09-19T17:20:07+00:00,result-service,exam.completed,0
2026-09-19T17:20:07+00:00,result-service,exam.completed,0
2026-09-19T17:20:07+00:00,result-service,exam.completed,0
2026-09-19T17:20:26+00:00,audit-service,audit.events,443919
2026-09-19T17:20:26+00:00,audit-service,audit.events,468791
2026-09-19T17:20:26+00:00,audit-service,audit.events,231145
2026-09-19T17:20:26+00:00,lab-service,exam.requested,0
2026-09-19T17:20:26+00:00,lab-service,exam.requested,0
2026-09-19T17:20:26+00:00,notification-service,exam.completed,0
2026-09-19T17:20:26+00:00,notification-service,exam.completed,0
2026-09-19T17:20:26+00:00,notification-service,exam.completed,0
2026-09-19T17:20:26+00:00,result-service,exam.completed,0
2026-09-19T17:20:26+00:00,result-service,exam.completed,0
2026-09-19T17:20:26+00:00,result-service,exam.completed,0
2026-09-19T17:20:46+00:00,audit-service,audit.events,437075
2026-09-19T17:20:46+00:00,audit-service,audit.events,461443
2026-09-19T17:20:46+00:00,audit-service,audit.events,224462
2026-09-19T17:20:46+00:00,lab-service,exam.requested,0
2026-09-19T17:20:46+00:00,lab-service,exam.requested,0
2026-09-19T17:20:46+00:00,notification-service,exam.completed,0
2026-09-19T17:20:46+00:00,notification-service,exam.completed,0
2026-09-19T17:20:46+00:00,notification-service,exam.completed,0
2026-09-19T17:20:46+00:00,result-service,exam.completed,0
2026-09-19T17:20:46+00:00,result-service,exam.completed,0
2026-09-19T17:20:46+00:00,result-service,exam.completed,0
2026-09-19T17:21:06+00:00,audit-service,audit.events,430355
2026-09-19T17:21:06+00:00,audit-service,audit.events,455212
2026-09-19T17:21:06+00:00,audit-service,audit.events,217341
2026-09-19T17:21:06+00:00,lab-service,exam.requested,0
2026-09-19T17:21:06+00:00,lab-service,exam.requested,0
2026-09-19T17:21:06+00:00,notification-service,exam.completed,0
2026-09-19T17:21:06+00:00,notification-service,exam.completed,0
2026-09-19T17:21:06+00:00,notification-service,exam.completed,0
2026-09-19T17:21:06+00:00,result-service,exam.completed,0
2026-09-19T17:21:06+00:00,result-service,exam.completed,0
2026-09-19T17:21:06+00:00,result-service,exam.completed,0
2026-09-19T17:21:25+00:00,audit-service,audit.events,423508
2026-09-19T17:21:25+00:00,audit-service,audit.events,448357
2026-09-19T17:21:25+00:00,audit-service,audit.events,210676
2026-09-19T17:21:25+00:00,lab-service,exam.requested,0
2026-09-19T17:21:25+00:00,lab-service,exam.requested,0
2026-09-19T17:21:25+00:00,notification-service,exam.completed,0
2026-09-19T17:21:25+00:00,notification-service,exam.completed,0
2026-09-19T17:21:25+00:00,notification-service,exam.completed,0
2026-09-19T17:21:25+00:00,result-service,exam.completed,0
2026-09-19T17:21:25+00:00,result-service,exam.completed,0
2026-09-19T17:21:25+00:00,result-service,exam.completed,0
2026-09-19T17:21:44+00:00,audit-service,audit.events,416667
2026-09-19T17:21:44+00:00,audit-service,audit.events,441629
2026-09-19T17:21:44+00:00,audit-service,audit.events,203997
2026-09-19T17:21:44+00:00,lab-service,exam.requested,0
2026-09-19T17:21:44+00:00,lab-service,exam.requested,0
2026-09-19T17:21:44+00:00,notification-service,exam.completed,0
2026-09-19T17:21:44+00:00,notification-service,exam.completed,0
2026-09-19T17:21:44+00:00,notification-service,exam.completed,0
2026-09-19T17:21:44+00:00,result-service,exam.completed,0
2026-09-19T17:21:44+00:00,result-service,exam.completed,0
2026-09-19T17:21:44+00:00,result-service,exam.completed,0
2026-09-19T17:22:04+00:00,audit-service,audit.events,414310
2026-09-19T17:22:04+00:00,audit-service,audit.events,437862
2026-09-19T17:22:04+00:00,audit-service,audit.events,200005
2026-09-19T17:22:04+00:00,lab-service,exam.requested,0
2026-09-19T17:22:04+00:00,lab-service,exam.requested,0
2026-09-19T17:22:04+00:00,notification-service,exam.completed,0
2026-09-19T17:22:04+00:00,notification-service,exam.completed,0
2026-09-19T17:22:04+00:00,notification-service,exam.completed,0
2026-09-19T17:22:04+00:00,result-service,exam.completed,0
2026-09-19T17:22:04+00:00,result-service,exam.completed,0
2026-09-19T17:22:04+00:00,result-service,exam.completed,0
2026-09-19T17:22:31+00:00,audit-service,audit.events,423442
2026-09-19T17:22:31+00:00,audit-service,audit.events,443437
2026-09-19T17:22:31+00:00,audit-service,audit.events,204750
2026-09-19T17:22:31+00:00,lab-service,exam.requested,0
2026-09-19T17:22:31+00:00,lab-service,exam.requested,0
2026-09-19T17:22:31+00:00,notification-service,exam.completed,0
2026-09-19T17:22:31+00:00,notification-service,exam.completed,0
2026-09-19T17:22:31+00:00,notification-service,exam.completed,0
2026-09-19T17:22:31+00:00,result-service,exam.completed,0
2026-09-19T17:22:31+00:00,result-service,exam.completed,0
2026-09-19T17:22:31+00:00,result-service,exam.completed,0
2026-09-19T17:22:56+00:00,audit-service,audit.events,432784
2026-09-19T17:22:56+00:00,audit-service,audit.events,449104
2026-09-19T17:22:56+00:00,audit-service,audit.events,209408
2026-09-19T17:22:56+00:00,lab-service,exam.requested,0
2026-09-19T17:22:56+00:00,lab-service,exam.requested,0
2026-09-19T17:22:56+00:00,notification-service,exam.completed,0
2026-09-19T17:22:56+00:00,notification-service,exam.completed,0
2026-09-19T17:22:56+00:00,notification-service,exam.completed,0
2026-09-19T17:22:56+00:00,result-service,exam.completed,0
2026-09-19T17:22:56+00:00,result-service,exam.completed,0
2026-09-19T17:22:56+00:00,result-service,exam.completed,0
2026-09-19T17:23:21+00:00,audit-service,audit.events,442052
2026-09-19T17:23:21+00:00,audit-service,audit.events,454695
2026-09-19T17:23:21+00:00,audit-service,audit.events,213699
2026-09-19T17:23:21+00:00,lab-service,exam.requested,0
2026-09-19T17:23:21+00:00,lab-service,exam.requested,0
2026-09-19T17:23:21+00:00,notification-service,exam.completed,0
2026-09-19T17:23:21+00:00,notification-service,exam.completed,0
2026-09-19T17:23:21+00:00,notification-service,exam.completed,0
2026-09-19T17:23:21+00:00,result-service,exam.completed,0
2026-09-19T17:23:21+00:00,result-service,exam.completed,0
2026-09-19T17:23:21+00:00,result-service,exam.completed,0
2026-09-19T17:23:46+00:00,audit-service,audit.events,451096
2026-09-19T17:23:46+00:00,audit-service,audit.events,460108
2026-09-19T17:23:46+00:00,audit-service,audit.events,217731
2026-09-19T17:23:46+00:00,lab-service,exam.requested,0
2026-09-19T17:23:46+00:00,lab-service,exam.requested,0
2026-09-19T17:23:46+00:00,notification-service,exam.completed,0
2026-09-19T17:23:46+00:00,notification-service,exam.completed,0
2026-09-19T17:23:46+00:00,notification-service,exam.completed,0
2026-09-19T17:23:46+00:00,result-service,exam.completed,0
2026-09-19T17:23:46+00:00,result-service,exam.completed,0
2026-09-19T17:23:46+00:00,result-service,exam.completed,0
2026-09-19T17:24:11+00:00,audit-service,audit.events,459889
2026-09-19T17:24:11+00:00,audit-service,audit.events,465437
2026-09-19T17:24:11+00:00,audit-service,audit.events,221841
2026-09-19T17:24:11+00:00,lab-service,exam.requested,0
2026-09-19T17:24:11+00:00,lab-service,exam.requested,0
2026-09-19T17:24:11+00:00,notification-service,exam.completed,0
2026-09-19T17:24:11+00:00,notification-service,exam.completed,0
2026-09-19T17:24:11+00:00,notification-service,exam.completed,0
2026-09-19T17:24:11+00:00,result-service,exam.completed,0
2026-09-19T17:24:11+00:00,result-service,exam.completed,0
2026-09-19T17:24:11+00:00,result-service,exam.completed,0
2026-09-19T17:24:37+00:00,audit-service,audit.events,468814
2026-09-19T17:24:37+00:00,audit-service,audit.events,470881
2026-09-19T17:24:37+00:00,audit-service,audit.events,225976
2026-09-19T17:24:37+00:00,lab-service,exam.requested,0
2026-09-19T17:24:37+00:00,lab-service,exam.requested,0
2026-09-19T17:24:37+00:00,notification-service,exam.completed,0
2026-09-19T17:24:37+00:00,notification-service,exam.completed,0
2026-09-19T17:24:37+00:00,notification-service,exam.completed,0
2026-09-19T17:24:37+00:00,result-service,exam.completed,0
2026-09-19T17:24:37+00:00,result-service,exam.completed,0
2026-09-19T17:24:37+00:00,result-service,exam.completed,0
2026-09-19T17:25:01+00:00,audit-service,audit.events,476367
2026-09-19T17:25:01+00:00,audit-service,audit.events,475300
2026-09-19T17:25:01+00:00,audit-service,audit.events,229562
2026-09-19T17:25:01+00:00,lab-service,exam.requested,0
2026-09-19T17:25:01+00:00,lab-service,exam.requested,0
2026-09-19T17:25:01+00:00,notification-service,exam.completed,0
2026-09-19T17:25:01+00:00,notification-service,exam.completed,0
2026-09-19T17:25:01+00:00,notification-service,exam.completed,0
2026-09-19T17:25:01+00:00,result-service,exam.completed,0
2026-09-19T17:25:01+00:00,result-service,exam.completed,0
2026-09-19T17:25:01+00:00,result-service,exam.completed,0
2026-09-19T17:25:21+00:00,audit-service,audit.events,469549
2026-09-19T17:25:21+00:00,audit-service,audit.events,468572
2026-09-19T17:25:21+00:00,audit-service,audit.events,222383
2026-09-19T17:25:21+00:00,lab-service,exam.requested,0
2026-09-19T17:25:21+00:00,lab-service,exam.requested,0
2026-09-19T17:25:21+00:00,notification-service,exam.completed,0
2026-09-19T17:25:21+00:00,notification-service,exam.completed,0
2026-09-19T17:25:21+00:00,notification-service,exam.completed,0
2026-09-19T17:25:21+00:00,result-service,exam.completed,0
2026-09-19T17:25:21+00:00,result-service,exam.completed,0
2026-09-19T17:25:21+00:00,result-service,exam.completed,0
2026-09-19T17:25:42+00:00,audit-service,audit.events,470758
2026-09-19T17:25:42+00:00,audit-service,audit.events,468113
2026-09-19T17:25:42+00:00,audit-service,audit.events,220998
2026-09-19T17:25:42+00:00,lab-service,exam.requested,0
2026-09-19T17:25:42+00:00,lab-service,exam.requested,0
2026-09-19T17:25:42+00:00,notification-service,exam.completed,0
2026-09-19T17:25:42+00:00,notification-service,exam.completed,0
2026-09-19T17:25:42+00:00,notification-service,exam.completed,0
2026-09-19T17:25:42+00:00,result-service,exam.completed,0
2026-09-19T17:25:42+00:00,result-service,exam.completed,0
2026-09-19T17:25:42+00:00,result-service,exam.completed,0
2026-09-19T17:26:06+00:00,audit-service,audit.events,479510
2026-09-19T17:26:06+00:00,audit-service,audit.events,472980
2026-09-19T17:26:06+00:00,audit-service,audit.events,225015
2026-09-19T17:26:06+00:00,lab-service,exam.requested,0
2026-09-19T17:26:06+00:00,lab-service,exam.requested,0
2026-09-19T17:26:06+00:00,notification-service,exam.completed,0
2026-09-19T17:26:06+00:00,notification-service,exam.completed,0
2026-09-19T17:26:06+00:00,notification-service,exam.completed,0
2026-09-19T17:26:06+00:00,result-service,exam.completed,0
2026-09-19T17:26:06+00:00,result-service,exam.completed,0
2026-09-19T17:26:06+00:00,result-service,exam.completed,0
2026-09-19T17:26:31+00:00,audit-service,audit.events,487702
2026-09-19T17:26:31+00:00,audit-service,audit.events,478178
2026-09-19T17:26:31+00:00,audit-service,audit.events,229148
2026-09-19T17:26:31+00:00,lab-service,exam.requested,0
2026-09-19T17:26:31+00:00,lab-service,exam.requested,0
2026-09-19T17:26:31+00:00,notification-service,exam.completed,0
2026-09-19T17:26:31+00:00,notification-service,exam.completed,0
2026-09-19T17:26:31+00:00,notification-service,exam.completed,0
2026-09-19T17:26:31+00:00,result-service,exam.completed,0
2026-09-19T17:26:31+00:00,result-service,exam.completed,0
2026-09-19T17:26:31+00:00,result-service,exam.completed,0
2026-09-19T17:26:55+00:00,audit-service,audit.events,496226
2026-09-19T17:26:55+00:00,audit-service,audit.events,483240
2026-09-19T17:26:55+00:00,audit-service,audit.events,233133
2026-09-19T17:26:55+00:00,lab-service,exam.requested,0
2026-09-19T17:26:55+00:00,lab-service,exam.requested,0
2026-09-19T17:26:55+00:00,notification-service,exam.completed,0
2026-09-19T17:26:55+00:00,notification-service,exam.completed,0
2026-09-19T17:26:55+00:00,notification-service,exam.completed,0
2026-09-19T17:26:55+00:00,result-service,exam.completed,0
2026-09-19T17:26:55+00:00,result-service,exam.completed,0
2026-09-19T17:26:55+00:00,result-service,exam.completed,0
2026-09-19T17:27:20+00:00,audit-service,audit.events,505683
2026-09-19T17:27:20+00:00,audit-service,audit.events,488739
2026-09-19T17:27:20+00:00,audit-service,audit.events,237478
2026-09-19T17:27:20+00:00,lab-service,exam.requested,0
2026-09-19T17:27:20+00:00,lab-service,exam.requested,0
2026-09-19T17:27:20+00:00,notification-service,exam.completed,0
2026-09-19T17:27:20+00:00,notification-service,exam.completed,0
2026-09-19T17:27:20+00:00,notification-service,exam.completed,0
2026-09-19T17:27:20+00:00,result-service,exam.completed,0
2026-09-19T17:27:20+00:00,result-service,exam.completed,0
2026-09-19T17:27:20+00:00,result-service,exam.completed,0
2026-09-19T17:27:45+00:00,audit-service,audit.events,514307
2026-09-19T17:27:45+00:00,audit-service,audit.events,493758
2026-09-19T17:27:45+00:00,audit-service,audit.events,241449
2026-09-19T17:27:45+00:00,lab-service,exam.requested,0
2026-09-19T17:27:45+00:00,lab-service,exam.requested,0
2026-09-19T17:27:45+00:00,notification-service,exam.completed,0
2026-09-19T17:27:45+00:00,notification-service,exam.completed,0
2026-09-19T17:27:45+00:00,notification-service,exam.completed,0
2026-09-19T17:27:45+00:00,result-service,exam.completed,0
2026-09-19T17:27:45+00:00,result-service,exam.completed,0
2026-09-19T17:27:45+00:00,result-service,exam.completed,0
2026-09-19T17:28:10+00:00,audit-service,audit.events,522450
2026-09-19T17:28:10+00:00,audit-service,audit.events,499244
2026-09-19T17:28:10+00:00,audit-service,audit.events,245227
2026-09-19T17:28:10+00:00,lab-service,exam.requested,0
2026-09-19T17:28:10+00:00,lab-service,exam.requested,0
2026-09-19T17:28:10+00:00,notification-service,exam.completed,0
2026-09-19T17:28:10+00:00,notification-service,exam.completed,0
2026-09-19T17:28:10+00:00,notification-service,exam.completed,0
2026-09-19T17:28:10+00:00,result-service,exam.completed,0
2026-09-19T17:28:10+00:00,result-service,exam.completed,0
2026-09-19T17:28:10+00:00,result-service,exam.completed,0
2026-09-19T17:28:34+00:00,audit-service,audit.events,527631
2026-09-19T17:28:34+00:00,audit-service,audit.events,501860
2026-09-19T17:28:34+00:00,audit-service,audit.events,247085
2026-09-19T17:28:34+00:00,lab-service,exam.requested,0
2026-09-19T17:28:34+00:00,lab-service,exam.requested,0
2026-09-19T17:28:34+00:00,notification-service,exam.completed,0
2026-09-19T17:28:34+00:00,notification-service,exam.completed,0
2026-09-19T17:28:34+00:00,notification-service,exam.completed,0
2026-09-19T17:28:34+00:00,result-service,exam.completed,0
2026-09-19T17:28:34+00:00,result-service,exam.completed,0
2026-09-19T17:28:34+00:00,result-service,exam.completed,0
2026-09-19T17:28:53+00:00,audit-service,audit.events,520967
2026-09-19T17:28:53+00:00,audit-service,audit.events,495015
2026-09-19T17:28:53+00:00,audit-service,audit.events,239904
2026-09-19T17:28:53+00:00,lab-service,exam.requested,0
2026-09-19T17:28:53+00:00,lab-service,exam.requested,0
2026-09-19T17:28:53+00:00,notification-service,exam.completed,0
2026-09-19T17:28:53+00:00,notification-service,exam.completed,0
2026-09-19T17:28:53+00:00,notification-service,exam.completed,0
2026-09-19T17:28:53+00:00,result-service,exam.completed,0
2026-09-19T17:28:53+00:00,result-service,exam.completed,0
2026-09-19T17:28:53+00:00,result-service,exam.completed,0
2026-09-19T17:29:14+00:00,audit-service,audit.events,524238
2026-09-19T17:29:14+00:00,audit-service,audit.events,495995
2026-09-19T17:29:14+00:00,audit-service,audit.events,240633
2026-09-19T17:29:14+00:00,lab-service,exam.requested,0
2026-09-19T17:29:14+00:00,lab-service,exam.requested,0
2026-09-19T17:29:14+00:00,notification-service,exam.completed,0
2026-09-19T17:29:14+00:00,notification-service,exam.completed,0
2026-09-19T17:29:14+00:00,notification-service,exam.completed,0
2026-09-19T17:29:14+00:00,result-service,exam.completed,0
2026-09-19T17:29:14+00:00,result-service,exam.completed,0
2026-09-19T17:29:14+00:00,result-service,exam.completed,0
2026-09-19T17:29:40+00:00,audit-service,audit.events,532760
2026-09-19T17:29:40+00:00,audit-service,audit.events,501085
2026-09-19T17:29:40+00:00,audit-service,audit.events,244632
2026-09-19T17:29:40+00:00,lab-service,exam.requested,0
2026-09-19T17:29:40+00:00,lab-service,exam.requested,0
2026-09-19T17:29:40+00:00,notification-service,exam.completed,0
2026-09-19T17:29:40+00:00,notification-service,exam.completed,0
2026-09-19T17:29:40+00:00,notification-service,exam.completed,0
2026-09-19T17:29:40+00:00,result-service,exam.completed,0
2026-09-19T17:29:40+00:00,result-service,exam.completed,0
2026-09-19T17:29:40+00:00,result-service,exam.completed,0
2026-09-19T17:30:04+00:00,audit-service,audit.events,540948
2026-09-19T17:30:04+00:00,audit-service,audit.events,505981
2026-09-19T17:30:04+00:00,audit-service,audit.events,248358
2026-09-19T17:30:04+00:00,lab-service,exam.requested,0
2026-09-19T17:30:04+00:00,lab-service,exam.requested,0
2026-09-19T17:30:04+00:00,notification-service,exam.completed,0
2026-09-19T17:30:04+00:00,notification-service,exam.completed,0
2026-09-19T17:30:04+00:00,notification-service,exam.completed,0
2026-09-19T17:30:04+00:00,result-service,exam.completed,0
2026-09-19T17:30:04+00:00,result-service,exam.completed,0
2026-09-19T17:30:04+00:00,result-service,exam.completed,0
2026-09-19T17:30:28+00:00,audit-service,audit.events,549593
2026-09-19T17:30:28+00:00,audit-service,audit.events,511484
2026-09-19T17:30:28+00:00,audit-service,audit.events,252402
2026-09-19T17:30:28+00:00,lab-service,exam.requested,0
2026-09-19T17:30:28+00:00,lab-service,exam.requested,0
2026-09-19T17:30:28+00:00,notification-service,exam.completed,0
2026-09-19T17:30:28+00:00,notification-service,exam.completed,0
2026-09-19T17:30:28+00:00,notification-service,exam.completed,0
2026-09-19T17:30:28+00:00,result-service,exam.completed,0
2026-09-19T17:30:28+00:00,result-service,exam.completed,0
2026-09-19T17:30:28+00:00,result-service,exam.completed,0
2026-09-19T17:30:52+00:00,audit-service,audit.events,558224
2026-09-19T17:30:52+00:00,audit-service,audit.events,516348
2026-09-19T17:30:52+00:00,audit-service,audit.events,256385
2026-09-19T17:30:52+00:00,lab-service,exam.requested,0
2026-09-19T17:30:52+00:00,lab-service,exam.requested,0
2026-09-19T17:30:52+00:00,notification-service,exam.completed,0
2026-09-19T17:30:52+00:00,notification-service,exam.completed,0
2026-09-19T17:30:52+00:00,notification-service,exam.completed,0
2026-09-19T17:30:52+00:00,result-service,exam.completed,0
2026-09-19T17:30:52+00:00,result-service,exam.completed,0
2026-09-19T17:30:52+00:00,result-service,exam.completed,0
2026-09-19T17:31:17+00:00,audit-service,audit.events,566684
2026-09-19T17:31:17+00:00,audit-service,audit.events,521751
2026-09-19T17:31:17+00:00,audit-service,audit.events,260427
2026-09-19T17:31:17+00:00,lab-service,exam.requested,0
2026-09-19T17:31:17+00:00,lab-service,exam.requested,0
2026-09-19T17:31:17+00:00,notification-service,exam.completed,0
2026-09-19T17:31:17+00:00,notification-service,exam.completed,0
2026-09-19T17:31:17+00:00,notification-service,exam.completed,0
2026-09-19T17:31:17+00:00,result-service,exam.completed,0
2026-09-19T17:31:17+00:00,result-service,exam.completed,0
2026-09-19T17:31:17+00:00,result-service,exam.completed,0
2026-09-19T17:31:40+00:00,audit-service,audit.events,575400
2026-09-19T17:31:40+00:00,audit-service,audit.events,527025
2026-09-19T17:31:40+00:00,audit-service,audit.events,264509
2026-09-19T17:31:40+00:00,lab-service,exam.requested,0
2026-09-19T17:31:40+00:00,lab-service,exam.requested,0
2026-09-19T17:31:40+00:00,notification-service,exam.completed,0
2026-09-19T17:31:40+00:00,notification-service,exam.completed,0
2026-09-19T17:31:40+00:00,notification-service,exam.completed,0
2026-09-19T17:31:40+00:00,result-service,exam.completed,0
2026-09-19T17:31:40+00:00,result-service,exam.completed,0
2026-09-19T17:31:40+00:00,result-service,exam.completed,0
2026-09-19T17:32:06+00:00,audit-service,audit.events,579401
2026-09-19T17:32:06+00:00,audit-service,audit.events,529048
2026-09-19T17:32:06+00:00,audit-service,audit.events,265305
2026-09-19T17:32:06+00:00,lab-service,exam.requested,0
2026-09-19T17:32:06+00:00,lab-service,exam.requested,0
2026-09-19T17:32:06+00:00,notification-service,exam.completed,0
2026-09-19T17:32:06+00:00,notification-service,exam.completed,0
2026-09-19T17:32:06+00:00,notification-service,exam.completed,0
2026-09-19T17:32:06+00:00,result-service,exam.completed,0
2026-09-19T17:32:06+00:00,result-service,exam.completed,0
2026-09-19T17:32:06+00:00,result-service,exam.completed,0
2026-09-19T17:32:25+00:00,audit-service,audit.events,572697
2026-09-19T17:32:25+00:00,audit-service,audit.events,521814
2026-09-19T17:32:25+00:00,audit-service,audit.events,258615
2026-09-19T17:32:25+00:00,lab-service,exam.requested,0
2026-09-19T17:32:25+00:00,lab-service,exam.requested,0
2026-09-19T17:32:25+00:00,notification-service,exam.completed,0
2026-09-19T17:32:25+00:00,notification-service,exam.completed,0
2026-09-19T17:32:25+00:00,notification-service,exam.completed,0
2026-09-19T17:32:25+00:00,result-service,exam.completed,0
2026-09-19T17:32:25+00:00,result-service,exam.completed,0
2026-09-19T17:32:25+00:00,result-service,exam.completed,0
2026-09-19T17:32:45+00:00,audit-service,audit.events,572819
2026-09-19T17:32:45+00:00,audit-service,audit.events,520938
2026-09-19T17:32:45+00:00,audit-service,audit.events,257100
2026-09-19T17:32:45+00:00,lab-service,exam.requested,0
2026-09-19T17:32:45+00:00,lab-service,exam.requested,0
2026-09-19T17:32:45+00:00,notification-service,exam.completed,0
2026-09-19T17:32:45+00:00,notification-service,exam.completed,0
2026-09-19T17:32:45+00:00,notification-service,exam.completed,0
2026-09-19T17:32:45+00:00,result-service,exam.completed,0
2026-09-19T17:32:45+00:00,result-service,exam.completed,0
2026-09-19T17:32:45+00:00,result-service,exam.completed,0
2026-09-19T17:33:08+00:00,audit-service,audit.events,576109
2026-09-19T17:33:08+00:00,audit-service,audit.events,522517
2026-09-19T17:33:08+00:00,audit-service,audit.events,258171
2026-09-19T17:33:08+00:00,lab-service,exam.requested,0
2026-09-19T17:33:08+00:00,lab-service,exam.requested,0
2026-09-19T17:33:08+00:00,notification-service,exam.completed,0
2026-09-19T17:33:08+00:00,notification-service,exam.completed,0
2026-09-19T17:33:08+00:00,notification-service,exam.completed,0
2026-09-19T17:33:08+00:00,result-service,exam.completed,0
2026-09-19T17:33:08+00:00,result-service,exam.completed,0
2026-09-19T17:33:08+00:00,result-service,exam.completed,0
2026-09-19T17:33:30+00:00,audit-service,audit.events,579002
2026-09-19T17:33:30+00:00,audit-service,audit.events,523947
2026-09-19T17:33:30+00:00,audit-service,audit.events,259155
2026-09-19T17:33:30+00:00,lab-service,exam.requested,0
2026-09-19T17:33:30+00:00,lab-service,exam.requested,0
2026-09-19T17:33:30+00:00,notification-service,exam.completed,0
2026-09-19T17:33:30+00:00,notification-service,exam.completed,0
2026-09-19T17:33:30+00:00,notification-service,exam.completed,0
2026-09-19T17:33:30+00:00,result-service,exam.completed,0
2026-09-19T17:33:30+00:00,result-service,exam.completed,0
2026-09-19T17:33:30+00:00,result-service,exam.completed,0
2026-09-19T17:33:53+00:00,audit-service,audit.events,582109
2026-09-19T17:33:53+00:00,audit-service,audit.events,525239
2026-09-19T17:33:53+00:00,audit-service,audit.events,260373
2026-09-19T17:33:53+00:00,lab-service,exam.requested,0
2026-09-19T17:33:53+00:00,lab-service,exam.requested,0
2026-09-19T17:33:53+00:00,notification-service,exam.completed,0
2026-09-19T17:33:53+00:00,notification-service,exam.completed,0
2026-09-19T17:33:53+00:00,notification-service,exam.completed,0
2026-09-19T17:33:53+00:00,result-service,exam.completed,0
2026-09-19T17:33:53+00:00,result-service,exam.completed,0
2026-09-19T17:33:53+00:00,result-service,exam.completed,0
2026-09-19T17:34:17+00:00,audit-service,audit.events,585416
2026-09-19T17:34:17+00:00,audit-service,audit.events,526834
2026-09-19T17:34:17+00:00,audit-service,audit.events,260999
2026-09-19T17:34:17+00:00,lab-service,exam.requested,0
2026-09-19T17:34:17+00:00,lab-service,exam.requested,0
2026-09-19T17:34:17+00:00,notification-service,exam.completed,0
2026-09-19T17:34:17+00:00,notification-service,exam.completed,0
2026-09-19T17:34:17+00:00,notification-service,exam.completed,0
2026-09-19T17:34:17+00:00,result-service,exam.completed,0
2026-09-19T17:34:17+00:00,result-service,exam.completed,0
2026-09-19T17:34:17+00:00,result-service,exam.completed,0
2026-09-19T17:34:40+00:00,audit-service,audit.events,588864
2026-09-19T17:34:40+00:00,audit-service,audit.events,528637
2026-09-19T17:34:40+00:00,audit-service,audit.events,262318
2026-09-19T17:34:40+00:00,lab-service,exam.requested,0
2026-09-19T17:34:40+00:00,lab-service,exam.requested,0
2026-09-19T17:34:40+00:00,notification-service,exam.completed,0
2026-09-19T17:34:40+00:00,notification-service,exam.completed,0
2026-09-19T17:34:40+00:00,notification-service,exam.completed,0
2026-09-19T17:34:40+00:00,result-service,exam.completed,0
2026-09-19T17:34:40+00:00,result-service,exam.completed,0
2026-09-19T17:34:40+00:00,result-service,exam.completed,0
2026-09-19T17:35:02+00:00,audit-service,audit.events,591555
2026-09-19T17:35:02+00:00,audit-service,audit.events,530425
2026-09-19T17:35:02+00:00,audit-service,audit.events,263342
2026-09-19T17:35:02+00:00,lab-service,exam.requested,0
2026-09-19T17:35:02+00:00,lab-service,exam.requested,0
2026-09-19T17:35:02+00:00,notification-service,exam.completed,0
2026-09-19T17:35:02+00:00,notification-service,exam.completed,0
2026-09-19T17:35:02+00:00,notification-service,exam.completed,0
2026-09-19T17:35:02+00:00,result-service,exam.completed,0
2026-09-19T17:35:02+00:00,result-service,exam.completed,0
2026-09-19T17:35:02+00:00,result-service,exam.completed,0
2026-09-19T17:35:27+00:00,audit-service,audit.events,594994
2026-09-19T17:35:27+00:00,audit-service,audit.events,532113
2026-09-19T17:35:27+00:00,audit-service,audit.events,264594
2026-09-19T17:35:27+00:00,lab-service,exam.requested,0
2026-09-19T17:35:27+00:00,lab-service,exam.requested,0
2026-09-19T17:35:27+00:00,notification-service,exam.completed,0
2026-09-19T17:35:27+00:00,notification-service,exam.completed,0
2026-09-19T17:35:27+00:00,notification-service,exam.completed,0
2026-09-19T17:35:27+00:00,result-service,exam.completed,0
2026-09-19T17:35:27+00:00,result-service,exam.completed,0
2026-09-19T17:35:27+00:00,result-service,exam.completed,0
2026-09-19T17:35:48+00:00,audit-service,audit.events,589265
2026-09-19T17:35:48+00:00,audit-service,audit.events,526168
2026-09-19T17:35:48+00:00,audit-service,audit.events,258632
2026-09-19T17:35:48+00:00,lab-service,exam.requested,0
2026-09-19T17:35:48+00:00,lab-service,exam.requested,0
2026-09-19T17:35:48+00:00,notification-service,exam.completed,0
2026-09-19T17:35:48+00:00,notification-service,exam.completed,0
2026-09-19T17:35:48+00:00,notification-service,exam.completed,0
2026-09-19T17:35:48+00:00,result-service,exam.completed,0
2026-09-19T17:35:48+00:00,result-service,exam.completed,0
2026-09-19T17:35:48+00:00,result-service,exam.completed,0
2026-09-19T17:36:08+00:00,audit-service,audit.events,586320
2026-09-19T17:36:08+00:00,audit-service,audit.events,522764
2026-09-19T17:36:08+00:00,audit-service,audit.events,254703
2026-09-19T17:36:08+00:00,lab-service,exam.requested,0
2026-09-19T17:36:08+00:00,lab-service,exam.requested,0
2026-09-19T17:36:08+00:00,notification-service,exam.completed,0
2026-09-19T17:36:08+00:00,notification-service,exam.completed,0
2026-09-19T17:36:08+00:00,notification-service,exam.completed,0
2026-09-19T17:36:08+00:00,result-service,exam.completed,0
2026-09-19T17:36:08+00:00,result-service,exam.completed,0
2026-09-19T17:36:08+00:00,result-service,exam.completed,0
2026-09-19T17:36:35+00:00,audit-service,audit.events,591204
2026-09-19T17:36:35+00:00,audit-service,audit.events,525715
2026-09-19T17:36:35+00:00,audit-service,audit.events,257001
2026-09-19T17:36:35+00:00,lab-service,exam.requested,0
2026-09-19T17:36:35+00:00,lab-service,exam.requested,0
2026-09-19T17:36:35+00:00,notification-service,exam.completed,0
2026-09-19T17:36:35+00:00,notification-service,exam.completed,0
2026-09-19T17:36:35+00:00,notification-service,exam.completed,0
2026-09-19T17:36:35+00:00,result-service,exam.completed,0
2026-09-19T17:36:35+00:00,result-service,exam.completed,0
2026-09-19T17:36:35+00:00,result-service,exam.completed,0
2026-09-19T17:37:04+00:00,audit-service,audit.events,593568
2026-09-19T17:37:04+00:00,audit-service,audit.events,527736
2026-09-19T17:37:04+00:00,audit-service,audit.events,257655
2026-09-19T17:37:04+00:00,lab-service,exam.requested,0
2026-09-19T17:37:04+00:00,lab-service,exam.requested,0
2026-09-19T17:37:04+00:00,notification-service,exam.completed,0
2026-09-19T17:37:04+00:00,notification-service,exam.completed,0
2026-09-19T17:37:04+00:00,notification-service,exam.completed,0
2026-09-19T17:37:04+00:00,result-service,exam.completed,0
2026-09-19T17:37:04+00:00,result-service,exam.completed,0
2026-09-19T17:37:04+00:00,result-service,exam.completed,0
2026-09-19T17:37:51+00:00,audit-service,audit.events,598614
2026-09-19T17:37:51+00:00,audit-service,audit.events,530780
2026-09-19T17:37:51+00:00,audit-service,audit.events,260452
2026-09-19T17:37:51+00:00,lab-service,exam.requested,0
2026-09-19T17:37:51+00:00,lab-service,exam.requested,0
2026-09-19T17:37:51+00:00,notification-service,exam.completed,0
2026-09-19T17:37:51+00:00,notification-service,exam.completed,0
2026-09-19T17:37:51+00:00,notification-service,exam.completed,0
2026-09-19T17:37:51+00:00,result-service,exam.completed,0
2026-09-19T17:37:51+00:00,result-service,exam.completed,0
2026-09-19T17:37:51+00:00,result-service,exam.completed,0
2026-09-19T17:38:20+00:00,audit-service,audit.events,603791
2026-09-19T17:38:20+00:00,audit-service,audit.events,533695
2026-09-19T17:38:20+00:00,audit-service,audit.events,262741
2026-09-19T17:38:20+00:00,lab-service,exam.requested,0
2026-09-19T17:38:20+00:00,lab-service,exam.requested,0
2026-09-19T17:38:20+00:00,notification-service,exam.completed,0
2026-09-19T17:38:20+00:00,notification-service,exam.completed,0
2026-09-19T17:38:20+00:00,notification-service,exam.completed,0
2026-09-19T17:38:20+00:00,result-service,exam.completed,0
2026-09-19T17:38:20+00:00,result-service,exam.completed,0
2026-09-19T17:38:20+00:00,result-service,exam.completed,0
2026-09-19T17:38:50+00:00,audit-service,audit.events,608383
2026-09-19T17:38:50+00:00,audit-service,audit.events,536353
2026-09-19T17:38:50+00:00,audit-service,audit.events,264797
2026-09-19T17:38:50+00:00,lab-service,exam.requested,0
2026-09-19T17:38:50+00:00,lab-service,exam.requested,0
2026-09-19T17:38:50+00:00,notification-service,exam.completed,0
2026-09-19T17:38:50+00:00,notification-service,exam.completed,0
2026-09-19T17:38:50+00:00,notification-service,exam.completed,0
2026-09-19T17:38:50+00:00,result-service,exam.completed,0
2026-09-19T17:38:50+00:00,result-service,exam.completed,0
2026-09-19T17:38:50+00:00,result-service,exam.completed,0
2026-09-19T17:39:14+00:00,audit-service,audit.events,605285
2026-09-19T17:39:14+00:00,audit-service,audit.events,532744
2026-09-19T17:39:14+00:00,audit-service,audit.events,261086
2026-09-19T17:39:14+00:00,lab-service,exam.requested,0
2026-09-19T17:39:14+00:00,lab-service,exam.requested,0
2026-09-19T17:39:14+00:00,notification-service,exam.completed,0
2026-09-19T17:39:14+00:00,notification-service,exam.completed,0
2026-09-19T17:39:14+00:00,notification-service,exam.completed,0
2026-09-19T17:39:14+00:00,result-service,exam.completed,0
2026-09-19T17:39:14+00:00,result-service,exam.completed,0
2026-09-19T17:39:14+00:00,result-service,exam.completed,0
2026-09-19T17:39:33+00:00,audit-service,audit.events,598657
2026-09-19T17:39:33+00:00,audit-service,audit.events,526570
2026-09-19T17:39:33+00:00,audit-service,audit.events,254889
2026-09-19T17:39:33+00:00,lab-service,exam.requested,0
2026-09-19T17:39:33+00:00,lab-service,exam.requested,0
2026-09-19T17:39:33+00:00,notification-service,exam.completed,0
2026-09-19T17:39:33+00:00,notification-service,exam.completed,0
2026-09-19T17:39:33+00:00,notification-service,exam.completed,0
2026-09-19T17:39:33+00:00,result-service,exam.completed,0
2026-09-19T17:39:33+00:00,result-service,exam.completed,0
2026-09-19T17:39:33+00:00,result-service,exam.completed,0
2026-09-19T17:39:53+00:00,audit-service,audit.events,591961
2026-09-19T17:39:53+00:00,audit-service,audit.events,519839
2026-09-19T17:39:53+00:00,audit-service,audit.events,247755
2026-09-19T17:39:53+00:00,lab-service,exam.requested,0
2026-09-19T17:39:53+00:00,lab-service,exam.requested,0
2026-09-19T17:39:53+00:00,notification-service,exam.completed,0
2026-09-19T17:39:53+00:00,notification-service,exam.completed,0
2026-09-19T17:39:53+00:00,notification-service,exam.completed,0
2026-09-19T17:39:53+00:00,result-service,exam.completed,0
2026-09-19T17:39:53+00:00,result-service,exam.completed,0
2026-09-19T17:39:53+00:00,result-service,exam.completed,0
2026-09-19T17:40:13+00:00,audit-service,audit.events,584759
2026-09-19T17:40:13+00:00,audit-service,audit.events,512127
2026-09-19T17:40:13+00:00,audit-service,audit.events,240552
2026-09-19T17:40:13+00:00,lab-service,exam.requested,0
2026-09-19T17:40:13+00:00,lab-service,exam.requested,0
2026-09-19T17:40:13+00:00,notification-service,exam.completed,0
2026-09-19T17:40:13+00:00,notification-service,exam.completed,0
2026-09-19T17:40:13+00:00,notification-service,exam.completed,0
2026-09-19T17:40:13+00:00,result-service,exam.completed,0
2026-09-19T17:40:13+00:00,result-service,exam.completed,0
2026-09-19T17:40:13+00:00,result-service,exam.completed,0
2026-09-19T17:40:34+00:00,audit-service,audit.events,577475
2026-09-19T17:40:34+00:00,audit-service,audit.events,504999
2026-09-19T17:40:34+00:00,audit-service,audit.events,233355
2026-09-19T17:40:34+00:00,lab-service,exam.requested,0
2026-09-19T17:40:34+00:00,lab-service,exam.requested,0
2026-09-19T17:40:34+00:00,notification-service,exam.completed,0
2026-09-19T17:40:34+00:00,notification-service,exam.completed,0
2026-09-19T17:40:34+00:00,notification-service,exam.completed,0
2026-09-19T17:40:34+00:00,result-service,exam.completed,0
2026-09-19T17:40:34+00:00,result-service,exam.completed,0
2026-09-19T17:40:34+00:00,result-service,exam.completed,0
2026-09-19T17:40:57+00:00,audit-service,audit.events,569218
2026-09-19T17:40:57+00:00,audit-service,audit.events,496774
2026-09-19T17:40:57+00:00,audit-service,audit.events,225155
2026-09-19T17:40:57+00:00,lab-service,exam.requested,0
2026-09-19T17:40:57+00:00,lab-service,exam.requested,0
2026-09-19T17:40:57+00:00,notification-service,exam.completed,0
2026-09-19T17:40:57+00:00,notification-service,exam.completed,0
2026-09-19T17:40:57+00:00,notification-service,exam.completed,0
2026-09-19T17:40:57+00:00,result-service,exam.completed,0
2026-09-19T17:40:57+00:00,result-service,exam.completed,0
2026-09-19T17:40:57+00:00,result-service,exam.completed,0
2026-09-19T17:41:17+00:00,audit-service,audit.events,562060
2026-09-19T17:41:17+00:00,audit-service,audit.events,489662
2026-09-19T17:41:17+00:00,audit-service,audit.events,217965
2026-09-19T17:41:17+00:00,lab-service,exam.requested,0
2026-09-19T17:41:17+00:00,lab-service,exam.requested,0
2026-09-19T17:41:17+00:00,notification-service,exam.completed,0
2026-09-19T17:41:17+00:00,notification-service,exam.completed,0
2026-09-19T17:41:17+00:00,notification-service,exam.completed,0
2026-09-19T17:41:17+00:00,result-service,exam.completed,0
2026-09-19T17:41:17+00:00,result-service,exam.completed,0
2026-09-19T17:41:17+00:00,result-service,exam.completed,0
2026-09-19T17:41:37+00:00,audit-service,audit.events,555343
2026-09-19T17:41:37+00:00,audit-service,audit.events,482483
2026-09-19T17:41:37+00:00,audit-service,audit.events,210810
2026-09-19T17:41:37+00:00,lab-service,exam.requested,0
2026-09-19T17:41:37+00:00,lab-service,exam.requested,0
2026-09-19T17:41:37+00:00,notification-service,exam.completed,0
2026-09-19T17:41:37+00:00,notification-service,exam.completed,0
2026-09-19T17:41:37+00:00,notification-service,exam.completed,0
2026-09-19T17:41:37+00:00,result-service,exam.completed,0
2026-09-19T17:41:37+00:00,result-service,exam.completed,0
2026-09-19T17:41:37+00:00,result-service,exam.completed,0
2026-09-19T17:41:58+00:00,audit-service,audit.events,547621
2026-09-19T17:41:58+00:00,audit-service,audit.events,475319
2026-09-19T17:41:58+00:00,audit-service,audit.events,203651
2026-09-19T17:41:58+00:00,lab-service,exam.requested,0
2026-09-19T17:41:58+00:00,lab-service,exam.requested,0
2026-09-19T17:41:58+00:00,notification-service,exam.completed,0
2026-09-19T17:41:58+00:00,notification-service,exam.completed,0
2026-09-19T17:41:58+00:00,notification-service,exam.completed,0
2026-09-19T17:41:58+00:00,result-service,exam.completed,0
2026-09-19T17:41:58+00:00,result-service,exam.completed,0
2026-09-19T17:41:58+00:00,result-service,exam.completed,0
2026-09-19T17:42:18+00:00,audit-service,audit.events,540903
2026-09-19T17:42:18+00:00,audit-service,audit.events,468112
2026-09-19T17:42:18+00:00,audit-service,audit.events,196543
2026-09-19T17:42:18+00:00,lab-service,exam.requested,0
2026-09-19T17:42:18+00:00,lab-service,exam.requested,0
2026-09-19T17:42:18+00:00,notification-service,exam.completed,0
2026-09-19T17:42:18+00:00,notification-service,exam.completed,0
2026-09-19T17:42:18+00:00,notification-service,exam.completed,0
2026-09-19T17:42:18+00:00,result-service,exam.completed,0
2026-09-19T17:42:18+00:00,result-service,exam.completed,0
2026-09-19T17:42:18+00:00,result-service,exam.completed,0
2026-09-19T17:42:38+00:00,audit-service,audit.events,533763
2026-09-19T17:42:38+00:00,audit-service,audit.events,461487
2026-09-19T17:42:38+00:00,audit-service,audit.events,189885
2026-09-19T17:42:38+00:00,lab-service,exam.requested,0
2026-09-19T17:42:38+00:00,lab-service,exam.requested,0
2026-09-19T17:42:38+00:00,notification-service,exam.completed,0
2026-09-19T17:42:38+00:00,notification-service,exam.completed,0
2026-09-19T17:42:38+00:00,notification-service,exam.completed,0
2026-09-19T17:42:38+00:00,result-service,exam.completed,0
2026-09-19T17:42:38+00:00,result-service,exam.completed,0
2026-09-19T17:42:38+00:00,result-service,exam.completed,0
2026-09-19T17:42:57+00:00,audit-service,audit.events,527054
2026-09-19T17:42:57+00:00,audit-service,audit.events,454305
2026-09-19T17:42:57+00:00,audit-service,audit.events,182724
2026-09-19T17:42:57+00:00,lab-service,exam.requested,0
2026-09-19T17:42:57+00:00,lab-service,exam.requested,0
2026-09-19T17:42:57+00:00,notification-service,exam.completed,0
2026-09-19T17:42:57+00:00,notification-service,exam.completed,0
2026-09-19T17:42:57+00:00,notification-service,exam.completed,0
2026-09-19T17:42:57+00:00,result-service,exam.completed,0
2026-09-19T17:42:57+00:00,result-service,exam.completed,0
2026-09-19T17:42:57+00:00,result-service,exam.completed,0
2026-09-19T17:43:18+00:00,audit-service,audit.events,519846
2026-09-19T17:43:18+00:00,audit-service,audit.events,447130
2026-09-19T17:43:18+00:00,audit-service,audit.events,175568
2026-09-19T17:43:18+00:00,lab-service,exam.requested,0
2026-09-19T17:43:18+00:00,lab-service,exam.requested,0
2026-09-19T17:43:18+00:00,notification-service,exam.completed,0
2026-09-19T17:43:18+00:00,notification-service,exam.completed,0
2026-09-19T17:43:18+00:00,notification-service,exam.completed,0
2026-09-19T17:43:18+00:00,result-service,exam.completed,0
2026-09-19T17:43:18+00:00,result-service,exam.completed,0
2026-09-19T17:43:18+00:00,result-service,exam.completed,0
2026-09-19T17:43:37+00:00,audit-service,audit.events,513144
2026-09-19T17:43:37+00:00,audit-service,audit.events,439956
2026-09-19T17:43:37+00:00,audit-service,audit.events,168401
2026-09-19T17:43:37+00:00,lab-service,exam.requested,0
2026-09-19T17:43:37+00:00,lab-service,exam.requested,0
2026-09-19T17:43:37+00:00,notification-service,exam.completed,0
2026-09-19T17:43:37+00:00,notification-service,exam.completed,0
2026-09-19T17:43:37+00:00,notification-service,exam.completed,0
2026-09-19T17:43:37+00:00,result-service,exam.completed,0
2026-09-19T17:43:37+00:00,result-service,exam.completed,0
2026-09-19T17:43:37+00:00,result-service,exam.completed,0
2026-09-19T17:43:56+00:00,audit-service,audit.events,506508
2026-09-19T17:43:56+00:00,audit-service,audit.events,433339
2026-09-19T17:43:56+00:00,audit-service,audit.events,161783
2026-09-19T17:43:56+00:00,lab-service,exam.requested,0
2026-09-19T17:43:56+00:00,lab-service,exam.requested,0
2026-09-19T17:43:56+00:00,notification-service,exam.completed,0
2026-09-19T17:43:56+00:00,notification-service,exam.completed,0
2026-09-19T17:43:56+00:00,notification-service,exam.completed,0
2026-09-19T17:43:56+00:00,result-service,exam.completed,0
2026-09-19T17:43:56+00:00,result-service,exam.completed,0
2026-09-19T17:43:56+00:00,result-service,exam.completed,0
2026-09-19T17:44:16+00:00,audit-service,audit.events,499799
2026-09-19T17:44:16+00:00,audit-service,audit.events,426166
2026-09-19T17:44:16+00:00,audit-service,audit.events,154610
2026-09-19T17:44:16+00:00,lab-service,exam.requested,0
2026-09-19T17:44:16+00:00,lab-service,exam.requested,0
2026-09-19T17:44:16+00:00,notification-service,exam.completed,0
2026-09-19T17:44:16+00:00,notification-service,exam.completed,0
2026-09-19T17:44:16+00:00,notification-service,exam.completed,0
2026-09-19T17:44:16+00:00,result-service,exam.completed,0
2026-09-19T17:44:16+00:00,result-service,exam.completed,0
2026-09-19T17:44:16+00:00,result-service,exam.completed,0
2026-09-19T17:44:36+00:00,audit-service,audit.events,492663
2026-09-19T17:44:36+00:00,audit-service,audit.events,419496
2026-09-19T17:44:36+00:00,audit-service,audit.events,147940
2026-09-19T17:44:36+00:00,lab-service,exam.requested,0
2026-09-19T17:44:36+00:00,lab-service,exam.requested,0
2026-09-19T17:44:36+00:00,notification-service,exam.completed,0
2026-09-19T17:44:36+00:00,notification-service,exam.completed,0
2026-09-19T17:44:36+00:00,notification-service,exam.completed,0
2026-09-19T17:44:36+00:00,result-service,exam.completed,0
2026-09-19T17:44:36+00:00,result-service,exam.completed,0
2026-09-19T17:44:36+00:00,result-service,exam.completed,0
2026-09-19T17:44:55+00:00,audit-service,audit.events,485962
2026-09-19T17:44:55+00:00,audit-service,audit.events,412882
2026-09-19T17:44:55+00:00,audit-service,audit.events,141327
2026-09-19T17:44:55+00:00,lab-service,exam.requested,0
2026-09-19T17:44:55+00:00,lab-service,exam.requested,0
2026-09-19T17:44:55+00:00,notification-service,exam.completed,0
2026-09-19T17:44:55+00:00,notification-service,exam.completed,0
2026-09-19T17:44:55+00:00,notification-service,exam.completed,0
2026-09-19T17:44:55+00:00,result-service,exam.completed,0
2026-09-19T17:44:55+00:00,result-service,exam.completed,0
2026-09-19T17:44:55+00:00,result-service,exam.completed,0
2026-09-19T17:45:14+00:00,audit-service,audit.events,479256
2026-09-19T17:45:14+00:00,audit-service,audit.events,406236
2026-09-19T17:45:14+00:00,audit-service,audit.events,134157
2026-09-19T17:45:14+00:00,lab-service,exam.requested,0
2026-09-19T17:45:14+00:00,lab-service,exam.requested,0
2026-09-19T17:45:14+00:00,notification-service,exam.completed,0
2026-09-19T17:45:14+00:00,notification-service,exam.completed,0
2026-09-19T17:45:14+00:00,notification-service,exam.completed,0
2026-09-19T17:45:14+00:00,result-service,exam.completed,0
2026-09-19T17:45:14+00:00,result-service,exam.completed,0
2026-09-19T17:45:14+00:00,result-service,exam.completed,0
2026-09-19T17:45:33+00:00,audit-service,audit.events,472617
2026-09-19T17:45:33+00:00,audit-service,audit.events,399076
2026-09-19T17:45:33+00:00,audit-service,audit.events,127485
2026-09-19T17:45:33+00:00,lab-service,exam.requested,0
2026-09-19T17:45:33+00:00,lab-service,exam.requested,0
2026-09-19T17:45:33+00:00,notification-service,exam.completed,0
2026-09-19T17:45:33+00:00,notification-service,exam.completed,0
2026-09-19T17:45:33+00:00,notification-service,exam.completed,0
2026-09-19T17:45:33+00:00,result-service,exam.completed,0
2026-09-19T17:45:33+00:00,result-service,exam.completed,0
2026-09-19T17:45:33+00:00,result-service,exam.completed,0
2026-09-19T17:45:53+00:00,audit-service,audit.events,465416
2026-09-19T17:45:53+00:00,audit-service,audit.events,391899
2026-09-19T17:45:53+00:00,audit-service,audit.events,120370
2026-09-19T17:45:53+00:00,lab-service,exam.requested,0
2026-09-19T17:45:53+00:00,lab-service,exam.requested,0
2026-09-19T17:45:53+00:00,notification-service,exam.completed,0
2026-09-19T17:45:53+00:00,notification-service,exam.completed,0
2026-09-19T17:45:53+00:00,notification-service,exam.completed,0
2026-09-19T17:45:53+00:00,result-service,exam.completed,0
2026-09-19T17:45:53+00:00,result-service,exam.completed,0
2026-09-19T17:45:53+00:00,result-service,exam.completed,0
2026-09-19T17:46:13+00:00,audit-service,audit.events,457738
2026-09-19T17:46:13+00:00,audit-service,audit.events,384228
2026-09-19T17:46:13+00:00,audit-service,audit.events,112694
2026-09-19T17:46:13+00:00,lab-service,exam.requested,0
2026-09-19T17:46:13+00:00,lab-service,exam.requested,0
2026-09-19T17:46:13+00:00,notification-service,exam.completed,0
2026-09-19T17:46:13+00:00,notification-service,exam.completed,0
2026-09-19T17:46:13+00:00,notification-service,exam.completed,0
2026-09-19T17:46:13+00:00,result-service,exam.completed,0
2026-09-19T17:46:13+00:00,result-service,exam.completed,0
2026-09-19T17:46:13+00:00,result-service,exam.completed,0
2026-09-19T17:46:35+00:00,audit-service,audit.events,449598
2026-09-19T17:46:35+00:00,audit-service,audit.events,376567
2026-09-19T17:46:35+00:00,audit-service,audit.events,105017
2026-09-19T17:46:35+00:00,lab-service,exam.requested,0
2026-09-19T17:46:35+00:00,lab-service,exam.requested,0
2026-09-19T17:46:35+00:00,notification-service,exam.completed,0
2026-09-19T17:46:35+00:00,notification-service,exam.completed,0
2026-09-19T17:46:35+00:00,notification-service,exam.completed,0
2026-09-19T17:46:35+00:00,result-service,exam.completed,0
2026-09-19T17:46:35+00:00,result-service,exam.completed,0
2026-09-19T17:46:35+00:00,result-service,exam.completed,0
2026-09-19T17:46:57+00:00,audit-service,audit.events,441398
2026-09-19T17:46:57+00:00,audit-service,audit.events,367900
2026-09-19T17:46:57+00:00,audit-service,audit.events,96283
2026-09-19T17:46:57+00:00,lab-service,exam.requested,0
2026-09-19T17:46:57+00:00,lab-service,exam.requested,0
2026-09-19T17:46:57+00:00,notification-service,exam.completed,0
2026-09-19T17:46:57+00:00,notification-service,exam.completed,0
2026-09-19T17:46:57+00:00,notification-service,exam.completed,0
2026-09-19T17:46:57+00:00,result-service,exam.completed,0
2026-09-19T17:46:57+00:00,result-service,exam.completed,0
2026-09-19T17:46:57+00:00,result-service,exam.completed,0
2026-09-19T17:47:19+00:00,audit-service,audit.events,433783
2026-09-19T17:47:19+00:00,audit-service,audit.events,360731
2026-09-19T17:47:19+00:00,audit-service,audit.events,89109
2026-09-19T17:47:19+00:00,lab-service,exam.requested,0
2026-09-19T17:47:19+00:00,lab-service,exam.requested,0
2026-09-19T17:47:19+00:00,notification-service,exam.completed,0
2026-09-19T17:47:19+00:00,notification-service,exam.completed,0
2026-09-19T17:47:19+00:00,notification-service,exam.completed,0
2026-09-19T17:47:19+00:00,result-service,exam.completed,0
2026-09-19T17:47:19+00:00,result-service,exam.completed,0
2026-09-19T17:47:19+00:00,result-service,exam.completed,0
2026-09-19T17:47:40+00:00,audit-service,audit.events,426618
2026-09-19T17:47:40+00:00,audit-service,audit.events,353059
2026-09-19T17:47:40+00:00,audit-service,audit.events,81433
2026-09-19T17:47:40+00:00,lab-service,exam.requested,0
2026-09-19T17:47:40+00:00,lab-service,exam.requested,0
2026-09-19T17:47:40+00:00,notification-service,exam.completed,0
2026-09-19T17:47:40+00:00,notification-service,exam.completed,0
2026-09-19T17:47:40+00:00,notification-service,exam.completed,0
2026-09-19T17:47:40+00:00,result-service,exam.completed,0
2026-09-19T17:47:40+00:00,result-service,exam.completed,0
2026-09-19T17:47:40+00:00,result-service,exam.completed,0
2026-09-19T17:48:00+00:00,audit-service,audit.events,418960
2026-09-19T17:48:00+00:00,audit-service,audit.events,345390
2026-09-19T17:48:00+00:00,audit-service,audit.events,73755
2026-09-19T17:48:00+00:00,lab-service,exam.requested,0
2026-09-19T17:48:00+00:00,lab-service,exam.requested,0
2026-09-19T17:48:00+00:00,notification-service,exam.completed,0
2026-09-19T17:48:00+00:00,notification-service,exam.completed,0
2026-09-19T17:48:00+00:00,notification-service,exam.completed,0
2026-09-19T17:48:00+00:00,result-service,exam.completed,0
2026-09-19T17:48:00+00:00,result-service,exam.completed,0
2026-09-19T17:48:00+00:00,result-service,exam.completed,0
2026-09-19T17:48:21+00:00,audit-service,audit.events,411300
2026-09-19T17:48:21+00:00,audit-service,audit.events,337708
2026-09-19T17:48:21+00:00,audit-service,audit.events,66079
2026-09-19T17:48:21+00:00,lab-service,exam.requested,0
2026-09-19T17:48:21+00:00,lab-service,exam.requested,0
2026-09-19T17:48:21+00:00,notification-service,exam.completed,0
2026-09-19T17:48:21+00:00,notification-service,exam.completed,0
2026-09-19T17:48:21+00:00,notification-service,exam.completed,0
2026-09-19T17:48:21+00:00,result-service,exam.completed,0
2026-09-19T17:48:21+00:00,result-service,exam.completed,0
2026-09-19T17:48:21+00:00,result-service,exam.completed,0
2026-09-19T17:48:42+00:00,audit-service,audit.events,404137
2026-09-19T17:48:42+00:00,audit-service,audit.events,330032
2026-09-19T17:48:42+00:00,audit-service,audit.events,58402
2026-09-19T17:48:42+00:00,lab-service,exam.requested,0
2026-09-19T17:48:42+00:00,lab-service,exam.requested,0
2026-09-19T17:48:42+00:00,notification-service,exam.completed,0
2026-09-19T17:48:42+00:00,notification-service,exam.completed,0
2026-09-19T17:48:42+00:00,notification-service,exam.completed,0
2026-09-19T17:48:42+00:00,result-service,exam.completed,0
2026-09-19T17:48:42+00:00,result-service,exam.completed,0
2026-09-19T17:48:42+00:00,result-service,exam.completed,0
2026-09-19T17:49:01+00:00,audit-service,audit.events,396971
2026-09-19T17:49:01+00:00,audit-service,audit.events,322841
2026-09-19T17:49:01+00:00,audit-service,audit.events,51290
2026-09-19T17:49:01+00:00,lab-service,exam.requested,0
2026-09-19T17:49:01+00:00,lab-service,exam.requested,0
2026-09-19T17:49:01+00:00,notification-service,exam.completed,0
2026-09-19T17:49:01+00:00,notification-service,exam.completed,0
2026-09-19T17:49:01+00:00,notification-service,exam.completed,0
2026-09-19T17:49:01+00:00,result-service,exam.completed,0
2026-09-19T17:49:01+00:00,result-service,exam.completed,0
2026-09-19T17:49:01+00:00,result-service,exam.completed,0
2026-09-19T17:49:20+00:00,audit-service,audit.events,389808
2026-09-19T17:49:20+00:00,audit-service,audit.events,315716
2026-09-19T17:49:20+00:00,audit-service,audit.events,44619
2026-09-19T17:49:20+00:00,lab-service,exam.requested,0
2026-09-19T17:49:20+00:00,lab-service,exam.requested,0
2026-09-19T17:49:20+00:00,notification-service,exam.completed,0
2026-09-19T17:49:20+00:00,notification-service,exam.completed,0
2026-09-19T17:49:20+00:00,notification-service,exam.completed,0
2026-09-19T17:49:20+00:00,result-service,exam.completed,0
2026-09-19T17:49:20+00:00,result-service,exam.completed,0
2026-09-19T17:49:20+00:00,result-service,exam.completed,0
2026-09-19T17:49:40+00:00,audit-service,audit.events,383190
2026-09-19T17:49:40+00:00,audit-service,audit.events,308524
2026-09-19T17:49:40+00:00,audit-service,audit.events,37444
2026-09-19T17:49:40+00:00,lab-service,exam.requested,0
2026-09-19T17:49:40+00:00,lab-service,exam.requested,0
2026-09-19T17:49:40+00:00,notification-service,exam.completed,0
2026-09-19T17:49:40+00:00,notification-service,exam.completed,0
2026-09-19T17:49:40+00:00,notification-service,exam.completed,0
2026-09-19T17:49:40+00:00,result-service,exam.completed,0
2026-09-19T17:49:40+00:00,result-service,exam.completed,0
2026-09-19T17:49:40+00:00,result-service,exam.completed,0
2026-09-19T17:49:59+00:00,audit-service,audit.events,375519
2026-09-19T17:49:59+00:00,audit-service,audit.events,300834
2026-09-19T17:49:59+00:00,audit-service,audit.events,29796
2026-09-19T17:49:59+00:00,lab-service,exam.requested,0
2026-09-19T17:49:59+00:00,lab-service,exam.requested,0
2026-09-19T17:49:59+00:00,notification-service,exam.completed,0
2026-09-19T17:49:59+00:00,notification-service,exam.completed,0
2026-09-19T17:49:59+00:00,notification-service,exam.completed,0
2026-09-19T17:49:59+00:00,result-service,exam.completed,0
2026-09-19T17:49:59+00:00,result-service,exam.completed,0
2026-09-19T17:49:59+00:00,result-service,exam.completed,0
2026-09-19T17:50:18+00:00,audit-service,audit.events,368841
2026-09-19T17:50:18+00:00,audit-service,audit.events,294147
2026-09-19T17:50:18+00:00,audit-service,audit.events,22695
2026-09-19T17:50:18+00:00,lab-service,exam.requested,0
2026-09-19T17:50:18+00:00,lab-service,exam.requested,0
2026-09-19T17:50:18+00:00,notification-service,exam.completed,0
2026-09-19T17:50:18+00:00,notification-service,exam.completed,0
2026-09-19T17:50:18+00:00,notification-service,exam.completed,0
2026-09-19T17:50:18+00:00,result-service,exam.completed,0
2026-09-19T17:50:18+00:00,result-service,exam.completed,0
2026-09-19T17:50:18+00:00,result-service,exam.completed,0
2026-09-19T17:50:37+00:00,audit-service,audit.events,362170
2026-09-19T17:50:37+00:00,audit-service,audit.events,286959
2026-09-19T17:50:37+00:00,audit-service,audit.events,16044
2026-09-19T17:50:37+00:00,lab-service,exam.requested,0
2026-09-19T17:50:37+00:00,lab-service,exam.requested,0
2026-09-19T17:50:37+00:00,notification-service,exam.completed,0
2026-09-19T17:50:37+00:00,notification-service,exam.completed,0
2026-09-19T17:50:37+00:00,notification-service,exam.completed,0
2026-09-19T17:50:37+00:00,result-service,exam.completed,0
2026-09-19T17:50:37+00:00,result-service,exam.completed,0
2026-09-19T17:50:37+00:00,result-service,exam.completed,0
2026-09-19T17:50:56+00:00,audit-service,audit.events,355052
2026-09-19T17:50:56+00:00,audit-service,audit.events,279830
2026-09-19T17:50:56+00:00,audit-service,audit.events,8895
2026-09-19T17:50:56+00:00,lab-service,exam.requested,0
2026-09-19T17:50:56+00:00,lab-service,exam.requested,0
2026-09-19T17:50:56+00:00,notification-service,exam.completed,0
2026-09-19T17:50:56+00:00,notification-service,exam.completed,0
2026-09-19T17:50:56+00:00,notification-service,exam.completed,0
2026-09-19T17:50:56+00:00,result-service,exam.completed,0
2026-09-19T17:50:56+00:00,result-service,exam.completed,0
2026-09-19T17:50:56+00:00,result-service,exam.completed,0
2026-09-19T17:51:15+00:00,audit-service,audit.events,348376
2026-09-19T17:51:15+00:00,audit-service,audit.events,273137
2026-09-19T17:51:15+00:00,audit-service,audit.events,2237
2026-09-19T17:51:15+00:00,lab-service,exam.requested,0
2026-09-19T17:51:15+00:00,lab-service,exam.requested,0
2026-09-19T17:51:15+00:00,notification-service,exam.completed,0
2026-09-19T17:51:15+00:00,notification-service,exam.completed,0
2026-09-19T17:51:15+00:00,notification-service,exam.completed,0
2026-09-19T17:51:15+00:00,result-service,exam.completed,0
2026-09-19T17:51:15+00:00,result-service,exam.completed,0
2026-09-19T17:51:15+00:00,result-service,exam.completed,0
2026-09-19T17:51:34+00:00,audit-service,audit.events,340699
2026-09-19T17:51:34+00:00,audit-service,audit.events,265444
2026-09-19T17:51:34+00:00,audit-service,audit.events,0
2026-09-19T17:51:34+00:00,lab-service,exam.requested,0
2026-09-19T17:51:34+00:00,lab-service,exam.requested,0
2026-09-19T17:51:34+00:00,notification-service,exam.completed,0
2026-09-19T17:51:34+00:00,notification-service,exam.completed,0
2026-09-19T17:51:34+00:00,notification-service,exam.completed,0
2026-09-19T17:51:34+00:00,result-service,exam.completed,0
2026-09-19T17:51:34+00:00,result-service,exam.completed,0
2026-09-19T17:51:34+00:00,result-service,exam.completed,0
2026-09-19T17:51:53+00:00,audit-service,audit.events,333024
2026-09-19T17:51:53+00:00,audit-service,audit.events,257754
2026-09-19T17:51:53+00:00,audit-service,audit.events,0
2026-09-19T17:51:53+00:00,lab-service,exam.requested,0
2026-09-19T17:51:53+00:00,lab-service,exam.requested,0
2026-09-19T17:51:53+00:00,notification-service,exam.completed,0
2026-09-19T17:51:53+00:00,notification-service,exam.completed,0
2026-09-19T17:51:53+00:00,notification-service,exam.completed,0
2026-09-19T17:51:53+00:00,result-service,exam.completed,0
2026-09-19T17:51:53+00:00,result-service,exam.completed,0
2026-09-19T17:51:53+00:00,result-service,exam.completed,0
2026-09-19T17:52:12+00:00,audit-service,audit.events,325361
2026-09-19T17:52:12+00:00,audit-service,audit.events,250060
2026-09-19T17:52:12+00:00,audit-service,audit.events,0
2026-09-19T17:52:12+00:00,lab-service,exam.requested,0
2026-09-19T17:52:12+00:00,lab-service,exam.requested,0
2026-09-19T17:52:12+00:00,notification-service,exam.completed,0
2026-09-19T17:52:12+00:00,notification-service,exam.completed,0
2026-09-19T17:52:12+00:00,notification-service,exam.completed,0
2026-09-19T17:52:12+00:00,result-service,exam.completed,0
2026-09-19T17:52:12+00:00,result-service,exam.completed,0
2026-09-19T17:52:12+00:00,result-service,exam.completed,0
2026-09-19T17:52:31+00:00,audit-service,audit.events,316713
2026-09-19T17:52:31+00:00,audit-service,audit.events,241379
2026-09-19T17:52:31+00:00,audit-service,audit.events,0
2026-09-19T17:52:31+00:00,lab-service,exam.requested,0
2026-09-19T17:52:31+00:00,lab-service,exam.requested,0
2026-09-19T17:52:31+00:00,notification-service,exam.completed,0
2026-09-19T17:52:31+00:00,notification-service,exam.completed,0
2026-09-19T17:52:31+00:00,notification-service,exam.completed,0
2026-09-19T17:52:31+00:00,result-service,exam.completed,0
2026-09-19T17:52:31+00:00,result-service,exam.completed,0
2026-09-19T17:52:31+00:00,result-service,exam.completed,0
2026-09-19T17:52:51+00:00,audit-service,audit.events,308513
2026-09-19T17:52:51+00:00,audit-service,audit.events,233177
2026-09-19T17:52:51+00:00,audit-service,audit.events,0
2026-09-19T17:52:51+00:00,lab-service,exam.requested,0
2026-09-19T17:52:51+00:00,lab-service,exam.requested,0
2026-09-19T17:52:51+00:00,notification-service,exam.completed,0
2026-09-19T17:52:51+00:00,notification-service,exam.completed,0
2026-09-19T17:52:51+00:00,notification-service,exam.completed,0
2026-09-19T17:52:51+00:00,result-service,exam.completed,0
2026-09-19T17:52:51+00:00,result-service,exam.completed,0
2026-09-19T17:52:51+00:00,result-service,exam.completed,0
2026-09-19T17:53:14+00:00,audit-service,audit.events,298310
2026-09-19T17:53:14+00:00,audit-service,audit.events,222969
2026-09-19T17:53:14+00:00,audit-service,audit.events,0
2026-09-19T17:53:14+00:00,lab-service,exam.requested,0
2026-09-19T17:53:14+00:00,lab-service,exam.requested,0
2026-09-19T17:53:14+00:00,notification-service,exam.completed,0
2026-09-19T17:53:14+00:00,notification-service,exam.completed,0
2026-09-19T17:53:14+00:00,notification-service,exam.completed,0
2026-09-19T17:53:14+00:00,result-service,exam.completed,0
2026-09-19T17:53:14+00:00,result-service,exam.completed,0
2026-09-19T17:53:14+00:00,result-service,exam.completed,0
2026-09-19T17:53:36+00:00,audit-service,audit.events,289141
2026-09-19T17:53:36+00:00,audit-service,audit.events,213813
2026-09-19T17:53:36+00:00,audit-service,audit.events,0
2026-09-19T17:53:36+00:00,lab-service,exam.requested,0
2026-09-19T17:53:36+00:00,lab-service,exam.requested,0
2026-09-19T17:53:36+00:00,notification-service,exam.completed,0
2026-09-19T17:53:36+00:00,notification-service,exam.completed,0
2026-09-19T17:53:36+00:00,notification-service,exam.completed,0
2026-09-19T17:53:36+00:00,result-service,exam.completed,0
2026-09-19T17:53:36+00:00,result-service,exam.completed,0
2026-09-19T17:53:36+00:00,result-service,exam.completed,0
2026-09-19T17:53:57+00:00,audit-service,audit.events,280375
2026-09-19T17:53:57+00:00,audit-service,audit.events,204606
2026-09-19T17:53:57+00:00,audit-service,audit.events,0
2026-09-19T17:53:57+00:00,lab-service,exam.requested,0
2026-09-19T17:53:57+00:00,lab-service,exam.requested,0
2026-09-19T17:53:57+00:00,notification-service,exam.completed,0
2026-09-19T17:53:57+00:00,notification-service,exam.completed,0
2026-09-19T17:53:57+00:00,notification-service,exam.completed,0
2026-09-19T17:53:57+00:00,result-service,exam.completed,0
2026-09-19T17:53:57+00:00,result-service,exam.completed,0
2026-09-19T17:53:57+00:00,result-service,exam.completed,0
2026-09-19T17:54:18+00:00,audit-service,audit.events,272171
2026-09-19T17:54:18+00:00,audit-service,audit.events,196444
2026-09-19T17:54:18+00:00,audit-service,audit.events,0
2026-09-19T17:54:18+00:00,lab-service,exam.requested,0
2026-09-19T17:54:18+00:00,lab-service,exam.requested,0
2026-09-19T17:54:18+00:00,notification-service,exam.completed,0
2026-09-19T17:54:18+00:00,notification-service,exam.completed,0
2026-09-19T17:54:18+00:00,notification-service,exam.completed,0
2026-09-19T17:54:18+00:00,result-service,exam.completed,0
2026-09-19T17:54:18+00:00,result-service,exam.completed,0
2026-09-19T17:54:18+00:00,result-service,exam.completed,0
2026-09-19T17:54:39+00:00,audit-service,audit.events,263477
2026-09-19T17:54:39+00:00,audit-service,audit.events,187771
2026-09-19T17:54:39+00:00,audit-service,audit.events,0
2026-09-19T17:54:39+00:00,lab-service,exam.requested,0
2026-09-19T17:54:39+00:00,lab-service,exam.requested,0
2026-09-19T17:54:39+00:00,notification-service,exam.completed,0
2026-09-19T17:54:39+00:00,notification-service,exam.completed,0
2026-09-19T17:54:39+00:00,notification-service,exam.completed,0
2026-09-19T17:54:39+00:00,result-service,exam.completed,0
2026-09-19T17:54:39+00:00,result-service,exam.completed,0
2026-09-19T17:54:39+00:00,result-service,exam.completed,0
2026-09-19T17:55:00+00:00,audit-service,audit.events,254209
2026-09-19T17:55:00+00:00,audit-service,audit.events,179034
2026-09-19T17:55:00+00:00,audit-service,audit.events,0
2026-09-19T17:55:00+00:00,lab-service,exam.requested,0
2026-09-19T17:55:00+00:00,lab-service,exam.requested,0
2026-09-19T17:55:00+00:00,notification-service,exam.completed,0
2026-09-19T17:55:00+00:00,notification-service,exam.completed,0
2026-09-19T17:55:00+00:00,notification-service,exam.completed,0
2026-09-19T17:55:00+00:00,result-service,exam.completed,0
2026-09-19T17:55:00+00:00,result-service,exam.completed,0
2026-09-19T17:55:00+00:00,result-service,exam.completed,0
2026-09-19T17:55:20+00:00,audit-service,audit.events,246004
2026-09-19T17:55:20+00:00,audit-service,audit.events,170358
2026-09-19T17:55:20+00:00,audit-service,audit.events,0
2026-09-19T17:55:20+00:00,lab-service,exam.requested,0
2026-09-19T17:55:20+00:00,lab-service,exam.requested,0
2026-09-19T17:55:20+00:00,notification-service,exam.completed,0
2026-09-19T17:55:20+00:00,notification-service,exam.completed,0
2026-09-19T17:55:20+00:00,notification-service,exam.completed,0
2026-09-19T17:55:20+00:00,result-service,exam.completed,0
2026-09-19T17:55:20+00:00,result-service,exam.completed,0
2026-09-19T17:55:20+00:00,result-service,exam.completed,0
2026-09-19T17:55:40+00:00,audit-service,audit.events,237304
2026-09-19T17:55:40+00:00,audit-service,audit.events,161683
2026-09-19T17:55:40+00:00,audit-service,audit.events,0
2026-09-19T17:55:40+00:00,lab-service,exam.requested,0
2026-09-19T17:55:40+00:00,lab-service,exam.requested,0
2026-09-19T17:55:40+00:00,notification-service,exam.completed,0
2026-09-19T17:55:40+00:00,notification-service,exam.completed,0
2026-09-19T17:55:40+00:00,notification-service,exam.completed,0
2026-09-19T17:55:40+00:00,result-service,exam.completed,0
2026-09-19T17:55:40+00:00,result-service,exam.completed,0
2026-09-19T17:55:40+00:00,result-service,exam.completed,0
2026-09-19T17:56:00+00:00,audit-service,audit.events,229030
2026-09-19T17:56:00+00:00,audit-service,audit.events,153448
2026-09-19T17:56:00+00:00,audit-service,audit.events,0
2026-09-19T17:56:00+00:00,lab-service,exam.requested,0
2026-09-19T17:56:00+00:00,lab-service,exam.requested,0
2026-09-19T17:56:00+00:00,notification-service,exam.completed,0
2026-09-19T17:56:00+00:00,notification-service,exam.completed,0
2026-09-19T17:56:00+00:00,notification-service,exam.completed,0
2026-09-19T17:56:00+00:00,result-service,exam.completed,0
2026-09-19T17:56:00+00:00,result-service,exam.completed,0
2026-09-19T17:56:00+00:00,result-service,exam.completed,0
2026-09-19T17:56:20+00:00,audit-service,audit.events,220331
2026-09-19T17:56:20+00:00,audit-service,audit.events,145267
2026-09-19T17:56:20+00:00,audit-service,audit.events,0
2026-09-19T17:56:20+00:00,lab-service,exam.requested,0
2026-09-19T17:56:20+00:00,lab-service,exam.requested,0
2026-09-19T17:56:20+00:00,notification-service,exam.completed,0
2026-09-19T17:56:20+00:00,notification-service,exam.completed,0
2026-09-19T17:56:20+00:00,notification-service,exam.completed,0
2026-09-19T17:56:20+00:00,result-service,exam.completed,0
2026-09-19T17:56:20+00:00,result-service,exam.completed,0
2026-09-19T17:56:20+00:00,result-service,exam.completed,0
2026-09-19T17:56:40+00:00,audit-service,audit.events,0
2026-09-19T17:56:40+00:00,audit-service,audit.events,212697
2026-09-19T17:56:40+00:00,audit-service,audit.events,137584
2026-09-19T17:56:40+00:00,lab-service,exam.requested,0
2026-09-19T17:56:40+00:00,lab-service,exam.requested,0
2026-09-19T17:56:40+00:00,notification-service,exam.completed,0
2026-09-19T17:56:40+00:00,notification-service,exam.completed,0
2026-09-19T17:56:40+00:00,notification-service,exam.completed,0
2026-09-19T17:56:40+00:00,result-service,exam.completed,0
2026-09-19T17:56:40+00:00,result-service,exam.completed,0
2026-09-19T17:56:40+00:00,result-service,exam.completed,0
2026-09-19T17:56:59+00:00,audit-service,audit.events,0
2026-09-19T17:56:59+00:00,audit-service,audit.events,203913
2026-09-19T17:56:59+00:00,audit-service,audit.events,129395
2026-09-19T17:56:59+00:00,lab-service,exam.requested,0
2026-09-19T17:56:59+00:00,lab-service,exam.requested,0
2026-09-19T17:56:59+00:00,notification-service,exam.completed,0
2026-09-19T17:56:59+00:00,notification-service,exam.completed,0
2026-09-19T17:56:59+00:00,notification-service,exam.completed,0
2026-09-19T17:56:59+00:00,result-service,exam.completed,0
2026-09-19T17:56:59+00:00,result-service,exam.completed,0
2026-09-19T17:56:59+00:00,result-service,exam.completed,0
2026-09-19T17:57:19+00:00,audit-service,audit.events,0
2026-09-19T17:57:19+00:00,audit-service,audit.events,195700
2026-09-19T17:57:19+00:00,audit-service,audit.events,121209
2026-09-19T17:57:19+00:00,lab-service,exam.requested,0
2026-09-19T17:57:19+00:00,lab-service,exam.requested,0
2026-09-19T17:57:19+00:00,notification-service,exam.completed,0
2026-09-19T17:57:19+00:00,notification-service,exam.completed,0
2026-09-19T17:57:19+00:00,notification-service,exam.completed,0
2026-09-19T17:57:19+00:00,result-service,exam.completed,0
2026-09-19T17:57:19+00:00,result-service,exam.completed,0
2026-09-19T17:57:19+00:00,result-service,exam.completed,0
2026-09-19T17:57:38+00:00,audit-service,audit.events,0
2026-09-19T17:57:38+00:00,audit-service,audit.events,187485
2026-09-19T17:57:38+00:00,audit-service,audit.events,112527
2026-09-19T17:57:38+00:00,lab-service,exam.requested,0
2026-09-19T17:57:38+00:00,lab-service,exam.requested,0
2026-09-19T17:57:38+00:00,notification-service,exam.completed,0
2026-09-19T17:57:38+00:00,notification-service,exam.completed,0
2026-09-19T17:57:38+00:00,notification-service,exam.completed,0
2026-09-19T17:57:38+00:00,result-service,exam.completed,0
2026-09-19T17:57:38+00:00,result-service,exam.completed,0
2026-09-19T17:57:38+00:00,result-service,exam.completed,0
2026-09-19T17:57:58+00:00,audit-service,audit.events,0
2026-09-19T17:57:58+00:00,audit-service,audit.events,179278
2026-09-19T17:57:58+00:00,audit-service,audit.events,104285
2026-09-19T17:57:58+00:00,lab-service,exam.requested,0
2026-09-19T17:57:58+00:00,lab-service,exam.requested,0
2026-09-19T17:57:58+00:00,notification-service,exam.completed,0
2026-09-19T17:57:58+00:00,notification-service,exam.completed,0
2026-09-19T17:57:58+00:00,notification-service,exam.completed,0
2026-09-19T17:57:58+00:00,result-service,exam.completed,0
2026-09-19T17:57:58+00:00,result-service,exam.completed,0
2026-09-19T17:57:58+00:00,result-service,exam.completed,0
2026-09-19T17:58:16+00:00,audit-service,audit.events,0
2026-09-19T17:58:16+00:00,audit-service,audit.events,171567
2026-09-19T17:58:16+00:00,audit-service,audit.events,96603
2026-09-19T17:58:16+00:00,lab-service,exam.requested,0
2026-09-19T17:58:16+00:00,lab-service,exam.requested,0
2026-09-19T17:58:16+00:00,notification-service,exam.completed,0
2026-09-19T17:58:16+00:00,notification-service,exam.completed,0
2026-09-19T17:58:16+00:00,notification-service,exam.completed,0
2026-09-19T17:58:16+00:00,result-service,exam.completed,0
2026-09-19T17:58:16+00:00,result-service,exam.completed,0
2026-09-19T17:58:16+00:00,result-service,exam.completed,0
2026-09-19T17:58:35+00:00,audit-service,audit.events,0
2026-09-19T17:58:35+00:00,audit-service,audit.events,163288
2026-09-19T17:58:35+00:00,audit-service,audit.events,88420
2026-09-19T17:58:35+00:00,lab-service,exam.requested,0
2026-09-19T17:58:35+00:00,lab-service,exam.requested,0
2026-09-19T17:58:35+00:00,notification-service,exam.completed,0
2026-09-19T17:58:35+00:00,notification-service,exam.completed,0
2026-09-19T17:58:35+00:00,notification-service,exam.completed,0
2026-09-19T17:58:35+00:00,result-service,exam.completed,0
2026-09-19T17:58:35+00:00,result-service,exam.completed,0
2026-09-19T17:58:35+00:00,result-service,exam.completed,0
2026-09-19T17:58:54+00:00,audit-service,audit.events,0
2026-09-19T17:58:54+00:00,audit-service,audit.events,154581
2026-09-19T17:58:54+00:00,audit-service,audit.events,79736
2026-09-19T17:58:54+00:00,lab-service,exam.requested,0
2026-09-19T17:58:54+00:00,lab-service,exam.requested,0
2026-09-19T17:58:54+00:00,notification-service,exam.completed,0
2026-09-19T17:58:54+00:00,notification-service,exam.completed,0
2026-09-19T17:58:54+00:00,notification-service,exam.completed,0
2026-09-19T17:58:54+00:00,result-service,exam.completed,0
2026-09-19T17:58:54+00:00,result-service,exam.completed,0
2026-09-19T17:58:54+00:00,result-service,exam.completed,0
2026-09-19T17:59:14+00:00,audit-service,audit.events,0
2026-09-19T17:59:14+00:00,audit-service,audit.events,146364
2026-09-19T17:59:14+00:00,audit-service,audit.events,71553
2026-09-19T17:59:14+00:00,lab-service,exam.requested,0
2026-09-19T17:59:14+00:00,lab-service,exam.requested,0
2026-09-19T17:59:14+00:00,notification-service,exam.completed,0
2026-09-19T17:59:14+00:00,notification-service,exam.completed,0
2026-09-19T17:59:14+00:00,notification-service,exam.completed,0
2026-09-19T17:59:14+00:00,result-service,exam.completed,0
2026-09-19T17:59:14+00:00,result-service,exam.completed,0
2026-09-19T17:59:14+00:00,result-service,exam.completed,0
2026-09-19T17:59:34+00:00,audit-service,audit.events,0
2026-09-19T17:59:34+00:00,audit-service,audit.events,138155
2026-09-19T17:59:34+00:00,audit-service,audit.events,63303
2026-09-19T17:59:34+00:00,lab-service,exam.requested,0
2026-09-19T17:59:34+00:00,lab-service,exam.requested,0
2026-09-19T17:59:34+00:00,notification-service,exam.completed,0
2026-09-19T17:59:34+00:00,notification-service,exam.completed,0
2026-09-19T17:59:34+00:00,notification-service,exam.completed,0
2026-09-19T17:59:34+00:00,result-service,exam.completed,0
2026-09-19T17:59:34+00:00,result-service,exam.completed,0
2026-09-19T17:59:34+00:00,result-service,exam.completed,0
2026-09-19T17:59:54+00:00,audit-service,audit.events,0
2026-09-19T17:59:54+00:00,audit-service,audit.events,129878
2026-09-19T17:59:54+00:00,audit-service,audit.events,54621
2026-09-19T17:59:54+00:00,lab-service,exam.requested,0
2026-09-19T17:59:54+00:00,lab-service,exam.requested,0
2026-09-19T17:59:54+00:00,notification-service,exam.completed,0
2026-09-19T17:59:54+00:00,notification-service,exam.completed,0
2026-09-19T17:59:54+00:00,notification-service,exam.completed,0
2026-09-19T17:59:54+00:00,result-service,exam.completed,0
2026-09-19T17:59:54+00:00,result-service,exam.completed,0
2026-09-19T17:59:54+00:00,result-service,exam.completed,0
2026-09-19T18:00:14+00:00,audit-service,audit.events,0
2026-09-19T18:00:14+00:00,audit-service,audit.events,120661
2026-09-19T18:00:14+00:00,audit-service,audit.events,45939
2026-09-19T18:00:14+00:00,lab-service,exam.requested,0
2026-09-19T18:00:14+00:00,lab-service,exam.requested,0
2026-09-19T18:00:14+00:00,notification-service,exam.completed,0
2026-09-19T18:00:14+00:00,notification-service,exam.completed,0
2026-09-19T18:00:14+00:00,notification-service,exam.completed,0
2026-09-19T18:00:14+00:00,result-service,exam.completed,0
2026-09-19T18:00:14+00:00,result-service,exam.completed,0
2026-09-19T18:00:14+00:00,result-service,exam.completed,0
2026-09-19T18:00:35+00:00,audit-service,audit.events,0
2026-09-19T18:00:35+00:00,audit-service,audit.events,112954
2026-09-19T18:00:35+00:00,audit-service,audit.events,37725
2026-09-19T18:00:35+00:00,lab-service,exam.requested,0
2026-09-19T18:00:35+00:00,lab-service,exam.requested,0
2026-09-19T18:00:35+00:00,notification-service,exam.completed,0
2026-09-19T18:00:35+00:00,notification-service,exam.completed,0
2026-09-19T18:00:35+00:00,notification-service,exam.completed,0
2026-09-19T18:00:35+00:00,result-service,exam.completed,0
2026-09-19T18:00:35+00:00,result-service,exam.completed,0
2026-09-19T18:00:35+00:00,result-service,exam.completed,0
2026-09-19T18:00:56+00:00,audit-service,audit.events,0
2026-09-19T18:00:56+00:00,audit-service,audit.events,104748
2026-09-19T18:00:56+00:00,audit-service,audit.events,29572
2026-09-19T18:00:56+00:00,lab-service,exam.requested,0
2026-09-19T18:00:56+00:00,lab-service,exam.requested,0
2026-09-19T18:00:56+00:00,notification-service,exam.completed,0
2026-09-19T18:00:56+00:00,notification-service,exam.completed,0
2026-09-19T18:00:56+00:00,notification-service,exam.completed,0
2026-09-19T18:00:56+00:00,result-service,exam.completed,0
2026-09-19T18:00:56+00:00,result-service,exam.completed,0
2026-09-19T18:00:56+00:00,result-service,exam.completed,0
2026-09-19T18:01:15+00:00,audit-service,audit.events,0
2026-09-19T18:01:15+00:00,audit-service,audit.events,95977
2026-09-19T18:01:15+00:00,audit-service,audit.events,21419
2026-09-19T18:01:15+00:00,lab-service,exam.requested,0
2026-09-19T18:01:15+00:00,lab-service,exam.requested,0
2026-09-19T18:01:15+00:00,notification-service,exam.completed,0
2026-09-19T18:01:15+00:00,notification-service,exam.completed,0
2026-09-19T18:01:15+00:00,notification-service,exam.completed,0
2026-09-19T18:01:15+00:00,result-service,exam.completed,0
2026-09-19T18:01:15+00:00,result-service,exam.completed,0
2026-09-19T18:01:15+00:00,result-service,exam.completed,0
2026-09-19T18:01:35+00:00,audit-service,audit.events,0
2026-09-19T18:01:35+00:00,audit-service,audit.events,87772
2026-09-19T18:01:35+00:00,audit-service,audit.events,12766
2026-09-19T18:01:35+00:00,lab-service,exam.requested,0
2026-09-19T18:01:35+00:00,lab-service,exam.requested,0
2026-09-19T18:01:35+00:00,notification-service,exam.completed,0
2026-09-19T18:01:35+00:00,notification-service,exam.completed,0
2026-09-19T18:01:35+00:00,notification-service,exam.completed,0
2026-09-19T18:01:35+00:00,result-service,exam.completed,0
2026-09-19T18:01:35+00:00,result-service,exam.completed,0
2026-09-19T18:01:35+00:00,result-service,exam.completed,0
2026-09-19T18:01:56+00:00,audit-service,audit.events,0
2026-09-19T18:01:56+00:00,audit-service,audit.events,79568
2026-09-19T18:01:56+00:00,audit-service,audit.events,4561
2026-09-19T18:01:56+00:00,lab-service,exam.requested,0
2026-09-19T18:01:56+00:00,lab-service,exam.requested,0
2026-09-19T18:01:56+00:00,notification-service,exam.completed,0
2026-09-19T18:01:56+00:00,notification-service,exam.completed,0
2026-09-19T18:01:56+00:00,notification-service,exam.completed,0
2026-09-19T18:01:56+00:00,result-service,exam.completed,0
2026-09-19T18:01:56+00:00,result-service,exam.completed,0
2026-09-19T18:01:56+00:00,result-service,exam.completed,0
2026-09-19T18:02:14+00:00,audit-service,audit.events,0
2026-09-19T18:02:14+00:00,audit-service,audit.events,71367
2026-09-19T18:02:14+00:00,audit-service,audit.events,0
2026-09-19T18:02:14+00:00,lab-service,exam.requested,0
2026-09-19T18:02:14+00:00,lab-service,exam.requested,0
2026-09-19T18:02:14+00:00,notification-service,exam.completed,0
2026-09-19T18:02:14+00:00,notification-service,exam.completed,0
2026-09-19T18:02:14+00:00,notification-service,exam.completed,0
2026-09-19T18:02:14+00:00,result-service,exam.completed,0
2026-09-19T18:02:14+00:00,result-service,exam.completed,0
2026-09-19T18:02:14+00:00,result-service,exam.completed,0
2026-09-19T18:02:34+00:00,audit-service,audit.events,0
2026-09-19T18:02:34+00:00,audit-service,audit.events,62123
2026-09-19T18:02:34+00:00,audit-service,audit.events,0
2026-09-19T18:02:34+00:00,lab-service,exam.requested,0
2026-09-19T18:02:34+00:00,lab-service,exam.requested,0
2026-09-19T18:02:34+00:00,notification-service,exam.completed,0
2026-09-19T18:02:34+00:00,notification-service,exam.completed,0
2026-09-19T18:02:34+00:00,notification-service,exam.completed,0
2026-09-19T18:02:34+00:00,result-service,exam.completed,0
2026-09-19T18:02:34+00:00,result-service,exam.completed,0
2026-09-19T18:02:34+00:00,result-service,exam.completed,0
2026-09-19T18:02:53+00:00,audit-service,audit.events,0
2026-09-19T18:02:53+00:00,audit-service,audit.events,52911
2026-09-19T18:02:53+00:00,audit-service,audit.events,0
2026-09-19T18:02:53+00:00,lab-service,exam.requested,0
2026-09-19T18:02:53+00:00,lab-service,exam.requested,0
2026-09-19T18:02:53+00:00,notification-service,exam.completed,0
2026-09-19T18:02:53+00:00,notification-service,exam.completed,0
2026-09-19T18:02:53+00:00,notification-service,exam.completed,0
2026-09-19T18:02:53+00:00,result-service,exam.completed,0
2026-09-19T18:02:53+00:00,result-service,exam.completed,0
2026-09-19T18:02:53+00:00,result-service,exam.completed,0
2026-09-19T18:03:13+00:00,audit-service,audit.events,0
2026-09-19T18:03:13+00:00,audit-service,audit.events,43747
2026-09-19T18:03:13+00:00,audit-service,audit.events,0
2026-09-19T18:03:13+00:00,lab-service,exam.requested,0
2026-09-19T18:03:13+00:00,lab-service,exam.requested,0
2026-09-19T18:03:13+00:00,notification-service,exam.completed,0
2026-09-19T18:03:13+00:00,notification-service,exam.completed,0
2026-09-19T18:03:13+00:00,notification-service,exam.completed,0
2026-09-19T18:03:13+00:00,result-service,exam.completed,0
2026-09-19T18:03:13+00:00,result-service,exam.completed,0
2026-09-19T18:03:13+00:00,result-service,exam.completed,0
2026-09-19T18:03:32+00:00,audit-service,audit.events,0
2026-09-19T18:03:32+00:00,audit-service,audit.events,35030
2026-09-19T18:03:32+00:00,audit-service,audit.events,0
2026-09-19T18:03:32+00:00,lab-service,exam.requested,0
2026-09-19T18:03:32+00:00,lab-service,exam.requested,0
2026-09-19T18:03:32+00:00,notification-service,exam.completed,0
2026-09-19T18:03:32+00:00,notification-service,exam.completed,0
2026-09-19T18:03:32+00:00,notification-service,exam.completed,0
2026-09-19T18:03:32+00:00,result-service,exam.completed,0
2026-09-19T18:03:32+00:00,result-service,exam.completed,0
2026-09-19T18:03:32+00:00,result-service,exam.completed,0
2026-09-19T18:03:52+00:00,audit-service,audit.events,0
2026-09-19T18:03:52+00:00,audit-service,audit.events,26370
2026-09-19T18:03:52+00:00,audit-service,audit.events,0
2026-09-19T18:03:52+00:00,lab-service,exam.requested,0
2026-09-19T18:03:52+00:00,lab-service,exam.requested,0
2026-09-19T18:03:52+00:00,notification-service,exam.completed,0
2026-09-19T18:03:52+00:00,notification-service,exam.completed,0
2026-09-19T18:03:52+00:00,notification-service,exam.completed,0
2026-09-19T18:03:52+00:00,result-service,exam.completed,0
2026-09-19T18:03:52+00:00,result-service,exam.completed,0
2026-09-19T18:03:52+00:00,result-service,exam.completed,0
2026-09-19T18:04:11+00:00,audit-service,audit.events,0
2026-09-19T18:04:11+00:00,audit-service,audit.events,17704
2026-09-19T18:04:11+00:00,audit-service,audit.events,0
2026-09-19T18:04:11+00:00,lab-service,exam.requested,0
2026-09-19T18:04:11+00:00,lab-service,exam.requested,0
2026-09-19T18:04:11+00:00,notification-service,exam.completed,0
2026-09-19T18:04:11+00:00,notification-service,exam.completed,0
2026-09-19T18:04:11+00:00,notification-service,exam.completed,0
2026-09-19T18:04:11+00:00,result-service,exam.completed,0
2026-09-19T18:04:11+00:00,result-service,exam.completed,0
2026-09-19T18:04:11+00:00,result-service,exam.completed,0
2026-09-19T18:04:31+00:00,audit-service,audit.events,0
2026-09-19T18:04:31+00:00,audit-service,audit.events,8486
2026-09-19T18:04:31+00:00,audit-service,audit.events,0
2026-09-19T18:04:31+00:00,lab-service,exam.requested,0
2026-09-19T18:04:31+00:00,lab-service,exam.requested,0
2026-09-19T18:04:31+00:00,notification-service,exam.completed,0
2026-09-19T18:04:31+00:00,notification-service,exam.completed,0
2026-09-19T18:04:31+00:00,notification-service,exam.completed,0
2026-09-19T18:04:31+00:00,result-service,exam.completed,0
2026-09-19T18:04:31+00:00,result-service,exam.completed,0
2026-09-19T18:04:31+00:00,result-service,exam.completed,0
2026-09-19T18:04:52+00:00,audit-service,audit.events,0
2026-09-19T18:04:52+00:00,audit-service,audit.events,0
2026-09-19T18:04:52+00:00,audit-service,audit.events,0
2026-09-19T18:04:52+00:00,lab-service,exam.requested,0
2026-09-19T18:04:52+00:00,lab-service,exam.requested,0
2026-09-19T18:04:52+00:00,notification-service,exam.completed,0
2026-09-19T18:04:52+00:00,notification-service,exam.completed,0
2026-09-19T18:04:52+00:00,notification-service,exam.completed,0
2026-09-19T18:04:52+00:00,result-service,exam.completed,0
2026-09-19T18:04:52+00:00,result-service,exam.completed,0
2026-09-19T18:04:52+00:00,result-service,exam.completed,0
2026-09-19T18:05:10+00:00,audit-service,audit.events,0
2026-09-19T18:05:10+00:00,audit-service,audit.events,0
2026-09-19T18:05:10+00:00,audit-service,audit.events,0
2026-09-19T18:05:10+00:00,lab-service,exam.requested,0
2026-09-19T18:05:10+00:00,lab-service,exam.requested,0
2026-09-19T18:05:10+00:00,notification-service,exam.completed,0
2026-09-19T18:05:10+00:00,notification-service,exam.completed,0
2026-09-19T18:05:10+00:00,notification-service,exam.completed,0
2026-09-19T18:05:10+00:00,result-service,exam.completed,0
2026-09-19T18:05:10+00:00,result-service,exam.completed,0
2026-09-19T18:05:10+00:00,result-service,exam.completed,0
2026-09-19T18:05:29+00:00,audit-service,audit.events,0
2026-09-19T18:05:29+00:00,audit-service,audit.events,0
2026-09-19T18:05:29+00:00,audit-service,audit.events,0
2026-09-19T18:05:29+00:00,lab-service,exam.requested,0
2026-09-19T18:05:29+00:00,lab-service,exam.requested,0
2026-09-19T18:05:29+00:00,notification-service,exam.completed,0
2026-09-19T18:05:29+00:00,notification-service,exam.completed,0
2026-09-19T18:05:29+00:00,notification-service,exam.completed,0
2026-09-19T18:05:29+00:00,result-service,exam.completed,0
2026-09-19T18:05:29+00:00,result-service,exam.completed,0
2026-09-19T18:05:29+00:00,result-service,exam.completed,0
2026-09-19T18:05:48+00:00,audit-service,audit.events,0
2026-09-19T18:05:48+00:00,audit-service,audit.events,0
2026-09-19T18:05:48+00:00,audit-service,audit.events,0
2026-09-19T18:05:48+00:00,lab-service,exam.requested,0
2026-09-19T18:05:48+00:00,lab-service,exam.requested,0
2026-09-19T18:05:48+00:00,notification-service,exam.completed,0
2026-09-19T18:05:48+00:00,notification-service,exam.completed,0
2026-09-19T18:05:48+00:00,notification-service,exam.completed,0
2026-09-19T18:05:48+00:00,result-service,exam.completed,0
2026-09-19T18:05:48+00:00,result-service,exam.completed,0
2026-09-19T18:05:48+00:00,result-service,exam.completed,0
2026-09-19T18:06:09+00:00,audit-service,audit.events,0
2026-09-19T18:06:09+00:00,audit-service,audit.events,0
2026-09-19T18:06:09+00:00,audit-service,audit.events,0
2026-09-19T18:06:09+00:00,lab-service,exam.requested,0
2026-09-19T18:06:09+00:00,lab-service,exam.requested,0
2026-09-19T18:06:09+00:00,notification-service,exam.completed,0
2026-09-19T18:06:09+00:00,notification-service,exam.completed,0
2026-09-19T18:06:09+00:00,notification-service,exam.completed,0
2026-09-19T18:06:09+00:00,result-service,exam.completed,0
2026-09-19T18:06:09+00:00,result-service,exam.completed,0
2026-09-19T18:06:09+00:00,result-service,exam.completed,0
2026-09-19T18:06:29+00:00,audit-service,audit.events,0
2026-09-19T18:06:29+00:00,audit-service,audit.events,0
2026-09-19T18:06:29+00:00,audit-service,audit.events,0
2026-09-19T18:06:29+00:00,lab-service,exam.requested,0
2026-09-19T18:06:29+00:00,lab-service,exam.requested,0
2026-09-19T18:06:29+00:00,notification-service,exam.completed,0
2026-09-19T18:06:29+00:00,notification-service,exam.completed,0
2026-09-19T18:06:29+00:00,notification-service,exam.completed,0
2026-09-19T18:06:29+00:00,result-service,exam.completed,0
2026-09-19T18:06:29+00:00,result-service,exam.completed,0
2026-09-19T18:06:29+00:00,result-service,exam.completed,0
2026-09-19T18:06:49+00:00,audit-service,audit.events,0
2026-09-19T18:06:49+00:00,audit-service,audit.events,0
2026-09-19T18:06:49+00:00,audit-service,audit.events,0
2026-09-19T18:06:49+00:00,lab-service,exam.requested,0
2026-09-19T18:06:49+00:00,lab-service,exam.requested,0
2026-09-19T18:06:49+00:00,notification-service,exam.completed,0
2026-09-19T18:06:49+00:00,notification-service,exam.completed,0
2026-09-19T18:06:49+00:00,notification-service,exam.completed,0
2026-09-19T18:06:49+00:00,result-service,exam.completed,0
2026-09-19T18:06:49+00:00,result-service,exam.completed,0
2026-09-19T18:06:49+00:00,result-service,exam.completed,0
2026-09-19T18:07:09+00:00,audit-service,audit.events,0
2026-09-19T18:07:09+00:00,audit-service,audit.events,0
2026-09-19T18:07:09+00:00,audit-service,audit.events,0
2026-09-19T18:07:09+00:00,lab-service,exam.requested,0
2026-09-19T18:07:09+00:00,lab-service,exam.requested,0
2026-09-19T18:07:09+00:00,notification-service,exam.completed,0
2026-09-19T18:07:09+00:00,notification-service,exam.completed,0
2026-09-19T18:07:09+00:00,notification-service,exam.completed,0
2026-09-19T18:07:09+00:00,result-service,exam.completed,0
2026-09-19T18:07:09+00:00,result-service,exam.completed,0
2026-09-19T18:07:09+00:00,result-service,exam.completed,0
2026-09-19T18:07:29+00:00,audit-service,audit.events,0
2026-09-19T18:07:29+00:00,audit-service,audit.events,0
2026-09-19T18:07:29+00:00,audit-service,audit.events,0
2026-09-19T18:07:29+00:00,lab-service,exam.requested,0
2026-09-19T18:07:29+00:00,lab-service,exam.requested,0
2026-09-19T18:07:29+00:00,notification-service,exam.completed,0
2026-09-19T18:07:29+00:00,notification-service,exam.completed,0
2026-09-19T18:07:29+00:00,notification-service,exam.completed,0
2026-09-19T18:07:29+00:00,result-service,exam.completed,0
2026-09-19T18:07:29+00:00,result-service,exam.completed,0
2026-09-19T18:07:29+00:00,result-service,exam.completed,0
2026-09-19T18:07:51+00:00,audit-service,audit.events,0
2026-09-19T18:07:51+00:00,audit-service,audit.events,0
2026-09-19T18:07:51+00:00,audit-service,audit.events,0
2026-09-19T18:07:51+00:00,lab-service,exam.requested,0
2026-09-19T18:07:51+00:00,lab-service,exam.requested,0
2026-09-19T18:07:51+00:00,notification-service,exam.completed,0
2026-09-19T18:07:51+00:00,notification-service,exam.completed,0
2026-09-19T18:07:51+00:00,notification-service,exam.completed,0
2026-09-19T18:07:51+00:00,result-service,exam.completed,0
2026-09-19T18:07:51+00:00,result-service,exam.completed,0
2026-09-19T18:07:51+00:00,result-service,exam.completed,0
2026-09-19T18:08:12+00:00,audit-service,audit.events,0
2026-09-19T18:08:12+00:00,audit-service,audit.events,0
2026-09-19T18:08:12+00:00,audit-service,audit.events,0
2026-09-19T18:08:12+00:00,lab-service,exam.requested,0
2026-09-19T18:08:12+00:00,lab-service,exam.requested,0
2026-09-19T18:08:12+00:00,notification-service,exam.completed,0
2026-09-19T18:08:12+00:00,notification-service,exam.completed,0
2026-09-19T18:08:12+00:00,notification-service,exam.completed,0
2026-09-19T18:08:12+00:00,result-service,exam.completed,0
2026-09-19T18:08:12+00:00,result-service,exam.completed,0
2026-09-19T18:08:12+00:00,result-service,exam.completed,0
2026-09-19T18:08:33+00:00,audit-service,audit.events,0
2026-09-19T18:08:33+00:00,audit-service,audit.events,0
2026-09-19T18:08:33+00:00,audit-service,audit.events,0
2026-09-19T18:08:33+00:00,lab-service,exam.requested,0
2026-09-19T18:08:33+00:00,lab-service,exam.requested,0
2026-09-19T18:08:33+00:00,notification-service,exam.completed,0
2026-09-19T18:08:33+00:00,notification-service,exam.completed,0
2026-09-19T18:08:33+00:00,notification-service,exam.completed,0
2026-09-19T18:08:33+00:00,result-service,exam.completed,0
2026-09-19T18:08:33+00:00,result-service,exam.completed,0
2026-09-19T18:08:33+00:00,result-service,exam.completed,0
2026-09-19T18:08:52+00:00,audit-service,audit.events,0
2026-09-19T18:08:52+00:00,audit-service,audit.events,0
2026-09-19T18:08:52+00:00,audit-service,audit.events,0
2026-09-19T18:08:52+00:00,lab-service,exam.requested,0
2026-09-19T18:08:52+00:00,lab-service,exam.requested,0
2026-09-19T18:08:52+00:00,notification-service,exam.completed,0
2026-09-19T18:08:52+00:00,notification-service,exam.completed,0
2026-09-19T18:08:52+00:00,notification-service,exam.completed,0
2026-09-19T18:08:52+00:00,result-service,exam.completed,0
2026-09-19T18:08:52+00:00,result-service,exam.completed,0
2026-09-19T18:08:52+00:00,result-service,exam.completed,0
2026-09-19T18:09:12+00:00,audit-service,audit.events,0
2026-09-19T18:09:12+00:00,audit-service,audit.events,0
2026-09-19T18:09:12+00:00,audit-service,audit.events,0
2026-09-19T18:09:12+00:00,lab-service,exam.requested,0
2026-09-19T18:09:12+00:00,lab-service,exam.requested,0
2026-09-19T18:09:12+00:00,notification-service,exam.completed,0
2026-09-19T18:09:12+00:00,notification-service,exam.completed,0
2026-09-19T18:09:12+00:00,notification-service,exam.completed,0
2026-09-19T18:09:12+00:00,result-service,exam.completed,0
2026-09-19T18:09:12+00:00,result-service,exam.completed,0
2026-09-19T18:09:12+00:00,result-service,exam.completed,0
2026-09-19T18:09:32+00:00,audit-service,audit.events,0
2026-09-19T18:09:32+00:00,audit-service,audit.events,0
2026-09-19T18:09:32+00:00,audit-service,audit.events,0
2026-09-19T18:09:32+00:00,lab-service,exam.requested,0
2026-09-19T18:09:32+00:00,lab-service,exam.requested,0
2026-09-19T18:09:32+00:00,notification-service,exam.completed,0
2026-09-19T18:09:32+00:00,notification-service,exam.completed,0
2026-09-19T18:09:32+00:00,notification-service,exam.completed,0
2026-09-19T18:09:32+00:00,result-service,exam.completed,0
2026-09-19T18:09:32+00:00,result-service,exam.completed,0
2026-09-19T18:09:32+00:00,result-service,exam.completed,0
2026-09-19T18:09:52+00:00,audit-service,audit.events,0
2026-09-19T18:09:52+00:00,audit-service,audit.events,0
2026-09-19T18:09:52+00:00,audit-service,audit.events,0
2026-09-19T18:09:52+00:00,lab-service,exam.requested,0
2026-09-19T18:09:52+00:00,lab-service,exam.requested,0
2026-09-19T18:09:52+00:00,notification-service,exam.completed,0
2026-09-19T18:09:52+00:00,notification-service,exam.completed,0
2026-09-19T18:09:52+00:00,notification-service,exam.completed,0
2026-09-19T18:09:52+00:00,result-service,exam.completed,0
2026-09-19T18:09:52+00:00,result-service,exam.completed,0
2026-09-19T18:09:52+00:00,result-service,exam.completed,0
2026-09-19T18:10:12+00:00,audit-service,audit.events,0
2026-09-19T18:10:12+00:00,audit-service,audit.events,0
2026-09-19T18:10:12+00:00,audit-service,audit.events,0
2026-09-19T18:10:12+00:00,lab-service,exam.requested,0
2026-09-19T18:10:12+00:00,lab-service,exam.requested,0
2026-09-19T18:10:12+00:00,notification-service,exam.completed,0
2026-09-19T18:10:12+00:00,notification-service,exam.completed,0
2026-09-19T18:10:12+00:00,notification-service,exam.completed,0
2026-09-19T18:10:12+00:00,result-service,exam.completed,0
2026-09-19T18:10:12+00:00,result-service,exam.completed,0
2026-09-19T18:10:12+00:00,result-service,exam.completed,0
2026-09-19T18:10:32+00:00,audit-service,audit.events,0
2026-09-19T18:10:32+00:00,audit-service,audit.events,0
2026-09-19T18:10:32+00:00,audit-service,audit.events,0
2026-09-19T18:10:32+00:00,lab-service,exam.requested,0
2026-09-19T18:10:32+00:00,lab-service,exam.requested,0
2026-09-19T18:10:32+00:00,notification-service,exam.completed,0
2026-09-19T18:10:32+00:00,notification-service,exam.completed,0
2026-09-19T18:10:32+00:00,notification-service,exam.completed,0
2026-09-19T18:10:32+00:00,result-service,exam.completed,0
2026-09-19T18:10:32+00:00,result-service,exam.completed,0
2026-09-19T18:10:32+00:00,result-service,exam.completed,0
2026-09-19T18:10:51+00:00,audit-service,audit.events,0
2026-09-19T18:10:51+00:00,audit-service,audit.events,0
2026-09-19T18:10:51+00:00,audit-service,audit.events,0
2026-09-19T18:10:51+00:00,lab-service,exam.requested,0
2026-09-19T18:10:51+00:00,lab-service,exam.requested,0
2026-09-19T18:10:51+00:00,notification-service,exam.completed,0
2026-09-19T18:10:51+00:00,notification-service,exam.completed,0
2026-09-19T18:10:51+00:00,notification-service,exam.completed,0
2026-09-19T18:10:51+00:00,result-service,exam.completed,0
2026-09-19T18:10:51+00:00,result-service,exam.completed,0
2026-09-19T18:10:51+00:00,result-service,exam.completed,0
2026-09-19T18:11:10+00:00,audit-service,audit.events,0
2026-09-19T18:11:10+00:00,audit-service,audit.events,0
2026-09-19T18:11:10+00:00,audit-service,audit.events,0
2026-09-19T18:11:10+00:00,lab-service,exam.requested,0
2026-09-19T18:11:10+00:00,lab-service,exam.requested,0
2026-09-19T18:11:10+00:00,notification-service,exam.completed,0
2026-09-19T18:11:10+00:00,notification-service,exam.completed,0
2026-09-19T18:11:10+00:00,notification-service,exam.completed,0
2026-09-19T18:11:10+00:00,result-service,exam.completed,0
2026-09-19T18:11:10+00:00,result-service,exam.completed,0
2026-09-19T18:11:10+00:00,result-service,exam.completed,0
2026-09-19T18:11:29+00:00,audit-service,audit.events,0
2026-09-19T18:11:29+00:00,audit-service,audit.events,0
2026-09-19T18:11:29+00:00,audit-service,audit.events,0
2026-09-19T18:11:29+00:00,lab-service,exam.requested,0
2026-09-19T18:11:29+00:00,lab-service,exam.requested,0
2026-09-19T18:11:29+00:00,notification-service,exam.completed,0
2026-09-19T18:11:29+00:00,notification-service,exam.completed,0
2026-09-19T18:11:29+00:00,notification-service,exam.completed,0
2026-09-19T18:11:29+00:00,result-service,exam.completed,0
2026-09-19T18:11:29+00:00,result-service,exam.completed,0
2026-09-19T18:11:29+00:00,result-service,exam.completed,0
2026-09-19T18:11:48+00:00,audit-service,audit.events,0
2026-09-19T18:11:48+00:00,audit-service,audit.events,0
2026-09-19T18:11:48+00:00,audit-service,audit.events,0
2026-09-19T18:11:48+00:00,lab-service,exam.requested,0
2026-09-19T18:11:48+00:00,lab-service,exam.requested,0
2026-09-19T18:11:48+00:00,notification-service,exam.completed,0
2026-09-19T18:11:48+00:00,notification-service,exam.completed,0
2026-09-19T18:11:48+00:00,notification-service,exam.completed,0
2026-09-19T18:11:48+00:00,result-service,exam.completed,0
2026-09-19T18:11:48+00:00,result-service,exam.completed,0
2026-09-19T18:11:48+00:00,result-service,exam.completed,0
2026-09-19T18:12:07+00:00,audit-service,audit.events,0
2026-09-19T18:12:07+00:00,audit-service,audit.events,0
2026-09-19T18:12:07+00:00,audit-service,audit.events,0
2026-09-19T18:12:07+00:00,lab-service,exam.requested,0
2026-09-19T18:12:07+00:00,lab-service,exam.requested,0
2026-09-19T18:12:07+00:00,notification-service,exam.completed,0
2026-09-19T18:12:07+00:00,notification-service,exam.completed,0
2026-09-19T18:12:07+00:00,notification-service,exam.completed,0
2026-09-19T18:12:07+00:00,result-service,exam.completed,0
2026-09-19T18:12:07+00:00,result-service,exam.completed,0
2026-09-19T18:12:07+00:00,result-service,exam.completed,0
2026-09-19T18:12:26+00:00,audit-service,audit.events,0
2026-09-19T18:12:26+00:00,audit-service,audit.events,0
2026-09-19T18:12:26+00:00,audit-service,audit.events,0
2026-09-19T18:12:26+00:00,lab-service,exam.requested,0
2026-09-19T18:12:26+00:00,lab-service,exam.requested,0
2026-09-19T18:12:26+00:00,notification-service,exam.completed,0
2026-09-19T18:12:26+00:00,notification-service,exam.completed,0
2026-09-19T18:12:26+00:00,notification-service,exam.completed,0
2026-09-19T18:12:26+00:00,result-service,exam.completed,0
2026-09-19T18:12:26+00:00,result-service,exam.completed,0
2026-09-19T18:12:26+00:00,result-service,exam.completed,0
2026-09-19T18:12:44+00:00,audit-service,audit.events,0
2026-09-19T18:12:44+00:00,audit-service,audit.events,0
2026-09-19T18:12:44+00:00,audit-service,audit.events,0
2026-09-19T18:12:44+00:00,lab-service,exam.requested,0
2026-09-19T18:12:44+00:00,lab-service,exam.requested,0
2026-09-19T18:12:44+00:00,notification-service,exam.completed,0
2026-09-19T18:12:44+00:00,notification-service,exam.completed,0
2026-09-19T18:12:44+00:00,notification-service,exam.completed,0
2026-09-19T18:12:44+00:00,result-service,exam.completed,0
2026-09-19T18:12:44+00:00,result-service,exam.completed,0
2026-09-19T18:12:44+00:00,result-service,exam.completed,0
2026-09-19T18:13:03+00:00,audit-service,audit.events,0
2026-09-19T18:13:03+00:00,audit-service,audit.events,0
2026-09-19T18:13:03+00:00,audit-service,audit.events,0
2026-09-19T18:13:03+00:00,lab-service,exam.requested,0
2026-09-19T18:13:03+00:00,lab-service,exam.requested,0
2026-09-19T18:13:03+00:00,notification-service,exam.completed,0
2026-09-19T18:13:03+00:00,notification-service,exam.completed,0
2026-09-19T18:13:03+00:00,notification-service,exam.completed,0
2026-09-19T18:13:03+00:00,result-service,exam.completed,0
2026-09-19T18:13:03+00:00,result-service,exam.completed,0
2026-09-19T18:13:03+00:00,result-service,exam.completed,0
2026-09-19T18:13:22+00:00,audit-service,audit.events,0
2026-09-19T18:13:22+00:00,audit-service,audit.events,0
2026-09-19T18:13:22+00:00,audit-service,audit.events,0
2026-09-19T18:13:22+00:00,lab-service,exam.requested,0
2026-09-19T18:13:22+00:00,lab-service,exam.requested,0
2026-09-19T18:13:22+00:00,notification-service,exam.completed,0
2026-09-19T18:13:22+00:00,notification-service,exam.completed,0
2026-09-19T18:13:22+00:00,notification-service,exam.completed,0
2026-09-19T18:13:22+00:00,result-service,exam.completed,0
2026-09-19T18:13:22+00:00,result-service,exam.completed,0
2026-09-19T18:13:22+00:00,result-service,exam.completed,0
2026-09-19T18:13:42+00:00,audit-service,audit.events,0
2026-09-19T18:13:42+00:00,audit-service,audit.events,0
2026-09-19T18:13:42+00:00,audit-service,audit.events,0
2026-09-19T18:13:42+00:00,lab-service,exam.requested,0
2026-09-19T18:13:42+00:00,lab-service,exam.requested,0
2026-09-19T18:13:42+00:00,notification-service,exam.completed,0
2026-09-19T18:13:42+00:00,notification-service,exam.completed,0
2026-09-19T18:13:42+00:00,notification-service,exam.completed,0
2026-09-19T18:13:42+00:00,result-service,exam.completed,0
2026-09-19T18:13:42+00:00,result-service,exam.completed,0
2026-09-19T18:13:42+00:00,result-service,exam.completed,0
2026-09-19T18:14:02+00:00,audit-service,audit.events,0
2026-09-19T18:14:02+00:00,audit-service,audit.events,0
2026-09-19T18:14:02+00:00,audit-service,audit.events,0
2026-09-19T18:14:02+00:00,lab-service,exam.requested,0
2026-09-19T18:14:02+00:00,lab-service,exam.requested,0
2026-09-19T18:14:02+00:00,notification-service,exam.completed,0
2026-09-19T18:14:02+00:00,notification-service,exam.completed,0
2026-09-19T18:14:02+00:00,notification-service,exam.completed,0
2026-09-19T18:14:02+00:00,result-service,exam.completed,0
2026-09-19T18:14:02+00:00,result-service,exam.completed,0
2026-09-19T18:14:02+00:00,result-service,exam.completed,0
2026-09-19T18:14:22+00:00,audit-service,audit.events,0
2026-09-19T18:14:22+00:00,audit-service,audit.events,0
2026-09-19T18:14:22+00:00,audit-service,audit.events,0
2026-09-19T18:14:22+00:00,lab-service,exam.requested,0
2026-09-19T18:14:22+00:00,lab-service,exam.requested,0
2026-09-19T18:14:22+00:00,notification-service,exam.completed,0
2026-09-19T18:14:22+00:00,notification-service,exam.completed,0
2026-09-19T18:14:22+00:00,notification-service,exam.completed,0
2026-09-19T18:14:22+00:00,result-service,exam.completed,0
2026-09-19T18:14:22+00:00,result-service,exam.completed,0
2026-09-19T18:14:22+00:00,result-service,exam.completed,0
2026-09-19T18:14:41+00:00,audit-service,audit.events,0
2026-09-19T18:14:41+00:00,audit-service,audit.events,0
2026-09-19T18:14:41+00:00,audit-service,audit.events,0
2026-09-19T18:14:41+00:00,lab-service,exam.requested,0
2026-09-19T18:14:41+00:00,lab-service,exam.requested,0
2026-09-19T18:14:41+00:00,notification-service,exam.completed,0
2026-09-19T18:14:41+00:00,notification-service,exam.completed,0
2026-09-19T18:14:41+00:00,notification-service,exam.completed,0
2026-09-19T18:14:41+00:00,result-service,exam.completed,0
2026-09-19T18:14:41+00:00,result-service,exam.completed,0
2026-09-19T18:14:41+00:00,result-service,exam.completed,0
2026-09-19T18:15:02+00:00,audit-service,audit.events,0
2026-09-19T18:15:02+00:00,audit-service,audit.events,0
2026-09-19T18:15:02+00:00,audit-service,audit.events,0
2026-09-19T18:15:02+00:00,lab-service,exam.requested,0
2026-09-19T18:15:02+00:00,lab-service,exam.requested,0
2026-09-19T18:15:02+00:00,notification-service,exam.completed,0
2026-09-19T18:15:02+00:00,notification-service,exam.completed,0
2026-09-19T18:15:02+00:00,notification-service,exam.completed,0
2026-09-19T18:15:02+00:00,result-service,exam.completed,0
2026-09-19T18:15:02+00:00,result-service,exam.completed,0
2026-09-19T18:15:02+00:00,result-service,exam.completed,0
2026-09-19T18:15:22+00:00,audit-service,audit.events,0
2026-09-19T18:15:22+00:00,audit-service,audit.events,0
2026-09-19T18:15:22+00:00,audit-service,audit.events,0
2026-09-19T18:15:22+00:00,lab-service,exam.requested,0
2026-09-19T18:15:22+00:00,lab-service,exam.requested,0
2026-09-19T18:15:22+00:00,notification-service,exam.completed,0
2026-09-19T18:15:22+00:00,notification-service,exam.completed,0
2026-09-19T18:15:22+00:00,notification-service,exam.completed,0
2026-09-19T18:15:22+00:00,result-service,exam.completed,0
2026-09-19T18:15:22+00:00,result-service,exam.completed,0
2026-09-19T18:15:22+00:00,result-service,exam.completed,0
2026-09-19T18:15:42+00:00,audit-service,audit.events,0
2026-09-19T18:15:42+00:00,audit-service,audit.events,0
2026-09-19T18:15:42+00:00,audit-service,audit.events,0
2026-09-19T18:15:42+00:00,lab-service,exam.requested,0
2026-09-19T18:15:42+00:00,lab-service,exam.requested,0
2026-09-19T18:15:42+00:00,notification-service,exam.completed,0
2026-09-19T18:15:42+00:00,notification-service,exam.completed,0
2026-09-19T18:15:42+00:00,notification-service,exam.completed,0
2026-09-19T18:15:42+00:00,result-service,exam.completed,0
2026-09-19T18:15:42+00:00,result-service,exam.completed,0
2026-09-19T18:15:42+00:00,result-service,exam.completed,0
2026-09-19T18:16:01+00:00,audit-service,audit.events,0
2026-09-19T18:16:01+00:00,audit-service,audit.events,0
2026-09-19T18:16:01+00:00,audit-service,audit.events,0
2026-09-19T18:16:01+00:00,lab-service,exam.requested,0
2026-09-19T18:16:01+00:00,lab-service,exam.requested,0
2026-09-19T18:16:01+00:00,notification-service,exam.completed,0
2026-09-19T18:16:01+00:00,notification-service,exam.completed,0
2026-09-19T18:16:01+00:00,notification-service,exam.completed,0
2026-09-19T18:16:01+00:00,result-service,exam.completed,0
2026-09-19T18:16:01+00:00,result-service,exam.completed,0
2026-09-19T18:16:01+00:00,result-service,exam.completed,0
2026-09-19T18:16:21+00:00,audit-service,audit.events,0
2026-09-19T18:16:21+00:00,audit-service,audit.events,0
2026-09-19T18:16:21+00:00,audit-service,audit.events,0
2026-09-19T18:16:21+00:00,lab-service,exam.requested,0
2026-09-19T18:16:21+00:00,lab-service,exam.requested,0
2026-09-19T18:16:21+00:00,notification-service,exam.completed,0
2026-09-19T18:16:21+00:00,notification-service,exam.completed,0
2026-09-19T18:16:21+00:00,notification-service,exam.completed,0
2026-09-19T18:16:21+00:00,result-service,exam.completed,0
2026-09-19T18:16:21+00:00,result-service,exam.completed,0
2026-09-19T18:16:21+00:00,result-service,exam.completed,0
2026-09-19T18:16:41+00:00,audit-service,audit.events,0
2026-09-19T18:16:41+00:00,audit-service,audit.events,0
2026-09-19T18:16:41+00:00,audit-service,audit.events,0
2026-09-19T18:16:41+00:00,lab-service,exam.requested,0
2026-09-19T18:16:41+00:00,lab-service,exam.requested,0
2026-09-19T18:16:41+00:00,notification-service,exam.completed,0
2026-09-19T18:16:41+00:00,notification-service,exam.completed,0
2026-09-19T18:16:41+00:00,notification-service,exam.completed,0
2026-09-19T18:16:41+00:00,result-service,exam.completed,0
2026-09-19T18:16:41+00:00,result-service,exam.completed,0
2026-09-19T18:16:41+00:00,result-service,exam.completed,0
2026-09-19T18:17:01+00:00,audit-service,audit.events,0
2026-09-19T18:17:01+00:00,audit-service,audit.events,0
2026-09-19T18:17:01+00:00,audit-service,audit.events,0
2026-09-19T18:17:01+00:00,lab-service,exam.requested,0
2026-09-19T18:17:01+00:00,lab-service,exam.requested,0
2026-09-19T18:17:01+00:00,notification-service,exam.completed,0
2026-09-19T18:17:01+00:00,notification-service,exam.completed,0
2026-09-19T18:17:01+00:00,notification-service,exam.completed,0
2026-09-19T18:17:01+00:00,result-service,exam.completed,0
2026-09-19T18:17:01+00:00,result-service,exam.completed,0
2026-09-19T18:17:01+00:00,result-service,exam.completed,0
2026-09-19T18:17:21+00:00,audit-service,audit.events,0
2026-09-19T18:17:21+00:00,audit-service,audit.events,0
2026-09-19T18:17:21+00:00,audit-service,audit.events,0
2026-09-19T18:17:21+00:00,lab-service,exam.requested,0
2026-09-19T18:17:21+00:00,lab-service,exam.requested,0
2026-09-19T18:17:21+00:00,notification-service,exam.completed,0
2026-09-19T18:17:21+00:00,notification-service,exam.completed,0
2026-09-19T18:17:21+00:00,notification-service,exam.completed,0
2026-09-19T18:17:21+00:00,result-service,exam.completed,0
2026-09-19T18:17:21+00:00,result-service,exam.completed,0
2026-09-19T18:17:21+00:00,result-service,exam.completed,0
2026-09-19T18:17:41+00:00,audit-service,audit.events,0
2026-09-19T18:17:41+00:00,audit-service,audit.events,0
2026-09-19T18:17:41+00:00,audit-service,audit.events,0
2026-09-19T18:17:41+00:00,lab-service,exam.requested,0
2026-09-19T18:17:41+00:00,lab-service,exam.requested,0
2026-09-19T18:17:41+00:00,notification-service,exam.completed,0
2026-09-19T18:17:41+00:00,notification-service,exam.completed,0
2026-09-19T18:17:41+00:00,notification-service,exam.completed,0
2026-09-19T18:17:41+00:00,result-service,exam.completed,0
2026-09-19T18:17:41+00:00,result-service,exam.completed,0
2026-09-19T18:17:41+00:00,result-service,exam.completed,0
2026-09-19T18:18:00+00:00,audit-service,audit.events,0
2026-09-19T18:18:00+00:00,audit-service,audit.events,0
2026-09-19T18:18:00+00:00,audit-service,audit.events,0
2026-09-19T18:18:00+00:00,lab-service,exam.requested,0
2026-09-19T18:18:00+00:00,lab-service,exam.requested,0
2026-09-19T18:18:00+00:00,notification-service,exam.completed,0
2026-09-19T18:18:00+00:00,notification-service,exam.completed,0
2026-09-19T18:18:00+00:00,notification-service,exam.completed,0
2026-09-19T18:18:00+00:00,result-service,exam.completed,0
2026-09-19T18:18:00+00:00,result-service,exam.completed,0
2026-09-19T18:18:00+00:00,result-service,exam.completed,0
2026-09-19T18:18:20+00:00,audit-service,audit.events,0
2026-09-19T18:18:20+00:00,audit-service,audit.events,0
2026-09-19T18:18:20+00:00,audit-service,audit.events,0
2026-09-19T18:18:20+00:00,lab-service,exam.requested,0
2026-09-19T18:18:20+00:00,lab-service,exam.requested,0
2026-09-19T18:18:20+00:00,notification-service,exam.completed,0
2026-09-19T18:18:20+00:00,notification-service,exam.completed,0
2026-09-19T18:18:20+00:00,notification-service,exam.completed,0
2026-09-19T18:18:20+00:00,result-service,exam.completed,0
2026-09-19T18:18:20+00:00,result-service,exam.completed,0
2026-09-19T18:18:20+00:00,result-service,exam.completed,0
2026-09-19T18:18:39+00:00,audit-service,audit.events,0
2026-09-19T18:18:39+00:00,audit-service,audit.events,0
2026-09-19T18:18:39+00:00,audit-service,audit.events,0
2026-09-19T18:18:39+00:00,lab-service,exam.requested,0
2026-09-19T18:18:39+00:00,lab-service,exam.requested,0
2026-09-19T18:18:39+00:00,notification-service,exam.completed,0
2026-09-19T18:18:39+00:00,notification-service,exam.completed,0
2026-09-19T18:18:39+00:00,notification-service,exam.completed,0
2026-09-19T18:18:39+00:00,result-service,exam.completed,0
2026-09-19T18:18:39+00:00,result-service,exam.completed,0
2026-09-19T18:18:39+00:00,result-service,exam.completed,0
2026-09-19T18:18:57+00:00,audit-service,audit.events,0
2026-09-19T18:18:57+00:00,audit-service,audit.events,0
2026-09-19T18:18:57+00:00,audit-service,audit.events,0
2026-09-19T18:18:57+00:00,lab-service,exam.requested,0
2026-09-19T18:18:57+00:00,lab-service,exam.requested,0
2026-09-19T18:18:57+00:00,notification-service,exam.completed,0
2026-09-19T18:18:57+00:00,notification-service,exam.completed,0
2026-09-19T18:18:57+00:00,notification-service,exam.completed,0
2026-09-19T18:18:57+00:00,result-service,exam.completed,0
2026-09-19T18:18:57+00:00,result-service,exam.completed,0
2026-09-19T18:18:57+00:00,result-service,exam.completed,0
2026-09-19T18:19:16+00:00,audit-service,audit.events,0
2026-09-19T18:19:16+00:00,audit-service,audit.events,0
2026-09-19T18:19:16+00:00,audit-service,audit.events,0
2026-09-19T18:19:16+00:00,lab-service,exam.requested,0
2026-09-19T18:19:16+00:00,lab-service,exam.requested,0
2026-09-19T18:19:16+00:00,notification-service,exam.completed,0
2026-09-19T18:19:16+00:00,notification-service,exam.completed,0
2026-09-19T18:19:16+00:00,notification-service,exam.completed,0
2026-09-19T18:19:16+00:00,result-service,exam.completed,0
2026-09-19T18:19:16+00:00,result-service,exam.completed,0
2026-09-19T18:19:16+00:00,result-service,exam.completed,0
2026-09-19T18:19:35+00:00,audit-service,audit.events,0
2026-09-19T18:19:35+00:00,audit-service,audit.events,0
2026-09-19T18:19:35+00:00,audit-service,audit.events,0
2026-09-19T18:19:35+00:00,lab-service,exam.requested,0
2026-09-19T18:19:35+00:00,lab-service,exam.requested,0
2026-09-19T18:19:35+00:00,notification-service,exam.completed,0
2026-09-19T18:19:35+00:00,notification-service,exam.completed,0
2026-09-19T18:19:35+00:00,notification-service,exam.completed,0
2026-09-19T18:19:35+00:00,result-service,exam.completed,0
2026-09-19T18:19:35+00:00,result-service,exam.completed,0
2026-09-19T18:19:35+00:00,result-service,exam.completed,0
2026-09-19T18:19:54+00:00,audit-service,audit.events,0
2026-09-19T18:19:54+00:00,audit-service,audit.events,0
2026-09-19T18:19:54+00:00,audit-service,audit.events,0
2026-09-19T18:19:54+00:00,lab-service,exam.requested,0
2026-09-19T18:19:54+00:00,lab-service,exam.requested,0
2026-09-19T18:19:54+00:00,notification-service,exam.completed,0
2026-09-19T18:19:54+00:00,notification-service,exam.completed,0
2026-09-19T18:19:54+00:00,notification-service,exam.completed,0
2026-09-19T18:19:54+00:00,result-service,exam.completed,0
2026-09-19T18:19:54+00:00,result-service,exam.completed,0
2026-09-19T18:19:54+00:00,result-service,exam.completed,0
2026-09-19T18:20:13+00:00,audit-service,audit.events,0
2026-09-19T18:20:13+00:00,audit-service,audit.events,0
2026-09-19T18:20:13+00:00,audit-service,audit.events,0
2026-09-19T18:20:13+00:00,lab-service,exam.requested,0
2026-09-19T18:20:13+00:00,lab-service,exam.requested,0
2026-09-19T18:20:13+00:00,notification-service,exam.completed,0
2026-09-19T18:20:13+00:00,notification-service,exam.completed,0
2026-09-19T18:20:13+00:00,notification-service,exam.completed,0
2026-09-19T18:20:13+00:00,result-service,exam.completed,0
2026-09-19T18:20:13+00:00,result-service,exam.completed,0
2026-09-19T18:20:13+00:00,result-service,exam.completed,0
2026-09-19T18:20:33+00:00,audit-service,audit.events,0
2026-09-19T18:20:33+00:00,audit-service,audit.events,0
2026-09-19T18:20:33+00:00,audit-service,audit.events,0
2026-09-19T18:20:33+00:00,lab-service,exam.requested,0
2026-09-19T18:20:33+00:00,lab-service,exam.requested,0
2026-09-19T18:20:33+00:00,notification-service,exam.completed,0
2026-09-19T18:20:33+00:00,notification-service,exam.completed,0
2026-09-19T18:20:33+00:00,notification-service,exam.completed,0
2026-09-19T18:20:33+00:00,result-service,exam.completed,0
2026-09-19T18:20:33+00:00,result-service,exam.completed,0
2026-09-19T18:20:33+00:00,result-service,exam.completed,0
2026-09-19T18:20:53+00:00,audit-service,audit.events,0
2026-09-19T18:20:53+00:00,audit-service,audit.events,0
2026-09-19T18:20:53+00:00,audit-service,audit.events,0
2026-09-19T18:20:53+00:00,lab-service,exam.requested,0
2026-09-19T18:20:53+00:00,lab-service,exam.requested,0
2026-09-19T18:20:53+00:00,notification-service,exam.completed,0
2026-09-19T18:20:53+00:00,notification-service,exam.completed,0
2026-09-19T18:20:53+00:00,notification-service,exam.completed,0
2026-09-19T18:20:53+00:00,result-service,exam.completed,0
2026-09-19T18:20:53+00:00,result-service,exam.completed,0
2026-09-19T18:20:53+00:00,result-service,exam.completed,0
2026-09-19T18:21:13+00:00,audit-service,audit.events,0
2026-09-19T18:21:13+00:00,audit-service,audit.events,0
2026-09-19T18:21:13+00:00,audit-service,audit.events,0
2026-09-19T18:21:13+00:00,lab-service,exam.requested,0
2026-09-19T18:21:13+00:00,lab-service,exam.requested,0
2026-09-19T18:21:13+00:00,notification-service,exam.completed,0
2026-09-19T18:21:13+00:00,notification-service,exam.completed,0
2026-09-19T18:21:13+00:00,notification-service,exam.completed,0
2026-09-19T18:21:13+00:00,result-service,exam.completed,0
2026-09-19T18:21:13+00:00,result-service,exam.completed,0
2026-09-19T18:21:13+00:00,result-service,exam.completed,0
2026-09-19T18:21:33+00:00,audit-service,audit.events,0
2026-09-19T18:21:33+00:00,audit-service,audit.events,0
2026-09-19T18:21:33+00:00,audit-service,audit.events,0
2026-09-19T18:21:33+00:00,lab-service,exam.requested,0
2026-09-19T18:21:33+00:00,lab-service,exam.requested,0
2026-09-19T18:21:33+00:00,notification-service,exam.completed,0
2026-09-19T18:21:33+00:00,notification-service,exam.completed,0
2026-09-19T18:21:33+00:00,notification-service,exam.completed,0
2026-09-19T18:21:33+00:00,result-service,exam.completed,0
2026-09-19T18:21:33+00:00,result-service,exam.completed,0
2026-09-19T18:21:33+00:00,result-service,exam.completed,0
2026-09-19T18:21:53+00:00,audit-service,audit.events,0
2026-09-19T18:21:53+00:00,audit-service,audit.events,0
2026-09-19T18:21:53+00:00,audit-service,audit.events,0
2026-09-19T18:21:53+00:00,lab-service,exam.requested,0
2026-09-19T18:21:53+00:00,lab-service,exam.requested,0
2026-09-19T18:21:53+00:00,notification-service,exam.completed,0
2026-09-19T18:21:53+00:00,notification-service,exam.completed,0
2026-09-19T18:21:53+00:00,notification-service,exam.completed,0
2026-09-19T18:21:53+00:00,result-service,exam.completed,0
2026-09-19T18:21:53+00:00,result-service,exam.completed,0
2026-09-19T18:21:53+00:00,result-service,exam.completed,0
2026-09-19T18:22:15+00:00,audit-service,audit.events,0
2026-09-19T18:22:15+00:00,audit-service,audit.events,0
2026-09-19T18:22:15+00:00,audit-service,audit.events,0
2026-09-19T18:22:15+00:00,lab-service,exam.requested,0
2026-09-19T18:22:15+00:00,lab-service,exam.requested,0
2026-09-19T18:22:15+00:00,notification-service,exam.completed,0
2026-09-19T18:22:15+00:00,notification-service,exam.completed,0
2026-09-19T18:22:15+00:00,notification-service,exam.completed,0
2026-09-19T18:22:15+00:00,result-service,exam.completed,0
2026-09-19T18:22:15+00:00,result-service,exam.completed,0
2026-09-19T18:22:15+00:00,result-service,exam.completed,0
2026-09-19T18:22:35+00:00,audit-service,audit.events,0
2026-09-19T18:22:35+00:00,audit-service,audit.events,0
2026-09-19T18:22:35+00:00,audit-service,audit.events,0
2026-09-19T18:22:35+00:00,lab-service,exam.requested,0
2026-09-19T18:22:35+00:00,lab-service,exam.requested,0
2026-09-19T18:22:35+00:00,notification-service,exam.completed,0
2026-09-19T18:22:35+00:00,notification-service,exam.completed,0
2026-09-19T18:22:35+00:00,notification-service,exam.completed,0
2026-09-19T18:22:35+00:00,result-service,exam.completed,0
2026-09-19T18:22:35+00:00,result-service,exam.completed,0
2026-09-19T18:22:35+00:00,result-service,exam.completed,0
2026-09-19T18:22:55+00:00,audit-service,audit.events,0
2026-09-19T18:22:55+00:00,audit-service,audit.events,0
2026-09-19T18:22:55+00:00,audit-service,audit.events,0
2026-09-19T18:22:55+00:00,lab-service,exam.requested,0
2026-09-19T18:22:55+00:00,lab-service,exam.requested,0
2026-09-19T18:22:55+00:00,notification-service,exam.completed,0
2026-09-19T18:22:55+00:00,notification-service,exam.completed,0
2026-09-19T18:22:55+00:00,notification-service,exam.completed,0
2026-09-19T18:22:55+00:00,result-service,exam.completed,0
2026-09-19T18:22:55+00:00,result-service,exam.completed,0
2026-09-19T18:22:55+00:00,result-service,exam.completed,0
2026-09-19T18:23:14+00:00,audit-service,audit.events,0
2026-09-19T18:23:14+00:00,audit-service,audit.events,0
2026-09-19T18:23:14+00:00,audit-service,audit.events,0
2026-09-19T18:23:14+00:00,lab-service,exam.requested,0
2026-09-19T18:23:14+00:00,lab-service,exam.requested,0
2026-09-19T18:23:14+00:00,notification-service,exam.completed,0
2026-09-19T18:23:14+00:00,notification-service,exam.completed,0
2026-09-19T18:23:14+00:00,notification-service,exam.completed,0
2026-09-19T18:23:14+00:00,result-service,exam.completed,0
2026-09-19T18:23:14+00:00,result-service,exam.completed,0
2026-09-19T18:23:14+00:00,result-service,exam.completed,0
2026-09-19T18:23:34+00:00,audit-service,audit.events,0
2026-09-19T18:23:34+00:00,audit-service,audit.events,0
2026-09-19T18:23:34+00:00,audit-service,audit.events,0
2026-09-19T18:23:34+00:00,lab-service,exam.requested,0
2026-09-19T18:23:34+00:00,lab-service,exam.requested,0
2026-09-19T18:23:34+00:00,notification-service,exam.completed,0
2026-09-19T18:23:34+00:00,notification-service,exam.completed,0
2026-09-19T18:23:34+00:00,notification-service,exam.completed,0
2026-09-19T18:23:34+00:00,result-service,exam.completed,0
2026-09-19T18:23:34+00:00,result-service,exam.completed,0
2026-09-19T18:23:34+00:00,result-service,exam.completed,0
2026-09-19T18:23:53+00:00,audit-service,audit.events,0
2026-09-19T18:23:53+00:00,audit-service,audit.events,0
2026-09-19T18:23:53+00:00,audit-service,audit.events,0
2026-09-19T18:23:53+00:00,lab-service,exam.requested,0
2026-09-19T18:23:53+00:00,lab-service,exam.requested,0
2026-09-19T18:23:53+00:00,notification-service,exam.completed,0
2026-09-19T18:23:53+00:00,notification-service,exam.completed,0
2026-09-19T18:23:53+00:00,notification-service,exam.completed,0
2026-09-19T18:23:53+00:00,result-service,exam.completed,0
2026-09-19T18:23:53+00:00,result-service,exam.completed,0
2026-09-19T18:23:53+00:00,result-service,exam.completed,0
2026-09-19T18:24:14+00:00,audit-service,audit.events,0
2026-09-19T18:24:14+00:00,audit-service,audit.events,0
2026-09-19T18:24:14+00:00,audit-service,audit.events,0
2026-09-19T18:24:14+00:00,lab-service,exam.requested,0
2026-09-19T18:24:14+00:00,lab-service,exam.requested,0
2026-09-19T18:24:14+00:00,notification-service,exam.completed,0
2026-09-19T18:24:14+00:00,notification-service,exam.completed,0
2026-09-19T18:24:14+00:00,notification-service,exam.completed,0
2026-09-19T18:24:14+00:00,result-service,exam.completed,0
2026-09-19T18:24:14+00:00,result-service,exam.completed,0
2026-09-19T18:24:14+00:00,result-service,exam.completed,0
2026-09-19T18:24:33+00:00,audit-service,audit.events,0
2026-09-19T18:24:33+00:00,audit-service,audit.events,0
2026-09-19T18:24:33+00:00,audit-service,audit.events,0
2026-09-19T18:24:33+00:00,lab-service,exam.requested,0
2026-09-19T18:24:33+00:00,lab-service,exam.requested,0
2026-09-19T18:24:33+00:00,notification-service,exam.completed,0
2026-09-19T18:24:33+00:00,notification-service,exam.completed,0
2026-09-19T18:24:33+00:00,notification-service,exam.completed,0
2026-09-19T18:24:33+00:00,result-service,exam.completed,0
2026-09-19T18:24:33+00:00,result-service,exam.completed,0
2026-09-19T18:24:33+00:00,result-service,exam.completed,0
2026-09-19T18:24:52+00:00,audit-service,audit.events,0
2026-09-19T18:24:52+00:00,audit-service,audit.events,0
2026-09-19T18:24:52+00:00,audit-service,audit.events,0
2026-09-19T18:24:52+00:00,lab-service,exam.requested,0
2026-09-19T18:24:52+00:00,lab-service,exam.requested,0
2026-09-19T18:24:52+00:00,notification-service,exam.completed,0
2026-09-19T18:24:52+00:00,notification-service,exam.completed,0
2026-09-19T18:24:52+00:00,notification-service,exam.completed,0
2026-09-19T18:24:52+00:00,result-service,exam.completed,0
2026-09-19T18:24:52+00:00,result-service,exam.completed,0
2026-09-19T18:24:52+00:00,result-service,exam.completed,0
2026-09-19T18:25:12+00:00,audit-service,audit.events,0
2026-09-19T18:25:12+00:00,audit-service,audit.events,0
2026-09-19T18:25:12+00:00,audit-service,audit.events,0
2026-09-19T18:25:12+00:00,lab-service,exam.requested,0
2026-09-19T18:25:12+00:00,lab-service,exam.requested,0
2026-09-19T18:25:12+00:00,notification-service,exam.completed,0
2026-09-19T18:25:12+00:00,notification-service,exam.completed,0
2026-09-19T18:25:12+00:00,notification-service,exam.completed,0
2026-09-19T18:25:12+00:00,result-service,exam.completed,0
2026-09-19T18:25:12+00:00,result-service,exam.completed,0
2026-09-19T18:25:12+00:00,result-service,exam.completed,0
2026-09-19T18:25:31+00:00,audit-service,audit.events,0
2026-09-19T18:25:31+00:00,audit-service,audit.events,0
2026-09-19T18:25:31+00:00,audit-service,audit.events,0
2026-09-19T18:25:31+00:00,lab-service,exam.requested,0
2026-09-19T18:25:31+00:00,lab-service,exam.requested,0
2026-09-19T18:25:31+00:00,notification-service,exam.completed,0
2026-09-19T18:25:31+00:00,notification-service,exam.completed,0
2026-09-19T18:25:31+00:00,notification-service,exam.completed,0
2026-09-19T18:25:31+00:00,result-service,exam.completed,0
2026-09-19T18:25:31+00:00,result-service,exam.completed,0
2026-09-19T18:25:31+00:00,result-service,exam.completed,0
2026-09-19T18:25:50+00:00,audit-service,audit.events,0
2026-09-19T18:25:50+00:00,audit-service,audit.events,0
2026-09-19T18:25:50+00:00,audit-service,audit.events,0
2026-09-19T18:25:50+00:00,lab-service,exam.requested,0
2026-09-19T18:25:50+00:00,lab-service,exam.requested,0
2026-09-19T18:25:50+00:00,notification-service,exam.completed,0
2026-09-19T18:25:50+00:00,notification-service,exam.completed,0
2026-09-19T18:25:50+00:00,notification-service,exam.completed,0
2026-09-19T18:25:50+00:00,result-service,exam.completed,0
2026-09-19T18:25:50+00:00,result-service,exam.completed,0
2026-09-19T18:25:50+00:00,result-service,exam.completed,0
2026-09-19T18:26:09+00:00,audit-service,audit.events,0
2026-09-19T18:26:09+00:00,audit-service,audit.events,0
2026-09-19T18:26:09+00:00,audit-service,audit.events,0
2026-09-19T18:26:09+00:00,lab-service,exam.requested,0
2026-09-19T18:26:09+00:00,lab-service,exam.requested,0
2026-09-19T18:26:09+00:00,notification-service,exam.completed,0
2026-09-19T18:26:09+00:00,notification-service,exam.completed,0
2026-09-19T18:26:09+00:00,notification-service,exam.completed,0
2026-09-19T18:26:09+00:00,result-service,exam.completed,0
2026-09-19T18:26:09+00:00,result-service,exam.completed,0
2026-09-19T18:26:09+00:00,result-service,exam.completed,0
2026-09-19T18:26:28+00:00,audit-service,audit.events,0
2026-09-19T18:26:28+00:00,audit-service,audit.events,0
2026-09-19T18:26:28+00:00,audit-service,audit.events,0
2026-09-19T18:26:28+00:00,lab-service,exam.requested,0
2026-09-19T18:26:28+00:00,lab-service,exam.requested,0
2026-09-19T18:26:28+00:00,notification-service,exam.completed,0
2026-09-19T18:26:28+00:00,notification-service,exam.completed,0
2026-09-19T18:26:28+00:00,notification-service,exam.completed,0
2026-09-19T18:26:28+00:00,result-service,exam.completed,0
2026-09-19T18:26:28+00:00,result-service,exam.completed,0
2026-09-19T18:26:28+00:00,result-service,exam.completed,0
2026-09-19T18:26:48+00:00,audit-service,audit.events,0
2026-09-19T18:26:48+00:00,audit-service,audit.events,0
2026-09-19T18:26:48+00:00,audit-service,audit.events,0
2026-09-19T18:26:48+00:00,lab-service,exam.requested,0
2026-09-19T18:26:48+00:00,lab-service,exam.requested,0
2026-09-19T18:26:48+00:00,notification-service,exam.completed,0
2026-09-19T18:26:48+00:00,notification-service,exam.completed,0
2026-09-19T18:26:48+00:00,notification-service,exam.completed,0
2026-09-19T18:26:48+00:00,result-service,exam.completed,0
2026-09-19T18:26:48+00:00,result-service,exam.completed,0
2026-09-19T18:26:48+00:00,result-service,exam.completed,0
2026-09-19T18:27:06+00:00,audit-service,audit.events,0
2026-09-19T18:27:06+00:00,audit-service,audit.events,0
2026-09-19T18:27:06+00:00,audit-service,audit.events,0
2026-09-19T18:27:06+00:00,lab-service,exam.requested,0
2026-09-19T18:27:06+00:00,lab-service,exam.requested,0
2026-09-19T18:27:06+00:00,notification-service,exam.completed,0
2026-09-19T18:27:06+00:00,notification-service,exam.completed,0
2026-09-19T18:27:06+00:00,notification-service,exam.completed,0
2026-09-19T18:27:06+00:00,result-service,exam.completed,0
2026-09-19T18:27:06+00:00,result-service,exam.completed,0
2026-09-19T18:27:06+00:00,result-service,exam.completed,0
2026-09-19T18:27:25+00:00,audit-service,audit.events,0
2026-09-19T18:27:25+00:00,audit-service,audit.events,0
2026-09-19T18:27:25+00:00,audit-service,audit.events,0
2026-09-19T18:27:25+00:00,lab-service,exam.requested,0
2026-09-19T18:27:25+00:00,lab-service,exam.requested,0
2026-09-19T18:27:25+00:00,notification-service,exam.completed,0
2026-09-19T18:27:25+00:00,notification-service,exam.completed,0
2026-09-19T18:27:25+00:00,notification-service,exam.completed,0
2026-09-19T18:27:25+00:00,result-service,exam.completed,0
2026-09-19T18:27:25+00:00,result-service,exam.completed,0
2026-09-19T18:27:25+00:00,result-service,exam.completed,0
2026-09-19T18:27:44+00:00,audit-service,audit.events,0
2026-09-19T18:27:44+00:00,audit-service,audit.events,0
2026-09-19T18:27:44+00:00,audit-service,audit.events,0
2026-09-19T18:27:44+00:00,lab-service,exam.requested,0
2026-09-19T18:27:44+00:00,lab-service,exam.requested,0
2026-09-19T18:27:44+00:00,notification-service,exam.completed,0
2026-09-19T18:27:44+00:00,notification-service,exam.completed,0
2026-09-19T18:27:44+00:00,notification-service,exam.completed,0
2026-09-19T18:27:44+00:00,result-service,exam.completed,0
2026-09-19T18:27:44+00:00,result-service,exam.completed,0
2026-09-19T18:27:44+00:00,result-service,exam.completed,0
2026-09-19T18:28:02+00:00,audit-service,audit.events,0
2026-09-19T18:28:02+00:00,audit-service,audit.events,0
2026-09-19T18:28:02+00:00,audit-service,audit.events,0
2026-09-19T18:28:02+00:00,lab-service,exam.requested,0
2026-09-19T18:28:02+00:00,lab-service,exam.requested,0
2026-09-19T18:28:02+00:00,notification-service,exam.completed,0
2026-09-19T18:28:02+00:00,notification-service,exam.completed,0
2026-09-19T18:28:02+00:00,notification-service,exam.completed,0
2026-09-19T18:28:02+00:00,result-service,exam.completed,0
2026-09-19T18:28:02+00:00,result-service,exam.completed,0
2026-09-19T18:28:02+00:00,result-service,exam.completed,0
2026-09-19T18:28:22+00:00,audit-service,audit.events,0
2026-09-19T18:28:22+00:00,audit-service,audit.events,0
2026-09-19T18:28:22+00:00,audit-service,audit.events,0
2026-09-19T18:28:22+00:00,lab-service,exam.requested,0
2026-09-19T18:28:22+00:00,lab-service,exam.requested,0
2026-09-19T18:28:22+00:00,notification-service,exam.completed,0
2026-09-19T18:28:22+00:00,notification-service,exam.completed,0
2026-09-19T18:28:22+00:00,notification-service,exam.completed,0
2026-09-19T18:28:22+00:00,result-service,exam.completed,0
2026-09-19T18:28:22+00:00,result-service,exam.completed,0
2026-09-19T18:28:22+00:00,result-service,exam.completed,0
2026-09-19T18:28:42+00:00,audit-service,audit.events,0
2026-09-19T18:28:42+00:00,audit-service,audit.events,0
2026-09-19T18:28:42+00:00,audit-service,audit.events,0
2026-09-19T18:28:42+00:00,lab-service,exam.requested,0
2026-09-19T18:28:42+00:00,lab-service,exam.requested,0
2026-09-19T18:28:42+00:00,notification-service,exam.completed,0
2026-09-19T18:28:42+00:00,notification-service,exam.completed,0
2026-09-19T18:28:42+00:00,notification-service,exam.completed,0
2026-09-19T18:28:42+00:00,result-service,exam.completed,0
2026-09-19T18:28:42+00:00,result-service,exam.completed,0
2026-09-19T18:28:42+00:00,result-service,exam.completed,0
2026-09-19T18:29:02+00:00,audit-service,audit.events,0
2026-09-19T18:29:02+00:00,audit-service,audit.events,0
2026-09-19T18:29:02+00:00,audit-service,audit.events,0
2026-09-19T18:29:02+00:00,lab-service,exam.requested,0
2026-09-19T18:29:02+00:00,lab-service,exam.requested,0
2026-09-19T18:29:02+00:00,notification-service,exam.completed,0
2026-09-19T18:29:02+00:00,notification-service,exam.completed,0
2026-09-19T18:29:02+00:00,notification-service,exam.completed,0
2026-09-19T18:29:02+00:00,result-service,exam.completed,0
2026-09-19T18:29:02+00:00,result-service,exam.completed,0
2026-09-19T18:29:02+00:00,result-service,exam.completed,0
2026-09-19T18:29:22+00:00,audit-service,audit.events,0
2026-09-19T18:29:22+00:00,audit-service,audit.events,0
2026-09-19T18:29:22+00:00,audit-service,audit.events,0
2026-09-19T18:29:22+00:00,lab-service,exam.requested,0
2026-09-19T18:29:22+00:00,lab-service,exam.requested,0
2026-09-19T18:29:22+00:00,notification-service,exam.completed,0
2026-09-19T18:29:22+00:00,notification-service,exam.completed,0
2026-09-19T18:29:22+00:00,notification-service,exam.completed,0
2026-09-19T18:29:22+00:00,result-service,exam.completed,0
2026-09-19T18:29:22+00:00,result-service,exam.completed,0
2026-09-19T18:29:22+00:00,result-service,exam.completed,0
2026-09-19T18:29:42+00:00,audit-service,audit.events,0
2026-09-19T18:29:42+00:00,audit-service,audit.events,0
2026-09-19T18:29:42+00:00,audit-service,audit.events,0
2026-09-19T18:29:42+00:00,lab-service,exam.requested,0
2026-09-19T18:29:42+00:00,lab-service,exam.requested,0
2026-09-19T18:29:42+00:00,notification-service,exam.completed,0
2026-09-19T18:29:42+00:00,notification-service,exam.completed,0
2026-09-19T18:29:42+00:00,notification-service,exam.completed,0
2026-09-19T18:29:42+00:00,result-service,exam.completed,0
2026-09-19T18:29:42+00:00,result-service,exam.completed,0
2026-09-19T18:29:42+00:00,result-service,exam.completed,0
2026-09-19T18:30:04+00:00,audit-service,audit.events,0
2026-09-19T18:30:04+00:00,audit-service,audit.events,0
2026-09-19T18:30:04+00:00,audit-service,audit.events,0
2026-09-19T18:30:04+00:00,lab-service,exam.requested,0
2026-09-19T18:30:04+00:00,lab-service,exam.requested,0
2026-09-19T18:30:04+00:00,notification-service,exam.completed,0
2026-09-19T18:30:04+00:00,notification-service,exam.completed,0
2026-09-19T18:30:04+00:00,notification-service,exam.completed,0
2026-09-19T18:30:04+00:00,result-service,exam.completed,0
2026-09-19T18:30:04+00:00,result-service,exam.completed,0
2026-09-19T18:30:04+00:00,result-service,exam.completed,0
2026-09-19T18:30:23+00:00,audit-service,audit.events,0
2026-09-19T18:30:23+00:00,audit-service,audit.events,0
2026-09-19T18:30:23+00:00,audit-service,audit.events,0
2026-09-19T18:30:23+00:00,lab-service,exam.requested,0
2026-09-19T18:30:23+00:00,lab-service,exam.requested,0
2026-09-19T18:30:23+00:00,notification-service,exam.completed,0
2026-09-19T18:30:23+00:00,notification-service,exam.completed,0
2026-09-19T18:30:23+00:00,notification-service,exam.completed,0
2026-09-19T18:30:23+00:00,result-service,exam.completed,0
2026-09-19T18:30:23+00:00,result-service,exam.completed,0
2026-09-19T18:30:23+00:00,result-service,exam.completed,0
2026-09-19T18:30:44+00:00,audit-service,audit.events,0
2026-09-19T18:30:44+00:00,audit-service,audit.events,0
2026-09-19T18:30:44+00:00,audit-service,audit.events,0
2026-09-19T18:30:44+00:00,lab-service,exam.requested,0
2026-09-19T18:30:44+00:00,lab-service,exam.requested,0
2026-09-19T18:30:44+00:00,notification-service,exam.completed,0
2026-09-19T18:30:44+00:00,notification-service,exam.completed,0
2026-09-19T18:30:44+00:00,notification-service,exam.completed,0
2026-09-19T18:30:44+00:00,result-service,exam.completed,0
2026-09-19T18:30:44+00:00,result-service,exam.completed,0
2026-09-19T18:30:44+00:00,result-service,exam.completed,0
2026-09-19T18:31:04+00:00,audit-service,audit.events,0
2026-09-19T18:31:04+00:00,audit-service,audit.events,0
2026-09-19T18:31:04+00:00,audit-service,audit.events,0
2026-09-19T18:31:04+00:00,lab-service,exam.requested,0
2026-09-19T18:31:04+00:00,lab-service,exam.requested,0
2026-09-19T18:31:04+00:00,notification-service,exam.completed,0
2026-09-19T18:31:04+00:00,notification-service,exam.completed,0
2026-09-19T18:31:04+00:00,notification-service,exam.completed,0
2026-09-19T18:31:04+00:00,result-service,exam.completed,0
2026-09-19T18:31:04+00:00,result-service,exam.completed,0
2026-09-19T18:31:04+00:00,result-service,exam.completed,0
2026-09-19T18:31:23+00:00,audit-service,audit.events,0
2026-09-19T18:31:23+00:00,audit-service,audit.events,0
2026-09-19T18:31:23+00:00,audit-service,audit.events,0
2026-09-19T18:31:23+00:00,lab-service,exam.requested,0
2026-09-19T18:31:23+00:00,lab-service,exam.requested,0
2026-09-19T18:31:23+00:00,notification-service,exam.completed,0
2026-09-19T18:31:23+00:00,notification-service,exam.completed,0
2026-09-19T18:31:23+00:00,notification-service,exam.completed,0
2026-09-19T18:31:23+00:00,result-service,exam.completed,0
2026-09-19T18:31:23+00:00,result-service,exam.completed,0
2026-09-19T18:31:23+00:00,result-service,exam.completed,0
2026-09-19T18:31:43+00:00,audit-service,audit.events,0
2026-09-19T18:31:43+00:00,audit-service,audit.events,0
2026-09-19T18:31:43+00:00,audit-service,audit.events,0
2026-09-19T18:31:43+00:00,lab-service,exam.requested,0
2026-09-19T18:31:43+00:00,lab-service,exam.requested,0
2026-09-19T18:31:43+00:00,notification-service,exam.completed,0
2026-09-19T18:31:43+00:00,notification-service,exam.completed,0
2026-09-19T18:31:43+00:00,notification-service,exam.completed,0
2026-09-19T18:31:43+00:00,result-service,exam.completed,0
2026-09-19T18:31:43+00:00,result-service,exam.completed,0
2026-09-19T18:31:43+00:00,result-service,exam.completed,0
2026-09-19T18:32:03+00:00,audit-service,audit.events,0
2026-09-19T18:32:03+00:00,audit-service,audit.events,0
2026-09-19T18:32:03+00:00,audit-service,audit.events,0
2026-09-19T18:32:03+00:00,lab-service,exam.requested,0
2026-09-19T18:32:03+00:00,lab-service,exam.requested,0
2026-09-19T18:32:03+00:00,notification-service,exam.completed,0
2026-09-19T18:32:03+00:00,notification-service,exam.completed,0
2026-09-19T18:32:03+00:00,notification-service,exam.completed,0
2026-09-19T18:32:03+00:00,result-service,exam.completed,0
2026-09-19T18:32:03+00:00,result-service,exam.completed,0
2026-09-19T18:32:03+00:00,result-service,exam.completed,0
2026-09-19T18:32:23+00:00,audit-service,audit.events,0
2026-09-19T18:32:23+00:00,audit-service,audit.events,0
2026-09-19T18:32:23+00:00,audit-service,audit.events,0
2026-09-19T18:32:23+00:00,lab-service,exam.requested,0
2026-09-19T18:32:23+00:00,lab-service,exam.requested,0
2026-09-19T18:32:23+00:00,notification-service,exam.completed,0
2026-09-19T18:32:23+00:00,notification-service,exam.completed,0
2026-09-19T18:32:23+00:00,notification-service,exam.completed,0
2026-09-19T18:32:23+00:00,result-service,exam.completed,0
2026-09-19T18:32:23+00:00,result-service,exam.completed,0
2026-09-19T18:32:23+00:00,result-service,exam.completed,0
2026-09-19T18:32:43+00:00,audit-service,audit.events,0
2026-09-19T18:32:43+00:00,audit-service,audit.events,0
2026-09-19T18:32:43+00:00,audit-service,audit.events,0
2026-09-19T18:32:43+00:00,lab-service,exam.requested,0
2026-09-19T18:32:43+00:00,lab-service,exam.requested,0
2026-09-19T18:32:43+00:00,notification-service,exam.completed,0
2026-09-19T18:32:43+00:00,notification-service,exam.completed,0
2026-09-19T18:32:43+00:00,notification-service,exam.completed,0
2026-09-19T18:32:43+00:00,result-service,exam.completed,0
2026-09-19T18:32:43+00:00,result-service,exam.completed,0
2026-09-19T18:32:43+00:00,result-service,exam.completed,0
2026-09-19T18:33:02+00:00,audit-service,audit.events,0
2026-09-19T18:33:02+00:00,audit-service,audit.events,0
2026-09-19T18:33:02+00:00,audit-service,audit.events,0
2026-09-19T18:33:02+00:00,lab-service,exam.requested,0
2026-09-19T18:33:02+00:00,lab-service,exam.requested,0
2026-09-19T18:33:02+00:00,notification-service,exam.completed,0
2026-09-19T18:33:02+00:00,notification-service,exam.completed,0
2026-09-19T18:33:02+00:00,notification-service,exam.completed,0
2026-09-19T18:33:02+00:00,result-service,exam.completed,0
2026-09-19T18:33:02+00:00,result-service,exam.completed,0
2026-09-19T18:33:02+00:00,result-service,exam.completed,0
2026-09-19T18:33:21+00:00,audit-service,audit.events,0
2026-09-19T18:33:21+00:00,audit-service,audit.events,0
2026-09-19T18:33:21+00:00,audit-service,audit.events,0
2026-09-19T18:33:21+00:00,lab-service,exam.requested,0
2026-09-19T18:33:21+00:00,lab-service,exam.requested,0
2026-09-19T18:33:21+00:00,notification-service,exam.completed,0
2026-09-19T18:33:21+00:00,notification-service,exam.completed,0
2026-09-19T18:33:21+00:00,notification-service,exam.completed,0
2026-09-19T18:33:21+00:00,result-service,exam.completed,0
2026-09-19T18:33:21+00:00,result-service,exam.completed,0
2026-09-19T18:33:21+00:00,result-service,exam.completed,0
2026-09-19T18:33:40+00:00,audit-service,audit.events,0
2026-09-19T18:33:40+00:00,audit-service,audit.events,0
2026-09-19T18:33:40+00:00,audit-service,audit.events,0
2026-09-19T18:33:40+00:00,lab-service,exam.requested,0
2026-09-19T18:33:40+00:00,lab-service,exam.requested,0
2026-09-19T18:33:40+00:00,notification-service,exam.completed,0
2026-09-19T18:33:40+00:00,notification-service,exam.completed,0
2026-09-19T18:33:40+00:00,notification-service,exam.completed,0
2026-09-19T18:33:40+00:00,result-service,exam.completed,0
2026-09-19T18:33:40+00:00,result-service,exam.completed,0
2026-09-19T18:33:40+00:00,result-service,exam.completed,0
2026-09-19T18:33:59+00:00,audit-service,audit.events,0
2026-09-19T18:33:59+00:00,audit-service,audit.events,0
2026-09-19T18:33:59+00:00,audit-service,audit.events,0
2026-09-19T18:33:59+00:00,lab-service,exam.requested,0
2026-09-19T18:33:59+00:00,lab-service,exam.requested,0
2026-09-19T18:33:59+00:00,notification-service,exam.completed,0
2026-09-19T18:33:59+00:00,notification-service,exam.completed,0
2026-09-19T18:33:59+00:00,notification-service,exam.completed,0
2026-09-19T18:33:59+00:00,result-service,exam.completed,0
2026-09-19T18:33:59+00:00,result-service,exam.completed,0
2026-09-19T18:33:59+00:00,result-service,exam.completed,0
2026-09-19T18:34:19+00:00,audit-service,audit.events,0
2026-09-19T18:34:19+00:00,audit-service,audit.events,0
2026-09-19T18:34:19+00:00,audit-service,audit.events,0
2026-09-19T18:34:19+00:00,lab-service,exam.requested,0
2026-09-19T18:34:19+00:00,lab-service,exam.requested,0
2026-09-19T18:34:19+00:00,notification-service,exam.completed,0
2026-09-19T18:34:19+00:00,notification-service,exam.completed,0
2026-09-19T18:34:19+00:00,notification-service,exam.completed,0
2026-09-19T18:34:19+00:00,result-service,exam.completed,0
2026-09-19T18:34:19+00:00,result-service,exam.completed,0
2026-09-19T18:34:19+00:00,result-service,exam.completed,0
2026-09-19T18:34:38+00:00,audit-service,audit.events,0
2026-09-19T18:34:38+00:00,audit-service,audit.events,0
2026-09-19T18:34:38+00:00,audit-service,audit.events,0
2026-09-19T18:34:38+00:00,lab-service,exam.requested,0
2026-09-19T18:34:38+00:00,lab-service,exam.requested,0
2026-09-19T18:34:38+00:00,notification-service,exam.completed,0
2026-09-19T18:34:38+00:00,notification-service,exam.completed,0
2026-09-19T18:34:38+00:00,notification-service,exam.completed,0
2026-09-19T18:34:38+00:00,result-service,exam.completed,0
2026-09-19T18:34:38+00:00,result-service,exam.completed,0
2026-09-19T18:34:38+00:00,result-service,exam.completed,0
2026-09-19T18:34:57+00:00,audit-service,audit.events,0
2026-09-19T18:34:57+00:00,audit-service,audit.events,0
2026-09-19T18:34:57+00:00,audit-service,audit.events,0
2026-09-19T18:34:57+00:00,lab-service,exam.requested,0
2026-09-19T18:34:57+00:00,lab-service,exam.requested,0
2026-09-19T18:34:57+00:00,notification-service,exam.completed,0
2026-09-19T18:34:57+00:00,notification-service,exam.completed,0
2026-09-19T18:34:57+00:00,notification-service,exam.completed,0
2026-09-19T18:34:57+00:00,result-service,exam.completed,0
2026-09-19T18:34:57+00:00,result-service,exam.completed,0
2026-09-19T18:34:57+00:00,result-service,exam.completed,0
2026-09-19T18:35:16+00:00,audit-service,audit.events,0
2026-09-19T18:35:16+00:00,audit-service,audit.events,0
2026-09-19T18:35:16+00:00,audit-service,audit.events,0
2026-09-19T18:35:16+00:00,lab-service,exam.requested,0
2026-09-19T18:35:16+00:00,lab-service,exam.requested,0
2026-09-19T18:35:16+00:00,notification-service,exam.completed,0
2026-09-19T18:35:16+00:00,notification-service,exam.completed,0
2026-09-19T18:35:16+00:00,notification-service,exam.completed,0
2026-09-19T18:35:16+00:00,result-service,exam.completed,0
2026-09-19T18:35:16+00:00,result-service,exam.completed,0
2026-09-19T18:35:16+00:00,result-service,exam.completed,0
2026-09-19T18:35:34+00:00,audit-service,audit.events,0
2026-09-19T18:35:34+00:00,audit-service,audit.events,0
2026-09-19T18:35:34+00:00,audit-service,audit.events,0
2026-09-19T18:35:34+00:00,lab-service,exam.requested,0
2026-09-19T18:35:34+00:00,lab-service,exam.requested,0
2026-09-19T18:35:34+00:00,notification-service,exam.completed,0
2026-09-19T18:35:34+00:00,notification-service,exam.completed,0
2026-09-19T18:35:34+00:00,notification-service,exam.completed,0
2026-09-19T18:35:34+00:00,result-service,exam.completed,0
2026-09-19T18:35:34+00:00,result-service,exam.completed,0
2026-09-19T18:35:34+00:00,result-service,exam.completed,0
2026-09-19T18:35:54+00:00,audit-service,audit.events,0
2026-09-19T18:35:54+00:00,audit-service,audit.events,0
2026-09-19T18:35:54+00:00,audit-service,audit.events,0
2026-09-19T18:35:54+00:00,lab-service,exam.requested,0
2026-09-19T18:35:54+00:00,lab-service,exam.requested,0
2026-09-19T18:35:54+00:00,notification-service,exam.completed,0
2026-09-19T18:35:54+00:00,notification-service,exam.completed,0
2026-09-19T18:35:54+00:00,notification-service,exam.completed,0
2026-09-19T18:35:54+00:00,result-service,exam.completed,0
2026-09-19T18:35:54+00:00,result-service,exam.completed,0
2026-09-19T18:35:54+00:00,result-service,exam.completed,0
2026-09-19T18:36:13+00:00,audit-service,audit.events,0
2026-09-19T18:36:13+00:00,audit-service,audit.events,0
2026-09-19T18:36:13+00:00,audit-service,audit.events,0
2026-09-19T18:36:13+00:00,lab-service,exam.requested,0
2026-09-19T18:36:13+00:00,lab-service,exam.requested,0
2026-09-19T18:36:13+00:00,notification-service,exam.completed,0
2026-09-19T18:36:13+00:00,notification-service,exam.completed,0
2026-09-19T18:36:13+00:00,notification-service,exam.completed,0
2026-09-19T18:36:13+00:00,result-service,exam.completed,0
2026-09-19T18:36:13+00:00,result-service,exam.completed,0
2026-09-19T18:36:13+00:00,result-service,exam.completed,0
2026-09-19T18:36:33+00:00,audit-service,audit.events,0
2026-09-19T18:36:33+00:00,audit-service,audit.events,0
2026-09-19T18:36:33+00:00,audit-service,audit.events,0
2026-09-19T18:36:33+00:00,lab-service,exam.requested,0
2026-09-19T18:36:33+00:00,lab-service,exam.requested,0
2026-09-19T18:36:33+00:00,notification-service,exam.completed,0
2026-09-19T18:36:33+00:00,notification-service,exam.completed,0
2026-09-19T18:36:33+00:00,notification-service,exam.completed,0
2026-09-19T18:36:33+00:00,result-service,exam.completed,0
2026-09-19T18:36:33+00:00,result-service,exam.completed,0
2026-09-19T18:36:33+00:00,result-service,exam.completed,0
2026-09-19T18:36:53+00:00,audit-service,audit.events,0
2026-09-19T18:36:53+00:00,audit-service,audit.events,0
2026-09-19T18:36:53+00:00,audit-service,audit.events,0
2026-09-19T18:36:53+00:00,lab-service,exam.requested,0
2026-09-19T18:36:53+00:00,lab-service,exam.requested,0
2026-09-19T18:36:53+00:00,notification-service,exam.completed,0
2026-09-19T18:36:53+00:00,notification-service,exam.completed,0
2026-09-19T18:36:53+00:00,notification-service,exam.completed,0
2026-09-19T18:36:53+00:00,result-service,exam.completed,0
2026-09-19T18:36:53+00:00,result-service,exam.completed,0
2026-09-19T18:36:53+00:00,result-service,exam.completed,0
2026-09-19T18:37:13+00:00,audit-service,audit.events,0
2026-09-19T18:37:13+00:00,audit-service,audit.events,0
2026-09-19T18:37:13+00:00,audit-service,audit.events,0
2026-09-19T18:37:13+00:00,lab-service,exam.requested,0
2026-09-19T18:37:13+00:00,lab-service,exam.requested,0
2026-09-19T18:37:13+00:00,notification-service,exam.completed,0
2026-09-19T18:37:13+00:00,notification-service,exam.completed,0
2026-09-19T18:37:13+00:00,notification-service,exam.completed,0
2026-09-19T18:37:13+00:00,result-service,exam.completed,0
2026-09-19T18:37:13+00:00,result-service,exam.completed,0
2026-09-19T18:37:13+00:00,result-service,exam.completed,0
2026-09-19T18:37:35+00:00,audit-service,audit.events,0
2026-09-19T18:37:35+00:00,audit-service,audit.events,0
2026-09-19T18:37:35+00:00,audit-service,audit.events,0
2026-09-19T18:37:35+00:00,lab-service,exam.requested,0
2026-09-19T18:37:35+00:00,lab-service,exam.requested,0
2026-09-19T18:37:35+00:00,notification-service,exam.completed,0
2026-09-19T18:37:35+00:00,notification-service,exam.completed,0
2026-09-19T18:37:35+00:00,notification-service,exam.completed,0
2026-09-19T18:37:35+00:00,result-service,exam.completed,0
2026-09-19T18:37:35+00:00,result-service,exam.completed,0
2026-09-19T18:37:35+00:00,result-service,exam.completed,0
2026-09-19T18:37:57+00:00,audit-service,audit.events,0
2026-09-19T18:37:57+00:00,audit-service,audit.events,0
2026-09-19T18:37:57+00:00,audit-service,audit.events,0
2026-09-19T18:37:57+00:00,lab-service,exam.requested,0
2026-09-19T18:37:57+00:00,lab-service,exam.requested,0
2026-09-19T18:37:57+00:00,notification-service,exam.completed,0
2026-09-19T18:37:57+00:00,notification-service,exam.completed,0
2026-09-19T18:37:57+00:00,notification-service,exam.completed,0
2026-09-19T18:37:57+00:00,result-service,exam.completed,0
2026-09-19T18:37:57+00:00,result-service,exam.completed,0
2026-09-19T18:37:57+00:00,result-service,exam.completed,0
2026-09-19T18:38:16+00:00,audit-service,audit.events,0
2026-09-19T18:38:16+00:00,audit-service,audit.events,0
2026-09-19T18:38:16+00:00,audit-service,audit.events,0
2026-09-19T18:38:16+00:00,lab-service,exam.requested,0
2026-09-19T18:38:16+00:00,lab-service,exam.requested,0
2026-09-19T18:38:16+00:00,notification-service,exam.completed,0
2026-09-19T18:38:16+00:00,notification-service,exam.completed,0
2026-09-19T18:38:16+00:00,notification-service,exam.completed,0
2026-09-19T18:38:16+00:00,result-service,exam.completed,0
2026-09-19T18:38:16+00:00,result-service,exam.completed,0
2026-09-19T18:38:16+00:00,result-service,exam.completed,0
2026-09-19T18:38:37+00:00,audit-service,audit.events,0
2026-09-19T18:38:37+00:00,audit-service,audit.events,0
2026-09-19T18:38:37+00:00,audit-service,audit.events,0
2026-09-19T18:38:37+00:00,lab-service,exam.requested,0
2026-09-19T18:38:37+00:00,lab-service,exam.requested,0
2026-09-19T18:38:37+00:00,notification-service,exam.completed,0
2026-09-19T18:38:37+00:00,notification-service,exam.completed,0
2026-09-19T18:38:37+00:00,notification-service,exam.completed,0
2026-09-19T18:38:37+00:00,result-service,exam.completed,0
2026-09-19T18:38:37+00:00,result-service,exam.completed,0
2026-09-19T18:38:37+00:00,result-service,exam.completed,0
2026-09-19T18:38:56+00:00,audit-service,audit.events,0
2026-09-19T18:38:56+00:00,audit-service,audit.events,0
2026-09-19T18:38:56+00:00,audit-service,audit.events,0
2026-09-19T18:38:56+00:00,lab-service,exam.requested,0
2026-09-19T18:38:56+00:00,lab-service,exam.requested,0
2026-09-19T18:38:56+00:00,notification-service,exam.completed,0
2026-09-19T18:38:56+00:00,notification-service,exam.completed,0
2026-09-19T18:38:56+00:00,notification-service,exam.completed,0
2026-09-19T18:38:56+00:00,result-service,exam.completed,0
2026-09-19T18:38:56+00:00,result-service,exam.completed,0
2026-09-19T18:38:56+00:00,result-service,exam.completed,0
2026-09-19T18:39:16+00:00,audit-service,audit.events,0
2026-09-19T18:39:16+00:00,audit-service,audit.events,0
2026-09-19T18:39:16+00:00,audit-service,audit.events,0
2026-09-19T18:39:16+00:00,lab-service,exam.requested,0
2026-09-19T18:39:16+00:00,lab-service,exam.requested,0
2026-09-19T18:39:16+00:00,notification-service,exam.completed,0
2026-09-19T18:39:16+00:00,notification-service,exam.completed,0
2026-09-19T18:39:16+00:00,notification-service,exam.completed,0
2026-09-19T18:39:16+00:00,result-service,exam.completed,0
2026-09-19T18:39:16+00:00,result-service,exam.completed,0
2026-09-19T18:39:16+00:00,result-service,exam.completed,0
2026-09-19T18:39:35+00:00,audit-service,audit.events,0
2026-09-19T18:39:35+00:00,audit-service,audit.events,0
2026-09-19T18:39:35+00:00,audit-service,audit.events,0
2026-09-19T18:39:35+00:00,lab-service,exam.requested,0
2026-09-19T18:39:35+00:00,lab-service,exam.requested,0
2026-09-19T18:39:35+00:00,notification-service,exam.completed,0
2026-09-19T18:39:35+00:00,notification-service,exam.completed,0
2026-09-19T18:39:35+00:00,notification-service,exam.completed,0
2026-09-19T18:39:35+00:00,result-service,exam.completed,0
2026-09-19T18:39:35+00:00,result-service,exam.completed,0
2026-09-19T18:39:35+00:00,result-service,exam.completed,0
2026-09-19T18:39:55+00:00,audit-service,audit.events,0
2026-09-19T18:39:55+00:00,audit-service,audit.events,0
2026-09-19T18:39:55+00:00,audit-service,audit.events,0
2026-09-19T18:39:55+00:00,lab-service,exam.requested,0
2026-09-19T18:39:55+00:00,lab-service,exam.requested,0
2026-09-19T18:39:55+00:00,notification-service,exam.completed,0
2026-09-19T18:39:55+00:00,notification-service,exam.completed,0
2026-09-19T18:39:55+00:00,notification-service,exam.completed,0
2026-09-19T18:39:55+00:00,result-service,exam.completed,0
2026-09-19T18:39:55+00:00,result-service,exam.completed,0
2026-09-19T18:39:55+00:00,result-service,exam.completed,0
2026-09-19T18:40:14+00:00,audit-service,audit.events,0
2026-09-19T18:40:14+00:00,audit-service,audit.events,0
2026-09-19T18:40:14+00:00,audit-service,audit.events,0
2026-09-19T18:40:14+00:00,lab-service,exam.requested,0
2026-09-19T18:40:14+00:00,lab-service,exam.requested,0
2026-09-19T18:40:14+00:00,notification-service,exam.completed,0
2026-09-19T18:40:14+00:00,notification-service,exam.completed,0
2026-09-19T18:40:14+00:00,notification-service,exam.completed,0
2026-09-19T18:40:14+00:00,result-service,exam.completed,0
2026-09-19T18:40:14+00:00,result-service,exam.completed,0
2026-09-19T18:40:14+00:00,result-service,exam.completed,0
2026-09-19T18:40:34+00:00,audit-service,audit.events,0
2026-09-19T18:40:34+00:00,audit-service,audit.events,0
2026-09-19T18:40:34+00:00,audit-service,audit.events,0
2026-09-19T18:40:34+00:00,lab-service,exam.requested,0
2026-09-19T18:40:34+00:00,lab-service,exam.requested,0
2026-09-19T18:40:34+00:00,notification-service,exam.completed,0
2026-09-19T18:40:34+00:00,notification-service,exam.completed,0
2026-09-19T18:40:34+00:00,notification-service,exam.completed,0
2026-09-19T18:40:34+00:00,result-service,exam.completed,0
2026-09-19T18:40:34+00:00,result-service,exam.completed,0
2026-09-19T18:40:34+00:00,result-service,exam.completed,0
2026-09-19T18:40:52+00:00,audit-service,audit.events,0
2026-09-19T18:40:52+00:00,audit-service,audit.events,0
2026-09-19T18:40:52+00:00,audit-service,audit.events,0
2026-09-19T18:40:52+00:00,lab-service,exam.requested,0
2026-09-19T18:40:52+00:00,lab-service,exam.requested,0
2026-09-19T18:40:52+00:00,notification-service,exam.completed,0
2026-09-19T18:40:52+00:00,notification-service,exam.completed,0
2026-09-19T18:40:52+00:00,notification-service,exam.completed,0
2026-09-19T18:40:52+00:00,result-service,exam.completed,0
2026-09-19T18:40:52+00:00,result-service,exam.completed,0
2026-09-19T18:40:52+00:00,result-service,exam.completed,0
2026-09-19T18:41:12+00:00,audit-service,audit.events,0
2026-09-19T18:41:12+00:00,audit-service,audit.events,0
2026-09-19T18:41:12+00:00,audit-service,audit.events,0
2026-09-19T18:41:12+00:00,lab-service,exam.requested,0
2026-09-19T18:41:12+00:00,lab-service,exam.requested,0
2026-09-19T18:41:12+00:00,notification-service,exam.completed,0
2026-09-19T18:41:12+00:00,notification-service,exam.completed,0
2026-09-19T18:41:12+00:00,notification-service,exam.completed,0
2026-09-19T18:41:12+00:00,result-service,exam.completed,0
2026-09-19T18:41:12+00:00,result-service,exam.completed,0
2026-09-19T18:41:12+00:00,result-service,exam.completed,0
2026-09-19T18:41:31+00:00,audit-service,audit.events,0
2026-09-19T18:41:31+00:00,audit-service,audit.events,0
2026-09-19T18:41:31+00:00,audit-service,audit.events,0
2026-09-19T18:41:31+00:00,lab-service,exam.requested,0
2026-09-19T18:41:31+00:00,lab-service,exam.requested,0
2026-09-19T18:41:31+00:00,notification-service,exam.completed,0
2026-09-19T18:41:31+00:00,notification-service,exam.completed,0
2026-09-19T18:41:31+00:00,notification-service,exam.completed,0
2026-09-19T18:41:31+00:00,result-service,exam.completed,0
2026-09-19T18:41:31+00:00,result-service,exam.completed,0
2026-09-19T18:41:31+00:00,result-service,exam.completed,0
2026-09-19T18:41:50+00:00,audit-service,audit.events,0
2026-09-19T18:41:50+00:00,audit-service,audit.events,0
2026-09-19T18:41:50+00:00,audit-service,audit.events,0
2026-09-19T18:41:50+00:00,lab-service,exam.requested,0
2026-09-19T18:41:50+00:00,lab-service,exam.requested,0
2026-09-19T18:41:50+00:00,notification-service,exam.completed,0
2026-09-19T18:41:50+00:00,notification-service,exam.completed,0
2026-09-19T18:41:50+00:00,notification-service,exam.completed,0
2026-09-19T18:41:50+00:00,result-service,exam.completed,0
2026-09-19T18:41:50+00:00,result-service,exam.completed,0
2026-09-19T18:41:50+00:00,result-service,exam.completed,0
2026-09-19T18:42:10+00:00,audit-service,audit.events,0
2026-09-19T18:42:10+00:00,audit-service,audit.events,0
2026-09-19T18:42:10+00:00,audit-service,audit.events,0
2026-09-19T18:42:10+00:00,lab-service,exam.requested,0
2026-09-19T18:42:10+00:00,lab-service,exam.requested,0
2026-09-19T18:42:10+00:00,notification-service,exam.completed,0
2026-09-19T18:42:10+00:00,notification-service,exam.completed,0
2026-09-19T18:42:10+00:00,notification-service,exam.completed,0
2026-09-19T18:42:10+00:00,result-service,exam.completed,0
2026-09-19T18:42:10+00:00,result-service,exam.completed,0
2026-09-19T18:42:10+00:00,result-service,exam.completed,0
2026-09-19T18:42:28+00:00,audit-service,audit.events,0
2026-09-19T18:42:28+00:00,audit-service,audit.events,0
2026-09-19T18:42:28+00:00,audit-service,audit.events,0
2026-09-19T18:42:28+00:00,lab-service,exam.requested,0
2026-09-19T18:42:28+00:00,lab-service,exam.requested,0
2026-09-19T18:42:28+00:00,notification-service,exam.completed,0
2026-09-19T18:42:28+00:00,notification-service,exam.completed,0
2026-09-19T18:42:28+00:00,notification-service,exam.completed,0
2026-09-19T18:42:28+00:00,result-service,exam.completed,0
2026-09-19T18:42:28+00:00,result-service,exam.completed,0
2026-09-19T18:42:28+00:00,result-service,exam.completed,0
2026-09-19T18:42:48+00:00,audit-service,audit.events,0
2026-09-19T18:42:48+00:00,audit-service,audit.events,0
2026-09-19T18:42:48+00:00,audit-service,audit.events,0
2026-09-19T18:42:48+00:00,lab-service,exam.requested,0
2026-09-19T18:42:48+00:00,lab-service,exam.requested,0
2026-09-19T18:42:48+00:00,notification-service,exam.completed,0
2026-09-19T18:42:48+00:00,notification-service,exam.completed,0
2026-09-19T18:42:48+00:00,notification-service,exam.completed,0
2026-09-19T18:42:48+00:00,result-service,exam.completed,0
2026-09-19T18:42:48+00:00,result-service,exam.completed,0
2026-09-19T18:42:48+00:00,result-service,exam.completed,0
